{
"type": "FeatureCollection",
"name": "CAMPERO",
"crs": { "type": "name", "properties": { "name": "urn:ogc:def:crs:OGC:1.3:CRS84" } },
"bbox": [ -65.362221, -18.681702, -64.279702, -17.872019 ],                                                                        
"features": [
{ "type": "Feature", "properties": { "NOMBRE": "Campero", "NIVEL": "Provincias", "PROVINCIA": "", "REGION": "Cono Sur", "DEPARTAMENTO": "Cochabamba" }, "bbox": [ -65.362221, -18.681702, -64.279702, -17.872019 ], "geometry": { "type": "MultiPolygon", "coordinates": [ [ [ [ -64.676707, -18.10103 ], [ -64.673994, -18.100543 ], [ -64.671805, -18.100064 ], [ -64.669879, -18.100249 ], [ -64.668717, -18.101275 ], [ -64.667712, -18.102782 ], [ -64.666472, -18.103863 ], [ -64.664091, -18.104091 ], [ -64.660962, -18.103792 ], [ -64.658435, -18.101713 ], [ -64.65614, -18.101304 ], [ -64.652825, -18.101321 ], [ -64.651715, -18.101326 ], [ -64.650385, -18.101367 ], [ -64.648805, -18.101233 ], [ -64.647236, -18.102253 ], [ -64.645942, -18.102885 ], [ -64.644747, -18.102632 ], [ -64.644879, -18.102308 ], [ -64.644873, -18.101698 ], [ -64.64465, -18.101431 ], [ -64.644655, -18.100943 ], [ -64.64347, -18.100035 ], [ -64.640055, -18.09891 ], [ -64.63922, -18.098947 ], [ -64.637889, -18.099653 ], [ -64.637025, -18.09892 ], [ -64.635692, -18.097593 ], [ -64.635263, -18.097215 ], [ -64.634518, -18.095923 ], [ -64.633153, -18.09558 ], [ -64.628758, -18.095617 ], [ -64.626628, -18.096197 ], [ -64.62482, -18.094821 ], [ -64.623579, -18.094506 ], [ -64.620348, -18.096457 ], [ -64.619387, -18.096317 ], [ -64.618632, -18.095851 ], [ -64.618426, -18.095278 ], [ -64.618108, -18.094623 ], [ -64.617974, -18.094511 ], [ -64.617913, -18.094228 ], [ -64.617472, -18.093433 ], [ -64.61648, -18.093509 ], [ -64.615533, -18.094037 ], [ -64.614368, -18.094592 ], [ -64.613474, -18.095216 ], [ -64.612746, -18.095997 ], [ -64.612005, -18.096979 ], [ -64.611369, -18.097974 ], [ -64.610988, -18.09901 ], [ -64.610801, -18.099815 ], [ -64.61078, -18.100219 ], [ -64.610737, -18.101049 ], [ -64.611019, -18.102004 ], [ -64.610753, -18.102784 ], [ -64.609974, -18.103247 ], [ -64.609106, -18.103329 ], [ -64.607015, -18.104087 ], [ -64.605854, -18.105665 ], [ -64.604449, -18.10781 ], [ -64.603595, -18.109177 ], [ -64.60184, -18.110227 ], [ -64.599622, -18.109913 ], [ -64.597599, -18.108638 ], [ -64.595931, -18.107139 ], [ -64.593608, -18.106981 ], [ -64.591854, -18.10809 ], [ -64.591093, -18.109458 ], [ -64.589181, -18.110332 ], [ -64.587296, -18.110731 ], [ -64.587296, -18.110812 ], [ -64.584997, -18.113023 ], [ -64.583695, -18.114501 ], [ -64.581252, -18.115303 ], [ -64.580313, -18.115822 ], [ -64.579354, -18.116048 ], [ -64.578925, -18.116431 ], [ -64.578043, -18.116696 ], [ -64.577056, -18.117092 ], [ -64.576268, -18.116945 ], [ -64.57597, -18.117101 ], [ -64.575244, -18.117422 ], [ -64.574619, -18.117914 ], [ -64.57404, -18.118816 ], [ -64.57397, -18.120746 ], [ -64.573464, -18.121403 ], [ -64.573757, -18.122211 ], [ -64.573897, -18.122806 ], [ -64.573603, -18.12346 ], [ -64.572407, -18.123986 ], [ -64.570714, -18.124172 ], [ -64.568583, -18.12406 ], [ -64.567725, -18.12378 ], [ -64.566686, -18.123587 ], [ -64.56637, -18.124373 ], [ -64.565517, -18.125292 ], [ -64.565413, -18.125487 ], [ -64.564559, -18.126106 ], [ -64.563622, -18.126516 ], [ -64.562866, -18.126904 ], [ -64.561155, -18.128027 ], [ -64.55938, -18.128381 ], [ -64.558786, -18.129132 ], [ -64.558323, -18.129279 ], [ -64.558049, -18.129583 ], [ -64.557553, -18.129836 ], [ -64.556873, -18.131769 ], [ -64.556053, -18.13337 ], [ -64.554969, -18.13472 ], [ -64.553079, -18.135955 ], [ -64.551164, -18.136009 ], [ -64.548541, -18.136487 ], [ -64.54639, -18.13697 ], [ -64.544731, -18.137865 ], [ -64.543296, -18.139218 ], [ -64.541944, -18.140194 ], [ -64.541642, -18.141706 ], [ -64.541693, -18.14184 ], [ -64.541138, -18.142711 ], [ -64.540782, -18.143135 ], [ -64.540569, -18.14392 ], [ -64.540473, -18.144361 ], [ -64.540083, -18.145238 ], [ -64.539411, -18.1462 ], [ -64.538922, -18.147504 ], [ -64.53891, -18.148442 ], [ -64.539057, -18.149244 ], [ -64.539585, -18.150043 ], [ -64.53979, -18.150946 ], [ -64.539327, -18.151969 ], [ -64.538223, -18.152469 ], [ -64.537071, -18.153397 ], [ -64.536315, -18.1539 ], [ -64.535816, -18.154019 ], [ -64.535049, -18.154412 ], [ -64.533938, -18.154378 ], [ -64.532878, -18.154406 ], [ -64.53156, -18.154588 ], [ -64.530682, -18.154863 ], [ -64.529386, -18.15539 ], [ -64.528731, -18.156045 ], [ -64.528236, -18.156565 ], [ -64.528301, -18.157196 ], [ -64.528493, -18.157592 ], [ -64.529863, -18.158325 ], [ -64.529914, -18.159206 ], [ -64.528558, -18.159636 ], [ -64.526759, -18.15965 ], [ -64.525095, -18.159957 ], [ -64.523782, -18.160345 ], [ -64.523114, -18.160792 ], [ -64.52296, -18.161673 ], [ -64.523274, -18.162551 ], [ -64.524621, -18.162988 ], [ -64.526001, -18.163284 ], [ -64.526799, -18.164284 ], [ -64.526682, -18.165963 ], [ -64.525296, -18.167945 ], [ -64.520807, -18.171504 ], [ -64.520643, -18.172974 ], [ -64.522242, -18.175079 ], [ -64.522736, -18.176375 ], [ -64.522712, -18.17665 ], [ -64.522694, -18.176852 ], [ -64.522454, -18.177306 ], [ -64.52234, -18.178072 ], [ -64.522686, -18.178503 ], [ -64.522953, -18.179247 ], [ -64.523381, -18.180162 ], [ -64.523139, -18.180858 ], [ -64.522561, -18.181451 ], [ -64.521559, -18.182256 ], [ -64.519723, -18.183152 ], [ -64.517008, -18.18376 ], [ -64.515785, -18.184357 ], [ -64.514829, -18.185455 ], [ -64.513164, -18.185762 ], [ -64.511981, -18.186023 ], [ -64.510591, -18.187628 ], [ -64.509674, -18.18818 ], [ -64.509245, -18.188707 ], [ -64.508642, -18.189632 ], [ -64.508647, -18.190448 ], [ -64.508649, -18.190755 ], [ -64.508806, -18.191146 ], [ -64.508832, -18.191758 ], [ -64.508898, -18.19188 ], [ -64.510764, -18.193669 ], [ -64.511627, -18.195213 ], [ -64.512608, -18.195872 ], [ -64.513652, -18.196693 ], [ -64.514501, -18.197857 ], [ -64.5146, -18.198596 ], [ -64.514263, -18.198983 ], [ -64.512962, -18.199023 ], [ -64.511968, -18.198617 ], [ -64.510946, -18.198566 ], [ -64.509718, -18.199789 ], [ -64.508689, -18.202608 ], [ -64.508171, -18.2035 ], [ -64.507251, -18.204632 ], [ -64.506075, -18.2047 ], [ -64.504902, -18.205124 ], [ -64.504502, -18.205393 ], [ -64.503818, -18.206349 ], [ -64.503434, -18.206776 ], [ -64.503121, -18.206825 ], [ -64.50171, -18.208463 ], [ -64.500696, -18.209768 ], [ -64.498642, -18.211336 ], [ -64.497104, -18.212689 ], [ -64.496894, -18.214102 ], [ -64.497863, -18.215223 ], [ -64.499566, -18.215774 ], [ -64.501538, -18.218084 ], [ -64.502335, -18.220127 ], [ -64.502362, -18.223223 ], [ -64.501538, -18.224919 ], [ -64.50103, -18.225021 ], [ -64.500113, -18.225325 ], [ -64.499423, -18.225474 ], [ -64.498764, -18.225594 ], [ -64.498242, -18.225971 ], [ -64.49793, -18.22636 ], [ -64.497873, -18.226734 ], [ -64.497671, -18.227155 ], [ -64.497685, -18.227271 ], [ -64.497916, -18.227795 ], [ -64.497917, -18.227932 ], [ -64.499089, -18.228972 ], [ -64.500359, -18.230726 ], [ -64.499644, -18.233412 ], [ -64.498258, -18.235469 ], [ -64.496776, -18.235636 ], [ -64.494662, -18.234366 ], [ -64.493738, -18.2336 ], [ -64.49293, -18.234029 ], [ -64.492865, -18.235159 ], [ -64.495019, -18.236624 ], [ -64.495174, -18.237469 ], [ -64.493944, -18.238321 ], [ -64.492229, -18.23848 ], [ -64.491144, -18.240214 ], [ -64.490666, -18.245618 ], [ -64.491052, -18.247661 ], [ -64.489462, -18.251695 ], [ -64.489774, -18.253669 ], [ -64.489718, -18.255786 ], [ -64.488177, -18.256821 ], [ -64.486997, -18.257112 ], [ -64.486566, -18.258456 ], [ -64.486356, -18.259869 ], [ -64.484741, -18.26101 ], [ -64.483404, -18.260103 ], [ -64.482593, -18.26018 ], [ -64.482566, -18.260892 ], [ -64.482471, -18.260903 ], [ -64.48219, -18.261421 ], [ -64.482898, -18.262415 ], [ -64.483406, -18.263272 ], [ -64.483746, -18.263592 ], [ -64.484768, -18.264185 ], [ -64.485519, -18.265661 ], [ -64.485733, -18.267761 ], [ -64.48599, -18.268091 ], [ -64.486252, -18.26907 ], [ -64.486807, -18.26939 ], [ -64.489169, -18.269301 ], [ -64.48939, -18.270776 ], [ -64.489531, -18.271709 ], [ -64.489498, -18.272004 ], [ -64.488904, -18.272902 ], [ -64.487821, -18.272711 ], [ -64.48505, -18.271238 ], [ -64.483697, -18.271427 ], [ -64.482402, -18.272529 ], [ -64.482509, -18.276409 ], [ -64.481346, -18.278676 ], [ -64.481354, -18.279568 ], [ -64.481355, -18.279727 ], [ -64.481418, -18.279986 ], [ -64.482557, -18.282053 ], [ -64.484269, -18.283662 ], [ -64.484144, -18.284416 ], [ -64.484284, -18.285145 ], [ -64.484288, -18.285647 ], [ -64.484039, -18.286367 ], [ -64.483819, -18.286956 ], [ -64.483718, -18.287431 ], [ -64.483757, -18.287681 ], [ -64.485134, -18.289794 ], [ -64.486035, -18.291551 ], [ -64.486415, -18.292818 ], [ -64.485174, -18.294521 ], [ -64.484367, -18.295162 ], [ -64.479046, -18.29478 ], [ -64.477528, -18.294632 ], [ -64.475582, -18.295126 ], [ -64.473841, -18.295473 ], [ -64.473149, -18.296237 ], [ -64.473385, -18.297999 ], [ -64.473774, -18.300324 ], [ -64.473584, -18.300668 ], [ -64.473635, -18.30082 ], [ -64.47334, -18.301468 ], [ -64.472835, -18.302175 ], [ -64.472359, -18.302738 ], [ -64.472002, -18.303071 ], [ -64.471526, -18.303677 ], [ -64.470796, -18.304314 ], [ -64.470213, -18.304605 ], [ -64.469616, -18.30504 ], [ -64.468926, -18.30516 ], [ -64.468188, -18.304951 ], [ -64.466642, -18.304991 ], [ -64.465756, -18.304998 ], [ -64.464917, -18.305277 ], [ -64.464396, -18.305783 ], [ -64.46442, -18.306197 ], [ -64.464745, -18.306956 ], [ -64.466757, -18.309127 ], [ -64.470246, -18.311076 ], [ -64.471577, -18.311278 ], [ -64.471879, -18.311981 ], [ -64.471686, -18.312465 ], [ -64.471768, -18.312669 ], [ -64.47162, -18.313029 ], [ -64.471116, -18.313807 ], [ -64.46987, -18.315553 ], [ -64.468981, -18.316994 ], [ -64.468116, -18.317732 ], [ -64.466994, -18.318315 ], [ -64.466386, -18.319223 ], [ -64.465952, -18.320092 ], [ -64.465822, -18.320812 ], [ -64.464802, -18.322513 ], [ -64.463484, -18.323934 ], [ -64.462906, -18.323994 ], [ -64.461561, -18.324167 ], [ -64.461812, -18.323647 ], [ -64.462109, -18.323201 ], [ -64.46227, -18.322712 ], [ -64.462882, -18.322291 ], [ -64.463013, -18.321817 ], [ -64.462853, -18.321325 ], [ -64.462423, -18.320904 ], [ -64.462715, -18.320412 ], [ -64.461968, -18.31943 ], [ -64.460636, -18.319158 ], [ -64.459428, -18.321163 ], [ -64.459416, -18.323401 ], [ -64.458981, -18.324392 ], [ -64.457725, -18.324331 ], [ -64.456378, -18.322508 ], [ -64.453794, -18.322712 ], [ -64.452549, -18.323806 ], [ -64.452244, -18.326501 ], [ -64.452194, -18.326658 ], [ -64.452161, -18.327256 ], [ -64.45175, -18.327486 ], [ -64.451374, -18.327501 ], [ -64.45101, -18.327372 ], [ -64.450695, -18.327088 ], [ -64.449086, -18.326227 ], [ -64.447253, -18.325596 ], [ -64.446303, -18.325698 ], [ -64.445638, -18.325988 ], [ -64.445482, -18.326602 ], [ -64.445563, -18.326995 ], [ -64.445831, -18.32765 ], [ -64.444719, -18.327934 ], [ -64.443394, -18.328123 ], [ -64.442284, -18.328646 ], [ -64.441335, -18.328856 ], [ -64.440011, -18.329201 ], [ -64.437811, -18.331728 ], [ -64.436668, -18.333285 ], [ -64.435599, -18.334886 ], [ -64.434465, -18.33668 ], [ -64.434941, -18.338686 ], [ -64.435764, -18.339949 ], [ -64.437329, -18.34156 ], [ -64.437118, -18.342762 ], [ -64.437064, -18.342974 ], [ -64.437111, -18.343593 ], [ -64.440406, -18.347252 ], [ -64.441168, -18.350069 ], [ -64.441483, -18.352129 ], [ -64.441649, -18.352705 ], [ -64.442452, -18.354278 ], [ -64.444502, -18.355603 ], [ -64.445136, -18.356248 ], [ -64.444804, -18.357005 ], [ -64.443239, -18.357782 ], [ -64.441893, -18.357331 ], [ -64.440796, -18.358609 ], [ -64.440469, -18.3601 ], [ -64.440619, -18.360539 ], [ -64.440724, -18.364173 ], [ -64.440819, -18.364977 ], [ -64.441008, -18.365176 ], [ -64.441601, -18.365378 ], [ -64.443071, -18.365647 ], [ -64.445962, -18.366754 ], [ -64.447768, -18.370621 ], [ -64.448974, -18.373505 ], [ -64.447603, -18.374965 ], [ -64.446298, -18.373039 ], [ -64.444596, -18.372019 ], [ -64.443169, -18.370309 ], [ -64.441471, -18.368764 ], [ -64.439989, -18.369782 ], [ -64.439029, -18.369933 ], [ -64.43787, -18.370697 ], [ -64.437615, -18.370962 ], [ -64.437165, -18.371582 ], [ -64.43696, -18.372315 ], [ -64.436376, -18.372506 ], [ -64.435641, -18.372612 ], [ -64.435115, -18.372645 ], [ -64.434529, -18.372678 ], [ -64.43375, -18.372913 ], [ -64.432387, -18.373382 ], [ -64.431749, -18.373888 ], [ -64.430808, -18.375124 ], [ -64.429869, -18.377671 ], [ -64.430123, -18.38162 ], [ -64.431257, -18.384646 ], [ -64.431303, -18.386113 ], [ -64.431054, -18.386647 ], [ -64.430614, -18.388013 ], [ -64.429805, -18.391835 ], [ -64.430538, -18.395071 ], [ -64.431207, -18.396056 ], [ -64.431489, -18.396251 ], [ -64.432506, -18.396582 ], [ -64.43276, -18.396664 ], [ -64.434837, -18.397566 ], [ -64.435432, -18.398126 ], [ -64.435464, -18.398419 ], [ -64.435394, -18.399051 ], [ -64.435339, -18.399683 ], [ -64.435296, -18.399759 ], [ -64.434121, -18.400394 ], [ -64.433695, -18.402514 ], [ -64.433115, -18.403823 ], [ -64.431715, -18.404398 ], [ -64.430096, -18.405257 ], [ -64.42871, -18.407455 ], [ -64.427691, -18.409368 ], [ -64.427926, -18.410918 ], [ -64.428338, -18.411895 ], [ -64.4289, -18.415137 ], [ -64.429106, -18.415835 ], [ -64.428929, -18.416142 ], [ -64.428772, -18.416564 ], [ -64.428737, -18.417215 ], [ -64.427964, -18.418228 ], [ -64.426623, -18.419644 ], [ -64.425718, -18.420408 ], [ -64.423795, -18.420897 ], [ -64.421963, -18.422887 ], [ -64.420878, -18.425788 ], [ -64.419812, -18.427921 ], [ -64.419847, -18.429076 ], [ -64.419779, -18.429462 ], [ -64.419877, -18.429958 ], [ -64.419215, -18.430316 ], [ -64.417589, -18.430399 ], [ -64.417004, -18.431179 ], [ -64.417611, -18.433009 ], [ -64.4171, -18.433789 ], [ -64.415998, -18.434644 ], [ -64.415415, -18.435707 ], [ -64.414465, -18.437054 ], [ -64.412753, -18.437358 ], [ -64.412491, -18.437437 ], [ -64.412103, -18.437727 ], [ -64.412055, -18.437915 ], [ -64.411455, -18.439546 ], [ -64.41147, -18.441498 ], [ -64.411356, -18.442096 ], [ -64.410698, -18.442937 ], [ -64.410571, -18.443002 ], [ -64.40912, -18.443409 ], [ -64.407573, -18.444055 ], [ -64.406618, -18.444838 ], [ -64.405963, -18.446113 ], [ -64.405902, -18.447596 ], [ -64.403631, -18.449276 ], [ -64.402672, -18.450442 ], [ -64.401343, -18.450698 ], [ -64.399266, -18.449867 ], [ -64.396977, -18.450237 ], [ -64.393797, -18.450119 ], [ -64.391137, -18.45028 ], [ -64.389445, -18.45135 ], [ -64.387532, -18.452493 ], [ -64.385392, -18.452932 ], [ -64.382954, -18.453232 ], [ -64.381849, -18.453664 ], [ -64.381123, -18.455433 ], [ -64.381578, -18.456841 ], [ -64.380027, -18.457064 ], [ -64.379504, -18.457617 ], [ -64.379048, -18.457895 ], [ -64.378706, -18.458299 ], [ -64.378273, -18.458761 ], [ -64.377555, -18.459182 ], [ -64.376236, -18.459589 ], [ -64.37487, -18.459289 ], [ -64.373617, -18.459862 ], [ -64.372741, -18.46128 ], [ -64.371066, -18.463203 ], [ -64.370042, -18.463296 ], [ -64.367571, -18.463928 ], [ -64.365738, -18.463941 ], [ -64.364414, -18.464727 ], [ -64.363288, -18.466365 ], [ -64.363144, -18.466829 ], [ -64.36348, -18.468191 ], [ -64.362716, -18.469472 ], [ -64.362595, -18.469557 ], [ -64.361496, -18.469828 ], [ -64.360114, -18.469051 ], [ -64.358825, -18.468768 ], [ -64.358451, -18.468759 ], [ -64.357202, -18.469082 ], [ -64.355221, -18.471072 ], [ -64.354235, -18.471551 ], [ -64.353784, -18.471862 ], [ -64.35308, -18.472231 ], [ -64.352888, -18.472424 ], [ -64.351472, -18.473851 ], [ -64.349631, -18.474781 ], [ -64.348959, -18.474745 ], [ -64.348694, -18.474596 ], [ -64.347985, -18.474256 ], [ -64.34699, -18.473905 ], [ -64.346148, -18.473853 ], [ -64.344585, -18.473965 ], [ -64.342457, -18.474855 ], [ -64.340628, -18.475399 ], [ -64.339953, -18.475643 ], [ -64.338966, -18.475886 ], [ -64.33835, -18.476037 ], [ -64.338018, -18.476149 ], [ -64.337673, -18.476295 ], [ -64.337364, -18.476446 ], [ -64.336842, -18.476412 ], [ -64.336308, -18.476677 ], [ -64.33568, -18.477069 ], [ -64.334081, -18.478328 ], [ -64.333608, -18.479451 ], [ -64.333928, -18.480621 ], [ -64.334148, -18.480973 ], [ -64.3363, -18.48172 ], [ -64.337205, -18.483901 ], [ -64.336255, -18.485389 ], [ -64.334228, -18.485944 ], [ -64.330838, -18.48672 ], [ -64.326041, -18.488698 ], [ -64.32423, -18.492536 ], [ -64.324675, -18.495635 ], [ -64.325474, -18.496966 ], [ -64.324819, -18.498452 ], [ -64.322534, -18.499385 ], [ -64.321057, -18.49864 ], [ -64.320774, -18.498272 ], [ -64.320442, -18.497692 ], [ -64.320144, -18.496368 ], [ -64.317989, -18.494972 ], [ -64.316655, -18.494558 ], [ -64.315848, -18.495341 ], [ -64.31578, -18.496257 ], [ -64.315052, -18.497815 ], [ -64.314746, -18.498946 ], [ -64.3117, -18.499926 ], [ -64.310737, -18.499035 ], [ -64.309885, -18.498235 ], [ -64.309661, -18.497469 ], [ -64.309551, -18.496818 ], [ -64.309372, -18.496629 ], [ -64.309073, -18.495989 ], [ -64.308323, -18.495489 ], [ -64.307371, -18.495552 ], [ -64.306607, -18.495827 ], [ -64.303987, -18.498216 ], [ -64.303088, -18.499944 ], [ -64.303322, -18.501494 ], [ -64.305314, -18.504794 ], [ -64.30575, -18.505128 ], [ -64.306221, -18.505778 ], [ -64.306098, -18.506377 ], [ -64.306246, -18.506731 ], [ -64.305873, -18.507232 ], [ -64.305709, -18.507632 ], [ -64.305593, -18.508207 ], [ -64.305476, -18.508649 ], [ -64.305338, -18.508975 ], [ -64.305022, -18.509627 ], [ -64.304768, -18.510413 ], [ -64.304613, -18.51116 ], [ -64.304399, -18.512023 ], [ -64.304487, -18.513036 ], [ -64.304294, -18.514032 ], [ -64.304578, -18.514546 ], [ -64.304765, -18.51531 ], [ -64.305233, -18.516244 ], [ -64.305318, -18.516855 ], [ -64.305219, -18.517081 ], [ -64.30529, -18.517251 ], [ -64.30493, -18.518523 ], [ -64.30374, -18.519383 ], [ -64.30253, -18.519817 ], [ -64.302212, -18.519708 ], [ -64.301657, -18.518663 ], [ -64.3011, -18.518566 ], [ -64.30052, -18.518782 ], [ -64.299619, -18.518846 ], [ -64.299119, -18.519079 ], [ -64.298598, -18.51976 ], [ -64.298228, -18.520537 ], [ -64.298452, -18.521015 ], [ -64.298441, -18.522277 ], [ -64.298729, -18.523117 ], [ -64.298937, -18.524168 ], [ -64.299318, -18.526824 ], [ -64.29989, -18.528216 ], [ -64.300119, -18.529285 ], [ -64.300707, -18.530289 ], [ -64.301155, -18.531134 ], [ -64.3014, -18.531687 ], [ -64.301707, -18.532507 ], [ -64.301791, -18.532965 ], [ -64.301138, -18.533514 ], [ -64.299833, -18.534025 ], [ -64.299067, -18.534145 ], [ -64.29797, -18.534181 ], [ -64.296332, -18.534274 ], [ -64.295802, -18.534109 ], [ -64.294843, -18.532857 ], [ -64.293133, -18.533351 ], [ -64.291366, -18.534492 ], [ -64.28836, -18.538005 ], [ -64.288151, -18.5397 ], [ -64.288904, -18.54153 ], [ -64.290701, -18.54441 ], [ -64.290548, -18.544808 ], [ -64.289599, -18.546575 ], [ -64.289493, -18.54758 ], [ -64.289315, -18.548836 ], [ -64.288498, -18.550276 ], [ -64.287676, -18.551308 ], [ -64.287008, -18.552116 ], [ -64.286224, -18.552838 ], [ -64.285253, -18.55367 ], [ -64.285053, -18.554553 ], [ -64.285299, -18.555269 ], [ -64.285757, -18.55571 ], [ -64.286737, -18.556062 ], [ -64.287424, -18.55597 ], [ -64.288491, -18.555503 ], [ -64.289249, -18.553756 ], [ -64.289439, -18.553614 ], [ -64.2895, -18.553461 ], [ -64.29029, -18.552897 ], [ -64.291252, -18.552116 ], [ -64.291746, -18.552191 ], [ -64.292576, -18.552524 ], [ -64.292896, -18.552947 ], [ -64.293072, -18.553509 ], [ -64.293379, -18.554331 ], [ -64.293528, -18.555031 ], [ -64.293491, -18.555528 ], [ -64.293934, -18.555918 ], [ -64.298501, -18.557178 ], [ -64.298836, -18.557678 ], [ -64.29905, -18.558135 ], [ -64.298987, -18.55834 ], [ -64.299094, -18.558606 ], [ -64.298286, -18.559458 ], [ -64.296813, -18.560244 ], [ -64.295036, -18.560045 ], [ -64.293554, -18.559843 ], [ -64.292967, -18.560412 ], [ -64.294316, -18.56266 ], [ -64.295127, -18.563326 ], [ -64.296325, -18.564269 ], [ -64.296851, -18.565324 ], [ -64.296492, -18.566738 ], [ -64.295758, -18.567519 ], [ -64.294282, -18.568023 ], [ -64.29266, -18.56881 ], [ -64.291459, -18.569245 ], [ -64.290354, -18.569829 ], [ -64.289256, -18.5704 ], [ -64.28883, -18.571102 ], [ -64.288841, -18.572505 ], [ -64.287971, -18.57491 ], [ -64.287831, -18.575119 ], [ -64.287093, -18.576222 ], [ -64.287251, -18.578501 ], [ -64.287074, -18.580277 ], [ -64.287339, -18.582129 ], [ -64.288287, -18.582983 ], [ -64.289366, -18.582555 ], [ -64.29101, -18.582391 ], [ -64.292182, -18.583511 ], [ -64.292433, -18.584425 ], [ -64.292436, -18.584843 ], [ -64.292186, -18.585986 ], [ -64.291761, -18.586985 ], [ -64.291379, -18.587728 ], [ -64.290554, -18.588399 ], [ -64.289154, -18.589021 ], [ -64.287874, -18.589527 ], [ -64.286672, -18.589669 ], [ -64.286371, -18.589976 ], [ -64.285426, -18.590768 ], [ -64.285069, -18.594305 ], [ -64.284662, -18.594964 ], [ -64.283531, -18.595412 ], [ -64.282519, -18.595527 ], [ -64.281762, -18.595485 ], [ -64.280436, -18.59627 ], [ -64.279702, -18.597122 ], [ -64.280085, -18.598884 ], [ -64.280986, -18.600571 ], [ -64.282411, -18.603172 ], [ -64.283455, -18.604223 ], [ -64.285532, -18.604914 ], [ -64.287079, -18.605617 ], [ -64.288135, -18.60659 ], [ -64.288834, -18.608156 ], [ -64.28868, -18.609234 ], [ -64.28928, -18.611984 ], [ -64.289869, -18.614237 ], [ -64.291148, -18.616356 ], [ -64.292741, -18.616878 ], [ -64.293303, -18.616635 ], [ -64.293243, -18.615705 ], [ -64.29359, -18.613823 ], [ -64.294784, -18.612684 ], [ -64.296244, -18.61225 ], [ -64.296624, -18.613517 ], [ -64.29771, -18.614672 ], [ -64.298051, -18.616259 ], [ -64.300127, -18.616809 ], [ -64.302714, -18.616368 ], [ -64.303754, -18.616925 ], [ -64.305251, -18.619173 ], [ -64.305289, -18.624076 ], [ -64.306177, -18.62407 ], [ -64.307358, -18.623709 ], [ -64.310919, -18.624743 ], [ -64.314928, -18.626408 ], [ -64.316644, -18.628231 ], [ -64.316735, -18.630347 ], [ -64.317694, -18.632079 ], [ -64.317609, -18.632332 ], [ -64.315591, -18.63402 ], [ -64.315523, -18.634941 ], [ -64.315073, -18.63558 ], [ -64.315091, -18.637978 ], [ -64.31481, -18.639885 ], [ -64.313264, -18.640955 ], [ -64.31187, -18.642587 ], [ -64.310989, -18.643511 ], [ -64.310629, -18.644854 ], [ -64.31108, -18.646709 ], [ -64.312351, -18.647452 ], [ -64.314272, -18.647016 ], [ -64.315891, -18.645805 ], [ -64.317716, -18.643586 ], [ -64.318474, -18.643683 ], [ -64.31838, -18.644472 ], [ -64.318509, -18.646009 ], [ -64.319607, -18.647684 ], [ -64.319326, -18.650262 ], [ -64.319964, -18.651517 ], [ -64.319973, -18.652638 ], [ -64.319893, -18.655244 ], [ -64.320523, -18.655622 ], [ -64.321127, -18.655542 ], [ -64.321154, -18.656281 ], [ -64.322063, -18.658103 ], [ -64.324132, -18.658518 ], [ -64.324455, -18.66041 ], [ -64.326387, -18.662947 ], [ -64.327739, -18.663847 ], [ -64.329364, -18.664891 ], [ -64.32967, -18.665175 ], [ -64.329895, -18.665268 ], [ -64.332533, -18.665892 ], [ -64.333248, -18.66595 ], [ -64.333673, -18.666124 ], [ -64.334032, -18.666336 ], [ -64.334298, -18.666523 ], [ -64.334723, -18.666722 ], [ -64.335307, -18.666894 ], [ -64.336354, -18.667089 ], [ -64.337082, -18.667172 ], [ -64.337929, -18.667191 ], [ -64.338803, -18.66726 ], [ -64.339161, -18.667334 ], [ -64.340875, -18.667491 ], [ -64.341832, -18.666936 ], [ -64.344849, -18.663547 ], [ -64.345972, -18.661647 ], [ -64.348502, -18.657465 ], [ -64.349547, -18.655558 ], [ -64.350525, -18.653207 ], [ -64.351272, -18.651201 ], [ -64.351746, -18.64948 ], [ -64.352369, -18.647818 ], [ -64.35314, -18.646136 ], [ -64.355279, -18.64321 ], [ -64.356939, -18.641299 ], [ -64.358049, -18.639654 ], [ -64.358862, -18.63793 ], [ -64.359384, -18.636896 ], [ -64.359802, -18.636206 ], [ -64.360132, -18.635011 ], [ -64.360122, -18.633779 ], [ -64.360169, -18.631697 ], [ -64.360371, -18.630483 ], [ -64.360527, -18.628704 ], [ -64.360789, -18.626984 ], [ -64.361198, -18.625102 ], [ -64.361373, -18.623745 ], [ -64.361438, -18.623203 ], [ -64.361473, -18.622392 ], [ -64.361293, -18.6211 ], [ -64.361131, -18.619403 ], [ -64.361097, -18.617726 ], [ -64.361109, -18.616655 ], [ -64.361099, -18.615302 ], [ -64.36149, -18.614875 ], [ -64.361816, -18.614832 ], [ -64.362771, -18.615067 ], [ -64.363559, -18.615567 ], [ -64.364181, -18.616471 ], [ -64.36451, -18.617863 ], [ -64.364947, -18.619436 ], [ -64.365611, -18.620402 ], [ -64.366785, -18.621424 ], [ -64.367705, -18.621961 ], [ -64.368407, -18.622369 ], [ -64.369256, -18.622962 ], [ -64.370741, -18.623113 ], [ -64.372457, -18.622999 ], [ -64.374065, -18.622603 ], [ -64.376031, -18.62212 ], [ -64.377148, -18.622061 ], [ -64.378043, -18.622055 ], [ -64.378821, -18.622057 ], [ -64.379787, -18.622127 ], [ -64.380799, -18.622384 ], [ -64.381651, -18.622642 ], [ -64.382244, -18.623055 ], [ -64.382587, -18.623385 ], [ -64.383286, -18.623602 ], [ -64.383726, -18.62376 ], [ -64.384542, -18.624053 ], [ -64.385151, -18.624236 ], [ -64.385751, -18.624308 ], [ -64.386349, -18.624142 ], [ -64.387267, -18.623794 ], [ -64.388185, -18.623446 ], [ -64.38904, -18.623039 ], [ -64.38995, -18.622726 ], [ -64.390333, -18.622527 ], [ -64.39111, -18.622393 ], [ -64.392084, -18.622352 ], [ -64.393067, -18.622242 ], [ -64.395167, -18.622056 ], [ -64.396078, -18.621922 ], [ -64.397516, -18.621766 ], [ -64.398151, -18.621787 ], [ -64.39867, -18.621877 ], [ -64.399694, -18.622415 ], [ -64.400827, -18.623225 ], [ -64.40243, -18.624611 ], [ -64.402908, -18.625068 ], [ -64.403502, -18.625549 ], [ -64.404006, -18.625887 ], [ -64.405029, -18.626331 ], [ -64.405423, -18.626464 ], [ -64.405862, -18.626469 ], [ -64.40621, -18.626467 ], [ -64.406719, -18.626301 ], [ -64.407093, -18.626205 ], [ -64.407521, -18.625954 ], [ -64.407904, -18.625764 ], [ -64.40826, -18.625625 ], [ -64.408671, -18.625622 ], [ -64.409271, -18.625711 ], [ -64.409746, -18.625827 ], [ -64.410185, -18.6259 ], [ -64.410606, -18.626025 ], [ -64.411001, -18.626158 ], [ -64.411576, -18.626495 ], [ -64.412259, -18.626882 ], [ -64.412822, -18.627258 ], [ -64.413481, -18.627632 ], [ -64.414092, -18.627925 ], [ -64.414773, -18.62821 ], [ -64.415294, -18.628385 ], [ -64.415805, -18.628552 ], [ -64.416342, -18.628684 ], [ -64.416736, -18.628681 ], [ -64.417388, -18.628668 ], [ -64.418193, -18.628585 ], [ -64.419086, -18.628502 ], [ -64.419952, -18.628307 ], [ -64.420747, -18.628182 ], [ -64.421426, -18.628117 ], [ -64.422265, -18.627949 ], [ -64.422944, -18.62785 ], [ -64.423524, -18.627801 ], [ -64.42432, -18.627763 ], [ -64.424633, -18.627769 ], [ -64.424857, -18.627827 ], [ -64.425064, -18.627928 ], [ -64.425818, -18.628306 ], [ -64.426447, -18.628642 ], [ -64.427147, -18.628918 ], [ -64.427891, -18.629143 ], [ -64.428571, -18.629291 ], [ -64.429075, -18.629614 ], [ -64.429786, -18.629993 ], [ -64.430562, -18.630385 ], [ -64.431613, -18.631037 ], [ -64.432535, -18.631613 ], [ -64.433184, -18.632283 ], [ -64.433786, -18.633137 ], [ -64.434948, -18.635429 ], [ -64.435835, -18.6376 ], [ -64.436162, -18.638514 ], [ -64.437432, -18.640058 ], [ -64.43828, -18.641309 ], [ -64.438723, -18.642349 ], [ -64.438763, -18.643315 ], [ -64.438645, -18.644589 ], [ -64.438572, -18.645433 ], [ -64.438824, -18.646689 ], [ -64.43935, -18.647988 ], [ -64.439905, -18.64892 ], [ -64.440542, -18.649796 ], [ -64.441479, -18.650549 ], [ -64.442775, -18.651551 ], [ -64.444407, -18.652352 ], [ -64.446099, -18.65263 ], [ -64.448995, -18.652608 ], [ -64.450765, -18.652548 ], [ -64.452695, -18.652441 ], [ -64.454129, -18.65266 ], [ -64.454936, -18.653007 ], [ -64.456343, -18.653778 ], [ -64.45733, -18.654491 ], [ -64.458223, -18.655405 ], [ -64.458775, -18.655999 ], [ -64.460404, -18.658317 ], [ -64.462716, -18.66149 ], [ -64.464288, -18.663874 ], [ -64.465886, -18.665208 ], [ -64.468205, -18.66726 ], [ -64.469837, -18.667968 ], [ -64.471835, -18.668336 ], [ -64.473378, -18.668109 ], [ -64.476748, -18.668039 ], [ -64.478528, -18.66813 ], [ -64.47993, -18.668334 ], [ -64.481205, -18.668799 ], [ -64.482337, -18.669419 ], [ -64.48437, -18.669971 ], [ -64.48811, -18.670739 ], [ -64.49505, -18.670767 ], [ -64.498105, -18.670966 ], [ -64.500229, -18.670918 ], [ -64.502351, -18.670641 ], [ -64.503543, -18.670232 ], [ -64.50638, -18.669458 ], [ -64.50715, -18.669237 ], [ -64.508706, -18.668611 ], [ -64.510022, -18.668186 ], [ -64.511083, -18.668071 ], [ -64.512564, -18.668181 ], [ -64.513421, -18.668681 ], [ -64.514603, -18.669484 ], [ -64.515635, -18.671073 ], [ -64.516354, -18.672706 ], [ -64.51666, -18.673541 ], [ -64.516749, -18.673746 ], [ -64.516949, -18.674496 ], [ -64.517534, -18.675166 ], [ -64.51828, -18.675773 ], [ -64.519813, -18.676252 ], [ -64.520505, -18.676262 ], [ -64.521678, -18.676037 ], [ -64.522624, -18.675646 ], [ -64.523875, -18.675176 ], [ -64.526236, -18.674697 ], [ -64.52836, -18.674649 ], [ -64.53013, -18.674619 ], [ -64.531514, -18.674623 ], [ -64.533412, -18.674844 ], [ -64.535124, -18.675146 ], [ -64.537009, -18.675437 ], [ -64.542654, -18.675038 ], [ -64.544999, -18.674482 ], [ -64.547381, -18.674539 ], [ -64.550471, -18.674514 ], [ -64.552288, -18.674361 ], [ -64.554172, -18.674163 ], [ -64.555166, -18.674153 ], [ -64.556069, -18.674329 ], [ -64.55678, -18.674599 ], [ -64.558152, -18.674382 ], [ -64.559186, -18.673736 ], [ -64.560199, -18.671964 ], [ -64.561508, -18.669008 ], [ -64.562311, -18.667069 ], [ -64.563178, -18.66338 ], [ -64.564204, -18.661209 ], [ -64.565382, -18.659788 ], [ -64.566978, -18.658818 ], [ -64.570713, -18.656661 ], [ -64.572297, -18.655323 ], [ -64.573657, -18.654526 ], [ -64.575201, -18.653976 ], [ -64.576607, -18.653811 ], [ -64.57816, -18.654239 ], [ -64.579973, -18.654549 ], [ -64.581663, -18.65465 ], [ -64.583409, -18.654214 ], [ -64.58615, -18.652599 ], [ -64.588282, -18.650453 ], [ -64.589691, -18.648447 ], [ -64.590985, -18.646979 ], [ -64.592021, -18.645935 ], [ -64.592996, -18.644815 ], [ -64.594192, -18.643712 ], [ -64.595434, -18.643107 ], [ -64.59688, -18.642884 ], [ -64.599221, -18.642986 ], [ -64.601569, -18.643247 ], [ -64.606179, -18.643706 ], [ -64.607421, -18.643235 ], [ -64.609357, -18.641647 ], [ -64.610508, -18.63995 ], [ -64.610797, -18.639674 ], [ -64.610906, -18.63956 ], [ -64.611584, -18.638886 ], [ -64.612681, -18.637995 ], [ -64.614263, -18.637214 ], [ -64.615806, -18.636684 ], [ -64.617031, -18.636481 ], [ -64.618835, -18.635795 ], [ -64.619998, -18.635459 ], [ -64.620898, -18.634933 ], [ -64.621556, -18.634372 ], [ -64.621851, -18.633622 ], [ -64.621817, -18.632725 ], [ -64.6219, -18.630266 ], [ -64.622055, -18.627619 ], [ -64.622302, -18.626083 ], [ -64.62285, -18.624506 ], [ -64.623424, -18.623485 ], [ -64.624099, -18.622598 ], [ -64.624958, -18.621938 ], [ -64.625698, -18.621606 ], [ -64.626479, -18.621197 ], [ -64.627402, -18.620959 ], [ -64.628245, -18.620817 ], [ -64.629764, -18.620659 ], [ -64.631054, -18.620141 ], [ -64.632051, -18.61927 ], [ -64.632787, -18.618439 ], [ -64.63392, -18.617049 ], [ -64.634443, -18.615012 ], [ -64.634689, -18.613399 ], [ -64.634363, -18.610833 ], [ -64.633626, -18.60944 ], [ -64.633209, -18.60791 ], [ -64.633097, -18.606646 ], [ -64.633584, -18.60505 ], [ -64.6338, -18.604473 ], [ -64.634518, -18.603853 ], [ -64.635762, -18.603593 ], [ -64.636771, -18.603834 ], [ -64.638242, -18.60432 ], [ -64.640236, -18.604705 ], [ -64.641544, -18.604789 ], [ -64.643513, -18.604638 ], [ -64.645055, -18.603992 ], [ -64.646612, -18.602847 ], [ -64.647226, -18.601806 ], [ -64.647537, -18.600692 ], [ -64.647919, -18.598675 ], [ -64.647912, -18.5958 ], [ -64.647715, -18.594172 ], [ -64.647063, -18.593219 ], [ -64.64603, -18.5925 ], [ -64.645247, -18.592545 ], [ -64.644745, -18.592645 ], [ -64.644141, -18.592497 ], [ -64.643433, -18.592081 ], [ -64.643085, -18.591471 ], [ -64.642975, -18.590417 ], [ -64.643007, -18.589573 ], [ -64.643257, -18.58844 ], [ -64.643788, -18.58717 ], [ -64.644257, -18.585728 ], [ -64.644811, -18.584822 ], [ -64.645732, -18.583603 ], [ -64.646933, -18.581851 ], [ -64.648, -18.579829 ], [ -64.648925, -18.577808 ], [ -64.649975, -18.576227 ], [ -64.651439, -18.574225 ], [ -64.652926, -18.572747 ], [ -64.654062, -18.571885 ], [ -64.656158, -18.570962 ], [ -64.657549, -18.570355 ], [ -64.659978, -18.570231 ], [ -64.662193, -18.570177 ], [ -64.663944, -18.570094 ], [ -64.666293, -18.569085 ], [ -64.669455, -18.567216 ], [ -64.671084, -18.565634 ], [ -64.673348, -18.563296 ], [ -64.674229, -18.562062 ], [ -64.674827, -18.561 ], [ -64.675334, -18.55959 ], [ -64.675868, -18.557889 ], [ -64.676496, -18.556282 ], [ -64.677655, -18.554192 ], [ -64.678954, -18.551863 ], [ -64.680182, -18.549557 ], [ -64.680603, -18.548679 ], [ -64.680803, -18.547245 ], [ -64.680867, -18.545901 ], [ -64.68113, -18.544175 ], [ -64.681723, -18.54267 ], [ -64.682604, -18.541367 ], [ -64.68402, -18.540025 ], [ -64.684693, -18.539474 ], [ -64.685713, -18.538808 ], [ -64.686542, -18.538571 ], [ -64.688329, -18.538556 ], [ -64.689115, -18.538617 ], [ -64.690725, -18.538807 ], [ -64.691585, -18.539038 ], [ -64.692371, -18.539031 ], [ -64.693222, -18.538741 ], [ -64.693864, -18.538267 ], [ -64.694356, -18.537445 ], [ -64.69495, -18.536008 ], [ -64.695461, -18.53355 ], [ -64.695798, -18.532114 ], [ -64.696118, -18.530637 ], [ -64.696369, -18.529922 ], [ -64.696854, -18.5295 ], [ -64.697805, -18.529345 ], [ -64.698423, -18.529339 ], [ -64.69917, -18.529332 ], [ -64.699711, -18.529401 ], [ -64.700402, -18.529796 ], [ -64.700749, -18.530153 ], [ -64.701012, -18.530716 ], [ -64.701383, -18.531842 ], [ -64.701523, -18.532996 ], [ -64.701716, -18.534222 ], [ -64.702098, -18.53638 ], [ -64.702602, -18.537923 ], [ -64.703179, -18.538999 ], [ -64.703724, -18.539387 ], [ -64.704525, -18.539625 ], [ -64.705839, -18.539663 ], [ -64.706891, -18.539358 ], [ -64.708326, -18.538633 ], [ -64.709119, -18.53811 ], [ -64.709574, -18.537222 ], [ -64.709926, -18.536359 ], [ -64.710331, -18.535667 ], [ -64.710713, -18.535246 ], [ -64.71115, -18.535095 ], [ -64.711844, -18.535015 ], [ -64.712643, -18.535057 ], [ -64.713699, -18.535096 ], [ -64.71473, -18.53521 ], [ -64.715427, -18.535326 ], [ -64.71651, -18.535489 ], [ -64.717027, -18.535754 ], [ -64.717981, -18.535844 ], [ -64.718858, -18.536008 ], [ -64.719789, -18.536318 ], [ -64.720736, -18.536706 ], [ -64.721186, -18.536969 ], [ -64.721676, -18.537038 ], [ -64.722242, -18.536984 ], [ -64.722906, -18.536487 ], [ -64.723619, -18.535719 ], [ -64.724307, -18.534975 ], [ -64.72502, -18.534134 ], [ -64.725716, -18.53393 ], [ -64.726229, -18.534049 ], [ -64.726955, -18.534509 ], [ -64.728303, -18.53543 ], [ -64.729753, -18.536178 ], [ -64.732673, -18.537159 ], [ -64.734685, -18.537484 ], [ -64.736376, -18.537294 ], [ -64.738176, -18.536396 ], [ -64.739224, -18.535649 ], [ -64.73975, -18.53534 ], [ -64.741093, -18.534551 ], [ -64.742094, -18.534198 ], [ -64.743919, -18.53396 ], [ -64.745851, -18.534016 ], [ -64.747015, -18.534472 ], [ -64.748331, -18.534755 ], [ -64.750132, -18.534591 ], [ -64.751773, -18.533888 ], [ -64.753824, -18.532984 ], [ -64.755667, -18.531911 ], [ -64.757536, -18.530911 ], [ -64.760878, -18.52978 ], [ -64.761935, -18.529492 ], [ -64.763327, -18.528951 ], [ -64.764383, -18.52859 ], [ -64.765027, -18.528481 ], [ -64.765672, -18.528519 ], [ -64.766396, -18.528703 ], [ -64.76735, -18.528914 ], [ -64.76838, -18.52905 ], [ -64.769256, -18.529116 ], [ -64.77067, -18.529219 ], [ -64.771254, -18.529199 ], [ -64.771896, -18.528886 ], [ -64.773468, -18.527963 ], [ -64.774095, -18.527708 ], [ -64.775844, -18.527603 ], [ -64.776956, -18.527557 ], [ -64.777947, -18.527467 ], [ -64.778437, -18.52733 ], [ -64.779699, -18.526877 ], [ -64.780855, -18.52656 ], [ -64.782034, -18.526183 ], [ -64.783547, -18.525495 ], [ -64.784371, -18.525004 ], [ -64.785621, -18.524054 ], [ -64.786665, -18.522609 ], [ -64.787346, -18.521577 ], [ -64.787538, -18.520916 ], [ -64.787501, -18.520228 ], [ -64.787293, -18.519468 ], [ -64.786886, -18.518695 ], [ -64.786558, -18.51823 ], [ -64.786234, -18.517998 ], [ -64.785894, -18.51787 ], [ -64.785682, -18.517572 ], [ -64.785673, -18.517242 ], [ -64.785823, -18.516889 ], [ -64.786049, -18.516491 ], [ -64.786352, -18.516049 ], [ -64.787932, -18.514408 ], [ -64.788732, -18.51314 ], [ -64.789349, -18.511919 ], [ -64.789953, -18.510946 ], [ -64.790483, -18.510165 ], [ -64.793077, -18.507166 ], [ -64.794381, -18.505601 ], [ -64.795461, -18.504565 ], [ -64.796221, -18.503899 ], [ -64.796917, -18.50296 ], [ -64.797612, -18.501732 ], [ -64.797849, -18.500954 ], [ -64.798054, -18.5 ], [ -64.798056, -18.49874 ], [ -64.797981, -18.497363 ], [ -64.797973, -18.496675 ], [ -64.798055, -18.495678 ], [ -64.798231, -18.494841 ], [ -64.798607, -18.494135 ], [ -64.799429, -18.493438 ], [ -64.800557, -18.492681 ], [ -64.801595, -18.492041 ], [ -64.802893, -18.491369 ], [ -64.804037, -18.490714 ], [ -64.805275, -18.490145 ], [ -64.8065, -18.489811 ], [ -64.808656, -18.488956 ], [ -64.810066, -18.488723 ], [ -64.810956, -18.488714 ], [ -64.812662, -18.488888 ], [ -64.816122, -18.489137 ], [ -64.816122, -18.489137 ], [ -64.819403, -18.489014 ], [ -64.821445, -18.489009 ], [ -64.823366, -18.489122 ], [ -64.82475, -18.489314 ], [ -64.826136, -18.489726 ], [ -64.826952, -18.489981 ], [ -64.827675, -18.490092 ], [ -64.828873, -18.48997 ], [ -64.830053, -18.489907 ], [ -64.831585, -18.489629 ], [ -64.832702, -18.489296 ], [ -64.833542, -18.488819 ], [ -64.834591, -18.487842 ], [ -64.835633, -18.48625 ], [ -64.836799, -18.48473 ], [ -64.837332, -18.48427 ], [ -64.838232, -18.483764 ], [ -64.839105, -18.483579 ], [ -64.840671, -18.483564 ], [ -64.841271, -18.483676 ], [ -64.842008, -18.483712 ], [ -64.842993, -18.483952 ], [ -64.843841, -18.48428 ], [ -64.844785, -18.484945 ], [ -64.845653, -18.485698 ], [ -64.846859, -18.486566 ], [ -64.848126, -18.487286 ], [ -64.848853, -18.487791 ], [ -64.849564, -18.488209 ], [ -64.850074, -18.488556 ], [ -64.850799, -18.4889 ], [ -64.851569, -18.489083 ], [ -64.852599, -18.489176 ], [ -64.853902, -18.489046 ], [ -64.854576, -18.488893 ], [ -64.855399, -18.488313 ], [ -64.855742, -18.487703 ], [ -64.856398, -18.486941 ], [ -64.856748, -18.486659 ], [ -64.857159, -18.486377 ], [ -64.857451, -18.486374 ], [ -64.857743, -18.48643 ], [ -64.858563, -18.487008 ], [ -64.859107, -18.487618 ], [ -64.859957, -18.489528 ], [ -64.860364, -18.490271 ], [ -64.86102, -18.491364 ], [ -64.86132, -18.492064 ], [ -64.861664, -18.49269 ], [ -64.862039, -18.493229 ], [ -64.862518, -18.493532 ], [ -64.862964, -18.493615 ], [ -64.863393, -18.493538 ], [ -64.865535, -18.491407 ], [ -64.866129, -18.491006 ], [ -64.866636, -18.490986 ], [ -64.867113, -18.491142 ], [ -64.867638, -18.491372 ], [ -64.868318, -18.491775 ], [ -64.869089, -18.49209 ], [ -64.870045, -18.492447 ], [ -64.870782, -18.492498 ], [ -64.871166, -18.492479 ], [ -64.871548, -18.492315 ], [ -64.871728, -18.491961 ], [ -64.871944, -18.49106 ], [ -64.872002, -18.490318 ], [ -64.872471, -18.489654 ], [ -64.873292, -18.488972 ], [ -64.874071, -18.488583 ], [ -64.8745, -18.488447 ], [ -64.875067, -18.488398 ], [ -64.875559, -18.488422 ], [ -64.876066, -18.488461 ], [ -64.876312, -18.488561 ], [ -64.876623, -18.489117 ], [ -64.877185, -18.489754 ], [ -64.877918, -18.490787 ], [ -64.878402, -18.491544 ], [ -64.879037, -18.492006 ], [ -64.880023, -18.492348 ], [ -64.880854, -18.49253 ], [ -64.881946, -18.49271 ], [ -64.882946, -18.492919 ], [ -64.883855, -18.493145 ], [ -64.884227, -18.493493 ], [ -64.884615, -18.493913 ], [ -64.885176, -18.494626 ], [ -64.885908, -18.4956 ], [ -64.886359, -18.496152 ], [ -64.886935, -18.49682 ], [ -64.887633, -18.497458 ], [ -64.88842, -18.497831 ], [ -64.889483, -18.498157 ], [ -64.890239, -18.498486 ], [ -64.890917, -18.498743 ], [ -64.891443, -18.499134 ], [ -64.89197, -18.499509 ], [ -64.892634, -18.499913 ], [ -64.893421, -18.500286 ], [ -64.894098, -18.500411 ], [ -64.894882, -18.500447 ], [ -64.895681, -18.500512 ], [ -64.896649, -18.50059 ], [ -64.897448, -18.500626 ], [ -64.898078, -18.500737 ], [ -64.898879, -18.500934 ], [ -64.899511, -18.501162 ], [ -64.899959, -18.501421 ], [ -64.900346, -18.501696 ], [ -64.900719, -18.502131 ], [ -64.901016, -18.502583 ], [ -64.901281, -18.502975 ], [ -64.901684, -18.503279 ], [ -64.903345, -18.503511 ], [ -64.904297, -18.503531 ], [ -64.905618, -18.503606 ], [ -64.907004, -18.503929 ], [ -64.907695, -18.503995 ], [ -64.908235, -18.504165 ], [ -64.908731, -18.5046 ], [ -64.909243, -18.505137 ], [ -64.909773, -18.50582 ], [ -64.910429, -18.506853 ], [ -64.911475, -18.50841 ], [ -64.912331, -18.509412 ], [ -64.913246, -18.510208 ], [ -64.913943, -18.510773 ], [ -64.914576, -18.511118 ], [ -64.915656, -18.511517 ], [ -64.917273, -18.511999 ], [ -64.919112, -18.512778 ], [ -64.921362, -18.513788 ], [ -64.922811, -18.514272 ], [ -64.92363, -18.514747 ], [ -64.924466, -18.515353 ], [ -64.925256, -18.515975 ], [ -64.926414, -18.516535 ], [ -64.927614, -18.516742 ], [ -64.928599, -18.516937 ], [ -64.929121, -18.516947 ], [ -64.930136, -18.517127 ], [ -64.930601, -18.517459 ], [ -64.931049, -18.517747 ], [ -64.931757, -18.517872 ], [ -64.932418, -18.517953 ], [ -64.932882, -18.518138 ], [ -64.933084, -18.518444 ], [ -64.933245, -18.519087 ], [ -64.933418, -18.520799 ], [ -64.933788, -18.522363 ], [ -64.934111, -18.523722 ], [ -64.934384, -18.524832 ], [ -64.934613, -18.526104 ], [ -64.934912, -18.528108 ], [ -64.93518, -18.528676 ], [ -64.935914, -18.529768 ], [ -64.936364, -18.530202 ], [ -64.937122, -18.530693 ], [ -64.937987, -18.531123 ], [ -64.938636, -18.531512 ], [ -64.939393, -18.531929 ], [ -64.940319, -18.532315 ], [ -64.941367, -18.532627 ], [ -64.941982, -18.532752 ], [ -64.942754, -18.533066 ], [ -64.944147, -18.534063 ], [ -64.944829, -18.534569 ], [ -64.945493, -18.534928 ], [ -64.946264, -18.535169 ], [ -64.947063, -18.535219 ], [ -64.948972, -18.535654 ], [ -64.949561, -18.535988 ], [ -64.950194, -18.536447 ], [ -64.95066, -18.536925 ], [ -64.951188, -18.537707 ], [ -64.951906, -18.538782 ], [ -64.952702, -18.539556 ], [ -64.953602, -18.540425 ], [ -64.954285, -18.541092 ], [ -64.954904, -18.541452 ], [ -64.956674, -18.54177 ], [ -64.957751, -18.541994 ], [ -64.958476, -18.542294 ], [ -64.958985, -18.542479 ], [ -64.959402, -18.542709 ], [ -64.959654, -18.54319 ], [ -64.959661, -18.543878 ], [ -64.95941, -18.544759 ], [ -64.95827, -18.547115 ], [ -64.957756, -18.547823 ], [ -64.957458, -18.548618 ], [ -64.957131, -18.549544 ], [ -64.957078, -18.550277 ], [ -64.957022, -18.551402 ], [ -64.957202, -18.55174 ], [ -64.957608, -18.552366 ], [ -64.958073, -18.552742 ], [ -64.958662, -18.553161 ], [ -64.959403, -18.553548 ], [ -64.960327, -18.553773 ], [ -64.961851, -18.55405 ], [ -64.963592, -18.554545 ], [ -64.964597, -18.555106 ], [ -64.965492, -18.555463 ], [ -64.965802, -18.555532 ], [ -64.966677, -18.555729 ], [ -64.967338, -18.555766 ], [ -64.968104, -18.555567 ], [ -64.968732, -18.555414 ], [ -64.969503, -18.555255 ], [ -64.970235, -18.555281 ], [ -64.971081, -18.555346 ], [ -64.971865, -18.555469 ], [ -64.972498, -18.555712 ], [ -64.972931, -18.556015 ], [ -64.973383, -18.556567 ], [ -64.973648, -18.556945 ], [ -64.974077, -18.5582 ], [ -64.974405, -18.558636 ], [ -64.9751, -18.558995 ], [ -64.976317, -18.559304 ], [ -64.977362, -18.559381 ], [ -64.978762, -18.559513 ], [ -64.980069, -18.559719 ], [ -64.980961, -18.559783 ], [ -64.981792, -18.559906 ], [ -64.982318, -18.560223 ], [ -64.982843, -18.560466 ], [ -64.983381, -18.560534 ], [ -64.983903, -18.560499 ], [ -64.984422, -18.560274 ], [ -64.9852, -18.559826 ], [ -64.985704, -18.559514 ], [ -64.986362, -18.55936 ], [ -64.986994, -18.559573 ], [ -64.987365, -18.559789 ], [ -64.987814, -18.560077 ], [ -64.988648, -18.560493 ], [ -64.989191, -18.560942 ], [ -64.989502, -18.561275 ], [ -64.989935, -18.56149 ], [ -64.990319, -18.561486 ], [ -64.990959, -18.561128 ], [ -64.991659, -18.560491 ], [ -64.992689, -18.559323 ], [ -64.993111, -18.558557 ], [ -64.993778, -18.557847 ], [ -64.994589, -18.557589 ], [ -64.995033, -18.557496 ], [ -64.995817, -18.557503 ], [ -64.996494, -18.557627 ], [ -64.997249, -18.55781 ], [ -64.997943, -18.558081 ], [ -64.998667, -18.558264 ], [ -64.999405, -18.558388 ], [ -64.999946, -18.558689 ], [ -65.000383, -18.559227 ], [ -65.000561, -18.56006 ], [ -65.000494, -18.560885 ], [ -65.000456, -18.561584 ], [ -65.000437, -18.56387 ], [ -65.000526, -18.564909 ], [ -65.000701, -18.565478 ], [ -65.001038, -18.566129 ], [ -65.001863, -18.567663 ], [ -65.003305, -18.570079 ], [ -65.004027, -18.571434 ], [ -65.004516, -18.572512 ], [ -65.004874, -18.572948 ], [ -65.005569, -18.573234 ], [ -65.006416, -18.573444 ], [ -65.008312, -18.574039 ], [ -65.009345, -18.574409 ], [ -65.013133, -18.576537 ], [ -65.01397, -18.577157 ], [ -65.015145, -18.579093 ], [ -65.015375, -18.58035 ], [ -65.015704, -18.580903 ], [ -65.016386, -18.581482 ], [ -65.017745, -18.582097 ], [ -65.018562, -18.582338 ], [ -65.019211, -18.582653 ], [ -65.019737, -18.582999 ], [ -65.02028, -18.583432 ], [ -65.020653, -18.583809 ], [ -65.020919, -18.584187 ], [ -65.021265, -18.584857 ], [ -65.021456, -18.58547 ], [ -65.021654, -18.586625 ], [ -65.021698, -18.587782 ], [ -65.021514, -18.589073 ], [ -65.021513, -18.590318 ], [ -65.021704, -18.590887 ], [ -65.022115, -18.591541 ], [ -65.022255, -18.591951 ], [ -65.022323, -18.592551 ], [ -65.022284, -18.593152 ], [ -65.022274, -18.593635 ], [ -65.022159, -18.594295 ], [ -65.022154, -18.594972 ], [ -65.022083, -18.5956 ], [ -65.021749, -18.59597 ], [ -65.021308, -18.596355 ], [ -65.020732, -18.597035 ], [ -65.020601, -18.597637 ], [ -65.020605, -18.597974 ], [ -65.020733, -18.598412 ], [ -65.021013, -18.598687 ], [ -65.021322, -18.59883 ], [ -65.021938, -18.59897 ], [ -65.022522, -18.598979 ], [ -65.023644, -18.599069 ], [ -65.02495, -18.599099 ], [ -65.025855, -18.598958 ], [ -65.026896, -18.598624 ], [ -65.027282, -18.598439 ], [ -65.028149, -18.598098 ], [ -65.030143, -18.597842 ], [ -65.031511, -18.59793 ], [ -65.033128, -18.598205 ], [ -65.034066, -18.598342 ], [ -65.034745, -18.598598 ], [ -65.035442, -18.599045 ], [ -65.036108, -18.59955 ], [ -65.037037, -18.60017 ], [ -65.037425, -18.600488 ], [ -65.037663, -18.601101 ], [ -65.037739, -18.602345 ], [ -65.037809, -18.604321 ], [ -65.037999, -18.60615 ], [ -65.038294, -18.60767 ], [ -65.0386, -18.608839 ], [ -65.039333, -18.609739 ], [ -65.040016, -18.610332 ], [ -65.041404, -18.610815 ], [ -65.042389, -18.610922 ], [ -65.043665, -18.611025 ], [ -65.04494, -18.61107 ], [ -65.046262, -18.61107 ], [ -65.046926, -18.611414 ], [ -65.047425, -18.611966 ], [ -65.04771, -18.612739 ], [ -65.047843, -18.613572 ], [ -65.047884, -18.614741 ], [ -65.047613, -18.616153 ], [ -65.04729, -18.617372 ], [ -65.046431, -18.618846 ], [ -65.045892, -18.619965 ], [ -65.045567, -18.621052 ], [ -65.045327, -18.621582 ], [ -65.045331, -18.623194 ], [ -65.045439, -18.624481 ], [ -65.045601, -18.625212 ], [ -65.046241, -18.626025 ], [ -65.047309, -18.626717 ], [ -65.048549, -18.627641 ], [ -65.049865, -18.628476 ], [ -65.050653, -18.628833 ], [ -65.051178, -18.629047 ], [ -65.051597, -18.62935 ], [ -65.051615, -18.62987 ], [ -65.051332, -18.630335 ], [ -65.050862, -18.630867 ], [ -65.050284, -18.631342 ], [ -65.04898, -18.632792 ], [ -65.048602, -18.633294 ], [ -65.048424, -18.633823 ], [ -65.048432, -18.634555 ], [ -65.048785, -18.635782 ], [ -65.049048, -18.637214 ], [ -65.049447, -18.63847 ], [ -65.049551, -18.639435 ], [ -65.049486, -18.640388 ], [ -65.049371, -18.641092 ], [ -65.048749, -18.643047 ], [ -65.048163, -18.646686 ], [ -65.047836, -18.647642 ], [ -65.047279, -18.648556 ], [ -65.046511, -18.649897 ], [ -65.046246, -18.650265 ], [ -65.045786, -18.650901 ], [ -65.044994, -18.651496 ], [ -65.044105, -18.65174 ], [ -65.043322, -18.651734 ], [ -65.042628, -18.651536 ], [ -65.042039, -18.651132 ], [ -65.040759, -18.649433 ], [ -65.040431, -18.649041 ], [ -65.040183, -18.648809 ], [ -65.039707, -18.648727 ], [ -65.039309, -18.64898 ], [ -65.039116, -18.649538 ], [ -65.038533, -18.654797 ], [ -65.038252, -18.6557 ], [ -65.037229, -18.657571 ], [ -65.036889, -18.658673 ], [ -65.036906, -18.660108 ], [ -65.036942, -18.660489 ], [ -65.036569, -18.661474 ], [ -65.035737, -18.662552 ], [ -65.035038, -18.663263 ], [ -65.034282, -18.664238 ], [ -65.032646, -18.666262 ], [ -65.031967, -18.66728 ], [ -65.031642, -18.668368 ], [ -65.031695, -18.669012 ], [ -65.032298, -18.670616 ], [ -65.033595, -18.672345 ], [ -65.0347, -18.67352 ], [ -65.035603, -18.674535 ], [ -65.036569, -18.675638 ], [ -65.03746, -18.676859 ], [ -65.038766, -18.678119 ], [ -65.039808, -18.679162 ], [ -65.040958, -18.680219 ], [ -65.041642, -18.680885 ], [ -65.042124, -18.681349 ], [ -65.042736, -18.681623 ], [ -65.043327, -18.681702 ], [ -65.044462, -18.681543 ], [ -65.045624, -18.681003 ], [ -65.046677, -18.680362 ], [ -65.047356, -18.678465 ], [ -65.048106, -18.676553 ], [ -65.048632, -18.675522 ], [ -65.049054, -18.674799 ], [ -65.049495, -18.674472 ], [ -65.04996, -18.674435 ], [ -65.050847, -18.674443 ], [ -65.051924, -18.674534 ], [ -65.053251, -18.674988 ], [ -65.054071, -18.675389 ], [ -65.055212, -18.675728 ], [ -65.056199, -18.675981 ], [ -65.057131, -18.675861 ], [ -65.058253, -18.675534 ], [ -65.060353, -18.673841 ], [ -65.062326, -18.671812 ], [ -65.063659, -18.670172 ], [ -65.064887, -18.668826 ], [ -65.066286, -18.667609 ], [ -65.068127, -18.666066 ], [ -65.072723, -18.662324 ], [ -65.075035, -18.660409 ], [ -65.076282, -18.659282 ], [ -65.07712, -18.658731 ], [ -65.077657, -18.658637 ], [ -65.078148, -18.65867 ], [ -65.079212, -18.658942 ], [ -65.080293, -18.65934 ], [ -65.081514, -18.659956 ], [ -65.082521, -18.66056 ], [ -65.083342, -18.661122 ], [ -65.084145, -18.66148 ], [ -65.084761, -18.661575 ], [ -65.085852, -18.661534 ], [ -65.086538, -18.661116 ], [ -65.087848, -18.658934 ], [ -65.088318, -18.658416 ], [ -65.088867, -18.658015 ], [ -65.089479, -18.657847 ], [ -65.090295, -18.657911 ], [ -65.091327, -18.658178 ], [ -65.092603, -18.658163 ], [ -65.094013, -18.657884 ], [ -65.094962, -18.657624 ], [ -65.095711, -18.657235 ], [ -65.096426, -18.656685 ], [ -65.096774, -18.656257 ], [ -65.097076, -18.655785 ], [ -65.097371, -18.654829 ], [ -65.097759, -18.653829 ], [ -65.098119, -18.653166 ], [ -65.098843, -18.652015 ], [ -65.099733, -18.650731 ], [ -65.100621, -18.649183 ], [ -65.100981, -18.648447 ], [ -65.101171, -18.647654 ], [ -65.101178, -18.64698 ], [ -65.101043, -18.646029 ], [ -65.100832, -18.645138 ], [ -65.100824, -18.644465 ], [ -65.100915, -18.643116 ], [ -65.101016, -18.642544 ], [ -65.101146, -18.641927 ], [ -65.101565, -18.640985 ], [ -65.102429, -18.639994 ], [ -65.103463, -18.639177 ], [ -65.104378, -18.638566 ], [ -65.105295, -18.63819 ], [ -65.106168, -18.63799 ], [ -65.10675, -18.637793 ], [ -65.108514, -18.637597 ], [ -65.109203, -18.637384 ], [ -65.109997, -18.637009 ], [ -65.110986, -18.636178 ], [ -65.111698, -18.635379 ], [ -65.112181, -18.634656 ], [ -65.113136, -18.633679 ], [ -65.113821, -18.6331 ], [ -65.114753, -18.632694 ], [ -65.115827, -18.63255 ], [ -65.116994, -18.632522 ], [ -65.118224, -18.632567 ], [ -65.119222, -18.632585 ], [ -65.120101, -18.632809 ], [ -65.120996, -18.633107 ], [ -65.121751, -18.633274 ], [ -65.122259, -18.633371 ], [ -65.122549, -18.63319 ], [ -65.123097, -18.632834 ], [ -65.123427, -18.632186 ], [ -65.12378, -18.630864 ], [ -65.124854, -18.628347 ], [ -65.125154, -18.627728 ], [ -65.125591, -18.62705 ], [ -65.126137, -18.626443 ], [ -65.126669, -18.625983 ], [ -65.12708, -18.625715 ], [ -65.127555, -18.625607 ], [ -65.128724, -18.625725 ], [ -65.129738, -18.625714 ], [ -65.130779, -18.625453 ], [ -65.131922, -18.624954 ], [ -65.133022, -18.624197 ], [ -65.134331, -18.623216 ], [ -65.135932, -18.62226 ], [ -65.13723, -18.62163 ], [ -65.138872, -18.62025 ], [ -65.140913, -18.61885 ], [ -65.142849, -18.617641 ], [ -65.144298, -18.616834 ], [ -65.145166, -18.616194 ], [ -65.146487, -18.614949 ], [ -65.146973, -18.614069 ], [ -65.147159, -18.613433 ], [ -65.147004, -18.612043 ], [ -65.146745, -18.611021 ], [ -65.146633, -18.6107 ], [ -65.146513, -18.60969 ], [ -65.146335, -18.608931 ], [ -65.14619, -18.608376 ], [ -65.146069, -18.607762 ], [ -65.1461, -18.607381 ], [ -65.146216, -18.606823 ], [ -65.146427, -18.606469 ], [ -65.1467, -18.606246 ], [ -65.147145, -18.606139 ], [ -65.14759, -18.606134 ], [ -65.148014, -18.606352 ], [ -65.14832, -18.60677 ], [ -65.149298, -18.607579 ], [ -65.149778, -18.607881 ], [ -65.150266, -18.608827 ], [ -65.151097, -18.610136 ], [ -65.152051, -18.611517 ], [ -65.152691, -18.6123 ], [ -65.153603, -18.612773 ], [ -65.15436, -18.613131 ], [ -65.155149, -18.613517 ], [ -65.155996, -18.613712 ], [ -65.156625, -18.613647 ], [ -65.157816, -18.613076 ], [ -65.158485, -18.612556 ], [ -65.159063, -18.612095 ], [ -65.159658, -18.611722 ], [ -65.160432, -18.611355 ], [ -65.161013, -18.61077 ], [ -65.161178, -18.610445 ], [ -65.16194, -18.610012 ], [ -65.162445, -18.609816 ], [ -65.163105, -18.609779 ], [ -65.163692, -18.609881 ], [ -65.164262, -18.610161 ], [ -65.164881, -18.610505 ], [ -65.165789, -18.610656 ], [ -65.166791, -18.610908 ], [ -65.167763, -18.611278 ], [ -65.168759, -18.612277 ], [ -65.170264, -18.61349 ], [ -65.1709, -18.613922 ], [ -65.171739, -18.614674 ], [ -65.173308, -18.616106 ], [ -65.173962, -18.616787 ], [ -65.174898, -18.617904 ], [ -65.175439, -18.618146 ], [ -65.177007, -18.618216 ], [ -65.177881, -18.618118 ], [ -65.179972, -18.61749 ], [ -65.182, -18.617089 ], [ -65.182599, -18.617038 ], [ -65.183507, -18.617159 ], [ -65.184062, -18.617343 ], [ -65.184788, -18.617628 ], [ -65.187045, -18.618773 ], [ -65.188511, -18.619225 ], [ -65.190938, -18.61961 ], [ -65.191682, -18.619759 ], [ -65.193114, -18.619992 ], [ -65.194766, -18.620675 ], [ -65.195746, -18.621616 ], [ -65.197924, -18.622513 ], [ -65.20019, -18.62316 ], [ -65.201673, -18.623802 ], [ -65.202629, -18.624055 ], [ -65.203674, -18.624072 ], [ -65.204428, -18.623717 ], [ -65.205167, -18.623117 ], [ -65.20571, -18.622349 ], [ -65.20569, -18.620767 ], [ -65.205896, -18.619008 ], [ -65.208751, -18.614438 ], [ -65.210475, -18.612612 ], [ -65.210682, -18.61247 ], [ -65.211774, -18.611717 ], [ -65.213516, -18.611234 ], [ -65.21549, -18.610854 ], [ -65.216764, -18.610872 ], [ -65.21871, -18.611173 ], [ -65.22345, -18.611935 ], [ -65.226565, -18.61235 ], [ -65.228972, -18.612382 ], [ -65.231317, -18.61266 ], [ -65.232944, -18.612799 ], [ -65.234492, -18.612732 ], [ -65.235729, -18.612412 ], [ -65.236736, -18.612095 ], [ -65.237834, -18.611923 ], [ -65.239216, -18.611907 ], [ -65.240233, -18.611862 ], [ -65.24121, -18.611664 ], [ -65.242114, -18.611348 ], [ -65.242889, -18.610911 ], [ -65.243293, -18.61048 ], [ -65.243654, -18.609731 ], [ -65.243853, -18.608325 ], [ -65.244128, -18.606846 ], [ -65.244425, -18.606098 ], [ -65.24503, -18.605383 ], [ -65.245916, -18.60464 ], [ -65.246944, -18.603957 ], [ -65.247585, -18.603095 ], [ -65.247931, -18.602127 ], [ -65.248102, -18.601478 ], [ -65.248094, -18.600893 ], [ -65.247947, -18.600407 ], [ -65.24757, -18.600008 ], [ -65.24655, -18.599276 ], [ -65.245708, -18.598518 ], [ -65.245124, -18.597853 ], [ -65.244828, -18.596783 ], [ -65.24467, -18.595492 ], [ -65.244674, -18.594796 ], [ -65.244778, -18.593953 ], [ -65.244926, -18.593536 ], [ -65.245605, -18.592589 ], [ -65.245835, -18.591561 ], [ -65.245428, -18.586533 ], [ -65.245532, -18.581391 ], [ -65.245202, -18.579399 ], [ -65.244385, -18.57724 ], [ -65.241676, -18.569463 ], [ -65.240608, -18.566699 ], [ -65.238945, -18.562897 ], [ -65.238367, -18.559958 ], [ -65.237462, -18.553316 ], [ -65.237647, -18.551232 ], [ -65.238321, -18.549431 ], [ -65.24011, -18.544943 ], [ -65.242669, -18.538678 ], [ -65.244266, -18.535651 ], [ -65.244669, -18.533997 ], [ -65.244848, -18.531392 ], [ -65.244517, -18.529314 ], [ -65.243898, -18.528367 ], [ -65.243371, -18.527447 ], [ -65.243331, -18.526696 ], [ -65.243676, -18.525246 ], [ -65.244597, -18.523846 ], [ -65.245939, -18.522124 ], [ -65.246615, -18.520467 ], [ -65.246751, -18.51928 ], [ -65.246489, -18.517779 ], [ -65.245929, -18.516658 ], [ -65.245729, -18.515272 ], [ -65.245766, -18.513507 ], [ -65.245475, -18.512093 ], [ -65.244723, -18.510222 ], [ -65.24455, -18.508547 ], [ -65.244777, -18.507358 ], [ -65.24528, -18.506427 ], [ -65.246027, -18.505876 ], [ -65.247986, -18.504688 ], [ -65.249495, -18.504237 ], [ -65.251732, -18.503747 ], [ -65.253366, -18.503467 ], [ -65.254881, -18.503449 ], [ -65.256069, -18.50384 ], [ -65.257565, -18.504661 ], [ -65.260862, -18.506386 ], [ -65.262747, -18.506855 ], [ -65.264751, -18.507034 ], [ -65.268483, -18.507307 ], [ -65.269881, -18.507579 ], [ -65.271955, -18.508509 ], [ -65.273418, -18.509099 ], [ -65.275345, -18.509197 ], [ -65.277298, -18.509081 ], [ -65.279234, -18.50874 ], [ -65.280467, -18.507973 ], [ -65.281478, -18.506514 ], [ -65.281976, -18.505236 ], [ -65.282599, -18.504187 ], [ -65.283373, -18.503079 ], [ -65.284035, -18.502724 ], [ -65.284974, -18.502655 ], [ -65.286361, -18.502088 ], [ -65.287837, -18.501405 ], [ -65.288556, -18.500789 ], [ -65.288818, -18.499918 ], [ -65.288743, -18.498878 ], [ -65.288338, -18.498044 ], [ -65.287899, -18.496979 ], [ -65.287769, -18.496316 ], [ -65.287909, -18.495446 ], [ -65.288564, -18.494542 ], [ -65.289554, -18.493778 ], [ -65.291031, -18.493085 ], [ -65.29166, -18.492538 ], [ -65.292227, -18.491837 ], [ -65.292483, -18.49059 ], [ -65.292673, -18.488939 ], [ -65.293162, -18.486938 ], [ -65.293084, -18.485637 ], [ -65.292269, -18.483623 ], [ -65.291273, -18.481668 ], [ -65.290584, -18.480028 ], [ -65.290191, -18.477834 ], [ -65.289885, -18.475264 ], [ -65.289655, -18.473965 ], [ -65.289693, -18.472258 ], [ -65.289998, -18.470115 ], [ -65.290662, -18.46759 ], [ -65.291602, -18.465381 ], [ -65.292493, -18.464011 ], [ -65.294016, -18.462315 ], [ -65.295447, -18.460504 ], [ -65.296737, -18.457192 ], [ -65.297749, -18.455849 ], [ -65.299301, -18.454066 ], [ -65.300647, -18.45269 ], [ -65.301866, -18.450969 ], [ -65.303506, -18.448925 ], [ -65.305091, -18.447344 ], [ -65.307251, -18.445698 ], [ -65.308744, -18.444031 ], [ -65.30919, -18.443389 ], [ -65.309981, -18.442853 ], [ -65.310632, -18.442475 ], [ -65.311751, -18.442317 ], [ -65.313423, -18.442702 ], [ -65.314704, -18.443322 ], [ -65.315932, -18.444493 ], [ -65.317283, -18.445836 ], [ -65.31833, -18.447067 ], [ -65.318736, -18.447958 ], [ -65.319057, -18.449285 ], [ -65.319196, -18.450613 ], [ -65.319484, -18.451709 ], [ -65.319984, -18.45286 ], [ -65.320813, -18.45363 ], [ -65.322513, -18.454575 ], [ -65.323201, -18.454996 ], [ -65.324048, -18.455652 ], [ -65.324255, -18.456093 ], [ -65.324417, -18.456609 ], [ -65.32469, -18.457301 ], [ -65.325149, -18.457947 ], [ -65.32587, -18.458574 ], [ -65.326541, -18.458847 ], [ -65.327318, -18.459 ], [ -65.328359, -18.459091 ], [ -65.329427, -18.458945 ], [ -65.330047, -18.458675 ], [ -65.331371, -18.458196 ], [ -65.332322, -18.457415 ], [ -65.333253, -18.456323 ], [ -65.333725, -18.455666 ], [ -65.334195, -18.45492 ], [ -65.33477, -18.453803 ], [ -65.335246, -18.452376 ], [ -65.335645, -18.450847 ], [ -65.335859, -18.449542 ], [ -65.335933, -18.448135 ], [ -65.335659, -18.446156 ], [ -65.335292, -18.445435 ], [ -65.334879, -18.4447 ], [ -65.334402, -18.443833 ], [ -65.334144, -18.443096 ], [ -65.33396, -18.442122 ], [ -65.333777, -18.441177 ], [ -65.333604, -18.439832 ], [ -65.333559, -18.438811 ], [ -65.333732, -18.437847 ], [ -65.333811, -18.43681 ], [ -65.334031, -18.43589 ], [ -65.334108, -18.434676 ], [ -65.333992, -18.434144 ], [ -65.333872, -18.433302 ], [ -65.33361, -18.432255 ], [ -65.333205, -18.430987 ], [ -65.332651, -18.43015 ], [ -65.331643, -18.428993 ], [ -65.330897, -18.4277 ], [ -65.330714, -18.426755 ], [ -65.330722, -18.426178 ], [ -65.331003, -18.425183 ], [ -65.331428, -18.424512 ], [ -65.331856, -18.424048 ], [ -65.332407, -18.423553 ], [ -65.333068, -18.42313 ], [ -65.333902, -18.422868 ], [ -65.33486, -18.422634 ], [ -65.335618, -18.422507 ], [ -65.336745, -18.422093 ], [ -65.337375, -18.42173 ], [ -65.338284, -18.421275 ], [ -65.339053, -18.420851 ], [ -65.33961, -18.420726 ], [ -65.340072, -18.420513 ], [ -65.341011, -18.420028 ], [ -65.341844, -18.419677 ], [ -65.342719, -18.41906 ], [ -65.343366, -18.418711 ], [ -65.343812, -18.418454 ], [ -65.344429, -18.41824 ], [ -65.344707, -18.418118 ], [ -65.345263, -18.417963 ], [ -65.345839, -18.417883 ], [ -65.350239, -18.414539 ], [ -65.352955, -18.411198 ], [ -65.354488, -18.409841 ], [ -65.355676, -18.408466 ], [ -65.355463, -18.407764 ], [ -65.355461, -18.407757 ], [ -65.354957, -18.407243 ], [ -65.354413, -18.406968 ], [ -65.353751, -18.406833 ], [ -65.353261, -18.406624 ], [ -65.353153, -18.406578 ], [ -65.352751, -18.4062 ], [ -65.35262, -18.406004 ], [ -65.352471, -18.405784 ], [ -65.35234, -18.405494 ], [ -65.351906, -18.405005 ], [ -65.351897, -18.404994 ], [ -65.351761, -18.404784 ], [ -65.351555, -18.404453 ], [ -65.351414, -18.404253 ], [ -65.351185, -18.403965 ], [ -65.351131, -18.403871 ], [ -65.350921, -18.403511 ], [ -65.350847, -18.403343 ], [ -65.350628, -18.402858 ], [ -65.350537, -18.402672 ], [ -65.350391, -18.402375 ], [ -65.3502, -18.402086 ], [ -65.349948, -18.401822 ], [ -65.349659, -18.401679 ], [ -65.349396, -18.401601 ], [ -65.348227, -18.401222 ], [ -65.348022, -18.401089 ], [ -65.347844, -18.400973 ], [ -65.347686, -18.40079 ], [ -65.347514, -18.40059 ], [ -65.347323, -18.400368 ], [ -65.347256, -18.400224 ], [ -65.347191, -18.400084 ], [ -65.347101, -18.399891 ], [ -65.346839, -18.39923 ], [ -65.346755, -18.399114 ], [ -65.346603, -18.398904 ], [ -65.346542, -18.398774 ], [ -65.346461, -18.398601 ], [ -65.346409, -18.398343 ], [ -65.34636, -18.398115 ], [ -65.346313, -18.397919 ], [ -65.346299, -18.397858 ], [ -65.346282, -18.397788 ], [ -65.346261, -18.397703 ], [ -65.346224, -18.397653 ], [ -65.346177, -18.397589 ], [ -65.346132, -18.397477 ], [ -65.34607, -18.397322 ], [ -65.345997, -18.397137 ], [ -65.345942, -18.396828 ], [ -65.345938, -18.39681 ], [ -65.345857, -18.396355 ], [ -65.345835, -18.396148 ], [ -65.345768, -18.395551 ], [ -65.345731, -18.39539 ], [ -65.345651, -18.395032 ], [ -65.345582, -18.394726 ], [ -65.345561, -18.394514 ], [ -65.345489, -18.394385 ], [ -65.345336, -18.39411 ], [ -65.345313, -18.393764 ], [ -65.345303, -18.393501 ], [ -65.345219, -18.393287 ], [ -65.345043, -18.393077 ], [ -65.344849, -18.392869 ], [ -65.344482, -18.392473 ], [ -65.34435, -18.39228 ], [ -65.344345, -18.392126 ], [ -65.344338, -18.391956 ], [ -65.344331, -18.391761 ], [ -65.34433, -18.391718 ], [ -65.344326, -18.391626 ], [ -65.344295, -18.39148 ], [ -65.344283, -18.391425 ], [ -65.344249, -18.39127 ], [ -65.344226, -18.391167 ], [ -65.344215, -18.391034 ], [ -65.344203, -18.390885 ], [ -65.344198, -18.390821 ], [ -65.344173, -18.390509 ], [ -65.344169, -18.390198 ], [ -65.344197, -18.389971 ], [ -65.344218, -18.3898 ], [ -65.344196, -18.389651 ], [ -65.344177, -18.389525 ], [ -65.344092, -18.389407 ], [ -65.344003, -18.389282 ], [ -65.343928, -18.389194 ], [ -65.343812, -18.389058 ], [ -65.343747, -18.389026 ], [ -65.343565, -18.388935 ], [ -65.343525, -18.388936 ], [ -65.343384, -18.388938 ], [ -65.343217, -18.388973 ], [ -65.343126, -18.389024 ], [ -65.343004, -18.389092 ], [ -65.342883, -18.389193 ], [ -65.342798, -18.389263 ], [ -65.342749, -18.389321 ], [ -65.342552, -18.389394 ], [ -65.342377, -18.3894 ], [ -65.342205, -18.38932 ], [ -65.342081, -18.38918 ], [ -65.341966, -18.389031 ], [ -65.341855, -18.388862 ], [ -65.341782, -18.388744 ], [ -65.341708, -18.38863 ], [ -65.341592, -18.388464 ], [ -65.341398, -18.388256 ], [ -65.34126, -18.388062 ], [ -65.341092, -18.387836 ], [ -65.340963, -18.387678 ], [ -65.340841, -18.387479 ], [ -65.34076, -18.387273 ], [ -65.340725, -18.387045 ], [ -65.340722, -18.386831 ], [ -65.340902, -18.386447 ], [ -65.340925, -18.386365 ], [ -65.340974, -18.386348 ], [ -65.341106, -18.386079 ], [ -65.341211, -18.385736 ], [ -65.341211, -18.385308 ], [ -65.341021, -18.384864 ], [ -65.340998, -18.384229 ], [ -65.341265, -18.383628 ], [ -65.341536, -18.383308 ], [ -65.341694, -18.383036 ], [ -65.341821, -18.382621 ], [ -65.341828, -18.382356 ], [ -65.341799, -18.382175 ], [ -65.34168, -18.382023 ], [ -65.341463, -18.381862 ], [ -65.341156, -18.381749 ], [ -65.340307, -18.381522 ], [ -65.33971, -18.38109 ], [ -65.339585, -18.380634 ], [ -65.339545, -18.380489 ], [ -65.339556, -18.380221 ], [ -65.339577, -18.379648 ], [ -65.339648, -18.379298 ], [ -65.339629, -18.378515 ], [ -65.339662, -18.378078 ], [ -65.340102, -18.377525 ], [ -65.340379, -18.377372 ], [ -65.340635, -18.377124 ], [ -65.340816, -18.376805 ], [ -65.340875, -18.376559 ], [ -65.340806, -18.376341 ], [ -65.340461, -18.37528 ], [ -65.340683, -18.372337 ], [ -65.341005, -18.369345 ], [ -65.34059, -18.366249 ], [ -65.340609, -18.365957 ], [ -65.3405, -18.365584 ], [ -65.340522, -18.365009 ], [ -65.340422, -18.364644 ], [ -65.340299, -18.364497 ], [ -65.340205, -18.364385 ], [ -65.339925, -18.36431 ], [ -65.339654, -18.364232 ], [ -65.33917, -18.364007 ], [ -65.338843, -18.363679 ], [ -65.338418, -18.362776 ], [ -65.338217, -18.362472 ], [ -65.337903, -18.361844 ], [ -65.337464, -18.361216 ], [ -65.336905, -18.360635 ], [ -65.336636, -18.360461 ], [ -65.336242, -18.360294 ], [ -65.335775, -18.360175 ], [ -65.335348, -18.359847 ], [ -65.335101, -18.359435 ], [ -65.33496, -18.35885 ], [ -65.334935, -18.358432 ], [ -65.334927, -18.357839 ], [ -65.334834, -18.357136 ], [ -65.334666, -18.356724 ], [ -65.333728, -18.355093 ], [ -65.332195, -18.353229 ], [ -65.330474, -18.351135 ], [ -65.327383, -18.347375 ], [ -65.316376, -18.341508 ], [ -65.315309, -18.340936 ], [ -65.311946, -18.339244 ], [ -65.311263, -18.3389 ], [ -65.311193, -18.336495 ], [ -65.310778, -18.332004 ], [ -65.312174, -18.326475 ], [ -65.309315, -18.322613 ], [ -65.311675, -18.319178 ], [ -65.311756, -18.319059 ], [ -65.313524, -18.316486 ], [ -65.313556, -18.316439 ], [ -65.317091, -18.305519 ], [ -65.315665, -18.304037 ], [ -65.315352, -18.303705 ], [ -65.316192, -18.30202 ], [ -65.31662, -18.30116 ], [ -65.316669, -18.301063 ], [ -65.316864, -18.300671 ], [ -65.317536, -18.299322 ], [ -65.318283, -18.298624 ], [ -65.318317, -18.298592 ], [ -65.318631, -18.298293 ], [ -65.32003, -18.296986 ], [ -65.320599, -18.296454 ], [ -65.321042, -18.296041 ], [ -65.321297, -18.295803 ], [ -65.321878, -18.29526 ], [ -65.325248, -18.292111 ], [ -65.322942, -18.290042 ], [ -65.322491, -18.289631 ], [ -65.322434, -18.289579 ], [ -65.322422, -18.289568 ], [ -65.321262, -18.288512 ], [ -65.324661, -18.285037 ], [ -65.326343, -18.283302 ], [ -65.328216, -18.281327 ], [ -65.331654, -18.280694 ], [ -65.334764, -18.280121 ], [ -65.337646, -18.278126 ], [ -65.340297, -18.277521 ], [ -65.341295, -18.274922 ], [ -65.341967, -18.273171 ], [ -65.343612, -18.271642 ], [ -65.345767, -18.269638 ], [ -65.350057, -18.26817 ], [ -65.354958, -18.266494 ], [ -65.358387, -18.263536 ], [ -65.362221, -18.260228 ], [ -65.360843, -18.259453 ], [ -65.358611, -18.2582 ], [ -65.356509, -18.257342 ], [ -65.354823, -18.256654 ], [ -65.353088, -18.256176 ], [ -65.349739, -18.255253 ], [ -65.346407, -18.254335 ], [ -65.344233, -18.253736 ], [ -65.343294, -18.253399 ], [ -65.3399, -18.252063 ], [ -65.338109, -18.251358 ], [ -65.336008, -18.249982 ], [ -65.335035, -18.249344 ], [ -65.334199, -18.248796 ], [ -65.333419, -18.248285 ], [ -65.332133, -18.247443 ], [ -65.330934, -18.246657 ], [ -65.329266, -18.245564 ], [ -65.327289, -18.244268 ], [ -65.325854, -18.243328 ], [ -65.324491, -18.242434 ], [ -65.324056, -18.242149 ], [ -65.323533, -18.242011 ], [ -65.317059, -18.240035 ], [ -65.30387, -18.233455 ], [ -65.305531, -18.230326 ], [ -65.305697, -18.230013 ], [ -65.305962, -18.229514 ], [ -65.306832, -18.227876 ], [ -65.30996, -18.221983 ], [ -65.312247, -18.21644 ], [ -65.313956, -18.213246 ], [ -65.320869, -18.201282 ], [ -65.319077, -18.198978 ], [ -65.31404, -18.197012 ], [ -65.315081, -18.193399 ], [ -65.31179, -18.191335 ], [ -65.310427, -18.188001 ], [ -65.305891, -18.184032 ], [ -65.305646, -18.184261 ], [ -65.302635, -18.187116 ], [ -65.299975, -18.189965 ], [ -65.297406, -18.192719 ], [ -65.295073, -18.194043 ], [ -65.294954, -18.194111 ], [ -65.294725, -18.19424 ], [ -65.293763, -18.194786 ], [ -65.293575, -18.194893 ], [ -65.291273, -18.1962 ], [ -65.291185, -18.19625 ], [ -65.290274, -18.196767 ], [ -65.289681, -18.196275 ], [ -65.289598, -18.196207 ], [ -65.289043, -18.195747 ], [ -65.288969, -18.195686 ], [ -65.287387, -18.194376 ], [ -65.287235, -18.194251 ], [ -65.281437, -18.189451 ], [ -65.282932, -18.187306 ], [ -65.282996, -18.187215 ], [ -65.28322, -18.186894 ], [ -65.285932, -18.183002 ], [ -65.289256, -18.178233 ], [ -65.293248, -18.172506 ], [ -65.293788, -18.17173 ], [ -65.293905, -18.171562 ], [ -65.29474, -18.170127 ], [ -65.295497, -18.168826 ], [ -65.29715, -18.165984 ], [ -65.298218, -18.164148 ], [ -65.298225, -18.164069 ], [ -65.298227, -18.163828 ], [ -65.29812, -18.163528 ], [ -65.298037, -18.163367 ], [ -65.29799, -18.163159 ], [ -65.297812, -18.162733 ], [ -65.297788, -18.162641 ], [ -65.29779, -18.162296 ], [ -65.297815, -18.162169 ], [ -65.297815, -18.162135 ], [ -65.298022, -18.161653 ], [ -65.298046, -18.16163 ], [ -65.298167, -18.161389 ], [ -65.298192, -18.161354 ], [ -65.298192, -18.161331 ], [ -65.29824, -18.161286 ], [ -65.298264, -18.16124 ], [ -65.298301, -18.161217 ], [ -65.298349, -18.161171 ], [ -65.298361, -18.161171 ], [ -65.298361, -18.161137 ], [ -65.298386, -18.161022 ], [ -65.298387, -18.160734 ], [ -65.298364, -18.160538 ], [ -65.298353, -18.160343 ], [ -65.298318, -18.160193 ], [ -65.298271, -18.160078 ], [ -65.298116, -18.159835 ], [ -65.297996, -18.159731 ], [ -65.297864, -18.159639 ], [ -65.297696, -18.159546 ], [ -65.297697, -18.159534 ], [ -65.297613, -18.159476 ], [ -65.297445, -18.159418 ], [ -65.297409, -18.159395 ], [ -65.297205, -18.159348 ], [ -65.297145, -18.159347 ], [ -65.296725, -18.159242 ], [ -65.296629, -18.159195 ], [ -65.296353, -18.159102 ], [ -65.296125, -18.158997 ], [ -65.296125, -18.158986 ], [ -65.295921, -18.158858 ], [ -65.295898, -18.158824 ], [ -65.295874, -18.158823 ], [ -65.295838, -18.158766 ], [ -65.295551, -18.1585 ], [ -65.295431, -18.158361 ], [ -65.295193, -18.158026 ], [ -65.295193, -18.158003 ], [ -65.295169, -18.157992 ], [ -65.295133, -18.157911 ], [ -65.295074, -18.157842 ], [ -65.295002, -18.157738 ], [ -65.294966, -18.157703 ], [ -65.294847, -18.157541 ], [ -65.294835, -18.157507 ], [ -65.294763, -18.157449 ], [ -65.294751, -18.157426 ], [ -65.294668, -18.157333 ], [ -65.294536, -18.157229 ], [ -65.29444, -18.157114 ], [ -65.294381, -18.157067 ], [ -65.294213, -18.156905 ], [ -65.294154, -18.156813 ], [ -65.294058, -18.156721 ], [ -65.294058, -18.156686 ], [ -65.294034, -18.156663 ], [ -65.294035, -18.156479 ], [ -65.294, -18.156341 ], [ -65.294003, -18.155673 ], [ -65.293981, -18.155386 ], [ -65.293983, -18.154983 ], [ -65.29396, -18.154833 ], [ -65.293961, -18.154615 ], [ -65.293938, -18.154454 ], [ -65.29394, -18.154005 ], [ -65.293917, -18.153867 ], [ -65.293929, -18.153763 ], [ -65.293934, -18.152981 ], [ -65.293922, -18.152912 ], [ -65.293924, -18.152533 ], [ -65.293913, -18.152371 ], [ -65.293915, -18.151888 ], [ -65.29388, -18.151762 ], [ -65.293882, -18.15129 ], [ -65.293871, -18.151209 ], [ -65.293873, -18.150818 ], [ -65.29385, -18.150634 ], [ -65.293853, -18.150116 ], [ -65.293865, -18.150036 ], [ -65.293867, -18.149737 ], [ -65.293843, -18.149679 ], [ -65.293843, -18.149622 ], [ -65.29388, -18.149507 ], [ -65.29388, -18.149426 ], [ -65.293905, -18.149288 ], [ -65.293906, -18.149127 ], [ -65.293942, -18.14907 ], [ -65.293944, -18.14884 ], [ -65.293908, -18.148713 ], [ -65.293909, -18.148598 ], [ -65.293816, -18.147977 ], [ -65.293804, -18.147942 ], [ -65.293804, -18.147884 ], [ -65.293746, -18.147528 ], [ -65.293711, -18.147412 ], [ -65.293711, -18.147378 ], [ -65.293687, -18.147355 ], [ -65.293688, -18.147263 ], [ -65.293617, -18.146986 ], [ -65.293534, -18.146813 ], [ -65.29351, -18.146721 ], [ -65.293486, -18.146675 ], [ -65.293451, -18.146537 ], [ -65.293392, -18.146398 ], [ -65.293285, -18.146202 ], [ -65.293237, -18.146144 ], [ -65.293237, -18.146133 ], [ -65.293201, -18.146064 ], [ -65.293118, -18.145856 ], [ -65.292987, -18.14558 ], [ -65.292988, -18.145534 ], [ -65.292952, -18.145453 ], [ -65.292833, -18.145257 ], [ -65.292798, -18.145107 ], [ -65.292739, -18.144934 ], [ -65.292678, -18.144934 ], [ -65.292643, -18.144911 ], [ -65.292643, -18.144888 ], [ -65.292536, -18.144657 ], [ -65.292428, -18.144507 ], [ -65.292369, -18.144438 ], [ -65.292213, -18.144287 ], [ -65.29207, -18.144125 ], [ -65.291974, -18.144056 ], [ -65.291974, -18.144044 ], [ -65.291926, -18.14401 ], [ -65.291843, -18.143906 ], [ -65.291783, -18.143802 ], [ -65.291783, -18.143767 ], [ -65.291724, -18.143594 ], [ -65.291712, -18.143594 ], [ -65.291713, -18.143502 ], [ -65.29163, -18.143191 ], [ -65.291631, -18.143076 ], [ -65.291607, -18.143007 ], [ -65.291608, -18.142938 ], [ -65.291561, -18.142639 ], [ -65.291538, -18.142535 ], [ -65.291538, -18.142466 ], [ -65.291503, -18.142282 ], [ -65.291504, -18.142121 ], [ -65.291481, -18.141948 ], [ -65.291482, -18.141603 ], [ -65.291459, -18.141522 ], [ -65.291459, -18.141453 ], [ -65.291435, -18.141407 ], [ -65.291436, -18.141384 ], [ -65.291353, -18.141188 ], [ -65.29121, -18.140888 ], [ -65.291162, -18.140831 ], [ -65.291031, -18.140623 ], [ -65.290959, -18.140531 ], [ -65.290864, -18.140369 ], [ -65.290614, -18.139988 ], [ -65.29059, -18.139988 ], [ -65.290566, -18.13993 ], [ -65.290543, -18.139838 ], [ -65.290495, -18.139838 ], [ -65.290495, -18.139827 ], [ -65.290471, -18.139826 ], [ -65.290447, -18.139803 ], [ -65.290399, -18.139734 ], [ -65.290184, -18.139537 ], [ -65.290172, -18.139514 ], [ -65.289573, -18.139097 ], [ -65.289262, -18.138934 ], [ -65.289178, -18.1389 ], [ -65.289058, -18.13883 ], [ -65.288854, -18.138737 ], [ -65.288794, -18.138691 ], [ -65.288782, -18.138667 ], [ -65.288555, -18.138482 ], [ -65.288543, -18.138482 ], [ -65.288543, -18.138471 ], [ -65.288531, -18.138471 ], [ -65.288531, -18.138459 ], [ -65.288352, -18.138228 ], [ -65.288328, -18.138217 ], [ -65.288292, -18.138182 ], [ -65.288196, -18.138112 ], [ -65.288101, -18.138077 ], [ -65.287945, -18.137984 ], [ -65.287909, -18.137984 ], [ -65.287729, -18.137914 ], [ -65.287633, -18.137891 ], [ -65.287477, -18.137833 ], [ -65.287429, -18.137832 ], [ -65.287333, -18.137797 ], [ -65.287057, -18.137727 ], [ -65.286745, -18.137668 ], [ -65.286529, -18.137667 ], [ -65.286409, -18.137632 ], [ -65.286288, -18.137631 ], [ -65.286156, -18.137619 ], [ -65.285928, -18.137618 ], [ -65.285784, -18.137605 ], [ -65.285604, -18.137604 ], [ -65.285411, -18.13758 ], [ -65.285243, -18.137545 ], [ -65.284583, -18.137507 ], [ -65.284462, -18.137507 ], [ -65.284463, -18.137495 ], [ -65.284294, -18.137483 ], [ -65.284258, -18.13746 ], [ -65.284162, -18.137459 ], [ -65.28409, -18.137436 ], [ -65.28409, -18.137424 ], [ -65.284054, -18.137424 ], [ -65.283934, -18.1374 ], [ -65.283814, -18.137354 ], [ -65.283682, -18.13733 ], [ -65.283586, -18.137284 ], [ -65.28343, -18.13726 ], [ -65.28343, -18.137237 ], [ -65.283239, -18.137178 ], [ -65.283203, -18.137144 ], [ -65.283107, -18.137097 ], [ -65.283071, -18.137097 ], [ -65.283023, -18.137074 ], [ -65.282736, -18.136865 ], [ -65.282628, -18.136773 ], [ -65.282532, -18.136703 ], [ -65.28246, -18.136634 ], [ -65.282293, -18.136495 ], [ -65.282161, -18.136368 ], [ -65.282006, -18.13624 ], [ -65.281922, -18.136136 ], [ -65.281695, -18.135905 ], [ -65.281671, -18.135905 ], [ -65.281611, -18.135836 ], [ -65.281373, -18.135512 ], [ -65.281349, -18.135501 ], [ -65.281313, -18.135443 ], [ -65.281253, -18.135374 ], [ -65.281027, -18.135062 ], [ -65.281003, -18.135004 ], [ -65.280944, -18.134912 ], [ -65.280741, -18.134646 ], [ -65.280633, -18.134531 ], [ -65.280586, -18.134438 ], [ -65.280442, -18.134242 ], [ -65.280168, -18.133942 ], [ -65.279713, -18.133514 ], [ -65.279606, -18.133432 ], [ -65.279498, -18.133317 ], [ -65.279342, -18.133213 ], [ -65.279247, -18.133132 ], [ -65.279139, -18.133062 ], [ -65.279079, -18.133004 ], [ -65.278912, -18.1329 ], [ -65.27878, -18.132807 ], [ -65.278768, -18.132807 ], [ -65.278768, -18.132795 ], [ -65.278696, -18.132784 ], [ -65.278684, -18.132772 ], [ -65.278648, -18.132772 ], [ -65.278648, -18.13276 ], [ -65.278636, -18.13276 ], [ -65.278552, -18.132691 ], [ -65.278408, -18.13261 ], [ -65.278385, -18.132586 ], [ -65.278193, -18.13247 ], [ -65.278001, -18.132377 ], [ -65.277905, -18.132319 ], [ -65.277594, -18.13218 ], [ -65.277474, -18.132099 ], [ -65.277354, -18.13204 ], [ -65.27733, -18.13204 ], [ -65.27727, -18.132017 ], [ -65.27727, -18.131994 ], [ -65.277162, -18.131936 ], [ -65.277079, -18.13182 ], [ -65.277043, -18.13174 ], [ -65.277031, -18.131694 ], [ -65.276984, -18.131636 ], [ -65.276984, -18.13159 ], [ -65.276937, -18.131406 ], [ -65.276913, -18.131348 ], [ -65.276915, -18.131095 ], [ -65.276927, -18.131014 ], [ -65.276929, -18.130669 ], [ -65.276941, -18.130623 ], [ -65.276942, -18.130428 ], [ -65.276967, -18.130313 ], [ -65.277003, -18.130244 ], [ -65.277028, -18.130083 ], [ -65.277053, -18.12998 ], [ -65.277066, -18.129842 ], [ -65.277056, -18.12937 ], [ -65.277032, -18.129312 ], [ -65.276973, -18.129209 ], [ -65.276901, -18.129128 ], [ -65.276878, -18.129058 ], [ -65.276818, -18.128989 ], [ -65.276782, -18.128931 ], [ -65.276735, -18.128793 ], [ -65.276687, -18.128712 ], [ -65.276616, -18.128482 ], [ -65.276569, -18.128367 ], [ -65.276509, -18.128251 ], [ -65.276427, -18.128009 ], [ -65.276236, -18.127617 ], [ -65.276129, -18.127467 ], [ -65.27607, -18.12734 ], [ -65.275819, -18.126982 ], [ -65.275581, -18.12667 ], [ -65.275485, -18.126509 ], [ -65.275247, -18.12614 ], [ -65.27508, -18.12592 ], [ -65.274937, -18.125712 ], [ -65.274878, -18.125597 ], [ -65.27477, -18.125435 ], [ -65.274675, -18.125251 ], [ -65.274568, -18.125089 ], [ -65.274496, -18.125031 ], [ -65.274496, -18.124985 ], [ -65.274389, -18.124835 ], [ -65.274365, -18.124835 ], [ -65.274341, -18.124766 ], [ -65.274318, -18.124731 ], [ -65.27427, -18.124708 ], [ -65.27427, -18.124685 ], [ -65.274222, -18.124616 ], [ -65.274187, -18.124524 ], [ -65.274139, -18.124477 ], [ -65.274055, -18.12435 ], [ -65.273972, -18.124281 ], [ -65.273792, -18.124153 ], [ -65.27366, -18.124072 ], [ -65.273552, -18.124026 ], [ -65.273528, -18.124002 ], [ -65.273409, -18.123921 ], [ -65.272606, -18.123492 ], [ -65.272295, -18.123294 ], [ -65.272211, -18.123225 ], [ -65.272031, -18.123132 ], [ -65.271971, -18.12312 ], [ -65.271911, -18.123074 ], [ -65.271804, -18.123016 ], [ -65.271648, -18.122969 ], [ -65.271612, -18.122934 ], [ -65.27136, -18.122829 ], [ -65.271288, -18.122783 ], [ -65.271121, -18.122644 ], [ -65.271001, -18.122528 ], [ -65.270858, -18.122424 ], [ -65.270798, -18.122355 ], [ -65.270702, -18.122308 ], [ -65.270702, -18.122285 ], [ -65.270642, -18.12225 ], [ -65.270558, -18.122181 ], [ -65.270475, -18.122123 ], [ -65.270367, -18.122076 ], [ -65.270307, -18.122042 ], [ -65.270223, -18.122007 ], [ -65.269876, -18.121821 ], [ -65.269684, -18.121705 ], [ -65.26954, -18.121566 ], [ -65.269469, -18.121531 ], [ -65.269385, -18.121462 ], [ -65.269325, -18.121438 ], [ -65.269277, -18.121438 ], [ -65.269277, -18.121427 ], [ -65.269253, -18.121426 ], [ -65.269229, -18.121403 ], [ -65.269085, -18.121322 ], [ -65.268845, -18.121229 ], [ -65.268641, -18.12117 ], [ -65.268377, -18.121169 ], [ -65.268052, -18.121213 ], [ -65.267956, -18.121236 ], [ -65.267739, -18.121315 ], [ -65.267643, -18.121372 ], [ -65.267607, -18.121372 ], [ -65.267474, -18.121429 ], [ -65.267342, -18.121463 ], [ -65.267197, -18.121554 ], [ -65.267185, -18.121554 ], [ -65.267101, -18.121599 ], [ -65.267005, -18.121622 ], [ -65.266583, -18.121769 ], [ -65.266547, -18.121792 ], [ -65.266343, -18.121849 ], [ -65.265994, -18.121847 ], [ -65.265874, -18.121812 ], [ -65.265838, -18.121811 ], [ -65.265754, -18.121776 ], [ -65.265658, -18.121776 ], [ -65.265622, -18.121753 ], [ -65.265419, -18.12166 ], [ -65.265407, -18.121625 ], [ -65.265287, -18.121544 ], [ -65.265108, -18.121347 ], [ -65.26506, -18.121232 ], [ -65.265001, -18.121128 ], [ -65.264989, -18.121059 ], [ -65.264965, -18.121025 ], [ -65.26493, -18.120875 ], [ -65.264908, -18.120618 ], [ -65.264912, -18.120532 ], [ -65.264903, -18.120466 ], [ -65.264879, -18.120388 ], [ -65.264825, -18.120267 ], [ -65.264804, -18.120228 ], [ -65.264768, -18.120173 ], [ -65.264738, -18.120101 ], [ -65.264718, -18.120079 ], [ -65.264688, -18.120049 ], [ -65.264635, -18.120011 ], [ -65.264586, -18.120003 ], [ -65.264557, -18.11999 ], [ -65.264516, -18.119976 ], [ -65.256366, -18.119645 ], [ -65.252136, -18.115912 ], [ -65.251551, -18.115455 ], [ -65.231923, -18.096586 ], [ -65.22692, -18.088071 ], [ -65.221395, -18.088103 ], [ -65.222312, -18.08439 ], [ -65.23185, -18.062231 ], [ -65.232336, -18.061101 ], [ -65.227897, -18.055052 ], [ -65.232794, -18.049536 ], [ -65.226015, -18.042589 ], [ -65.21043, -18.023565 ], [ -65.196959, -18.021907 ], [ -65.196718, -18.021881 ], [ -65.196568, -18.021883 ], [ -65.196358, -18.021885 ], [ -65.196103, -18.021902 ], [ -65.195897, -18.021937 ], [ -65.195733, -18.021924 ], [ -65.195449, -18.021899 ], [ -65.195254, -18.021802 ], [ -65.195176, -18.021517 ], [ -65.195159, -18.021361 ], [ -65.195334, -18.021204 ], [ -65.195365, -18.021087 ], [ -65.195586, -18.021024 ], [ -65.195696, -18.020922 ], [ -65.19572, -18.020888 ], [ -65.19572, -18.020877 ], [ -65.195744, -18.020877 ], [ -65.195878, -18.020718 ], [ -65.195903, -18.020707 ], [ -65.195927, -18.020673 ], [ -65.195988, -18.020628 ], [ -65.196061, -18.02056 ], [ -65.196182, -18.020482 ], [ -65.196182, -18.020459 ], [ -65.196365, -18.020278 ], [ -65.196511, -18.020108 ], [ -65.196548, -18.020051 ], [ -65.196548, -18.020039 ], [ -65.196646, -18.019868 ], [ -65.196709, -18.01972 ], [ -65.196782, -18.019606 ], [ -65.196869, -18.019412 ], [ -65.197029, -18.019139 ], [ -65.197079, -18.019013 ], [ -65.197103, -18.018979 ], [ -65.19714, -18.018899 ], [ -65.197255, -18.018429 ], [ -65.197257, -18.018337 ], [ -65.197283, -18.018188 ], [ -65.197286, -18.017958 ], [ -65.197265, -18.01775 ], [ -65.197268, -18.017566 ], [ -65.197246, -18.017439 ], [ -65.197222, -18.017427 ], [ -65.197199, -18.017346 ], [ -65.19713, -18.017161 ], [ -65.197083, -18.01708 ], [ -65.197048, -18.016999 ], [ -65.19699, -18.016917 ], [ -65.196943, -18.016813 ], [ -65.196685, -18.016406 ], [ -65.19665, -18.016382 ], [ -65.196591, -18.016289 ], [ -65.196358, -18.015859 ], [ -65.196311, -18.015801 ], [ -65.196229, -18.015627 ], [ -65.196184, -18.015454 ], [ -65.196128, -18.015188 ], [ -65.19613, -18.015039 ], [ -65.196155, -18.01497 ], [ -65.196158, -18.014763 ], [ -65.196198, -18.014522 ], [ -65.196201, -18.014326 ], [ -65.196238, -18.0142 ], [ -65.196263, -18.014143 ], [ -65.196276, -18.014075 ], [ -65.196364, -18.013834 ], [ -65.196499, -18.013618 ], [ -65.196536, -18.013515 ], [ -65.196597, -18.013447 ], [ -65.196683, -18.013311 ], [ -65.196878, -18.013084 ], [ -65.196939, -18.013062 ], [ -65.197036, -18.012994 ], [ -65.197277, -18.012872 ], [ -65.197373, -18.012851 ], [ -65.197518, -18.012795 ], [ -65.197626, -18.012774 ], [ -65.197808, -18.012685 ], [ -65.197989, -18.012562 ], [ -65.198208, -18.012393 ], [ -65.198208, -18.012381 ], [ -65.198305, -18.012268 ], [ -65.198354, -18.012188 ], [ -65.198379, -18.01212 ], [ -65.198502, -18.011926 ], [ -65.198676, -18.011549 ], [ -65.198714, -18.011377 ], [ -65.198723, -18.010802 ], [ -65.198701, -18.010641 ], [ -65.198644, -18.010444 ], [ -65.198599, -18.010225 ], [ -65.198542, -18.01004 ], [ -65.198426, -18.009762 ], [ -65.198377, -18.009686 ], [ -65.198333, -18.009611 ], [ -65.198292, -18.009529 ], [ -65.198274, -18.009495 ], [ -65.198241, -18.009464 ], [ -65.198211, -18.009428 ], [ -65.198193, -18.009397 ], [ -65.198185, -18.009376 ], [ -65.198149, -18.009321 ], [ -65.198111, -18.009271 ], [ -65.198016, -18.009168 ], [ -65.197924, -18.009026 ], [ -65.197721, -18.008706 ], [ -65.197694, -18.008473 ], [ -65.19767, -18.008408 ], [ -65.197603, -18.00826 ], [ -65.197552, -18.008082 ], [ -65.197471, -18.007858 ], [ -65.197318, -18.007649 ], [ -65.197094, -18.007426 ], [ -65.196916, -18.007297 ], [ -65.196832, -18.007272 ], [ -65.19676, -18.007271 ], [ -65.196688, -18.007281 ], [ -65.196485, -18.007278 ], [ -65.196304, -18.007321 ], [ -65.196196, -18.007331 ], [ -65.196099, -18.007375 ], [ -65.195991, -18.007396 ], [ -65.195751, -18.007392 ], [ -65.195476, -18.007376 ], [ -65.195345, -18.007339 ], [ -65.195305, -18.007332 ], [ -65.195249, -18.007314 ], [ -65.195192, -18.007283 ], [ -65.195131, -18.007234 ], [ -65.195059, -18.007173 ], [ -65.194941, -18.007079 ], [ -65.194869, -18.006964 ], [ -65.194848, -18.006893 ], [ -65.19483, -18.006842 ], [ -65.194833, -18.006781 ], [ -65.194831, -18.006677 ], [ -65.194828, -18.006605 ], [ -65.194903, -18.006377 ], [ -65.194928, -18.006342 ], [ -65.194928, -18.006319 ], [ -65.19494, -18.006297 ], [ -65.194953, -18.006239 ], [ -65.195015, -18.006114 ], [ -65.195016, -18.006068 ], [ -65.195077, -18.005977 ], [ -65.195227, -18.005588 ], [ -65.195233, -18.005454 ], [ -65.195218, -18.005323 ], [ -65.195195, -18.005277 ], [ -65.195124, -18.005195 ], [ -65.195101, -18.005183 ], [ -65.195068, -18.005155 ], [ -65.195029, -18.005136 ], [ -65.194909, -18.005067 ], [ -65.194815, -18.005029 ], [ -65.194732, -18.004997 ], [ -65.194696, -18.004969 ], [ -65.194601, -18.004933 ], [ -65.194494, -18.004874 ], [ -65.194339, -18.004814 ], [ -65.194125, -18.004695 ], [ -65.194054, -18.004636 ], [ -65.19403, -18.004624 ], [ -65.194006, -18.004601 ], [ -65.193947, -18.004565 ], [ -65.193829, -18.004448 ], [ -65.193746, -18.004355 ], [ -65.193593, -18.004157 ], [ -65.193535, -18.004064 ], [ -65.193507, -18.003963 ], [ -65.193492, -18.003916 ], [ -65.193491, -18.003852 ], [ -65.193494, -18.003805 ], [ -65.193482, -18.00373 ], [ -65.193474, -18.003672 ], [ -65.193462, -18.003604 ], [ -65.193454, -18.003564 ], [ -65.193431, -18.003471 ], [ -65.193396, -18.003401 ], [ -65.193349, -18.003282 ], [ -65.193337, -18.00325 ], [ -65.193314, -18.003169 ], [ -65.19329, -18.003107 ], [ -65.193267, -18.003018 ], [ -65.193267, -18.003003 ], [ -65.193244, -18.002926 ], [ -65.193186, -18.00274 ], [ -65.193162, -18.002705 ], [ -65.193163, -18.002636 ], [ -65.19314, -18.002555 ], [ -65.19314, -18.00252 ], [ -65.193117, -18.002427 ], [ -65.19307, -18.002311 ], [ -65.193011, -18.002195 ], [ -65.192857, -18.001985 ], [ -65.192464, -18.001622 ], [ -65.192344, -18.00154 ], [ -65.192177, -18.001446 ], [ -65.192117, -18.001422 ], [ -65.192034, -18.001375 ], [ -65.191878, -18.001315 ], [ -65.19153, -18.001311 ], [ -65.191302, -18.001262 ], [ -65.191254, -18.001262 ], [ -65.191194, -18.001215 ], [ -65.191147, -18.001191 ], [ -65.190956, -18.00105 ], [ -65.190959, -18.00075 ], [ -65.190996, -18.000588 ], [ -65.190998, -18.000404 ], [ -65.191035, -18.000289 ], [ -65.191048, -18.000185 ], [ -65.191085, -18.000093 ], [ -65.191085, -18.000046 ], [ -65.191122, -17.999954 ], [ -65.191123, -17.999862 ], [ -65.191148, -17.999747 ], [ -65.19115, -17.999504 ], [ -65.191046, -17.999098 ], [ -65.190999, -17.999006 ], [ -65.190916, -17.998889 ], [ -65.19088, -17.998819 ], [ -65.190845, -17.998784 ], [ -65.190773, -17.998737 ], [ -65.190725, -17.99876 ], [ -65.190617, -17.99877 ], [ -65.190556, -17.998792 ], [ -65.19052, -17.998815 ], [ -65.190448, -17.998837 ], [ -65.190327, -17.998928 ], [ -65.190278, -17.998986 ], [ -65.19023, -17.99902 ], [ -65.190206, -17.999066 ], [ -65.190096, -17.999203 ], [ -65.190059, -17.999295 ], [ -65.189876, -17.999616 ], [ -65.189876, -17.999651 ], [ -65.189852, -17.999651 ], [ -65.189851, -17.999685 ], [ -65.189695, -17.999684 ], [ -65.189648, -17.999648 ], [ -65.189588, -17.999625 ], [ -65.189444, -17.999542 ], [ -65.189397, -17.999484 ], [ -65.18923, -17.999343 ], [ -65.189112, -17.999099 ], [ -65.188923, -17.998796 ], [ -65.188852, -17.998703 ], [ -65.188781, -17.998587 ], [ -65.188603, -17.998388 ], [ -65.188424, -17.998248 ], [ -65.18834, -17.9982 ], [ -65.188232, -17.998164 ], [ -65.188004, -17.998162 ], [ -65.187884, -17.998207 ], [ -65.187848, -17.998206 ], [ -65.187775, -17.99824 ], [ -65.187739, -17.99824 ], [ -65.187667, -17.998262 ], [ -65.187594, -17.998307 ], [ -65.187474, -17.998364 ], [ -65.187329, -17.998466 ], [ -65.187135, -17.998625 ], [ -65.186773, -17.998829 ], [ -65.186617, -17.998827 ], [ -65.186545, -17.998803 ], [ -65.186473, -17.998756 ], [ -65.186449, -17.998756 ], [ -65.186402, -17.998709 ], [ -65.186187, -17.998534 ], [ -65.186128, -17.99844 ], [ -65.186058, -17.99822 ], [ -65.18606, -17.998024 ], [ -65.186097, -17.997932 ], [ -65.186098, -17.997781 ], [ -65.186148, -17.997586 ], [ -65.186149, -17.997528 ], [ -65.186186, -17.997413 ], [ -65.186187, -17.997251 ], [ -65.186213, -17.997055 ], [ -65.186215, -17.996847 ], [ -65.186241, -17.996639 ], [ -65.186266, -17.996501 ], [ -65.186267, -17.996408 ], [ -65.186304, -17.996339 ], [ -65.186305, -17.996178 ], [ -65.186318, -17.996085 ], [ -65.18633, -17.996086 ], [ -65.186331, -17.995993 ], [ -65.186368, -17.995901 ], [ -65.186369, -17.995832 ], [ -65.186393, -17.995774 ], [ -65.186394, -17.995728 ], [ -65.186444, -17.995451 ], [ -65.18653, -17.995221 ], [ -65.186544, -17.995094 ], [ -65.186532, -17.995094 ], [ -65.186533, -17.994956 ], [ -65.186441, -17.994481 ], [ -65.186382, -17.994365 ], [ -65.186335, -17.994248 ], [ -65.186276, -17.994132 ], [ -65.186194, -17.993993 ], [ -65.186099, -17.993853 ], [ -65.186004, -17.993736 ], [ -65.185945, -17.993643 ], [ -65.185636, -17.993258 ], [ -65.185529, -17.993153 ], [ -65.185195, -17.992872 ], [ -65.1851, -17.992767 ], [ -65.184874, -17.992556 ], [ -65.184672, -17.992346 ], [ -65.184601, -17.992252 ], [ -65.184541, -17.992194 ], [ -65.184493, -17.99217 ], [ -65.184446, -17.992112 ], [ -65.184269, -17.991798 ], [ -65.184233, -17.991693 ], [ -65.184163, -17.991554 ], [ -65.184128, -17.99145 ], [ -65.183975, -17.99109 ], [ -65.183963, -17.991032 ], [ -65.183928, -17.99095 ], [ -65.183846, -17.990799 ], [ -65.183799, -17.990683 ], [ -65.183716, -17.990543 ], [ -65.183634, -17.990311 ], [ -65.183551, -17.990183 ], [ -65.183492, -17.990055 ], [ -65.183374, -17.989904 ], [ -65.183231, -17.989764 ], [ -65.183016, -17.989588 ], [ -65.182849, -17.98947 ], [ -65.182706, -17.989388 ], [ -65.182598, -17.989352 ], [ -65.182502, -17.989304 ], [ -65.182299, -17.989256 ], [ -65.181987, -17.989252 ], [ -65.181614, -17.989317 ], [ -65.181481, -17.989385 ], [ -65.181324, -17.989452 ], [ -65.181143, -17.989554 ], [ -65.180938, -17.989691 ], [ -65.180793, -17.98977 ], [ -65.180503, -17.989951 ], [ -65.180093, -17.990154 ], [ -65.179984, -17.990223 ], [ -65.179827, -17.990302 ], [ -65.179731, -17.990324 ], [ -65.179646, -17.990369 ], [ -65.179393, -17.990458 ], [ -65.179261, -17.990514 ], [ -65.179128, -17.990559 ], [ -65.179008, -17.990581 ], [ -65.178804, -17.990578 ], [ -65.178672, -17.990565 ], [ -65.178564, -17.990541 ], [ -65.17836, -17.990458 ], [ -65.178265, -17.990387 ], [ -65.178217, -17.990375 ], [ -65.178205, -17.99034 ], [ -65.178158, -17.990282 ], [ -65.17811, -17.990247 ], [ -65.177968, -17.990072 ], [ -65.177968, -17.99006 ], [ -65.177921, -17.989979 ], [ -65.177826, -17.989781 ], [ -65.177827, -17.989735 ], [ -65.177803, -17.989654 ], [ -65.177756, -17.989549 ], [ -65.177757, -17.989503 ], [ -65.177734, -17.989376 ], [ -65.177629, -17.989074 ], [ -65.177605, -17.989028 ], [ -65.177606, -17.988981 ], [ -65.177559, -17.988854 ], [ -65.177512, -17.98868 ], [ -65.177513, -17.988645 ], [ -65.177525, -17.988645 ], [ -65.177537, -17.988576 ], [ -65.17754, -17.988299 ], [ -65.17759, -17.98808 ], [ -65.177676, -17.987873 ], [ -65.177737, -17.987793 ], [ -65.17787, -17.987656 ], [ -65.178028, -17.987519 ], [ -65.178112, -17.987474 ], [ -65.178209, -17.98744 ], [ -65.178281, -17.987406 ], [ -65.178437, -17.987373 ], [ -65.17851, -17.987351 ], [ -65.178594, -17.987352 ], [ -65.17869, -17.98733 ], [ -65.179362, -17.987338 ], [ -65.179579, -17.987271 ], [ -65.179664, -17.987191 ], [ -65.179725, -17.987065 ], [ -65.179728, -17.986799 ], [ -65.179704, -17.986787 ], [ -65.17968, -17.986718 ], [ -65.179645, -17.986671 ], [ -65.17961, -17.986601 ], [ -65.179503, -17.986485 ], [ -65.179443, -17.986403 ], [ -65.179336, -17.986298 ], [ -65.179086, -17.98611 ], [ -65.178787, -17.985945 ], [ -65.178679, -17.985897 ], [ -65.17856, -17.985861 ], [ -65.178464, -17.98586 ], [ -65.178319, -17.98587 ], [ -65.178283, -17.985881 ], [ -65.178199, -17.98588 ], [ -65.178139, -17.985914 ], [ -65.178006, -17.985947 ], [ -65.17791, -17.986004 ], [ -65.177729, -17.986071 ], [ -65.177608, -17.986127 ], [ -65.177175, -17.986284 ], [ -65.176946, -17.986328 ], [ -65.176562, -17.986323 ], [ -65.176382, -17.986309 ], [ -65.176262, -17.986308 ], [ -65.176166, -17.986284 ], [ -65.176082, -17.986271 ], [ -65.175866, -17.986223 ], [ -65.175794, -17.986187 ], [ -65.175711, -17.986163 ], [ -65.175603, -17.986104 ], [ -65.175471, -17.986056 ], [ -65.175364, -17.985997 ], [ -65.175101, -17.985809 ], [ -65.174804, -17.985517 ], [ -65.174685, -17.985377 ], [ -65.174364, -17.985026 ], [ -65.174222, -17.98484 ], [ -65.174032, -17.984572 ], [ -65.173878, -17.984397 ], [ -65.173534, -17.983954 ], [ -65.173415, -17.983767 ], [ -65.173297, -17.983604 ], [ -65.173202, -17.983453 ], [ -65.172941, -17.983103 ], [ -65.17287, -17.982975 ], [ -65.172692, -17.982765 ], [ -65.172597, -17.982672 ], [ -65.172418, -17.982577 ], [ -65.172167, -17.982458 ], [ -65.17188, -17.98234 ], [ -65.171555, -17.982336 ], [ -65.171278, -17.982437 ], [ -65.171194, -17.982516 ], [ -65.171133, -17.982597 ], [ -65.171047, -17.982734 ], [ -65.170986, -17.982872 ], [ -65.170949, -17.982987 ], [ -65.170861, -17.983368 ], [ -65.170836, -17.983529 ], [ -65.170798, -17.983656 ], [ -65.170792, -17.984314 ], [ -65.170719, -17.984417 ], [ -65.170695, -17.98444 ], [ -65.170623, -17.984474 ], [ -65.170622, -17.984497 ], [ -65.170598, -17.984497 ], [ -65.170526, -17.984519 ], [ -65.170394, -17.984518 ], [ -65.170335, -17.984459 ], [ -65.170191, -17.984377 ], [ -65.170167, -17.984353 ], [ -65.170156, -17.984307 ], [ -65.170073, -17.984144 ], [ -65.170003, -17.98397 ], [ -65.169956, -17.983877 ], [ -65.169933, -17.983738 ], [ -65.169898, -17.98361 ], [ -65.169852, -17.983379 ], [ -65.16983, -17.983205 ], [ -65.169831, -17.983078 ], [ -65.169796, -17.982997 ], [ -65.169797, -17.982916 ], [ -65.16975, -17.982731 ], [ -65.169703, -17.982626 ], [ -65.169644, -17.982544 ], [ -65.169596, -17.982509 ], [ -65.169525, -17.982485 ], [ -65.169501, -17.982485 ], [ -65.169465, -17.982461 ], [ -65.169285, -17.982459 ], [ -65.169236, -17.98247 ], [ -65.169188, -17.98247 ], [ -65.16914, -17.982492 ], [ -65.168983, -17.982618 ], [ -65.168837, -17.982778 ], [ -65.168789, -17.982812 ], [ -65.168752, -17.982857 ], [ -65.168728, -17.982869 ], [ -65.168656, -17.982937 ], [ -65.168583, -17.982959 ], [ -65.168463, -17.98297 ], [ -65.168343, -17.982957 ], [ -65.168187, -17.982955 ], [ -65.167948, -17.982894 ], [ -65.167744, -17.982799 ], [ -65.167613, -17.982705 ], [ -65.16753, -17.982612 ], [ -65.167436, -17.982391 ], [ -65.167425, -17.982322 ], [ -65.167426, -17.982137 ], [ -65.167476, -17.981976 ], [ -65.167537, -17.981884 ], [ -65.167586, -17.981792 ], [ -65.16767, -17.981724 ], [ -65.167707, -17.981667 ], [ -65.167768, -17.98161 ], [ -65.167876, -17.981541 ], [ -65.167961, -17.981473 ], [ -65.168094, -17.981417 ], [ -65.168154, -17.981418 ], [ -65.168178, -17.981395 ], [ -65.16837, -17.981362 ], [ -65.168491, -17.981318 ], [ -65.168587, -17.981319 ], [ -65.168659, -17.981285 ], [ -65.168707, -17.981274 ], [ -65.168864, -17.981195 ], [ -65.169009, -17.981139 ], [ -65.169117, -17.981082 ], [ -65.169154, -17.981037 ], [ -65.169227, -17.98098 ], [ -65.169323, -17.980935 ], [ -65.169516, -17.980798 ], [ -65.169674, -17.980661 ], [ -65.169783, -17.980535 ], [ -65.169868, -17.980421 ], [ -65.169953, -17.980329 ], [ -65.170002, -17.980226 ], [ -65.170039, -17.980192 ], [ -65.170076, -17.980054 ], [ -65.170137, -17.979927 ], [ -65.170137, -17.979904 ], [ -65.169934, -17.979798 ], [ -65.169718, -17.979807 ], [ -65.169346, -17.979802 ], [ -65.168817, -17.979877 ], [ -65.168504, -17.979943 ], [ -65.168311, -17.98001 ], [ -65.168118, -17.980065 ], [ -65.167697, -17.980222 ], [ -65.167576, -17.980244 ], [ -65.167468, -17.980289 ], [ -65.167347, -17.980357 ], [ -65.167214, -17.980413 ], [ -65.167094, -17.980492 ], [ -65.166912, -17.980594 ], [ -65.166647, -17.980707 ], [ -65.166358, -17.980761 ], [ -65.166286, -17.98076 ], [ -65.166083, -17.980723 ], [ -65.165951, -17.980722 ], [ -65.165807, -17.980697 ], [ -65.165735, -17.980696 ], [ -65.165699, -17.980661 ], [ -65.165652, -17.980545 ], [ -65.165666, -17.980314 ], [ -65.165703, -17.980268 ], [ -65.165715, -17.980187 ], [ -65.165776, -17.980119 ], [ -65.165813, -17.980038 ], [ -65.165886, -17.979912 ], [ -65.165923, -17.97982 ], [ -65.166045, -17.97966 ], [ -65.166081, -17.979625 ], [ -65.1663, -17.979351 ], [ -65.166397, -17.979178 ], [ -65.166434, -17.979133 ], [ -65.166496, -17.97896 ], [ -65.166496, -17.978879 ], [ -65.166485, -17.978844 ], [ -65.166486, -17.978671 ], [ -65.166463, -17.978636 ], [ -65.166463, -17.978613 ], [ -65.166427, -17.978578 ], [ -65.166427, -17.978555 ], [ -65.166404, -17.97852 ], [ -65.166344, -17.978461 ], [ -65.166321, -17.978415 ], [ -65.166285, -17.978391 ], [ -65.166237, -17.978333 ], [ -65.166059, -17.978192 ], [ -65.165927, -17.978121 ], [ -65.165843, -17.97812 ], [ -65.165759, -17.978131 ], [ -65.16565, -17.978199 ], [ -65.16559, -17.978256 ], [ -65.165529, -17.978336 ], [ -65.165444, -17.978428 ], [ -65.16531, -17.978623 ], [ -65.165225, -17.978726 ], [ -65.164849, -17.979126 ], [ -65.164631, -17.979308 ], [ -65.164329, -17.979478 ], [ -65.164209, -17.979522 ], [ -65.164065, -17.979521 ], [ -65.164005, -17.979497 ], [ -65.163981, -17.979474 ], [ -65.163957, -17.979427 ], [ -65.163922, -17.979392 ], [ -65.163886, -17.979299 ], [ -65.163874, -17.979299 ], [ -65.163876, -17.979172 ], [ -65.163852, -17.979137 ], [ -65.163853, -17.979068 ], [ -65.163829, -17.978975 ], [ -65.163831, -17.978825 ], [ -65.16375, -17.978523 ], [ -65.163714, -17.978454 ], [ -65.163715, -17.978396 ], [ -65.163691, -17.978361 ], [ -65.163656, -17.978256 ], [ -65.163561, -17.97814 ], [ -65.163477, -17.978104 ], [ -65.163382, -17.97808 ], [ -65.163021, -17.978076 ], [ -65.162841, -17.97812 ], [ -65.16254, -17.978162 ], [ -65.162287, -17.978229 ], [ -65.162167, -17.97825 ], [ -65.162047, -17.978284 ], [ -65.16177, -17.978338 ], [ -65.161626, -17.97836 ], [ -65.161542, -17.978359 ], [ -65.161446, -17.978346 ], [ -65.161266, -17.978344 ], [ -65.161062, -17.978307 ], [ -65.161038, -17.978295 ], [ -65.16099, -17.978294 ], [ -65.160954, -17.978271 ], [ -65.160558, -17.978266 ], [ -65.160522, -17.978243 ], [ -65.160522, -17.978231 ], [ -65.159874, -17.978223 ], [ -65.159777, -17.978245 ], [ -65.159573, -17.978243 ], [ -65.159477, -17.978265 ], [ -65.159381, -17.978275 ], [ -65.159297, -17.978297 ], [ -65.159188, -17.978342 ], [ -65.15908, -17.978376 ], [ -65.158911, -17.978443 ], [ -65.158609, -17.97859 ], [ -65.158464, -17.978692 ], [ -65.158343, -17.97876 ], [ -65.158271, -17.978817 ], [ -65.158162, -17.978873 ], [ -65.158054, -17.978941 ], [ -65.157921, -17.978998 ], [ -65.157776, -17.979077 ], [ -65.157668, -17.97911 ], [ -65.157414, -17.979223 ], [ -65.157246, -17.979255 ], [ -65.157138, -17.979254 ], [ -65.15697, -17.979217 ], [ -65.15691, -17.979217 ], [ -65.156779, -17.979157 ], [ -65.156612, -17.978994 ], [ -65.1566, -17.978994 ], [ -65.156554, -17.978808 ], [ -65.156555, -17.978635 ], [ -65.156569, -17.978508 ], [ -65.156571, -17.978277 ], [ -65.156595, -17.978231 ], [ -65.156596, -17.978162 ], [ -65.15667, -17.977943 ], [ -65.156706, -17.977897 ], [ -65.156707, -17.977816 ], [ -65.156745, -17.977643 ], [ -65.156771, -17.977447 ], [ -65.156759, -17.977447 ], [ -65.15676, -17.97732 ], [ -65.156738, -17.977146 ], [ -65.156667, -17.976961 ], [ -65.156608, -17.976891 ], [ -65.156573, -17.976821 ], [ -65.156549, -17.976797 ], [ -65.156514, -17.976716 ], [ -65.156442, -17.976634 ], [ -65.156443, -17.976611 ], [ -65.156419, -17.97653 ], [ -65.156421, -17.976322 ], [ -65.156433, -17.976322 ], [ -65.156434, -17.976288 ], [ -65.156495, -17.976115 ], [ -65.156605, -17.975955 ], [ -65.15663, -17.975886 ], [ -65.15669, -17.975805 ], [ -65.156727, -17.975737 ], [ -65.156873, -17.975565 ], [ -65.156982, -17.975451 ], [ -65.157006, -17.975405 ], [ -65.157249, -17.9752 ], [ -65.157249, -17.975188 ], [ -65.157261, -17.975188 ], [ -65.157261, -17.975177 ], [ -65.157285, -17.975177 ], [ -65.157309, -17.975119 ], [ -65.157394, -17.97504 ], [ -65.157406, -17.97504 ], [ -65.157407, -17.974913 ], [ -65.157385, -17.974693 ], [ -65.157362, -17.974612 ], [ -65.157362, -17.974589 ], [ -65.157136, -17.974401 ], [ -65.157065, -17.974319 ], [ -65.156957, -17.974283 ], [ -65.156873, -17.974236 ], [ -65.156754, -17.9742 ], [ -65.15661, -17.974187 ], [ -65.156466, -17.974162 ], [ -65.155637, -17.974152 ], [ -65.155314, -17.974091 ], [ -65.154967, -17.973948 ], [ -65.154681, -17.973702 ], [ -65.154574, -17.973573 ], [ -65.154526, -17.973538 ], [ -65.154503, -17.973503 ], [ -65.154479, -17.973434 ], [ -65.154493, -17.973295 ], [ -65.154495, -17.973041 ], [ -65.154545, -17.972868 ], [ -65.154569, -17.972834 ], [ -65.154715, -17.972685 ], [ -65.154811, -17.97264 ], [ -65.154908, -17.972584 ], [ -65.155089, -17.972516 ], [ -65.155173, -17.972517 ], [ -65.155257, -17.97253 ], [ -65.155425, -17.972532 ], [ -65.156096, -17.972644 ], [ -65.156156, -17.972668 ], [ -65.156468, -17.972671 ], [ -65.156504, -17.972649 ], [ -65.156553, -17.972603 ], [ -65.156577, -17.972592 ], [ -65.156734, -17.972455 ], [ -65.15682, -17.972283 ], [ -65.156856, -17.972237 ], [ -65.156857, -17.972156 ], [ -65.156882, -17.972041 ], [ -65.156884, -17.971833 ], [ -65.156839, -17.971578 ], [ -65.156758, -17.971242 ], [ -65.156734, -17.971219 ], [ -65.156734, -17.971195 ], [ -65.15671, -17.971195 ], [ -65.156711, -17.971137 ], [ -65.156642, -17.970848 ], [ -65.156619, -17.970709 ], [ -65.156584, -17.970593 ], [ -65.156538, -17.970326 ], [ -65.156543, -17.969853 ], [ -65.156606, -17.969518 ], [ -65.156668, -17.969277 ], [ -65.15673, -17.969104 ], [ -65.156817, -17.968816 ], [ -65.157038, -17.968345 ], [ -65.157124, -17.968046 ], [ -65.157161, -17.967965 ], [ -65.157234, -17.96785 ], [ -65.157272, -17.967735 ], [ -65.157333, -17.967586 ], [ -65.157395, -17.967402 ], [ -65.157432, -17.967263 ], [ -65.157435, -17.966928 ], [ -65.157365, -17.96672 ], [ -65.157294, -17.966661 ], [ -65.157092, -17.966416 ], [ -65.157068, -17.966416 ], [ -65.157008, -17.966369 ], [ -65.156854, -17.966217 ], [ -65.156747, -17.966088 ], [ -65.156712, -17.965972 ], [ -65.156737, -17.96588 ], [ -65.156738, -17.965799 ], [ -65.15675, -17.965799 ], [ -65.156775, -17.965684 ], [ -65.156812, -17.965604 ], [ -65.156848, -17.965569 ], [ -65.156873, -17.965489 ], [ -65.156897, -17.965466 ], [ -65.156946, -17.965386 ], [ -65.157006, -17.965329 ], [ -65.157068, -17.965191 ], [ -65.157092, -17.965168 ], [ -65.157181, -17.965009 ], [ -65.157212, -17.964954 ], [ -65.157255, -17.964905 ], [ -65.157298, -17.964855 ], [ -65.157323, -17.964824 ], [ -65.157339, -17.964801 ], [ -65.157348, -17.96479 ], [ -65.15753, -17.964572 ], [ -65.157546, -17.964548 ], [ -65.157569, -17.964487 ], [ -65.157394, -17.964014 ], [ -65.157312, -17.963863 ], [ -65.157311, -17.963862 ], [ -65.157265, -17.963808 ], [ -65.157259, -17.963801 ], [ -65.157209, -17.963766 ], [ -65.157159, -17.963743 ], [ -65.157159, -17.963743 ], [ -65.157116, -17.96372 ], [ -65.157042, -17.963697 ], [ -65.15698, -17.963674 ], [ -65.156907, -17.963646 ], [ -65.156747, -17.963604 ], [ -65.156723, -17.963592 ], [ -65.156591, -17.963567 ], [ -65.156439, -17.963541 ], [ -65.156303, -17.963518 ], [ -65.156219, -17.963517 ], [ -65.156128, -17.963504 ], [ -65.156051, -17.963492 ], [ -65.155884, -17.963432 ], [ -65.155788, -17.963408 ], [ -65.15574, -17.963384 ], [ -65.155679, -17.963355 ], [ -65.155597, -17.963325 ], [ -65.155596, -17.963324 ], [ -65.155465, -17.963248 ], [ -65.155465, -17.963248 ], [ -65.155416, -17.963192 ], [ -65.155251, -17.963078 ], [ -65.155251, -17.963078 ], [ -65.155, -17.962925 ], [ -65.154821, -17.962853 ], [ -65.15482, -17.962853 ], [ -65.154629, -17.962747 ], [ -65.154486, -17.962699 ], [ -65.154486, -17.962699 ], [ -65.154402, -17.962652 ], [ -65.154283, -17.962604 ], [ -65.154151, -17.962568 ], [ -65.154019, -17.96252 ], [ -65.153696, -17.962447 ], [ -65.153311, -17.962442 ], [ -65.153227, -17.962453 ], [ -65.153119, -17.962452 ], [ -65.153023, -17.962462 ], [ -65.152854, -17.962553 ], [ -65.152769, -17.962621 ], [ -65.152685, -17.962678 ], [ -65.152539, -17.962838 ], [ -65.152442, -17.962998 ], [ -65.152392, -17.96316 ], [ -65.152269, -17.963505 ], [ -65.152231, -17.963666 ], [ -65.152107, -17.964104 ], [ -65.15207, -17.964207 ], [ -65.151995, -17.964484 ], [ -65.151895, -17.964945 ], [ -65.151892, -17.965222 ], [ -65.15188, -17.965268 ], [ -65.151732, -17.965578 ], [ -65.151672, -17.965624 ], [ -65.151563, -17.965773 ], [ -65.151465, -17.965876 ], [ -65.151393, -17.965967 ], [ -65.151186, -17.966173 ], [ -65.151017, -17.966309 ], [ -65.150799, -17.966503 ], [ -65.150629, -17.966675 ], [ -65.15052, -17.966812 ], [ -65.150483, -17.966869 ], [ -65.150409, -17.967053 ], [ -65.150384, -17.967192 ], [ -65.15038, -17.967619 ], [ -65.150403, -17.967758 ], [ -65.150564, -17.968442 ], [ -65.150669, -17.968824 ], [ -65.150703, -17.968998 ], [ -65.150785, -17.96923 ], [ -65.150867, -17.969393 ], [ -65.150891, -17.969474 ], [ -65.150973, -17.969625 ], [ -65.150997, -17.969695 ], [ -65.151103, -17.969904 ], [ -65.151185, -17.970136 ], [ -65.151326, -17.970404 ], [ -65.151385, -17.970543 ], [ -65.151385, -17.970566 ], [ -65.151408, -17.970647 ], [ -65.151407, -17.970693 ], [ -65.151443, -17.970717 ], [ -65.151443, -17.970717 ], [ -65.151443, -17.970752 ], [ -65.151467, -17.970775 ], [ -65.151466, -17.97081 ], [ -65.151478, -17.97081 ], [ -65.151478, -17.97081 ], [ -65.151478, -17.97081 ], [ -65.151478, -17.970821 ], [ -65.15149, -17.970833 ], [ -65.151514, -17.970833 ], [ -65.151514, -17.970833 ], [ -65.151514, -17.970833 ], [ -65.151538, -17.970903 ], [ -65.151549, -17.971007 ], [ -65.151584, -17.971111 ], [ -65.151607, -17.971216 ], [ -65.15163, -17.971274 ], [ -65.151665, -17.971401 ], [ -65.15171, -17.971748 ], [ -65.151707, -17.972003 ], [ -65.151645, -17.97221 ], [ -65.151584, -17.972313 ], [ -65.151523, -17.97244 ], [ -65.15151, -17.972497 ], [ -65.15145, -17.972566 ], [ -65.151449, -17.972589 ], [ -65.151389, -17.972658 ], [ -65.151304, -17.972772 ], [ -65.151255, -17.972806 ], [ -65.151182, -17.972886 ], [ -65.151061, -17.972989 ], [ -65.150795, -17.973251 ], [ -65.150637, -17.973365 ], [ -65.150155, -17.973614 ], [ -65.149998, -17.973681 ], [ -65.149672, -17.973804 ], [ -65.149335, -17.973916 ], [ -65.149118, -17.973971 ], [ -65.148829, -17.974095 ], [ -65.148588, -17.974161 ], [ -65.148444, -17.974183 ], [ -65.148275, -17.974238 ], [ -65.148082, -17.97434 ], [ -65.147961, -17.974443 ], [ -65.147743, -17.974648 ], [ -65.147548, -17.9749 ], [ -65.147451, -17.975072 ], [ -65.14739, -17.975141 ], [ -65.147329, -17.975267 ], [ -65.147268, -17.975347 ], [ -65.147182, -17.975508 ], [ -65.147122, -17.975588 ], [ -65.14706, -17.975715 ], [ -65.146658, -17.976345 ], [ -65.146601, -17.976418 ], [ -65.146403, -17.976666 ], [ -65.146087, -17.977032 ], [ -65.145954, -17.977157 ], [ -65.145832, -17.977295 ], [ -65.145723, -17.977444 ], [ -65.14559, -17.977569 ], [ -65.14548, -17.977695 ], [ -65.145347, -17.977832 ], [ -65.14508, -17.978071 ], [ -65.14491, -17.978254 ], [ -65.144571, -17.978551 ], [ -65.144353, -17.978768 ], [ -65.144208, -17.978881 ], [ -65.144111, -17.978938 ], [ -65.144051, -17.978949 ], [ -65.143859, -17.978947 ], [ -65.143787, -17.978934 ], [ -65.143643, -17.978886 ], [ -65.143572, -17.978851 ], [ -65.143572, -17.978851 ], [ -65.143572, -17.978851 ], [ -65.143441, -17.978745 ], [ -65.143441, -17.978745 ], [ -65.143298, -17.978605 ], [ -65.143203, -17.978523 ], [ -65.143119, -17.978429 ], [ -65.142928, -17.978312 ], [ -65.142928, -17.978312 ], [ -65.142917, -17.978277 ], [ -65.142881, -17.978276 ], [ -65.142881, -17.978276 ], [ -65.142881, -17.978276 ], [ -65.142809, -17.978206 ], [ -65.14269, -17.978159 ], [ -65.14269, -17.978159 ], [ -65.14269, -17.978158 ], [ -65.142594, -17.978077 ], [ -65.14257, -17.978076 ], [ -65.142499, -17.978052 ], [ -65.142427, -17.978017 ], [ -65.142187, -17.978014 ], [ -65.14215, -17.978048 ], [ -65.142066, -17.978082 ], [ -65.14197, -17.978081 ], [ -65.14162, -17.978215 ], [ -65.1415, -17.978248 ], [ -65.141162, -17.978395 ], [ -65.14103, -17.978462 ], [ -65.140487, -17.978687 ], [ -65.140258, -17.978811 ], [ -65.140077, -17.978879 ], [ -65.139847, -17.979003 ], [ -65.139727, -17.979059 ], [ -65.139485, -17.979195 ], [ -65.139316, -17.979274 ], [ -65.138991, -17.979386 ], [ -65.138871, -17.979442 ], [ -65.138702, -17.979498 ], [ -65.138533, -17.979588 ], [ -65.138389, -17.979563 ], [ -65.138244, -17.979654 ], [ -65.137991, -17.979697 ], [ -65.137786, -17.979799 ], [ -65.137581, -17.979889 ], [ -65.137389, -17.979933 ], [ -65.137196, -17.979988 ], [ -65.136967, -17.980066 ], [ -65.136617, -17.980247 ], [ -65.136436, -17.980326 ], [ -65.136183, -17.980473 ], [ -65.136014, -17.980529 ], [ -65.135809, -17.98063 ], [ -65.1357, -17.980675 ], [ -65.135555, -17.980754 ], [ -65.135483, -17.980811 ], [ -65.135313, -17.980983 ], [ -65.135289, -17.980982 ], [ -65.135289, -17.981005 ], [ -65.135167, -17.981212 ], [ -65.134969, -17.981787 ], [ -65.13492, -17.981902 ], [ -65.134845, -17.982213 ], [ -65.134794, -17.982467 ], [ -65.134744, -17.982663 ], [ -65.134743, -17.982813 ], [ -65.134655, -17.983205 ], [ -65.134553, -17.983816 ], [ -65.13445, -17.984531 ], [ -65.134412, -17.984727 ], [ -65.13441, -17.984924 ], [ -65.134298, -17.985396 ], [ -65.134261, -17.985511 ], [ -65.134199, -17.985638 ], [ -65.134125, -17.985856 ], [ -65.134076, -17.985948 ], [ -65.134039, -17.986098 ], [ -65.133965, -17.98627 ], [ -65.133891, -17.986478 ], [ -65.133829, -17.986685 ], [ -65.133791, -17.986846 ], [ -65.13374, -17.987146 ], [ -65.133739, -17.987308 ], [ -65.1337, -17.987561 ], [ -65.133696, -17.988024 ], [ -65.13367, -17.988208 ], [ -65.133668, -17.988382 ], [ -65.133643, -17.988508 ], [ -65.133642, -17.988635 ], [ -65.133629, -17.988716 ], [ -65.133542, -17.989016 ], [ -65.133492, -17.989246 ], [ -65.133492, -17.989281 ], [ -65.13348, -17.989281 ], [ -65.13344, -17.989615 ], [ -65.133438, -17.989893 ], [ -65.133449, -17.989939 ], [ -65.133447, -17.990216 ], [ -65.133526, -17.990691 ], [ -65.133537, -17.990818 ], [ -65.13356, -17.990899 ], [ -65.133571, -17.991027 ], [ -65.133594, -17.991165 ], [ -65.133617, -17.991235 ], [ -65.133615, -17.991385 ], [ -65.133603, -17.991431 ], [ -65.1336, -17.991766 ], [ -65.133574, -17.991963 ], [ -65.133572, -17.992147 ], [ -65.133533, -17.992517 ], [ -65.133507, -17.99269 ], [ -65.133295, -17.99345 ], [ -65.133172, -17.993772 ], [ -65.133135, -17.99391 ], [ -65.132926, -17.994347 ], [ -65.132633, -17.99484 ], [ -65.13256, -17.994932 ], [ -65.132536, -17.995012 ], [ -65.13239, -17.995207 ], [ -65.132328, -17.995345 ], [ -65.132255, -17.995425 ], [ -65.132207, -17.995505 ], [ -65.132194, -17.995551 ], [ -65.13217, -17.995597 ], [ -65.132121, -17.995643 ], [ -65.132084, -17.995723 ], [ -65.131914, -17.995952 ], [ -65.131914, -17.995964 ], [ -65.131853, -17.996021 ], [ -65.131695, -17.996204 ], [ -65.131417, -17.996455 ], [ -65.13138, -17.996501 ], [ -65.13132, -17.996546 ], [ -65.131308, -17.996569 ], [ -65.130981, -17.996843 ], [ -65.13092, -17.996911 ], [ -65.130884, -17.996934 ], [ -65.130726, -17.997105 ], [ -65.130337, -17.997586 ], [ -65.129997, -17.997975 ], [ -65.129791, -17.99818 ], [ -65.129561, -17.998386 ], [ -65.129318, -17.998648 ], [ -65.128748, -17.999219 ], [ -65.128542, -17.999344 ], [ -65.128325, -17.999503 ], [ -65.12824, -17.999537 ], [ -65.128192, -17.999571 ], [ -65.128108, -17.999605 ], [ -65.127951, -17.999637 ], [ -65.127794, -17.999682 ], [ -65.127277, -17.999768 ], [ -65.126965, -17.999764 ], [ -65.126737, -17.999773 ], [ -65.125704, -17.999761 ], [ -65.125476, -17.999747 ], [ -65.124755, -17.999738 ], [ -65.124431, -17.999722 ], [ -65.124119, -17.999719 ], [ -65.124023, -17.999729 ], [ -65.123951, -17.999728 ], [ -65.123951, -17.99974 ], [ -65.123818, -17.999738 ], [ -65.123566, -17.999781 ], [ -65.123445, -17.999815 ], [ -65.123361, -17.999825 ], [ -65.123, -17.999902 ], [ -65.12276, -17.999922 ], [ -65.122579, -17.999955 ], [ -65.122159, -17.999984 ], [ -65.121954, -17.999982 ], [ -65.121533, -18.000046 ], [ -65.121413, -18.000045 ], [ -65.121293, -18.000078 ], [ -65.120885, -18.000073 ], [ -65.120729, -18.000059 ], [ -65.120548, -18.000057 ], [ -65.12038, -18.000044 ], [ -65.120201, -18.000018 ], [ -65.120009, -17.999981 ], [ -65.119624, -17.999977 ], [ -65.11936, -17.999997 ], [ -65.118916, -17.999991 ], [ -65.118783, -18.000013 ], [ -65.118663, -18.000012 ], [ -65.118447, -18.000044 ], [ -65.11835, -18.000066 ], [ -65.118278, -18.000099 ], [ -65.11823, -18.000099 ], [ -65.118158, -18.000121 ], [ -65.118122, -18.000144 ], [ -65.118061, -18.000143 ], [ -65.118061, -18.000155 ], [ -65.118037, -18.000154 ], [ -65.117929, -18.000188 ], [ -65.1177, -18.000231 ], [ -65.117471, -18.000298 ], [ -65.11723, -18.000399 ], [ -65.116687, -18.000658 ], [ -65.116566, -18.000726 ], [ -65.116422, -18.000794 ], [ -65.116192, -18.000918 ], [ -65.116084, -18.000951 ], [ -65.115951, -18.001031 ], [ -65.115879, -18.001053 ], [ -65.115794, -18.001121 ], [ -65.115709, -18.001166 ], [ -65.115637, -18.001235 ], [ -65.115479, -18.001348 ], [ -65.115298, -18.001508 ], [ -65.115201, -18.001576 ], [ -65.115177, -18.001622 ], [ -65.114946, -18.001816 ], [ -65.11485, -18.001838 ], [ -65.114526, -18.001834 ], [ -65.114478, -18.001845 ], [ -65.114286, -18.001843 ], [ -65.114129, -18.001875 ], [ -65.114093, -18.00191 ], [ -65.114057, -18.001909 ], [ -65.1139, -18.002011 ], [ -65.113875, -18.002057 ], [ -65.11379, -18.002137 ], [ -65.113753, -18.002217 ], [ -65.113705, -18.002286 ], [ -65.113691, -18.002413 ], [ -65.113688, -18.00276 ], [ -65.113711, -18.002876 ], [ -65.113711, -18.002922 ], [ -65.113769, -18.003061 ], [ -65.113769, -18.003119 ], [ -65.113792, -18.003154 ], [ -65.113792, -18.003189 ], [ -65.113886, -18.003386 ], [ -65.113957, -18.003491 ], [ -65.113969, -18.00356 ], [ -65.114016, -18.003607 ], [ -65.114111, -18.003736 ], [ -65.114111, -18.003747 ], [ -65.114569, -18.004137 ], [ -65.114569, -18.004137 ], [ -65.114908, -18.004419 ], [ -65.115125, -18.0047 ], [ -65.115416, -18.005539 ], [ -65.115515, -18.006115 ], [ -65.115516, -18.006345 ], [ -65.11554, -18.006517 ], [ -65.115494, -18.006932 ], [ -65.115399, -18.007265 ], [ -65.11534, -18.007415 ], [ -65.115137, -18.007738 ], [ -65.114982, -18.007922 ], [ -65.114815, -18.00806 ], [ -65.114623, -18.008187 ], [ -65.11442, -18.008279 ], [ -65.114347, -18.008296 ], [ -65.114024, -18.008372 ], [ -65.113664, -18.00843 ], [ -65.113496, -18.00843 ], [ -65.113281, -18.008453 ], [ -65.112993, -18.008453 ], [ -65.111757, -18.008351 ], [ -65.111181, -18.008363 ], [ -65.111049, -18.008387 ], [ -65.110749, -18.008502 ], [ -65.110079, -18.008836 ], [ -65.109636, -18.009113 ], [ -65.1096, -18.009113 ], [ -65.109013, -18.009344 ], [ -65.108821, -18.00939 ], [ -65.108665, -18.00939 ], [ -65.108534, -18.009425 ], [ -65.108438, -18.009425 ], [ -65.107766, -18.009575 ], [ -65.107622, -18.009576 ], [ -65.107479, -18.00961 ], [ -65.106591, -18.009611 ], [ -65.106183, -18.009577 ], [ -65.105451, -18.009566 ], [ -65.105127, -18.009509 ], [ -65.104995, -18.009509 ], [ -65.104743, -18.009464 ], [ -65.104611, -18.009464 ], [ -65.104527, -18.009441 ], [ -65.104431, -18.009441 ], [ -65.104311, -18.009418 ], [ -65.103951, -18.009418 ], [ -65.103771, -18.009384 ], [ -65.103615, -18.009384 ], [ -65.103615, -18.009384 ], [ -65.103614, -18.009384 ], [ -65.103603, -18.009373 ], [ -65.103471, -18.009373 ], [ -65.103339, -18.009408 ], [ -65.103243, -18.009408 ], [ -65.103183, -18.009431 ], [ -65.102415, -18.009524 ], [ -65.10238, -18.009547 ], [ -65.10214, -18.009593 ], [ -65.101085, -18.009893 ], [ -65.10039, -18.010113 ], [ -65.100186, -18.010159 ], [ -65.099995, -18.010228 ], [ -65.099623, -18.010309 ], [ -65.098185, -18.010817 ], [ -65.098066, -18.01084 ], [ -65.097934, -18.010898 ], [ -65.097778, -18.010909 ], [ -65.097382, -18.011013 ], [ -65.097227, -18.011037 ], [ -65.096519, -18.011037 ], [ -65.095991, -18.010969 ], [ -65.09599, -18.010969 ], [ -65.095858, -18.0109 ], [ -65.095654, -18.010831 ], [ -65.094897, -18.010475 ], [ -65.094609, -18.010406 ], [ -65.094032, -18.010223 ], [ -65.093564, -18.010097 ], [ -65.093203, -18.010028 ], [ -65.092687, -18.010029 ], [ -65.091848, -18.010168 ], [ -65.091381, -18.010283 ], [ -65.091165, -18.010387 ], [ -65.090794, -18.010525 ], [ -65.090542, -18.010664 ], [ -65.090471, -18.010744 ], [ -65.08998, -18.01109 ], [ -65.089598, -18.01147 ], [ -65.089443, -18.011654 ], [ -65.088964, -18.012081 ], [ -65.088128, -18.012956 ], [ -65.087937, -18.013186 ], [ -65.08771, -18.013394 ], [ -65.087244, -18.013924 ], [ -65.086874, -18.014534 ], [ -65.086696, -18.014914 ], [ -65.085981, -18.016238 ], [ -65.085778, -18.016572 ], [ -65.08554, -18.017009 ], [ -65.085266, -18.017573 ], [ -65.085207, -18.017723 ], [ -65.085135, -18.017827 ], [ -65.085076, -18.017988 ], [ -65.084981, -18.01816 ], [ -65.084862, -18.018529 ], [ -65.084803, -18.018782 ], [ -65.08478, -18.019024 ], [ -65.084733, -18.019231 ], [ -65.084733, -18.019346 ], [ -65.084698, -18.019461 ], [ -65.084651, -18.019806 ], [ -65.084521, -18.020244 ], [ -65.084462, -18.02052 ], [ -65.084189, -18.021303 ], [ -65.083845, -18.022177 ], [ -65.083809, -18.02235 ], [ -65.083738, -18.022557 ], [ -65.083679, -18.022868 ], [ -65.083668, -18.02311 ], [ -65.083551, -18.023823 ], [ -65.083504, -18.023984 ], [ -65.08348, -18.024146 ], [ -65.083397, -18.024399 ], [ -65.083314, -18.024583 ], [ -65.083219, -18.024744 ], [ -65.083004, -18.024998 ], [ -65.08298, -18.024998 ], [ -65.082896, -18.025067 ], [ -65.082249, -18.025378 ], [ -65.082178, -18.025436 ], [ -65.08183, -18.025597 ], [ -65.081147, -18.025816 ], [ -65.080536, -18.025943 ], [ -65.079696, -18.025956 ], [ -65.079276, -18.025933 ], [ -65.078135, -18.025704 ], [ -65.077787, -18.025704 ], [ -65.077571, -18.025751 ], [ -65.077224, -18.025889 ], [ -65.07702, -18.025993 ], [ -65.076745, -18.0262 ], [ -65.075082, -18.027295 ], [ -65.074399, -18.027779 ], [ -65.074268, -18.027906 ], [ -65.074244, -18.027906 ], [ -65.073921, -18.028228 ], [ -65.073802, -18.028378 ], [ -65.073492, -18.028954 ], [ -65.073338, -18.029333 ], [ -65.073207, -18.029805 ], [ -65.073065, -18.030162 ], [ -65.072874, -18.030508 ], [ -65.072635, -18.030818 ], [ -65.072384, -18.031037 ], [ -65.072253, -18.03113 ], [ -65.071953, -18.031222 ], [ -65.071761, -18.031245 ], [ -65.071401, -18.031245 ], [ -65.071197, -18.03128 ], [ -65.070981, -18.03128 ], [ -65.070789, -18.031327 ], [ -65.070669, -18.031327 ], [ -65.070406, -18.031488 ], [ -65.070263, -18.031626 ], [ -65.070179, -18.031776 ], [ -65.070209, -18.033306 ], [ -65.070067, -18.033836 ], [ -65.069972, -18.034043 ], [ -65.069817, -18.034239 ], [ -65.069625, -18.034308 ], [ -65.069457, -18.034331 ], [ -65.069337, -18.034331 ], [ -65.069097, -18.034297 ], [ -65.069097, -18.034297 ], [ -65.069037, -18.034262 ], [ -65.069013, -18.034262 ], [ -65.069013, -18.034262 ], [ -65.068544, -18.03401 ], [ -65.068544, -18.03401 ], [ -65.068375, -18.033883 ], [ -65.068375, -18.033883 ], [ -65.068363, -18.033849 ], [ -65.068207, -18.033734 ], [ -65.068207, -18.033734 ], [ -65.067893, -18.0334 ], [ -65.067797, -18.033262 ], [ -65.067688, -18.033147 ], [ -65.067592, -18.033079 ], [ -65.067592, -18.033078 ], [ -65.067508, -18.032917 ], [ -65.067447, -18.03263 ], [ -65.067446, -18.03248 ], [ -65.067385, -18.032193 ], [ -65.067384, -18.031928 ], [ -65.067335, -18.031721 ], [ -65.067307, -18.030777 ], [ -65.067271, -18.030616 ], [ -65.067269, -18.03026 ], [ -65.06704, -18.029891 ], [ -65.066908, -18.029788 ], [ -65.066908, -18.029788 ], [ -65.066571, -18.02957 ], [ -65.066571, -18.02957 ], [ -65.065248, -18.028834 ], [ -65.065248, -18.028834 ], [ -65.064803, -18.02857 ], [ -65.064803, -18.02857 ], [ -65.064755, -18.028513 ], [ -65.064719, -18.028501 ], [ -65.064719, -18.028501 ], [ -65.064575, -18.028386 ], [ -65.064575, -18.028386 ], [ -65.064322, -18.028122 ], [ -65.064213, -18.027972 ], [ -65.064092, -18.027708 ], [ -65.064056, -18.027581 ], [ -65.064067, -18.027294 ], [ -65.064114, -18.027167 ], [ -65.064245, -18.026937 ], [ -65.064532, -18.026637 ], [ -65.06458, -18.026614 ], [ -65.06458, -18.026591 ], [ -65.06513, -18.026257 ], [ -65.065274, -18.026153 ], [ -65.065454, -18.026061 ], [ -65.065777, -18.025842 ], [ -65.066064, -18.025612 ], [ -65.066219, -18.025393 ], [ -65.066374, -18.02514 ], [ -65.066433, -18.024875 ], [ -65.066444, -18.024633 ], [ -65.066324, -18.024518 ], [ -65.066095, -18.024208 ], [ -65.065962, -18.023978 ], [ -65.065756, -18.023518 ], [ -65.065635, -18.023196 ], [ -65.065502, -18.023023 ], [ -65.065502, -18.023 ], [ -65.065447, -18.022373 ], [ -65.064942, -18.0226 ], [ -65.064553, -18.022736 ], [ -65.064445, -18.022736 ], [ -65.063822, -18.022863 ], [ -65.06351, -18.023036 ], [ -65.06351, -18.023036 ], [ -65.063822, -18.022863 ], [ -65.064445, -18.022736 ], [ -65.064553, -18.022736 ], [ -65.064942, -18.0226 ], [ -65.065447, -18.022373 ], [ -65.065652, -18.021792 ], [ -65.065687, -18.021651 ], [ -65.065701, -18.021598 ], [ -65.065793, -18.021436 ], [ -65.065898, -18.021284 ], [ -65.066045, -18.021106 ], [ -65.066093, -18.020953 ], [ -65.066123, -18.02082 ], [ -65.06615, -18.020704 ], [ -65.066231, -18.020518 ], [ -65.066325, -18.0203 ], [ -65.066359, -18.020193 ], [ -65.066402, -18.020051 ], [ -65.06648, -18.019878 ], [ -65.066598, -18.019733 ], [ -65.06666, -18.0197 ], [ -65.066797, -18.019626 ], [ -65.06687, -18.019532 ], [ -65.066925, -18.019462 ], [ -65.066949, -18.01941 ], [ -65.067023, -18.019249 ], [ -65.067071, -18.019145 ], [ -65.067194, -18.01902 ], [ -65.067387, -18.018826 ], [ -65.06756, -18.018707 ], [ -65.067685, -18.018622 ], [ -65.067873, -18.018467 ], [ -65.06801, -18.018353 ], [ -65.068014, -18.01835 ], [ -65.06813, -18.018254 ], [ -65.068198, -18.018091 ], [ -65.068197, -18.017957 ], [ -65.068165, -18.017795 ], [ -65.068102, -18.017576 ], [ -65.06802, -18.01739 ], [ -65.067938, -18.017204 ], [ -65.067957, -18.017109 ], [ -65.068016, -18.017003 ], [ -65.068185, -18.016944 ], [ -65.068354, -18.016923 ], [ -65.068534, -18.016921 ], [ -65.068735, -18.016957 ], [ -65.068883, -18.017086 ], [ -65.068987, -18.017203 ], [ -65.069038, -18.017246 ], [ -65.069184, -18.017363 ], [ -65.069209, -18.017382 ], [ -65.069319, -18.0174 ], [ -65.069466, -18.017321 ], [ -65.069611, -18.017226 ], [ -65.069736, -18.017128 ], [ -65.069873, -18.017035 ], [ -65.069994, -18.016953 ], [ -65.070048, -18.016888 ], [ -65.070129, -18.016793 ], [ -65.070243, -18.01669 ], [ -65.070369, -18.016605 ], [ -65.070415, -18.016501 ], [ -65.070467, -18.016384 ], [ -65.070485, -18.016221 ], [ -65.070483, -18.016087 ], [ -65.070491, -18.015946 ], [ -65.070589, -18.015713 ], [ -65.070735, -18.015387 ], [ -65.070835, -18.015211 ], [ -65.070911, -18.015079 ], [ -65.070909, -18.014897 ], [ -65.07098, -18.014806 ], [ -65.071037, -18.014733 ], [ -65.071125, -18.014579 ], [ -65.071159, -18.014547 ], [ -65.071273, -18.014412 ], [ -65.071331, -18.014328 ], [ -65.071434, -18.014142 ], [ -65.071478, -18.01404 ], [ -65.071556, -18.013848 ], [ -65.071645, -18.013723 ], [ -65.071663, -18.01356 ], [ -65.071662, -18.013471 ], [ -65.071666, -18.013186 ], [ -65.071668, -18.013139 ], [ -65.071765, -18.012938 ], [ -65.071799, -18.012809 ], [ -65.071851, -18.012612 ], [ -65.071879, -18.012401 ], [ -65.072028, -18.012285 ], [ -65.072236, -18.012139 ], [ -65.072293, -18.012091 ], [ -65.072374, -18.012023 ], [ -65.072432, -18.011908 ], [ -65.072482, -18.011811 ], [ -65.072569, -18.011571 ], [ -65.072597, -18.011428 ], [ -65.072577, -18.011222 ], [ -65.072512, -18.011027 ], [ -65.07253, -18.010855 ], [ -65.072068, -18.00948 ], [ -65.065311, -18.00654 ], [ -65.061374, -17.998698 ], [ -65.052457, -17.99563 ], [ -65.042922, -17.991978 ], [ -65.03136, -17.988293 ], [ -65.030348, -17.987739 ], [ -65.030901, -17.986905 ], [ -65.03131, -17.986002 ], [ -65.03174, -17.985137 ], [ -65.03217, -17.984329 ], [ -65.032621, -17.983579 ], [ -65.03287, -17.98262 ], [ -65.033258, -17.981641 ], [ -65.033561, -17.981032 ], [ -65.033707, -17.980737 ], [ -65.034037, -17.979854 ], [ -65.034442, -17.978531 ], [ -65.034946, -17.977225 ], [ -65.03551, -17.97588 ], [ -65.035957, -17.974805 ], [ -65.036807, -17.974012 ], [ -65.037859, -17.97337 ], [ -65.039051, -17.972784 ], [ -65.040065, -17.972295 ], [ -65.041179, -17.971863 ], [ -65.042572, -17.971427 ], [ -65.043085, -17.971248 ], [ -65.043441, -17.970938 ], [ -65.04366, -17.97046 ], [ -65.04405, -17.969652 ], [ -65.044518, -17.968577 ], [ -65.045043, -17.967309 ], [ -65.045525, -17.96587 ], [ -65.0459, -17.964504 ], [ -65.044744, -17.964115 ], [ -65.044281, -17.963863 ], [ -65.043968, -17.963866 ], [ -65.043781, -17.963775 ], [ -65.043635, -17.963703 ], [ -65.043403, -17.963726 ], [ -65.043252, -17.963741 ], [ -65.042785, -17.96361 ], [ -65.042676, -17.96358 ], [ -65.042608, -17.963509 ], [ -65.042538, -17.963436 ], [ -65.042443, -17.963336 ], [ -65.042376, -17.963267 ], [ -65.042203, -17.963157 ], [ -65.042063, -17.963068 ], [ -65.041938, -17.962988 ], [ -65.041792, -17.962947 ], [ -65.041714, -17.962925 ], [ -65.041536, -17.962875 ], [ -65.041395, -17.962738 ], [ -65.041323, -17.962669 ], [ -65.041159, -17.96251 ], [ -65.041043, -17.962397 ], [ -65.04083, -17.962245 ], [ -65.040744, -17.962184 ], [ -65.040623, -17.962185 ], [ -65.040483, -17.962187 ], [ -65.040245, -17.962171 ], [ -65.038393, -17.960906 ], [ -65.029636, -17.95529 ], [ -65.02951, -17.955209 ], [ -65.030248, -17.952049 ], [ -65.029892, -17.951983 ], [ -65.029726, -17.951952 ], [ -65.029528, -17.951915 ], [ -65.02938, -17.951888 ], [ -65.029223, -17.951859 ], [ -65.029125, -17.951828 ], [ -65.029037, -17.951801 ], [ -65.028922, -17.951766 ], [ -65.028729, -17.951697 ], [ -65.028583, -17.951631 ], [ -65.028459, -17.951565 ], [ -65.02838, -17.951523 ], [ -65.028239, -17.951429 ], [ -65.0282, -17.951392 ], [ -65.028118, -17.951316 ], [ -65.027977, -17.951241 ], [ -65.027717, -17.951148 ], [ -65.027625, -17.951138 ], [ -65.027468, -17.951122 ], [ -65.027377, -17.951113 ], [ -65.027286, -17.951124 ], [ -65.027184, -17.951137 ], [ -65.027037, -17.951155 ], [ -65.026879, -17.951194 ], [ -65.026798, -17.951215 ], [ -65.026658, -17.951197 ], [ -65.026518, -17.951141 ], [ -65.026412, -17.951064 ], [ -65.026337, -17.951009 ], [ -65.026274, -17.950977 ], [ -65.026115, -17.950897 ], [ -65.026002, -17.950898 ], [ -65.025861, -17.950919 ], [ -65.025796, -17.950957 ], [ -65.025706, -17.950969 ], [ -65.025637, -17.950978 ], [ -65.025496, -17.950922 ], [ -65.025399, -17.950818 ], [ -65.025312, -17.950713 ], [ -65.025213, -17.950581 ], [ -65.025157, -17.950551 ], [ -65.025072, -17.950504 ], [ -65.024972, -17.95045 ], [ -65.024793, -17.950297 ], [ -65.024729, -17.950242 ], [ -65.024628, -17.95021 ], [ -65.024475, -17.950164 ], [ -65.024369, -17.950131 ], [ -65.024304, -17.950125 ], [ -65.024134, -17.95011 ], [ -65.023989, -17.950097 ], [ -65.018588, -17.945719 ], [ -65.018409, -17.945574 ], [ -65.018234, -17.945416 ], [ -65.01839, -17.945092 ], [ -65.018721, -17.943776 ], [ -65.019457, -17.940852 ], [ -65.020132, -17.938168 ], [ -65.020327, -17.937697 ], [ -65.020089, -17.936531 ], [ -65.020361, -17.93584 ], [ -65.020451, -17.935036 ], [ -65.020768, -17.934746 ], [ -65.020713, -17.933446 ], [ -65.02075, -17.933299 ], [ -65.020847, -17.932909 ], [ -65.021342, -17.932522 ], [ -65.021553, -17.931812 ], [ -65.021554, -17.931811 ], [ -65.021703, -17.932027 ], [ -65.022093, -17.931632 ], [ -65.022076, -17.931561 ], [ -65.021975, -17.931135 ], [ -65.021972, -17.931121 ], [ -65.022001, -17.930952 ], [ -65.022105, -17.93034 ], [ -65.022359, -17.928851 ], [ -65.023814, -17.929644 ], [ -65.025037, -17.930309 ], [ -65.026137, -17.930908 ], [ -65.026566, -17.931142 ], [ -65.027238, -17.931508 ], [ -65.028339, -17.932107 ], [ -65.028969, -17.93245 ], [ -65.029533, -17.932269 ], [ -65.030078, -17.932094 ], [ -65.031796, -17.931087 ], [ -65.032936, -17.930419 ], [ -65.039742, -17.929894 ], [ -65.039931, -17.929894 ], [ -65.041859, -17.93006 ], [ -65.042686, -17.930132 ], [ -65.040791, -17.929147 ], [ -65.039851, -17.928658 ], [ -65.039109, -17.928713 ], [ -65.03899, -17.928631 ], [ -65.038619, -17.928303 ], [ -65.03823, -17.927896 ], [ -65.037838, -17.92725 ], [ -65.037442, -17.926827 ], [ -65.03696, -17.92679 ], [ -65.036513, -17.9269 ], [ -65.036037, -17.926858 ], [ -65.035511, -17.926726 ], [ -65.034683, -17.926394 ], [ -65.033771, -17.925917 ], [ -65.033088, -17.926118 ], [ -65.032469, -17.925981 ], [ -65.032262, -17.925403 ], [ -65.031791, -17.925109 ], [ -65.031347, -17.92494 ], [ -65.0309, -17.924895 ], [ -65.030123, -17.924769 ], [ -65.029371, -17.925657 ], [ -65.028884, -17.925667 ], [ -65.02433, -17.922893 ], [ -65.024503, -17.920504 ], [ -65.024517, -17.920315 ], [ -65.024453, -17.920401 ], [ -65.024402, -17.920494 ], [ -65.024341, -17.920592 ], [ -65.024253, -17.920623 ], [ -65.02417, -17.920629 ], [ -65.024108, -17.92063 ], [ -65.024008, -17.92057 ], [ -65.024006, -17.920568 ], [ -65.024005, -17.920568 ], [ -65.02388, -17.920507 ], [ -65.023879, -17.920506 ], [ -65.023877, -17.920505 ], [ -65.023874, -17.920504 ], [ -65.023871, -17.920503 ], [ -65.023868, -17.920503 ], [ -65.023865, -17.920502 ], [ -65.023861, -17.920502 ], [ -65.023858, -17.920502 ], [ -65.023761, -17.920503 ], [ -65.023758, -17.920503 ], [ -65.023755, -17.920503 ], [ -65.023752, -17.920504 ], [ -65.023749, -17.920504 ], [ -65.023748, -17.920505 ], [ -65.023659, -17.92053 ], [ -65.02354, -17.920555 ], [ -65.0234, -17.920569 ], [ -65.023398, -17.920569 ], [ -65.023395, -17.92057 ], [ -65.023392, -17.92057 ], [ -65.02339, -17.920571 ], [ -65.023244, -17.920615 ], [ -65.023215, -17.92062 ], [ -65.023102, -17.92064 ], [ -65.02303, -17.920641 ], [ -65.022935, -17.920608 ], [ -65.022917, -17.9206 ], [ -65.022826, -17.92056 ], [ -65.022824, -17.92056 ], [ -65.022821, -17.920559 ], [ -65.022818, -17.920558 ], [ -65.022815, -17.920557 ], [ -65.022812, -17.920557 ], [ -65.022809, -17.920556 ], [ -65.022806, -17.920556 ], [ -65.022803, -17.920556 ], [ -65.022802, -17.920556 ], [ -65.022724, -17.920563 ], [ -65.022722, -17.920564 ], [ -65.022719, -17.920564 ], [ -65.022718, -17.920565 ], [ -65.022575, -17.920597 ], [ -65.022573, -17.920598 ], [ -65.02257, -17.920598 ], [ -65.022567, -17.9206 ], [ -65.022565, -17.920601 ], [ -65.022562, -17.920602 ], [ -65.022559, -17.920604 ], [ -65.022557, -17.920606 ], [ -65.022554, -17.920607 ], [ -65.022552, -17.920609 ], [ -65.02255, -17.920612 ], [ -65.022548, -17.920614 ], [ -65.022547, -17.920615 ], [ -65.02249, -17.920693 ], [ -65.022487, -17.920696 ], [ -65.02243, -17.920763 ], [ -65.022307, -17.920893 ], [ -65.022306, -17.920894 ], [ -65.022304, -17.920897 ], [ -65.022303, -17.920899 ], [ -65.022301, -17.920901 ], [ -65.0223, -17.920904 ], [ -65.022298, -17.920907 ], [ -65.022297, -17.92091 ], [ -65.022296, -17.920912 ], [ -65.022296, -17.920914 ], [ -65.022266, -17.921041 ], [ -65.02222, -17.921152 ], [ -65.022218, -17.921156 ], [ -65.022132, -17.921241 ], [ -65.02203, -17.921328 ], [ -65.02203, -17.921328 ], [ -65.022027, -17.921331 ], [ -65.022025, -17.921333 ], [ -65.022023, -17.921335 ], [ -65.022022, -17.921337 ], [ -65.02202, -17.92134 ], [ -65.022019, -17.921343 ], [ -65.022017, -17.921345 ], [ -65.022016, -17.921348 ], [ -65.022016, -17.921348 ], [ -65.021989, -17.921429 ], [ -65.021898, -17.921496 ], [ -65.021897, -17.921496 ], [ -65.021895, -17.921498 ], [ -65.021893, -17.9215 ], [ -65.021891, -17.921502 ], [ -65.021889, -17.921504 ], [ -65.021812, -17.921598 ], [ -65.021812, -17.921599 ], [ -65.02181, -17.921601 ], [ -65.021809, -17.921603 ], [ -65.021807, -17.921606 ], [ -65.021806, -17.921609 ], [ -65.021805, -17.921612 ], [ -65.021804, -17.921614 ], [ -65.021804, -17.921616 ], [ -65.0218, -17.921631 ], [ -65.021773, -17.921747 ], [ -65.021772, -17.921748 ], [ -65.021771, -17.921757 ], [ -65.021773, -17.921885 ], [ -65.02177, -17.921892 ], [ -65.021746, -17.921952 ], [ -65.021725, -17.921959 ], [ -65.021662, -17.921981 ], [ -65.021499, -17.921995 ], [ -65.021497, -17.921995 ], [ -65.021494, -17.921996 ], [ -65.021491, -17.921996 ], [ -65.021488, -17.921997 ], [ -65.021485, -17.921998 ], [ -65.021482, -17.922 ], [ -65.021482, -17.922 ], [ -65.021477, -17.922002 ], [ -65.021332, -17.922074 ], [ -65.021195, -17.922105 ], [ -65.021193, -17.922105 ], [ -65.02119, -17.922106 ], [ -65.021181, -17.92211 ], [ -65.021179, -17.922112 ], [ -65.021176, -17.922113 ], [ -65.021175, -17.922115 ], [ -65.021091, -17.922184 ], [ -65.021084, -17.922191 ], [ -65.021082, -17.922193 ], [ -65.021081, -17.922196 ], [ -65.021079, -17.922199 ], [ -65.021078, -17.922201 ], [ -65.021078, -17.922202 ], [ -65.021029, -17.922321 ], [ -65.020976, -17.922392 ], [ -65.020972, -17.922396 ], [ -65.020971, -17.922399 ], [ -65.02097, -17.922402 ], [ -65.020967, -17.92241 ], [ -65.020966, -17.922416 ], [ -65.020966, -17.922419 ], [ -65.020968, -17.922521 ], [ -65.020751, -17.922483 ], [ -65.020751, -17.922483 ], [ -65.020749, -17.922482 ], [ -65.020718, -17.922478 ], [ -65.020626, -17.922463 ], [ -65.02056, -17.922453 ], [ -65.020559, -17.922453 ], [ -65.020556, -17.922453 ], [ -65.020552, -17.922453 ], [ -65.020422, -17.922454 ], [ -65.020419, -17.922454 ], [ -65.020416, -17.922454 ], [ -65.020415, -17.922455 ], [ -65.020366, -17.922463 ], [ -65.020273, -17.922487 ], [ -65.020248, -17.922495 ], [ -65.020075, -17.922533 ], [ -65.020073, -17.922534 ], [ -65.02007, -17.922535 ], [ -65.020067, -17.922536 ], [ -65.020066, -17.922536 ], [ -65.019924, -17.9226 ], [ -65.019798, -17.922653 ], [ -65.019639, -17.922655 ], [ -65.019542, -17.922627 ], [ -65.019313, -17.922561 ], [ -65.019311, -17.92256 ], [ -65.01931, -17.92256 ], [ -65.019062, -17.922507 ], [ -65.019061, -17.922506 ], [ -65.019058, -17.922506 ], [ -65.019055, -17.922506 ], [ -65.019051, -17.922506 ], [ -65.019048, -17.922506 ], [ -65.019047, -17.922506 ], [ -65.018904, -17.92252 ], [ -65.018902, -17.92252 ], [ -65.018899, -17.922521 ], [ -65.018896, -17.922521 ], [ -65.018894, -17.922522 ], [ -65.018893, -17.922522 ], [ -65.018748, -17.922572 ], [ -65.018684, -17.922642 ], [ -65.018666, -17.92267 ], [ -65.018571, -17.92269 ], [ -65.018487, -17.922678 ], [ -65.018483, -17.922679 ], [ -65.018443, -17.922674 ], [ -65.018442, -17.922674 ], [ -65.018439, -17.922674 ], [ -65.018436, -17.922674 ], [ -65.018273, -17.922675 ], [ -65.01827, -17.922676 ], [ -65.018267, -17.922676 ], [ -65.018264, -17.922676 ], [ -65.018261, -17.922677 ], [ -65.018258, -17.922678 ], [ -65.018255, -17.922679 ], [ -65.018255, -17.922679 ], [ -65.018049, -17.922768 ], [ -65.017885, -17.922831 ], [ -65.0177, -17.922869 ], [ -65.017698, -17.92287 ], [ -65.017695, -17.922871 ], [ -65.017692, -17.922872 ], [ -65.017689, -17.922873 ], [ -65.017687, -17.922874 ], [ -65.017684, -17.922876 ], [ -65.017681, -17.922878 ], [ -65.017679, -17.92288 ], [ -65.017678, -17.922881 ], [ -65.017557, -17.922993 ], [ -65.0174, -17.923122 ], [ -65.01728, -17.923186 ], [ -65.017111, -17.92323 ], [ -65.01711, -17.92323 ], [ -65.017107, -17.923231 ], [ -65.017105, -17.923232 ], [ -65.016962, -17.92329 ], [ -65.016962, -17.92329 ], [ -65.016959, -17.923291 ], [ -65.016957, -17.923293 ], [ -65.016954, -17.923294 ], [ -65.016953, -17.923295 ], [ -65.016785, -17.923415 ], [ -65.016784, -17.923416 ], [ -65.016782, -17.923418 ], [ -65.016779, -17.92342 ], [ -65.016777, -17.923422 ], [ -65.016775, -17.923424 ], [ -65.016774, -17.923427 ], [ -65.016773, -17.923428 ], [ -65.016735, -17.923489 ], [ -65.016604, -17.923496 ], [ -65.016603, -17.923496 ], [ -65.016599, -17.923496 ], [ -65.016596, -17.923496 ], [ -65.016593, -17.923497 ], [ -65.01659, -17.923498 ], [ -65.016588, -17.923499 ], [ -65.016587, -17.923499 ], [ -65.016419, -17.923569 ], [ -65.016417, -17.923571 ], [ -65.016414, -17.923572 ], [ -65.016413, -17.923573 ], [ -65.016233, -17.923679 ], [ -65.016028, -17.923787 ], [ -65.016026, -17.923788 ], [ -65.016024, -17.923789 ], [ -65.016021, -17.923791 ], [ -65.016019, -17.923793 ], [ -65.016017, -17.923795 ], [ -65.016015, -17.923797 ], [ -65.016013, -17.923799 ], [ -65.015919, -17.923915 ], [ -65.015838, -17.923988 ], [ -65.015837, -17.92399 ], [ -65.015721, -17.924103 ], [ -65.015719, -17.924105 ], [ -65.015717, -17.924107 ], [ -65.015715, -17.92411 ], [ -65.015714, -17.924112 ], [ -65.015714, -17.924112 ], [ -65.015663, -17.9242 ], [ -65.015661, -17.924203 ], [ -65.01566, -17.924205 ], [ -65.015659, -17.924208 ], [ -65.015658, -17.924211 ], [ -65.015657, -17.924214 ], [ -65.015657, -17.924214 ], [ -65.015644, -17.924289 ], [ -65.015461, -17.924357 ], [ -65.01546, -17.924357 ], [ -65.015457, -17.924358 ], [ -65.015454, -17.92436 ], [ -65.015452, -17.924361 ], [ -65.015449, -17.924363 ], [ -65.015447, -17.924365 ], [ -65.015445, -17.924367 ], [ -65.015442, -17.924369 ], [ -65.015441, -17.924372 ], [ -65.015439, -17.924373 ], [ -65.015363, -17.92448 ], [ -65.01525, -17.924487 ], [ -65.015249, -17.924487 ], [ -65.015246, -17.924487 ], [ -65.015243, -17.924487 ], [ -65.01524, -17.924488 ], [ -65.015237, -17.924489 ], [ -65.015234, -17.92449 ], [ -65.015231, -17.924491 ], [ -65.015228, -17.924493 ], [ -65.015226, -17.924494 ], [ -65.015223, -17.924496 ], [ -65.015223, -17.924496 ], [ -65.015141, -17.924558 ], [ -65.015056, -17.924613 ], [ -65.014888, -17.924621 ], [ -65.014886, -17.924621 ], [ -65.014883, -17.924621 ], [ -65.01488, -17.924622 ], [ -65.014878, -17.924622 ], [ -65.014696, -17.924668 ], [ -65.014696, -17.924668 ], [ -65.014693, -17.924669 ], [ -65.01469, -17.92467 ], [ -65.014687, -17.924671 ], [ -65.014687, -17.924671 ], [ -65.014514, -17.924756 ], [ -65.014405, -17.924763 ], [ -65.01438, -17.92476 ], [ -65.014302, -17.924589 ], [ -65.013304, -17.924448 ], [ -65.013227, -17.92445 ], [ -65.012618, -17.924417 ], [ -65.012583, -17.924428 ], [ -65.012378, -17.924298 ], [ -65.012293, -17.924215 ], [ -65.012191, -17.924158 ], [ -65.012112, -17.924146 ], [ -65.011463, -17.92406 ], [ -65.011816, -17.923826 ], [ -65.011885, -17.923551 ], [ -65.011932, -17.922949 ], [ -65.011194, -17.921993 ], [ -65.011336, -17.921285 ], [ -65.011686, -17.92078 ], [ -65.012489, -17.920214 ], [ -65.012286, -17.919878 ], [ -65.012108, -17.918821 ], [ -65.01224, -17.918144 ], [ -65.011997, -17.917512 ], [ -65.011989, -17.917105 ], [ -65.012204, -17.916602 ], [ -65.011975, -17.915939 ], [ -65.012514, -17.915368 ], [ -65.012647, -17.915067 ], [ -65.012202, -17.915171 ], [ -65.011793, -17.914804 ], [ -65.011464, -17.914485 ], [ -65.012045, -17.913641 ], [ -65.012315, -17.912935 ], [ -65.013017, -17.912282 ], [ -65.010747, -17.911477 ], [ -65.010665, -17.911492 ], [ -65.009202, -17.912535 ], [ -65.00867, -17.912321 ], [ -65.007947, -17.912545 ], [ -65.007817, -17.912565 ], [ -65.007693, -17.91258 ], [ -65.007635, -17.912493 ], [ -65.007527, -17.912396 ], [ -65.007407, -17.912334 ], [ -65.007212, -17.912274 ], [ -65.007045, -17.912197 ], [ -65.006927, -17.912099 ], [ -65.006807, -17.912021 ], [ -65.006508, -17.912002 ], [ -65.00647, -17.911825 ], [ -65.006451, -17.911703 ], [ -65.006034, -17.91177 ], [ -65.005958, -17.911807 ], [ -65.005804, -17.911811 ], [ -65.005282, -17.911976 ], [ -65.005099, -17.91199 ], [ -65.004993, -17.912007 ], [ -65.004909, -17.912023 ], [ -65.004688, -17.912082 ], [ -65.004509, -17.912109 ], [ -65.004125, -17.911879 ], [ -65.004036, -17.911829 ], [ -65.003995, -17.911667 ], [ -65.003999, -17.911509 ], [ -65.00396, -17.911152 ], [ -65.003896, -17.910888 ], [ -65.004176, -17.909206 ], [ -65.004205, -17.90847 ], [ -65.004316, -17.90738 ], [ -65.004303, -17.907228 ], [ -65.004014, -17.906642 ], [ -65.004043, -17.906187 ], [ -65.00481, -17.904484 ], [ -65.004317, -17.904095 ], [ -65.004018, -17.903976 ], [ -65.003656, -17.903572 ], [ -65.003174, -17.903032 ], [ -65.002944, -17.902547 ], [ -65.002105, -17.902035 ], [ -65.001561, -17.901691 ], [ -65.000809, -17.901246 ], [ -64.999004, -17.900286 ], [ -64.99781, -17.899867 ], [ -64.997609, -17.899718 ], [ -64.997548, -17.899666 ], [ -64.997481, -17.899577 ], [ -64.997408, -17.899528 ], [ -64.997359, -17.899485 ], [ -64.997353, -17.899471 ], [ -64.997321, -17.89941 ], [ -64.997279, -17.899256 ], [ -64.997041, -17.899271 ], [ -64.996943, -17.899331 ], [ -64.996733, -17.898547 ], [ -64.996687, -17.898484 ], [ -64.996681, -17.898474 ], [ -64.996633, -17.898392 ], [ -64.996603, -17.89832 ], [ -64.996601, -17.898316 ], [ -64.996601, -17.898315 ], [ -64.9966, -17.898296 ], [ -64.996595, -17.898239 ], [ -64.996536, -17.89822 ], [ -64.996484, -17.898177 ], [ -64.996426, -17.898158 ], [ -64.996382, -17.898124 ], [ -64.996316, -17.898092 ], [ -64.996248, -17.898045 ], [ -64.996235, -17.897991 ], [ -64.99618, -17.897947 ], [ -64.996167, -17.897936 ], [ -64.996078, -17.897898 ], [ -64.996022, -17.897809 ], [ -64.996022, -17.897808 ], [ -64.995882, -17.897752 ], [ -64.995852, -17.897741 ], [ -64.995807, -17.897691 ], [ -64.995796, -17.897649 ], [ -64.995788, -17.897619 ], [ -64.99577, -17.897567 ], [ -64.995709, -17.897544 ], [ -64.995668, -17.897528 ], [ -64.995411, -17.897337 ], [ -64.995309, -17.897258 ], [ -64.995235, -17.897216 ], [ -64.995141, -17.897178 ], [ -64.995099, -17.897146 ], [ -64.995114, -17.897081 ], [ -64.995137, -17.897011 ], [ -64.995089, -17.896969 ], [ -64.995029, -17.89694 ], [ -64.995013, -17.89686 ], [ -64.994991, -17.896771 ], [ -64.994959, -17.896682 ], [ -64.994802, -17.896601 ], [ -64.994739, -17.896542 ], [ -64.994739, -17.89654 ], [ -64.99474, -17.896455 ], [ -64.994768, -17.896409 ], [ -64.994781, -17.896387 ], [ -64.994809, -17.896287 ], [ -64.994772, -17.896202 ], [ -64.994652, -17.896131 ], [ -64.99457, -17.896078 ], [ -64.994561, -17.895931 ], [ -64.994642, -17.895791 ], [ -64.994536, -17.895347 ], [ -64.994537, -17.895321 ], [ -64.994431, -17.895122 ], [ -64.994421, -17.895121 ], [ -64.994346, -17.895086 ], [ -64.994346, -17.895086 ], [ -64.994345, -17.895085 ], [ -64.994282, -17.895058 ], [ -64.994238, -17.895017 ], [ -64.994235, -17.895015 ], [ -64.994233, -17.895013 ], [ -64.994227, -17.89501 ], [ -64.994225, -17.895009 ], [ -64.994222, -17.895008 ], [ -64.994145, -17.894983 ], [ -64.994081, -17.894954 ], [ -64.994081, -17.894953 ], [ -64.99408, -17.894953 ], [ -64.994005, -17.89492 ], [ -64.993954, -17.894882 ], [ -64.993934, -17.894832 ], [ -64.993933, -17.89483 ], [ -64.993933, -17.894829 ], [ -64.993883, -17.894724 ], [ -64.993878, -17.894647 ], [ -64.993878, -17.894644 ], [ -64.993868, -17.894572 ], [ -64.993861, -17.894522 ], [ -64.993858, -17.894494 ], [ -64.993857, -17.894387 ], [ -64.993873, -17.894271 ], [ -64.993895, -17.894168 ], [ -64.993896, -17.894168 ], [ -64.993896, -17.894165 ], [ -64.993896, -17.894159 ], [ -64.993896, -17.894156 ], [ -64.993896, -17.894154 ], [ -64.993886, -17.894069 ], [ -64.99388, -17.894007 ], [ -64.99388, -17.894004 ], [ -64.99388, -17.894002 ], [ -64.993878, -17.893996 ], [ -64.993877, -17.893993 ], [ -64.993876, -17.89399 ], [ -64.993874, -17.893988 ], [ -64.993821, -17.893901 ], [ -64.993797, -17.893774 ], [ -64.993797, -17.893773 ], [ -64.993796, -17.89377 ], [ -64.993794, -17.893764 ], [ -64.993793, -17.893762 ], [ -64.993793, -17.893761 ], [ -64.99376, -17.893699 ], [ -64.993759, -17.893661 ], [ -64.993759, -17.893658 ], [ -64.993758, -17.893652 ], [ -64.993757, -17.893649 ], [ -64.993757, -17.893646 ], [ -64.993755, -17.893643 ], [ -64.993754, -17.893641 ], [ -64.993753, -17.893638 ], [ -64.993751, -17.893635 ], [ -64.993751, -17.893635 ], [ -64.993689, -17.89355 ], [ -64.993687, -17.893548 ], [ -64.993685, -17.893546 ], [ -64.993683, -17.893544 ], [ -64.993643, -17.893506 ], [ -64.993615, -17.89347 ], [ -64.993607, -17.893397 ], [ -64.99361, -17.893391 ], [ -64.993618, -17.893377 ], [ -64.993636, -17.893343 ], [ -64.993665, -17.893302 ], [ -64.993699, -17.893266 ], [ -64.993737, -17.893232 ], [ -64.993791, -17.893192 ], [ -64.993794, -17.89319 ], [ -64.993795, -17.89319 ], [ -64.993834, -17.893155 ], [ -64.993836, -17.893153 ], [ -64.993838, -17.893152 ], [ -64.993871, -17.89312 ], [ -64.993873, -17.893117 ], [ -64.993875, -17.893115 ], [ -64.993877, -17.893113 ], [ -64.993878, -17.893111 ], [ -64.993915, -17.893052 ], [ -64.993915, -17.893051 ], [ -64.993917, -17.893049 ], [ -64.993918, -17.893046 ], [ -64.993939, -17.892997 ], [ -64.993973, -17.892951 ], [ -64.993974, -17.89295 ], [ -64.993975, -17.892947 ], [ -64.993977, -17.892945 ], [ -64.993978, -17.892942 ], [ -64.993979, -17.892939 ], [ -64.99398, -17.892936 ], [ -64.993981, -17.892933 ], [ -64.993981, -17.89293 ], [ -64.993981, -17.892928 ], [ -64.993981, -17.892925 ], [ -64.99398, -17.89285 ], [ -64.994007, -17.892802 ], [ -64.994008, -17.8928 ], [ -64.994009, -17.892798 ], [ -64.99401, -17.892795 ], [ -64.994011, -17.892792 ], [ -64.994011, -17.892792 ], [ -64.994029, -17.892725 ], [ -64.994055, -17.892643 ], [ -64.99409, -17.892569 ], [ -64.994091, -17.892567 ], [ -64.994092, -17.892564 ], [ -64.994093, -17.892562 ], [ -64.994094, -17.892559 ], [ -64.994094, -17.892556 ], [ -64.994095, -17.892553 ], [ -64.994095, -17.89255 ], [ -64.994094, -17.89249 ], [ -64.994094, -17.892483 ], [ -64.994106, -17.892455 ], [ -64.99414, -17.892409 ], [ -64.994142, -17.892408 ], [ -64.994142, -17.892408 ], [ -64.994177, -17.892356 ], [ -64.994207, -17.892322 ], [ -64.994209, -17.89232 ], [ -64.994256, -17.892261 ], [ -64.994256, -17.892261 ], [ -64.994257, -17.892258 ], [ -64.994259, -17.892256 ], [ -64.99426, -17.892253 ], [ -64.994261, -17.892251 ], [ -64.99428, -17.892211 ], [ -64.99428, -17.89221 ], [ -64.994281, -17.892207 ], [ -64.994283, -17.892201 ], [ -64.994283, -17.8922 ], [ -64.994288, -17.89217 ], [ -64.994292, -17.892146 ], [ -64.994305, -17.892079 ], [ -64.994305, -17.892079 ], [ -64.994305, -17.892077 ], [ -64.994313, -17.892015 ], [ -64.994319, -17.891999 ], [ -64.994334, -17.891963 ], [ -64.994347, -17.891953 ], [ -64.994366, -17.891939 ], [ -64.994368, -17.891937 ], [ -64.99437, -17.891935 ], [ -64.994371, -17.891934 ], [ -64.994417, -17.891886 ], [ -64.994418, -17.891885 ], [ -64.99442, -17.891883 ], [ -64.994421, -17.89188 ], [ -64.994423, -17.891878 ], [ -64.994424, -17.891875 ], [ -64.994426, -17.891873 ], [ -64.994427, -17.89187 ], [ -64.994428, -17.891867 ], [ -64.994428, -17.891864 ], [ -64.994434, -17.891835 ], [ -64.994437, -17.891822 ], [ -64.99444, -17.891818 ], [ -64.994458, -17.891798 ], [ -64.994541, -17.891774 ], [ -64.994542, -17.891773 ], [ -64.994545, -17.891772 ], [ -64.994548, -17.891771 ], [ -64.994554, -17.891767 ], [ -64.994627, -17.891718 ], [ -64.994629, -17.891717 ], [ -64.994631, -17.891715 ], [ -64.994633, -17.891713 ], [ -64.994635, -17.891711 ], [ -64.994637, -17.891708 ], [ -64.994638, -17.891707 ], [ -64.994681, -17.891649 ], [ -64.994752, -17.891575 ], [ -64.994817, -17.89153 ], [ -64.99488, -17.891505 ], [ -64.994903, -17.891495 ], [ -64.995, -17.891479 ], [ -64.995003, -17.891478 ], [ -64.995006, -17.891477 ], [ -64.995009, -17.891476 ], [ -64.995012, -17.891475 ], [ -64.995015, -17.891473 ], [ -64.995016, -17.891473 ], [ -64.995062, -17.891444 ], [ -64.995067, -17.891441 ], [ -64.995069, -17.891439 ], [ -64.995071, -17.891437 ], [ -64.995073, -17.891434 ], [ -64.995075, -17.891432 ], [ -64.995076, -17.891431 ], [ -64.995114, -17.891371 ], [ -64.995115, -17.89137 ], [ -64.995117, -17.891367 ], [ -64.995118, -17.891364 ], [ -64.995119, -17.891362 ], [ -64.99512, -17.891359 ], [ -64.995121, -17.891356 ], [ -64.995121, -17.891353 ], [ -64.995121, -17.891352 ], [ -64.995126, -17.891309 ], [ -64.995151, -17.891244 ], [ -64.995151, -17.891243 ], [ -64.995153, -17.891237 ], [ -64.995153, -17.891234 ], [ -64.995154, -17.891231 ], [ -64.995154, -17.891228 ], [ -64.995151, -17.891013 ], [ -64.995151, -17.890964 ], [ -64.995153, -17.890954 ], [ -64.995158, -17.890929 ], [ -64.995175, -17.890907 ], [ -64.995179, -17.890903 ], [ -64.995231, -17.890879 ], [ -64.995262, -17.890879 ], [ -64.995262, -17.890879 ], [ -64.995288, -17.890879 ], [ -64.995292, -17.890878 ], [ -64.995295, -17.890878 ], [ -64.995298, -17.890878 ], [ -64.995301, -17.890877 ], [ -64.995304, -17.890876 ], [ -64.995306, -17.890875 ], [ -64.995362, -17.890853 ], [ -64.995363, -17.890853 ], [ -64.995365, -17.890852 ], [ -64.995368, -17.89085 ], [ -64.995371, -17.890848 ], [ -64.995373, -17.890847 ], [ -64.995375, -17.890845 ], [ -64.995378, -17.890843 ], [ -64.995439, -17.890793 ], [ -64.995613, -17.890695 ], [ -64.995892, -17.890522 ], [ -64.995643, -17.890438 ], [ -64.995544, -17.890405 ], [ -64.994817, -17.890412 ], [ -64.994814, -17.890414 ], [ -64.994812, -17.890414 ], [ -64.99452, -17.890369 ], [ -64.994059, -17.890297 ], [ -64.993797, -17.89023 ], [ -64.993365, -17.889613 ], [ -64.991418, -17.889245 ], [ -64.989746, -17.890221 ], [ -64.988394, -17.891366 ], [ -64.988025, -17.889931 ], [ -64.988074, -17.889352 ], [ -64.98809, -17.889166 ], [ -64.988155, -17.888398 ], [ -64.986823, -17.887972 ], [ -64.986606, -17.887897 ], [ -64.986155, -17.887742 ], [ -64.985993, -17.887365 ], [ -64.986137, -17.886195 ], [ -64.985701, -17.885635 ], [ -64.985405, -17.885156 ], [ -64.985045, -17.884572 ], [ -64.985011, -17.884227 ], [ -64.984829, -17.883628 ], [ -64.98506, -17.883017 ], [ -64.98515, -17.882755 ], [ -64.985449, -17.882111 ], [ -64.986552, -17.881813 ], [ -64.987497, -17.881505 ], [ -64.988496, -17.880281 ], [ -64.989531, -17.878375 ], [ -64.989594, -17.877947 ], [ -64.990339, -17.87729 ], [ -64.990631, -17.877165 ], [ -64.991613, -17.877279 ], [ -64.992016, -17.877141 ], [ -64.99321, -17.876046 ], [ -64.993364, -17.875677 ], [ -64.994419, -17.874716 ], [ -64.995117, -17.874096 ], [ -64.995668, -17.873799 ], [ -64.996112, -17.873516 ], [ -64.997678, -17.872021 ], [ -64.997677, -17.872019 ], [ -64.97586, -17.873433 ], [ -64.932317, -17.8951 ], [ -64.919783, -17.92296 ], [ -64.901855, -17.945361 ], [ -64.894702, -17.969463 ], [ -64.886204, -17.982646 ], [ -64.85813, -17.983829 ], [ -64.821979, -17.980098 ], [ -64.806943, -17.987015 ], [ -64.766294, -17.985988 ], [ -64.766126, -17.986103 ], [ -64.765974, -17.986307 ], [ -64.765889, -17.986499 ], [ -64.765835, -17.986735 ], [ -64.765772, -17.986941 ], [ -64.765743, -17.987258 ], [ -64.765827, -17.987589 ], [ -64.765949, -17.987927 ], [ -64.766131, -17.98825 ], [ -64.766275, -17.988674 ], [ -64.76648, -17.989162 ], [ -64.76661, -17.98953 ], [ -64.766747, -17.990012 ], [ -64.766764, -17.99053 ], [ -64.766683, -17.990991 ], [ -64.766542, -17.991495 ], [ -64.766364, -17.992014 ], [ -64.766305, -17.992482 ], [ -64.766255, -17.993003 ], [ -64.766144, -17.993457 ], [ -64.76601, -17.993933 ], [ -64.765945, -17.994401 ], [ -64.765947, -17.994969 ], [ -64.765768, -17.995416 ], [ -64.765414, -17.996071 ], [ -64.765281, -17.996604 ], [ -64.76502, -17.997231 ], [ -64.764812, -17.997879 ], [ -64.764732, -17.998603 ], [ -64.764713, -17.999345 ], [ -64.764497, -18.000072 ], [ -64.764237, -18.000692 ], [ -64.764118, -18.00111 ], [ -64.763871, -18.00142 ], [ -64.763632, -18.001731 ], [ -64.763445, -18.002026 ], [ -64.763176, -18.002473 ], [ -64.762831, -18.002849 ], [ -64.762458, -18.00324 ], [ -64.761858, -18.003602 ], [ -64.761266, -18.004036 ], [ -64.760823, -18.004355 ], [ -64.760591, -18.004672 ], [ -64.760465, -18.005097 ], [ -64.760445, -18.005644 ], [ -64.760387, -18.006226 ], [ -64.760306, -18.006636 ], [ -64.760067, -18.00704 ], [ -64.759677, -18.007524 ], [ -64.759258, -18.007914 ], [ -64.758763, -18.008347 ], [ -64.758328, -18.008752 ], [ -64.758044, -18.009111 ], [ -64.75776, -18.00971 ], [ -64.757522, -18.010373 ], [ -64.757239, -18.010913 ], [ -64.756902, -18.011346 ], [ -64.756565, -18.011635 ], [ -64.756235, -18.012068 ], [ -64.756076, -18.012482 ], [ -64.75595, -18.012878 ], [ -64.755672, -18.013138 ], [ -64.75538, -18.013348 ], [ -64.754983, -18.013673 ], [ -64.754532, -18.013884 ], [ -64.754089, -18.014101 ], [ -64.753549, -18.014391 ], [ -64.753249, -18.014788 ], [ -64.752898, -18.01535 ], [ -64.752356, -18.016034 ], [ -64.75196, -18.016583 ], [ -64.751728, -18.016879 ], [ -64.751458, -18.017189 ], [ -64.751173, -18.017442 ], [ -64.750888, -18.01763 ], [ -64.750588, -18.017833 ], [ -64.750342, -18.018054 ], [ -64.750118, -18.018328 ], [ -64.749909, -18.018768 ], [ -64.74973, -18.019222 ], [ -64.749627, -18.019726 ], [ -64.749502, -18.02041 ], [ -64.749421, -18.021064 ], [ -64.749318, -18.021553 ], [ -64.749117, -18.022087 ], [ -64.748886, -18.022548 ], [ -64.748719, -18.022926 ], [ -64.748435, -18.023402 ], [ -64.748203, -18.023806 ], [ -64.747911, -18.024181 ], [ -64.747672, -18.024628 ], [ -64.747546, -18.025129 ], [ -64.747323, -18.025806 ], [ -64.747123, -18.026498 ], [ -64.746802, -18.027331 ], [ -64.746572, -18.028095 ], [ -64.746417, -18.0287 ], [ -64.746268, -18.029254 ], [ -64.746075, -18.029759 ], [ -64.745835, -18.030062 ], [ -64.74546, -18.030341 ], [ -64.745213, -18.030586 ], [ -64.745063, -18.030803 ], [ -64.744846, -18.03107 ], [ -64.744644, -18.031229 ], [ -64.744396, -18.031359 ], [ -64.744209, -18.031526 ], [ -64.74403, -18.031936 ], [ -64.743839, -18.032352 ], [ -64.743683, -18.032856 ], [ -64.743504, -18.033245 ], [ -64.743264, -18.033476 ], [ -64.743054, -18.033585 ], [ -64.742746, -18.033751 ], [ -64.742438, -18.033846 ], [ -64.742167, -18.033941 ], [ -64.741882, -18.034107 ], [ -64.741657, -18.034266 ], [ -64.741507, -18.034401 ], [ -64.74135, -18.034711 ], [ -64.741126, -18.034999 ], [ -64.740999, -18.035324 ], [ -64.740827, -18.035677 ], [ -64.740671, -18.036052 ], [ -64.74053, -18.036469 ], [ -64.740343, -18.036794 ], [ -64.740073, -18.036939 ], [ -64.739678, -18.037152 ], [ -64.739359, -18.037399 ], [ -64.739041, -18.037796 ], [ -64.738772, -18.038055 ], [ -64.738554, -18.038266 ], [ -64.738329, -18.038564 ], [ -64.738205, -18.03875 ], [ -64.738099, -18.038895 ], [ -64.738011, -18.039045 ], [ -64.737912, -18.039261 ], [ -64.737794, -18.039436 ], [ -64.737643, -18.039532 ], [ -64.737462, -18.039611 ], [ -64.737312, -18.039683 ], [ -64.737174, -18.039762 ], [ -64.737062, -18.039864 ], [ -64.736974, -18.039996 ], [ -64.736843, -18.040128 ], [ -64.736674, -18.040177 ], [ -64.736499, -18.04016 ], [ -64.73631, -18.040082 ], [ -64.736072, -18.039987 ], [ -64.735864, -18.039868 ], [ -64.735726, -18.039677 ], [ -64.735631, -18.039425 ], [ -64.735533, -18.039216 ], [ -64.735439, -18.039036 ], [ -64.735294, -18.038845 ], [ -64.735199, -18.038677 ], [ -64.735111, -18.038551 ], [ -64.734985, -18.038468 ], [ -64.734759, -18.038421 ], [ -64.734515, -18.038434 ], [ -64.734339, -18.038452 ], [ -64.734208, -18.038489 ], [ -64.734026, -18.038519 ], [ -64.733889, -18.038586 ], [ -64.733776, -18.038694 ], [ -64.733658, -18.038808 ], [ -64.733514, -18.038983 ], [ -64.733352, -18.039145 ], [ -64.73317, -18.039296 ], [ -64.732977, -18.039422 ], [ -64.732814, -18.039531 ], [ -64.732632, -18.039591 ], [ -64.732153, -18.039681 ], [ -64.731807, -18.039754 ], [ -64.731439, -18.039825 ], [ -64.730847, -18.039923 ], [ -64.730225, -18.039982 ], [ -64.729514, -18.040052 ], [ -64.728993, -18.040236 ], [ -64.728361, -18.040363 ], [ -64.727991, -18.040499 ], [ -64.72754, -18.040673 ], [ -64.727079, -18.040713 ], [ -64.726608, -18.040801 ], [ -64.726307, -18.040975 ], [ -64.725875, -18.041252 ], [ -64.72553, -18.041474 ], [ -64.72528, -18.041643 ], [ -64.72498, -18.041927 ], [ -64.72456, -18.042217 ], [ -64.724106, -18.042413 ], [ -64.723856, -18.042577 ], [ -64.723556, -18.042683 ], [ -64.723315, -18.042742 ], [ -64.723135, -18.042742 ], [ -64.722839, -18.042758 ], [ -64.722528, -18.042836 ], [ -64.722188, -18.042995 ], [ -64.721908, -18.043193 ], [ -64.721683, -18.043376 ], [ -64.72149, -18.043535 ], [ -64.72139, -18.043641 ], [ -64.721214, -18.043728 ], [ -64.720969, -18.043743 ], [ -64.720723, -18.043763 ], [ -64.720437, -18.04374 ], [ -64.720221, -18.043712 ], [ -64.72004, -18.043593 ], [ -64.719849, -18.043473 ], [ -64.719583, -18.043302 ], [ -64.719457, -18.04322 ], [ -64.719306, -18.043101 ], [ -64.71915, -18.042953 ], [ -64.718984, -18.0428 ], [ -64.718798, -18.042633 ], [ -64.718607, -18.042475 ], [ -64.718413, -18.04229 ], [ -64.718262, -18.042152 ], [ -64.718116, -18.042047 ], [ -64.71799, -18.041946 ], [ -64.717875, -18.041894 ], [ -64.717704, -18.041909 ], [ -64.717584, -18.041909 ], [ -64.717473, -18.04191 ], [ -64.717348, -18.041977 ], [ -64.717203, -18.042103 ], [ -64.717064, -18.042285 ], [ -64.716964, -18.042458 ], [ -64.716885, -18.042669 ], [ -64.716805, -18.04288 ], [ -64.716675, -18.043097 ], [ -64.716541, -18.043346 ], [ -64.716466, -18.043515 ], [ -64.716407, -18.043726 ], [ -64.716383, -18.043956 ], [ -64.716354, -18.044191 ], [ -64.716369, -18.044398 ], [ -64.7164, -18.044609 ], [ -64.716501, -18.044757 ], [ -64.716698, -18.04496 ], [ -64.7169, -18.045127 ], [ -64.717096, -18.045241 ], [ -64.717327, -18.045341 ], [ -64.717497, -18.045398 ], [ -64.717603, -18.045528 ], [ -64.717654, -18.045753 ], [ -64.717635, -18.045998 ], [ -64.717591, -18.046305 ], [ -64.717522, -18.046511 ], [ -64.717437, -18.046704 ], [ -64.717378, -18.046896 ], [ -64.717258, -18.047165 ], [ -64.717159, -18.047316 ], [ -64.717029, -18.047474 ], [ -64.716919, -18.04759 ], [ -64.716774, -18.047706 ], [ -64.716654, -18.047797 ], [ -64.716494, -18.04787 ], [ -64.716333, -18.047923 ], [ -64.716183, -18.047991 ], [ -64.716058, -18.048092 ], [ -64.715998, -18.048217 ], [ -64.715929, -18.048342 ], [ -64.715844, -18.048486 ], [ -64.715784, -18.048649 ], [ -64.715755, -18.048832 ], [ -64.715735, -18.04899 ], [ -64.715676, -18.049158 ], [ -64.715616, -18.049312 ], [ -64.715537, -18.04949 ], [ -64.715492, -18.049652 ], [ -64.715463, -18.049834 ], [ -64.715438, -18.049983 ], [ -64.715429, -18.050122 ], [ -64.715439, -18.050261 ], [ -64.715515, -18.050357 ], [ -64.7156, -18.050419 ], [ -64.715736, -18.050472 ], [ -64.715877, -18.050615 ], [ -64.716008, -18.050749 ], [ -64.716159, -18.050881 ], [ -64.716375, -18.051048 ], [ -64.716516, -18.051139 ], [ -64.716652, -18.051263 ], [ -64.716767, -18.051378 ], [ -64.716828, -18.051488 ], [ -64.716819, -18.051641 ], [ -64.716759, -18.051819 ], [ -64.71671, -18.052016 ], [ -64.71665, -18.052208 ], [ -64.71655, -18.052352 ], [ -64.716441, -18.052573 ], [ -64.716377, -18.052804 ], [ -64.716352, -18.053025 ], [ -64.716283, -18.053355 ], [ -64.716184, -18.053681 ], [ -64.716116, -18.054113 ], [ -64.716057, -18.054553 ], [ -64.716018, -18.054856 ], [ -64.715959, -18.055105 ], [ -64.715915, -18.055403 ], [ -64.715901, -18.055729 ], [ -64.715902, -18.056116 ], [ -64.715898, -18.056389 ], [ -64.715844, -18.056716 ], [ -64.715846, -18.057104 ], [ -64.715872, -18.057354 ], [ -64.715958, -18.057569 ], [ -64.716094, -18.057751 ], [ -64.71626, -18.057885 ], [ -64.71646, -18.057939 ], [ -64.716678, -18.05796 ], [ -64.716881, -18.05801 ], [ -64.7171, -18.058153 ], [ -64.717342, -18.058397 ], [ -64.717606, -18.058655 ], [ -64.717976, -18.05897 ], [ -64.718353, -18.059276 ], [ -64.718655, -18.059601 ], [ -64.718948, -18.059974 ], [ -64.71923, -18.060491 ], [ -64.719543, -18.06096 ], [ -64.719715, -18.061286 ], [ -64.719676, -18.061603 ], [ -64.719436, -18.061863 ], [ -64.719106, -18.06219 ], [ -64.718516, -18.062662 ], [ -64.718115, -18.062836 ], [ -64.717836, -18.063018 ], [ -64.717555, -18.063283 ], [ -64.717286, -18.063566 ], [ -64.716962, -18.063918 ], [ -64.716536, -18.064263 ], [ -64.716305, -18.06439 ], [ -64.716036, -18.06457 ], [ -64.715786, -18.064763 ], [ -64.715511, -18.064968 ], [ -64.715249, -18.065263 ], [ -64.715086, -18.065425 ], [ -64.71493, -18.065654 ], [ -64.714637, -18.066068 ], [ -64.714469, -18.066351 ], [ -64.714375, -18.066672 ], [ -64.714372, -18.067245 ], [ -64.714405, -18.067824 ], [ -64.714426, -18.068429 ], [ -64.714535, -18.068999 ], [ -64.714751, -18.069703 ], [ -64.715161, -18.070451 ], [ -64.71539, -18.071236 ], [ -64.715645, -18.072182 ], [ -64.715658, -18.072423 ], [ -64.71564, -18.072759 ], [ -64.715566, -18.073083 ], [ -64.715454, -18.073371 ], [ -64.715261, -18.073629 ], [ -64.714973, -18.07384 ], [ -64.714585, -18.073943 ], [ -64.714253, -18.073993 ], [ -64.714008, -18.073963 ], [ -64.71387, -18.073832 ], [ -64.713837, -18.073595 ], [ -64.713875, -18.073144 ], [ -64.713845, -18.072769 ], [ -64.713677, -18.072576 ], [ -64.713563, -18.072324 ], [ -64.713406, -18.072127 ], [ -64.713167, -18.072062 ], [ -64.712917, -18.072117 ], [ -64.712472, -18.07222 ], [ -64.712087, -18.072334 ], [ -64.71169, -18.072678 ], [ -64.711478, -18.072967 ], [ -64.71132, -18.073355 ], [ -64.711208, -18.073739 ], [ -64.711116, -18.074189 ], [ -64.711093, -18.074741 ], [ -64.711121, -18.075446 ], [ -64.711198, -18.076027 ], [ -64.711222, -18.076674 ], [ -64.711186, -18.07786 ], [ -64.710986, -18.079419 ], [ -64.710874, -18.079977 ], [ -64.710738, -18.080386 ], [ -64.71057, -18.080807 ], [ -64.710308, -18.081221 ], [ -64.710096, -18.08157 ], [ -64.709772, -18.082021 ], [ -64.709422, -18.082418 ], [ -64.70906, -18.082731 ], [ -64.708685, -18.083067 ], [ -64.708241, -18.08353 ], [ -64.707916, -18.083831 ], [ -64.707503, -18.08409 ], [ -64.70674, -18.084566 ], [ -64.706434, -18.084759 ], [ -64.705958, -18.08497 ], [ -64.70514, -18.085222 ], [ -64.704639, -18.085355 ], [ -64.704157, -18.085549 ], [ -64.703763, -18.085694 ], [ -64.703387, -18.085875 ], [ -64.702991, -18.086087 ], [ -64.702712, -18.086297 ], [ -64.702469, -18.086457 ], [ -64.702086, -18.08676 ], [ -64.70185, -18.087104 ], [ -64.70149, -18.087501 ], [ -64.700889, -18.087884 ], [ -64.700289, -18.088339 ], [ -64.699854, -18.088621 ], [ -64.699464, -18.089033 ], [ -64.699154, -18.089408 ], [ -64.698726, -18.089813 ], [ -64.69842, -18.090267 ], [ -64.698203, -18.090865 ], [ -64.698166, -18.091337 ], [ -64.698208, -18.09173 ], [ -64.698149, -18.092114 ], [ -64.697959, -18.092393 ], [ -64.697779, -18.092619 ], [ -64.697509, -18.092836 ], [ -64.697064, -18.093068 ], [ -64.696614, -18.09327 ], [ -64.695858, -18.093458 ], [ -64.69521, -18.093596 ], [ -64.694859, -18.093681 ], [ -64.694496, -18.093772 ], [ -64.694176, -18.093881 ], [ -64.693945, -18.094038 ], [ -64.693688, -18.094218 ], [ -64.69352, -18.094429 ], [ -64.693446, -18.094759 ], [ -64.693378, -18.095125 ], [ -64.693336, -18.095611 ], [ -64.693281, -18.09596 ], [ -64.693172, -18.096363 ], [ -64.692983, -18.096791 ], [ -64.692584, -18.097545 ], [ -64.692306, -18.098213 ], [ -64.691873, -18.098758 ], [ -64.691051, -18.099016 ], [ -64.690352, -18.099139 ], [ -64.689992, -18.099245 ], [ -64.689601, -18.099376 ], [ -64.689135, -18.099478 ], [ -64.688643, -18.0996 ], [ -64.688187, -18.099659 ], [ -64.687701, -18.099709 ], [ -64.687326, -18.099729 ], [ -64.68703, -18.09974 ], [ -64.686653, -18.099722 ], [ -64.686232, -18.099733 ], [ -64.685785, -18.099676 ], [ -64.685585, -18.099663 ], [ -64.685359, -18.099639 ], [ -64.685077, -18.09954 ], [ -64.684267, -18.099362 ], [ -64.683863, -18.099294 ], [ -64.68358, -18.099223 ], [ -64.683329, -18.099158 ], [ -64.683053, -18.099087 ], [ -64.682827, -18.099022 ], [ -64.682594, -18.099022 ], [ -64.682362, -18.099083 ], [ -64.682193, -18.099198 ], [ -64.682056, -18.09933 ], [ -64.681968, -18.099534 ], [ -64.6819, -18.09972 ], [ -64.681738, -18.099937 ], [ -64.681494, -18.100127 ], [ -64.681207, -18.10041 ], [ -64.681001, -18.10068 ], [ -64.680776, -18.100909 ], [ -64.680573, -18.10114 ], [ -64.680351, -18.10139 ], [ -64.680144, -18.101535 ], [ -64.679944, -18.101565 ], [ -64.6798, -18.101536 ], [ -64.679649, -18.101458 ], [ -64.676707, -18.10103 ] ], [ [ -64.839259, -18.285449 ], [ -64.839035, -18.285149 ], [ -64.838906, -18.284939 ], [ -64.838682, -18.28467 ], [ -64.838492, -18.284348 ], [ -64.837903, -18.283702 ], [ -64.836761, -18.282261 ], [ -64.836761, -18.282238 ], [ -64.836473, -18.281904 ], [ -64.836449, -18.281904 ], [ -64.836389, -18.281834 ], [ -64.836257, -18.281731 ], [ -64.835403, -18.280831 ], [ -64.835235, -18.280681 ], [ -64.834947, -18.28037 ], [ -64.834706, -18.280139 ], [ -64.834262, -18.279655 ], [ -64.834178, -18.279586 ], [ -64.833408, -18.278675 ], [ -64.833216, -18.278398 ], [ -64.833108, -18.278214 ], [ -64.833012, -18.278098 ], [ -64.832951, -18.277949 ], [ -64.832855, -18.27781 ], [ -64.832422, -18.276876 ], [ -64.832326, -18.276496 ], [ -64.832289, -18.276254 ], [ -64.832241, -18.276115 ], [ -64.832241, -18.276053 ], [ -64.832289, -18.27619 ], [ -64.832325, -18.276432 ], [ -64.832421, -18.276813 ], [ -64.832855, -18.277747 ], [ -64.832951, -18.277885 ], [ -64.833011, -18.278035 ], [ -64.833107, -18.27815 ], [ -64.833215, -18.278335 ], [ -64.833408, -18.278611 ], [ -64.834177, -18.279522 ], [ -64.834261, -18.279591 ], [ -64.834706, -18.280076 ], [ -64.834946, -18.280306 ], [ -64.835234, -18.280618 ], [ -64.835403, -18.280768 ], [ -64.836256, -18.281667 ], [ -64.836388, -18.281771 ], [ -64.836448, -18.28184 ], [ -64.836472, -18.28184 ], [ -64.836761, -18.282174 ], [ -64.836761, -18.282197 ], [ -64.837903, -18.283639 ], [ -64.838491, -18.284284 ], [ -64.838681, -18.284606 ], [ -64.838905, -18.284876 ], [ -64.839034, -18.285086 ], [ -64.839258, -18.285385 ], [ -64.839258, -18.285385 ], [ -64.850877, -18.302962 ], [ -64.850862, -18.303002 ], [ -64.839259, -18.285449 ] ], [ [ -64.832241, -18.276052 ], [ -64.832241, -18.275986 ], [ -64.832241, -18.275989 ], [ -64.832241, -18.276053 ], [ -64.832241, -18.276052 ] ], [ [ -64.832193, -18.275781 ], [ -64.832108, -18.275205 ], [ -64.832108, -18.275145 ], [ -64.832192, -18.275717 ], [ -64.832241, -18.275925 ], [ -64.832241, -18.275986 ], [ -64.832193, -18.275781 ] ], [ [ -64.832108, -18.275141 ], [ -64.832107, -18.274913 ], [ -64.832108, -18.274916 ], [ -64.832108, -18.275145 ], [ -64.832108, -18.275141 ] ], [ [ -64.832048, -18.274571 ], [ -64.832048, -18.27451 ], [ -64.832107, -18.274853 ], [ -64.832107, -18.274913 ], [ -64.832048, -18.274571 ] ], [ [ -64.832047, -18.274507 ], [ -64.832047, -18.27438 ], [ -64.832071, -18.274242 ], [ -64.832071, -18.274092 ], [ -64.832106, -18.273827 ], [ -64.832106, -18.273585 ], [ -64.83213, -18.273435 ], [ -64.83213, -18.273273 ], [ -64.832154, -18.273089 ], [ -64.832154, -18.272928 ], [ -64.832201, -18.272593 ], [ -64.832201, -18.271997 ], [ -64.832201, -18.272 ], [ -64.832202, -18.272657 ], [ -64.832154, -18.272991 ], [ -64.832154, -18.273153 ], [ -64.832131, -18.273337 ], [ -64.832131, -18.273498 ], [ -64.832107, -18.273648 ], [ -64.832107, -18.27389 ], [ -64.832071, -18.274156 ], [ -64.832071, -18.274305 ], [ -64.832048, -18.274444 ], [ -64.832048, -18.27451 ], [ -64.832047, -18.274507 ] ], [ [ -64.832165, -18.271804 ], [ -64.832165, -18.271743 ], [ -64.832201, -18.271936 ], [ -64.832201, -18.271997 ], [ -64.832165, -18.271804 ] ], [ [ -64.832164, -18.27174 ], [ -64.832164, -18.271722 ], [ -64.832165, -18.271723 ], [ -64.832165, -18.271743 ], [ -64.832164, -18.27174 ] ], [ [ -64.832057, -18.271446 ], [ -64.8319, -18.271147 ], [ -64.831744, -18.270916 ], [ -64.831395, -18.27027 ], [ -64.831287, -18.270028 ], [ -64.831287, -18.269971 ], [ -64.831239, -18.269763 ], [ -64.83107, -18.26936 ], [ -64.830986, -18.269256 ], [ -64.830962, -18.269187 ], [ -64.830578, -18.268818 ], [ -64.830313, -18.26861 ], [ -64.829605, -18.268114 ], [ -64.829136, -18.267734 ], [ -64.828764, -18.267376 ], [ -64.828727, -18.267295 ], [ -64.828655, -18.267226 ], [ -64.828655, -18.267163 ], [ -64.828727, -18.267232 ], [ -64.828763, -18.267312 ], [ -64.829135, -18.26767 ], [ -64.829604, -18.26805 ], [ -64.830313, -18.268546 ], [ -64.830577, -18.268754 ], [ -64.830961, -18.269123 ], [ -64.830985, -18.269192 ], [ -64.83107, -18.269296 ], [ -64.831238, -18.269699 ], [ -64.831286, -18.269907 ], [ -64.831286, -18.269965 ], [ -64.831395, -18.270207 ], [ -64.831743, -18.270852 ], [ -64.8319, -18.271083 ], [ -64.832056, -18.271383 ], [ -64.832164, -18.27166 ], [ -64.832164, -18.271722 ], [ -64.832057, -18.271446 ] ], [ [ -64.828655, -18.267162 ], [ -64.828654, -18.266367 ], [ -64.828785, -18.265791 ], [ -64.828785, -18.265733 ], [ -64.828953, -18.265249 ], [ -64.829097, -18.264938 ], [ -64.829121, -18.264834 ], [ -64.829528, -18.263785 ], [ -64.829731, -18.263359 ], [ -64.829971, -18.262759 ], [ -64.830259, -18.262344 ], [ -64.830378, -18.262194 ], [ -64.830462, -18.261918 ], [ -64.830486, -18.261918 ], [ -64.830522, -18.261849 ], [ -64.83063, -18.261341 ], [ -64.830629, -18.260571 ], [ -64.83063, -18.260575 ], [ -64.83063, -18.261405 ], [ -64.830523, -18.261912 ], [ -64.830487, -18.261981 ], [ -64.830463, -18.261981 ], [ -64.830379, -18.262258 ], [ -64.830259, -18.262408 ], [ -64.829972, -18.262823 ], [ -64.829732, -18.263422 ], [ -64.829528, -18.263849 ], [ -64.829121, -18.264898 ], [ -64.829097, -18.265001 ], [ -64.828954, -18.265313 ], [ -64.828786, -18.265797 ], [ -64.828786, -18.265854 ], [ -64.828655, -18.266431 ], [ -64.828655, -18.267163 ], [ -64.828655, -18.267162 ] ], [ [ -64.830593, -18.260333 ], [ -64.83058, -18.259549 ], [ -64.830556, -18.259434 ], [ -64.830556, -18.259373 ], [ -64.83058, -18.259485 ], [ -64.830593, -18.260269 ], [ -64.830629, -18.260511 ], [ -64.830629, -18.260571 ], [ -64.830593, -18.260333 ] ], [ [ -64.830556, -18.25937 ], [ -64.830555, -18.258901 ], [ -64.830556, -18.258903 ], [ -64.830556, -18.259373 ], [ -64.830556, -18.25937 ] ], [ [ -64.830508, -18.258719 ], [ -64.830423, -18.258027 ], [ -64.830314, -18.257451 ], [ -64.83023, -18.25714 ], [ -64.83011, -18.25692 ], [ -64.83005, -18.256863 ], [ -64.829917, -18.256586 ], [ -64.829917, -18.256524 ], [ -64.830049, -18.256799 ], [ -64.830109, -18.256857 ], [ -64.830229, -18.257076 ], [ -64.830314, -18.257387 ], [ -64.830422, -18.257964 ], [ -64.830507, -18.258655 ], [ -64.830555, -18.25884 ], [ -64.830555, -18.258901 ], [ -64.830508, -18.258719 ] ], [ [ -64.829917, -18.256522 ], [ -64.829916, -18.256234 ], [ -64.82994, -18.256119 ], [ -64.82994, -18.255992 ], [ -64.829964, -18.255992 ], [ -64.829964, -18.255969 ], [ -64.830072, -18.255808 ], [ -64.830336, -18.255589 ], [ -64.830624, -18.255474 ], [ -64.83072, -18.255416 ], [ -64.830744, -18.255381 ], [ -64.830804, -18.255347 ], [ -64.830804, -18.255324 ], [ -64.83084, -18.255266 ], [ -64.830876, -18.255162 ], [ -64.8309, -18.255024 ], [ -64.830952, -18.254884 ], [ -64.830964, -18.25481 ], [ -64.83097, -18.254838 ], [ -64.830953, -18.254947 ], [ -64.8309, -18.255088 ], [ -64.830876, -18.255226 ], [ -64.83084, -18.25533 ], [ -64.830805, -18.255387 ], [ -64.830805, -18.25541 ], [ -64.830745, -18.255445 ], [ -64.830721, -18.25548 ], [ -64.830625, -18.255537 ], [ -64.830337, -18.255652 ], [ -64.830073, -18.255871 ], [ -64.829965, -18.256033 ], [ -64.829965, -18.256056 ], [ -64.829941, -18.256056 ], [ -64.829941, -18.256183 ], [ -64.829917, -18.256298 ], [ -64.829917, -18.256524 ], [ -64.829917, -18.256522 ] ], [ [ -64.83095, -18.254748 ], [ -64.830871, -18.254441 ], [ -64.82512, -18.247477 ], [ -64.825192, -18.247535 ], [ -64.825127, -18.247423 ], [ -64.830871, -18.254377 ], [ -64.83095, -18.254684 ], [ -64.83097, -18.254775 ], [ -64.830964, -18.25481 ], [ -64.83095, -18.254748 ] ], [ [ -64.825119, -18.247414 ], [ -64.825123, -18.247417 ], [ -64.825127, -18.247423 ], [ -64.825119, -18.247414 ] ], [ [ -64.815263, -18.230423 ], [ -64.807953, -18.209045 ], [ -64.805926, -18.208521 ], [ -64.762784, -18.197448 ], [ -64.742868, -18.172936 ], [ -64.710469, -18.162487 ], [ -64.710434, -18.162412 ], [ -64.742868, -18.172873 ], [ -64.762783, -18.197384 ], [ -64.805926, -18.208457 ], [ -64.807952, -18.208982 ], [ -64.815262, -18.23036 ], [ -64.825191, -18.247471 ], [ -64.825123, -18.247417 ], [ -64.815263, -18.230423 ] ], [ [ -64.710493, -18.162539 ], [ -64.710451, -18.162511 ], [ -64.710434, -18.162476 ], [ -64.710469, -18.162487 ], [ -64.710493, -18.162539 ] ], [ [ -64.710494, -18.162603 ], [ -64.700686, -18.156084 ], [ -64.699512, -18.155228 ], [ -64.680587, -18.141579 ], [ -64.680196, -18.141273 ], [ -64.680319, -18.141307 ], [ -64.680586, -18.141515 ], [ -64.699512, -18.155164 ], [ -64.700685, -18.15602 ], [ -64.710451, -18.162511 ], [ -64.710494, -18.162603 ] ], [ [ -64.680195, -18.141209 ], [ -64.680746, -18.141359 ], [ -64.68107, -18.141387 ], [ -64.681297, -18.141385 ], [ -64.681642, -18.141354 ], [ -64.682182, -18.141415 ], [ -64.682601, -18.141417 ], [ -64.682961, -18.141396 ], [ -64.683153, -18.141317 ], [ -64.68337, -18.14118 ], [ -64.683406, -18.14118 ], [ -64.683454, -18.141111 ], [ -64.683683, -18.140882 ], [ -64.68384, -18.140664 ], [ -64.683938, -18.140226 ], [ -64.683939, -18.13995 ], [ -64.683976, -18.139881 ], [ -64.683989, -18.139639 ], [ -64.68405, -18.139409 ], [ -64.684087, -18.139167 ], [ -64.684233, -18.138592 ], [ -64.684343, -18.138316 ], [ -64.684488, -18.138063 ], [ -64.684596, -18.137926 ], [ -64.684657, -18.13788 ], [ -64.684801, -18.137823 ], [ -64.685136, -18.137836 ], [ -64.685292, -18.137883 ], [ -64.685352, -18.137884 ], [ -64.685711, -18.138012 ], [ -64.686263, -18.138027 ], [ -64.686383, -18.13797 ], [ -64.686467, -18.137959 ], [ -64.686611, -18.137879 ], [ -64.686719, -18.137845 ], [ -64.686816, -18.137707 ], [ -64.686937, -18.137431 ], [ -64.686997, -18.137216 ], [ -64.686998, -18.137276 ], [ -64.686938, -18.137495 ], [ -64.686816, -18.137771 ], [ -64.68672, -18.137909 ], [ -64.686612, -18.137943 ], [ -64.686467, -18.138023 ], [ -64.686383, -18.138034 ], [ -64.686263, -18.138091 ], [ -64.685712, -18.138076 ], [ -64.685353, -18.137947 ], [ -64.685293, -18.137947 ], [ -64.685137, -18.1379 ], [ -64.684801, -18.137887 ], [ -64.684657, -18.137943 ], [ -64.684597, -18.137989 ], [ -64.684488, -18.138127 ], [ -64.684343, -18.13838 ], [ -64.684234, -18.138655 ], [ -64.684087, -18.139231 ], [ -64.68405, -18.139473 ], [ -64.683989, -18.139703 ], [ -64.683976, -18.139945 ], [ -64.68394, -18.140014 ], [ -64.683939, -18.14029 ], [ -64.683841, -18.140727 ], [ -64.683684, -18.140945 ], [ -64.683455, -18.141175 ], [ -64.683407, -18.141243 ], [ -64.683371, -18.141243 ], [ -64.683154, -18.14138 ], [ -64.682962, -18.14146 ], [ -64.682602, -18.141481 ], [ -64.682182, -18.141479 ], [ -64.681643, -18.141418 ], [ -64.681297, -18.141449 ], [ -64.681071, -18.141451 ], [ -64.680747, -18.141423 ], [ -64.680319, -18.141307 ], [ -64.680195, -18.141209 ] ], [ [ -64.686988, -18.136885 ], [ -64.686907, -18.136354 ], [ -64.686871, -18.136296 ], [ -64.686862, -18.135628 ], [ -64.686863, -18.135627 ], [ -64.686871, -18.136233 ], [ -64.686906, -18.136291 ], [ -64.686988, -18.136821 ], [ -64.686998, -18.137213 ], [ -64.686997, -18.137216 ], [ -64.686988, -18.136885 ] ], [ [ -64.686862, -18.135564 ], [ -64.686984, -18.135104 ], [ -64.687044, -18.134943 ], [ -64.687274, -18.13461 ], [ -64.687731, -18.134325 ], [ -64.687875, -18.134199 ], [ -64.687899, -18.134199 ], [ -64.687912, -18.13413 ], [ -64.687913, -18.133893 ], [ -64.687914, -18.133905 ], [ -64.687912, -18.134194 ], [ -64.6879, -18.134263 ], [ -64.687876, -18.134262 ], [ -64.687731, -18.134388 ], [ -64.687274, -18.134674 ], [ -64.687045, -18.135007 ], [ -64.686984, -18.135168 ], [ -64.686863, -18.135627 ], [ -64.686862, -18.135564 ] ], [ [ -64.687891, -18.133571 ], [ -64.68782, -18.133317 ], [ -64.687678, -18.132959 ], [ -64.687678, -18.132913 ], [ -64.687583, -18.132705 ], [ -64.687548, -18.132555 ], [ -64.687453, -18.132301 ], [ -64.687442, -18.132117 ], [ -64.687445, -18.132112 ], [ -64.687453, -18.132238 ], [ -64.687548, -18.132492 ], [ -64.687583, -18.132642 ], [ -64.687678, -18.13285 ], [ -64.687678, -18.132896 ], [ -64.68782, -18.133254 ], [ -64.687891, -18.133508 ], [ -64.687913, -18.133842 ], [ -64.687913, -18.133893 ], [ -64.687891, -18.133571 ] ], [ [ -64.687442, -18.132053 ], [ -64.68755, -18.13187 ], [ -64.687707, -18.131698 ], [ -64.687972, -18.131515 ], [ -64.688284, -18.131355 ], [ -64.688452, -18.13131 ], [ -64.688656, -18.131276 ], [ -64.688932, -18.131278 ], [ -64.689353, -18.13113 ], [ -64.689485, -18.131108 ], [ -64.689545, -18.131062 ], [ -64.689606, -18.130878 ], [ -64.68963, -18.130752 ], [ -64.689644, -18.130349 ], [ -64.689668, -18.130337 ], [ -64.68973, -18.12998 ], [ -64.689791, -18.129727 ], [ -64.689863, -18.129555 ], [ -64.690129, -18.129222 ], [ -64.690321, -18.129085 ], [ -64.690442, -18.128947 ], [ -64.690466, -18.128947 ], [ -64.69049, -18.128924 ], [ -64.690499, -18.128892 ], [ -64.690503, -18.128942 ], [ -64.690491, -18.128988 ], [ -64.690466, -18.129011 ], [ -64.690442, -18.129011 ], [ -64.690322, -18.129148 ], [ -64.690129, -18.129286 ], [ -64.689864, -18.129618 ], [ -64.689791, -18.129791 ], [ -64.68973, -18.130044 ], [ -64.689669, -18.130401 ], [ -64.689645, -18.130412 ], [ -64.689631, -18.130815 ], [ -64.689606, -18.130942 ], [ -64.689545, -18.131126 ], [ -64.689485, -18.131172 ], [ -64.689353, -18.131194 ], [ -64.688933, -18.131342 ], [ -64.688657, -18.13134 ], [ -64.688453, -18.131374 ], [ -64.688285, -18.131419 ], [ -64.687972, -18.131578 ], [ -64.687708, -18.131761 ], [ -64.687551, -18.131933 ], [ -64.687445, -18.132112 ], [ -64.687442, -18.132053 ] ], [ [ -64.690491, -18.128804 ], [ -64.690408, -18.128642 ], [ -64.690372, -18.128619 ], [ -64.690373, -18.128584 ], [ -64.690349, -18.128538 ], [ -64.690313, -18.128526 ], [ -64.690087, -18.128179 ], [ -64.690087, -18.128117 ], [ -64.690312, -18.128463 ], [ -64.690348, -18.128474 ], [ -64.690372, -18.128521 ], [ -64.690372, -18.128555 ], [ -64.690408, -18.128578 ], [ -64.690491, -18.12874 ], [ -64.690502, -18.128878 ], [ -64.690499, -18.128892 ], [ -64.690491, -18.128804 ] ], [ [ -64.690086, -18.128116 ], [ -64.690087, -18.12792 ], [ -64.690094, -18.127913 ], [ -64.6901, -18.127972 ], [ -64.690088, -18.127983 ], [ -64.690087, -18.128117 ], [ -64.690086, -18.128116 ] ], [ [ -64.690077, -18.127718 ], [ -64.690018, -18.127488 ], [ -64.68997, -18.127384 ], [ -64.689768, -18.127071 ], [ -64.689773, -18.127017 ], [ -64.68997, -18.12732 ], [ -64.690017, -18.127424 ], [ -64.690076, -18.127655 ], [ -64.690099, -18.127908 ], [ -64.690094, -18.127913 ], [ -64.690077, -18.127718 ] ], [ [ -64.689767, -18.127008 ], [ -64.68978, -18.126881 ], [ -64.689817, -18.126766 ], [ -64.689877, -18.126709 ], [ -64.689901, -18.126582 ], [ -64.689902, -18.126433 ], [ -64.689903, -18.126438 ], [ -64.689902, -18.126646 ], [ -64.689877, -18.126772 ], [ -64.689817, -18.12683 ], [ -64.689781, -18.126945 ], [ -64.689773, -18.127017 ], [ -64.689767, -18.127008 ] ], [ [ -64.689868, -18.126219 ], [ -64.689821, -18.126058 ], [ -64.689668, -18.125343 ], [ -64.689671, -18.125294 ], [ -64.68982, -18.125994 ], [ -64.689867, -18.126156 ], [ -64.689902, -18.126375 ], [ -64.689902, -18.126433 ], [ -64.689868, -18.126219 ] ], [ [ -64.689668, -18.125279 ], [ -64.689681, -18.125025 ], [ -64.689742, -18.124864 ], [ -64.689802, -18.124761 ], [ -64.68991, -18.124635 ], [ -64.690175, -18.124464 ], [ -64.690403, -18.124384 ], [ -64.690487, -18.124385 ], [ -64.690499, -18.124396 ], [ -64.690559, -18.124397 ], [ -64.690691, -18.124455 ], [ -64.690715, -18.124443 ], [ -64.690799, -18.12434 ], [ -64.690908, -18.124168 ], [ -64.691041, -18.123892 ], [ -64.691042, -18.123606 ], [ -64.691043, -18.12361 ], [ -64.691042, -18.123956 ], [ -64.690908, -18.124232 ], [ -64.6908, -18.124404 ], [ -64.690715, -18.124507 ], [ -64.690691, -18.124519 ], [ -64.69056, -18.12446 ], [ -64.6905, -18.12446 ], [ -64.690488, -18.124448 ], [ -64.690404, -18.124448 ], [ -64.690176, -18.124527 ], [ -64.689911, -18.124699 ], [ -64.689803, -18.124825 ], [ -64.689742, -18.124928 ], [ -64.689681, -18.125089 ], [ -64.689671, -18.125294 ], [ -64.689668, -18.125279 ] ], [ [ -64.690938, -18.123114 ], [ -64.690938, -18.123055 ], [ -64.691043, -18.123547 ], [ -64.691042, -18.123606 ], [ -64.690938, -18.123114 ] ], [ [ -64.690937, -18.123051 ], [ -64.690938, -18.122751 ], [ -64.690975, -18.122659 ], [ -64.690975, -18.122624 ], [ -64.691048, -18.122417 ], [ -64.691144, -18.12228 ], [ -64.691205, -18.122119 ], [ -64.691435, -18.121763 ], [ -64.691567, -18.121602 ], [ -64.691591, -18.121602 ], [ -64.691832, -18.121419 ], [ -64.692325, -18.121168 ], [ -64.69259, -18.120905 ], [ -64.692735, -18.120687 ], [ -64.692916, -18.120319 ], [ -64.693074, -18.119951 ], [ -64.693183, -18.119583 ], [ -64.693317, -18.119273 ], [ -64.693486, -18.118951 ], [ -64.693643, -18.118779 ], [ -64.693859, -18.118619 ], [ -64.694257, -18.11816 ], [ -64.694257, -18.118137 ], [ -64.694293, -18.11808 ], [ -64.694512, -18.117493 ], [ -64.694537, -18.117321 ], [ -64.694537, -18.117165 ], [ -64.694538, -18.117165 ], [ -64.694537, -18.117384 ], [ -64.694512, -18.117557 ], [ -64.694294, -18.118143 ], [ -64.694258, -18.118201 ], [ -64.694258, -18.118224 ], [ -64.69386, -18.118683 ], [ -64.693643, -18.118843 ], [ -64.693487, -18.119015 ], [ -64.693317, -18.119336 ], [ -64.693184, -18.119647 ], [ -64.693074, -18.120015 ], [ -64.692917, -18.120383 ], [ -64.692735, -18.12075 ], [ -64.69259, -18.120969 ], [ -64.692325, -18.121232 ], [ -64.691832, -18.121483 ], [ -64.691592, -18.121666 ], [ -64.691568, -18.121666 ], [ -64.691435, -18.121826 ], [ -64.691206, -18.122182 ], [ -64.691145, -18.122343 ], [ -64.691048, -18.122481 ], [ -64.690976, -18.122688 ], [ -64.690975, -18.122723 ], [ -64.690939, -18.122815 ], [ -64.690938, -18.123055 ], [ -64.690937, -18.123051 ] ], [ [ -64.694514, -18.117165 ], [ -64.694515, -18.117119 ], [ -64.694312, -18.116899 ], [ -64.694002, -18.116448 ], [ -64.693657, -18.115847 ], [ -64.693311, -18.115419 ], [ -64.693204, -18.115314 ], [ -64.693145, -18.11521 ], [ -64.692549, -18.114447 ], [ -64.692501, -18.114343 ], [ -64.692454, -18.114124 ], [ -64.692455, -18.114064 ], [ -64.692501, -18.114279 ], [ -64.692548, -18.114383 ], [ -64.693144, -18.115147 ], [ -64.693203, -18.115251 ], [ -64.693311, -18.115355 ], [ -64.693657, -18.115783 ], [ -64.694001, -18.116384 ], [ -64.694311, -18.116835 ], [ -64.694514, -18.117055 ], [ -64.694514, -18.117102 ], [ -64.694538, -18.117102 ], [ -64.694537, -18.117165 ], [ -64.694514, -18.117165 ] ], [ [ -64.692454, -18.11406 ], [ -64.692455, -18.113876 ], [ -64.692638, -18.113105 ], [ -64.692639, -18.112787 ], [ -64.69264, -18.112788 ], [ -64.692639, -18.113168 ], [ -64.692455, -18.113939 ], [ -64.692455, -18.114064 ], [ -64.692454, -18.11406 ] ], [ [ -64.692581, -18.112707 ], [ -64.692497, -18.112637 ], [ -64.69239, -18.112579 ], [ -64.69239, -18.112568 ], [ -64.692282, -18.112521 ], [ -64.691576, -18.112125 ], [ -64.691385, -18.112078 ], [ -64.691313, -18.112043 ], [ -64.691265, -18.112043 ], [ -64.689972, -18.111725 ], [ -64.689684, -18.111631 ], [ -64.689349, -18.111456 ], [ -64.689051, -18.111259 ], [ -64.68874, -18.110935 ], [ -64.688478, -18.110726 ], [ -64.688358, -18.110667 ], [ -64.688358, -18.110656 ], [ -64.687987, -18.110608 ], [ -64.687111, -18.110614 ], [ -64.686236, -18.110598 ], [ -64.685877, -18.11055 ], [ -64.685518, -18.11041 ], [ -64.685267, -18.110259 ], [ -64.685195, -18.110235 ], [ -64.685111, -18.110177 ], [ -64.685039, -18.110165 ], [ -64.684729, -18.109922 ], [ -64.684443, -18.10954 ], [ -64.684313, -18.109193 ], [ -64.684086, -18.108858 ], [ -64.683955, -18.108707 ], [ -64.683728, -18.10851 ], [ -64.683501, -18.108371 ], [ -64.683322, -18.108301 ], [ -64.683262, -18.108254 ], [ -64.683035, -18.108149 ], [ -64.682975, -18.108149 ], [ -64.682951, -18.108126 ], [ -64.682365, -18.107904 ], [ -64.681969, -18.107786 ], [ -64.681598, -18.107715 ], [ -64.681251, -18.107678 ], [ -64.681131, -18.107632 ], [ -64.680988, -18.1074 ], [ -64.680996, -18.107351 ], [ -64.68113, -18.107568 ], [ -64.68125, -18.107615 ], [ -64.681598, -18.107651 ], [ -64.681969, -18.107723 ], [ -64.682364, -18.10784 ], [ -64.68295, -18.108062 ], [ -64.682974, -18.108085 ], [ -64.683034, -18.108086 ], [ -64.683261, -18.108191 ], [ -64.683321, -18.108237 ], [ -64.683501, -18.108307 ], [ -64.683728, -18.108447 ], [ -64.683955, -18.108644 ], [ -64.684086, -18.108794 ], [ -64.684312, -18.10913 ], [ -64.684442, -18.109476 ], [ -64.684728, -18.109858 ], [ -64.685039, -18.110102 ], [ -64.685111, -18.110113 ], [ -64.685194, -18.110172 ], [ -64.685266, -18.110195 ], [ -64.685517, -18.110346 ], [ -64.685876, -18.110486 ], [ -64.686236, -18.110534 ], [ -64.687111, -18.110551 ], [ -64.687986, -18.110544 ], [ -64.688358, -18.110592 ], [ -64.688357, -18.110604 ], [ -64.688477, -18.110662 ], [ -64.68874, -18.110871 ], [ -64.68905, -18.111195 ], [ -64.689349, -18.111393 ], [ -64.689684, -18.111567 ], [ -64.689971, -18.111661 ], [ -64.691264, -18.111979 ], [ -64.691312, -18.11198 ], [ -64.691384, -18.112015 ], [ -64.691576, -18.112062 ], [ -64.692281, -18.112457 ], [ -64.692389, -18.112504 ], [ -64.692389, -18.112516 ], [ -64.692497, -18.112574 ], [ -64.69258, -18.112643 ], [ -64.69264, -18.112724 ], [ -64.692639, -18.112787 ], [ -64.692581, -18.112707 ] ], [ [ -64.680988, -18.107337 ], [ -64.681025, -18.107107 ], [ -64.681145, -18.106946 ], [ -64.681205, -18.106912 ], [ -64.681386, -18.106682 ], [ -64.681471, -18.106602 ], [ -64.681523, -18.106513 ], [ -64.681532, -18.106528 ], [ -64.681532, -18.106562 ], [ -64.681471, -18.106666 ], [ -64.681387, -18.106746 ], [ -64.681206, -18.106975 ], [ -64.681146, -18.10701 ], [ -64.681025, -18.10717 ], [ -64.680996, -18.107351 ], [ -64.680988, -18.107337 ] ], [ [ -64.681377, -18.106262 ], [ -64.681198, -18.1061 ], [ -64.680923, -18.105948 ], [ -64.680732, -18.105878 ], [ -64.680624, -18.10582 ], [ -64.680337, -18.105715 ], [ -64.680133, -18.10561 ], [ -64.680097, -18.10561 ], [ -64.680074, -18.105575 ], [ -64.680074, -18.10554 ], [ -64.679955, -18.105286 ], [ -64.67992, -18.105113 ], [ -64.679861, -18.104963 ], [ -64.679791, -18.104548 ], [ -64.679649, -18.10404 ], [ -64.679626, -18.103856 ], [ -64.679521, -18.103348 ], [ -64.679403, -18.102979 ], [ -64.679409, -18.102938 ], [ -64.67952, -18.103284 ], [ -64.679626, -18.103792 ], [ -64.679649, -18.103976 ], [ -64.67979, -18.104484 ], [ -64.67986, -18.104899 ], [ -64.679919, -18.105049 ], [ -64.679955, -18.105223 ], [ -64.680073, -18.105477 ], [ -64.680073, -18.105511 ], [ -64.680097, -18.105546 ], [ -64.680133, -18.105546 ], [ -64.680336, -18.105651 ], [ -64.680623, -18.105756 ], [ -64.680731, -18.105814 ], [ -64.680923, -18.105885 ], [ -64.681198, -18.106036 ], [ -64.681377, -18.106198 ], [ -64.681531, -18.106464 ], [ -64.681531, -18.106499 ], [ -64.681523, -18.106513 ], [ -64.681377, -18.106262 ] ], [ [ -64.679402, -18.102915 ], [ -64.679649, -18.101458 ], [ -64.679409, -18.102938 ], [ -64.679402, -18.102915 ] ], [ [ -64.815274, -18.484404 ], [ -64.815468, -18.483793 ], [ -64.815516, -18.483586 ], [ -64.815552, -18.48354 ], [ -64.815553, -18.483263 ], [ -64.815565, -18.483252 ], [ -64.815566, -18.483044 ], [ -64.81559, -18.482964 ], [ -64.815592, -18.481764 ], [ -64.815593, -18.48177 ], [ -64.81559, -18.483027 ], [ -64.815566, -18.483108 ], [ -64.815566, -18.483315 ], [ -64.815554, -18.483327 ], [ -64.815553, -18.483604 ], [ -64.815517, -18.48365 ], [ -64.815468, -18.483857 ], [ -64.81525, -18.48453 ], [ -64.815274, -18.484404 ] ], [ [ -64.815569, -18.481597 ], [ -64.815545, -18.481597 ], [ -64.815545, -18.481533 ], [ -64.815569, -18.481533 ], [ -64.815592, -18.481706 ], [ -64.815592, -18.481764 ], [ -64.815569, -18.481597 ] ], [ [ -64.815545, -18.481533 ], [ -64.815545, -18.481398 ], [ -64.815546, -18.481401 ], [ -64.815545, -18.481533 ], [ -64.815545, -18.481533 ] ], [ [ -64.815474, -18.481158 ], [ -64.815476, -18.481104 ], [ -64.815545, -18.481337 ], [ -64.815545, -18.481398 ], [ -64.815474, -18.481158 ] ], [ [ -64.815473, -18.481095 ], [ -64.815499, -18.480426 ], [ -64.815609, -18.479769 ], [ -64.815609, -18.479608 ], [ -64.815755, -18.478593 ], [ -64.815756, -18.478397 ], [ -64.815891, -18.477141 ], [ -64.815892, -18.476507 ], [ -64.815917, -18.476299 ], [ -64.815918, -18.475868 ], [ -64.815918, -18.475878 ], [ -64.815917, -18.476363 ], [ -64.815893, -18.47657 ], [ -64.815892, -18.477204 ], [ -64.815757, -18.478461 ], [ -64.815756, -18.478657 ], [ -64.81561, -18.479671 ], [ -64.815609, -18.479833 ], [ -64.8155, -18.480489 ], [ -64.815476, -18.481104 ], [ -64.815473, -18.481095 ] ], [ [ -64.815895, -18.475578 ], [ -64.815871, -18.475509 ], [ -64.815871, -18.475451 ], [ -64.815835, -18.475347 ], [ -64.815812, -18.475197 ], [ -64.815752, -18.475047 ], [ -64.815704, -18.474816 ], [ -64.815704, -18.474756 ], [ -64.815751, -18.474983 ], [ -64.815811, -18.475134 ], [ -64.815835, -18.475284 ], [ -64.815871, -18.475388 ], [ -64.81587, -18.475445 ], [ -64.815894, -18.475515 ], [ -64.815918, -18.475815 ], [ -64.815918, -18.475868 ], [ -64.815895, -18.475578 ] ], [ [ -64.815703, -18.474753 ], [ -64.815704, -18.474394 ], [ -64.815705, -18.474401 ], [ -64.815704, -18.474756 ], [ -64.815703, -18.474753 ] ], [ [ -64.815681, -18.474182 ], [ -64.815682, -18.474126 ], [ -64.815704, -18.474337 ], [ -64.815704, -18.474394 ], [ -64.815681, -18.474182 ] ], [ [ -64.815681, -18.474118 ], [ -64.815682, -18.473426 ], [ -64.815694, -18.473426 ], [ -64.815695, -18.473057 ], [ -64.815719, -18.472988 ], [ -64.815721, -18.472342 ], [ -64.815819, -18.471409 ], [ -64.815868, -18.471144 ], [ -64.815868, -18.470994 ], [ -64.815977, -18.47051 ], [ -64.816063, -18.469703 ], [ -64.816063, -18.46952 ], [ -64.816064, -18.469524 ], [ -64.816064, -18.469766 ], [ -64.815978, -18.470573 ], [ -64.815869, -18.471057 ], [ -64.815868, -18.471207 ], [ -64.81582, -18.471472 ], [ -64.815721, -18.472406 ], [ -64.81572, -18.473052 ], [ -64.815696, -18.473121 ], [ -64.815695, -18.47349 ], [ -64.815683, -18.47349 ], [ -64.815682, -18.474125 ], [ -64.815681, -18.474118 ] ], [ [ -64.816029, -18.469351 ], [ -64.815969, -18.469189 ], [ -64.815405, -18.468299 ], [ -64.815285, -18.468033 ], [ -64.815166, -18.467836 ], [ -64.815166, -18.46779 ], [ -64.815034, -18.467513 ], [ -64.814998, -18.467385 ], [ -64.81483, -18.467131 ], [ -64.814518, -18.466806 ], [ -64.814266, -18.466517 ], [ -64.814086, -18.466389 ], [ -64.814074, -18.466331 ], [ -64.813918, -18.466158 ], [ -64.813798, -18.465996 ], [ -64.813787, -18.465707 ], [ -64.813739, -18.465442 ], [ -64.813715, -18.46543 ], [ -64.813667, -18.465142 ], [ -64.813668, -18.465083 ], [ -64.813714, -18.465366 ], [ -64.813738, -18.465378 ], [ -64.813786, -18.465644 ], [ -64.813797, -18.465932 ], [ -64.813917, -18.466094 ], [ -64.814073, -18.466268 ], [ -64.814085, -18.466326 ], [ -64.814265, -18.466453 ], [ -64.814517, -18.466743 ], [ -64.81483, -18.467067 ], [ -64.814997, -18.467322 ], [ -64.815033, -18.467449 ], [ -64.815165, -18.467726 ], [ -64.815165, -18.467772 ], [ -64.815285, -18.467969 ], [ -64.815405, -18.468235 ], [ -64.815968, -18.469126 ], [ -64.816028, -18.469287 ], [ -64.816064, -18.469461 ], [ -64.816063, -18.46952 ], [ -64.816029, -18.469351 ] ], [ [ -64.813667, -18.465078 ], [ -64.813668, -18.464651 ], [ -64.813728, -18.464363 ], [ -64.813813, -18.464064 ], [ -64.814007, -18.46373 ], [ -64.814151, -18.463523 ], [ -64.814525, -18.463075 ], [ -64.814983, -18.462662 ], [ -64.815454, -18.46218 ], [ -64.815598, -18.462066 ], [ -64.815695, -18.462008 ], [ -64.816032, -18.461756 ], [ -64.816213, -18.461677 ], [ -64.816321, -18.461573 ], [ -64.816369, -18.461504 ], [ -64.816598, -18.461332 ], [ -64.816827, -18.461114 ], [ -64.816864, -18.461045 ], [ -64.8169, -18.461011 ], [ -64.8169, -18.460988 ], [ -64.817153, -18.460701 ], [ -64.817225, -18.460574 ], [ -64.817322, -18.460448 ], [ -64.817527, -18.460241 ], [ -64.817659, -18.460161 ], [ -64.817888, -18.460082 ], [ -64.817985, -18.460024 ], [ -64.818454, -18.4599 ], [ -64.818743, -18.459844 ], [ -64.818791, -18.459809 ], [ -64.819056, -18.459499 ], [ -64.819153, -18.459338 ], [ -64.819225, -18.459165 ], [ -64.819226, -18.459096 ], [ -64.81925, -18.459004 ], [ -64.819251, -18.458614 ], [ -64.819251, -18.458618 ], [ -64.819251, -18.459068 ], [ -64.819226, -18.45916 ], [ -64.819226, -18.459229 ], [ -64.819154, -18.459402 ], [ -64.819057, -18.459563 ], [ -64.818792, -18.459873 ], [ -64.818743, -18.459907 ], [ -64.818455, -18.459963 ], [ -64.817985, -18.460088 ], [ -64.817889, -18.460145 ], [ -64.81766, -18.460225 ], [ -64.817528, -18.460305 ], [ -64.817323, -18.460512 ], [ -64.817226, -18.460638 ], [ -64.817154, -18.460764 ], [ -64.8169, -18.461052 ], [ -64.8169, -18.461075 ], [ -64.816864, -18.461109 ], [ -64.816828, -18.461178 ], [ -64.816599, -18.461396 ], [ -64.81637, -18.461568 ], [ -64.816322, -18.461637 ], [ -64.816213, -18.46174 ], [ -64.816033, -18.46182 ], [ -64.815695, -18.462072 ], [ -64.815599, -18.462129 ], [ -64.815454, -18.462244 ], [ -64.814984, -18.462726 ], [ -64.814526, -18.463139 ], [ -64.814152, -18.463587 ], [ -64.814007, -18.463794 ], [ -64.813814, -18.464127 ], [ -64.813729, -18.464427 ], [ -64.813668, -18.464715 ], [ -64.813668, -18.465083 ], [ -64.813667, -18.465078 ] ], [ [ -64.819216, -18.458456 ], [ -64.819193, -18.457822 ], [ -64.819157, -18.45758 ], [ -64.819158, -18.457521 ], [ -64.819192, -18.457758 ], [ -64.819215, -18.458393 ], [ -64.819251, -18.458554 ], [ -64.819251, -18.458614 ], [ -64.819216, -18.458456 ] ], [ [ -64.819157, -18.457516 ], [ -64.819157, -18.457388 ], [ -64.819158, -18.457395 ], [ -64.819158, -18.457521 ], [ -64.819157, -18.457516 ] ], [ [ -64.819087, -18.456795 ], [ -64.819087, -18.456738 ], [ -64.819157, -18.457331 ], [ -64.819157, -18.457388 ], [ -64.819087, -18.456795 ] ], [ [ -64.819086, -18.456731 ], [ -64.819087, -18.456581 ], [ -64.819087, -18.456587 ], [ -64.819087, -18.456738 ], [ -64.819086, -18.456731 ] ], [ [ -64.819064, -18.456403 ], [ -64.819064, -18.45635 ], [ -64.819087, -18.456524 ], [ -64.819087, -18.456581 ], [ -64.819064, -18.456403 ] ], [ [ -64.819063, -18.456339 ], [ -64.819077, -18.455347 ], [ -64.819101, -18.455209 ], [ -64.819102, -18.455071 ], [ -64.819199, -18.454598 ], [ -64.819199, -18.454448 ], [ -64.819345, -18.45393 ], [ -64.819369, -18.453896 ], [ -64.819371, -18.45287 ], [ -64.819372, -18.452875 ], [ -64.81937, -18.453959 ], [ -64.819345, -18.453994 ], [ -64.8192, -18.454512 ], [ -64.8192, -18.454662 ], [ -64.819102, -18.455134 ], [ -64.819102, -18.455273 ], [ -64.819078, -18.455411 ], [ -64.819064, -18.45635 ], [ -64.819063, -18.456339 ] ], [ [ -64.819336, -18.452656 ], [ -64.819336, -18.452597 ], [ -64.819371, -18.452811 ], [ -64.819371, -18.45287 ], [ -64.819336, -18.452656 ] ], [ [ -64.819336, -18.452592 ], [ -64.819337, -18.451808 ], [ -64.819386, -18.45137 ], [ -64.819435, -18.451105 ], [ -64.819665, -18.450483 ], [ -64.819774, -18.450265 ], [ -64.820112, -18.44969 ], [ -64.820474, -18.448965 ], [ -64.820739, -18.448666 ], [ -64.820968, -18.448448 ], [ -64.82127, -18.448231 ], [ -64.821727, -18.447841 ], [ -64.821872, -18.447691 ], [ -64.822306, -18.447151 ], [ -64.822631, -18.447038 ], [ -64.822824, -18.447027 ], [ -64.823089, -18.446948 ], [ -64.823161, -18.446902 ], [ -64.823221, -18.446821 ], [ -64.823282, -18.446695 ], [ -64.823427, -18.446269 ], [ -64.823475, -18.446073 ], [ -64.823477, -18.445519 ], [ -64.823501, -18.445393 ], [ -64.823538, -18.444909 ], [ -64.823574, -18.444782 ], [ -64.823659, -18.444632 ], [ -64.823876, -18.444345 ], [ -64.824177, -18.444012 ], [ -64.82437, -18.443875 ], [ -64.824683, -18.443703 ], [ -64.825057, -18.443543 ], [ -64.825165, -18.443475 ], [ -64.825406, -18.443361 ], [ -64.825574, -18.443315 ], [ -64.825586, -18.443292 ], [ -64.825707, -18.443247 ], [ -64.825875, -18.443144 ], [ -64.825875, -18.443121 ], [ -64.825972, -18.443052 ], [ -64.826358, -18.442673 ], [ -64.826394, -18.442593 ], [ -64.826394, -18.442523 ], [ -64.826417, -18.442436 ], [ -64.826419, -18.442495 ], [ -64.826395, -18.442587 ], [ -64.826394, -18.442656 ], [ -64.826358, -18.442737 ], [ -64.825973, -18.443116 ], [ -64.825876, -18.443184 ], [ -64.825876, -18.443207 ], [ -64.825707, -18.44331 ], [ -64.825587, -18.443356 ], [ -64.825575, -18.443379 ], [ -64.825406, -18.443424 ], [ -64.825166, -18.443538 ], [ -64.825057, -18.443607 ], [ -64.824684, -18.443767 ], [ -64.824371, -18.443938 ], [ -64.824178, -18.444076 ], [ -64.823877, -18.444409 ], [ -64.82366, -18.444696 ], [ -64.823575, -18.444845 ], [ -64.823539, -18.444972 ], [ -64.823502, -18.445456 ], [ -64.823477, -18.445583 ], [ -64.823476, -18.446137 ], [ -64.823428, -18.446332 ], [ -64.823282, -18.446759 ], [ -64.823222, -18.446885 ], [ -64.823162, -18.446966 ], [ -64.823089, -18.447011 ], [ -64.822825, -18.447091 ], [ -64.822632, -18.447101 ], [ -64.822307, -18.447215 ], [ -64.821873, -18.447755 ], [ -64.821728, -18.447904 ], [ -64.82127, -18.448294 ], [ -64.820969, -18.448512 ], [ -64.82074, -18.44873 ], [ -64.820475, -18.449028 ], [ -64.820112, -18.449753 ], [ -64.819774, -18.450328 ], [ -64.819666, -18.450547 ], [ -64.819436, -18.451169 ], [ -64.819387, -18.451434 ], [ -64.819338, -18.451872 ], [ -64.819336, -18.452597 ], [ -64.819336, -18.452592 ] ], [ [ -64.826396, -18.44178 ], [ -64.826349, -18.441468 ], [ -64.826349, -18.44141 ], [ -64.826396, -18.441716 ], [ -64.826418, -18.442431 ], [ -64.826417, -18.442436 ], [ -64.826396, -18.44178 ] ], [ [ -64.826348, -18.441405 ], [ -64.826348, -18.441347 ], [ -64.826349, -18.441353 ], [ -64.826349, -18.44141 ], [ -64.826348, -18.441405 ] ], [ [ -64.826325, -18.44118 ], [ -64.826326, -18.441122 ], [ -64.826348, -18.441289 ], [ -64.826348, -18.441347 ], [ -64.826325, -18.44118 ] ], [ [ -64.826325, -18.441116 ], [ -64.826325, -18.441025 ], [ -64.826326, -18.44103 ], [ -64.826326, -18.441122 ], [ -64.826325, -18.441116 ] ], [ [ -64.826278, -18.440741 ], [ -64.826278, -18.440682 ], [ -64.826325, -18.440966 ], [ -64.826325, -18.441025 ], [ -64.826278, -18.440741 ] ], [ [ -64.826278, -18.440678 ], [ -64.826279, -18.44017 ], [ -64.826303, -18.440101 ], [ -64.826459, -18.439986 ], [ -64.826664, -18.439907 ], [ -64.826989, -18.439908 ], [ -64.827157, -18.439886 ], [ -64.827314, -18.43991 ], [ -64.827807, -18.439901 ], [ -64.828011, -18.439844 ], [ -64.828084, -18.439798 ], [ -64.828493, -18.439443 ], [ -64.828711, -18.43904 ], [ -64.828795, -18.438925 ], [ -64.82888, -18.438764 ], [ -64.828988, -18.438626 ], [ -64.82906, -18.438627 ], [ -64.829109, -18.438546 ], [ -64.829145, -18.438546 ], [ -64.829494, -18.438317 ], [ -64.829542, -18.438248 ], [ -64.829628, -18.437776 ], [ -64.829628, -18.437568 ], [ -64.829652, -18.437522 ], [ -64.829689, -18.437211 ], [ -64.829774, -18.436808 ], [ -64.829931, -18.436497 ], [ -64.829931, -18.436463 ], [ -64.829967, -18.43644 ], [ -64.830004, -18.436232 ], [ -64.830064, -18.43606 ], [ -64.830318, -18.435611 ], [ -64.830487, -18.43537 ], [ -64.830499, -18.435312 ], [ -64.830523, -18.435301 ], [ -64.830607, -18.435151 ], [ -64.830728, -18.434771 ], [ -64.830838, -18.434276 ], [ -64.830935, -18.43363 ], [ -64.830935, -18.43348 ], [ -64.830972, -18.433342 ], [ -64.831056, -18.433158 ], [ -64.831153, -18.433055 ], [ -64.831286, -18.432848 ], [ -64.831418, -18.432722 ], [ -64.831599, -18.432515 ], [ -64.831732, -18.43225 ], [ -64.831732, -18.432206 ], [ -64.831733, -18.43221 ], [ -64.831733, -18.432314 ], [ -64.8316, -18.432578 ], [ -64.831419, -18.432785 ], [ -64.831286, -18.432911 ], [ -64.831154, -18.433118 ], [ -64.831057, -18.433222 ], [ -64.830973, -18.433406 ], [ -64.830936, -18.433544 ], [ -64.830936, -18.433694 ], [ -64.830838, -18.434339 ], [ -64.830729, -18.434835 ], [ -64.830608, -18.435215 ], [ -64.830523, -18.435364 ], [ -64.830499, -18.435376 ], [ -64.830487, -18.435433 ], [ -64.830318, -18.435675 ], [ -64.830065, -18.436123 ], [ -64.830004, -18.436296 ], [ -64.829968, -18.436503 ], [ -64.829932, -18.436526 ], [ -64.829932, -18.436561 ], [ -64.829775, -18.436871 ], [ -64.82969, -18.437275 ], [ -64.829653, -18.437586 ], [ -64.829629, -18.437632 ], [ -64.829628, -18.43784 ], [ -64.829543, -18.438312 ], [ -64.829495, -18.438381 ], [ -64.829145, -18.43861 ], [ -64.829109, -18.43861 ], [ -64.829061, -18.43869 ], [ -64.828989, -18.43869 ], [ -64.82888, -18.438828 ], [ -64.828796, -18.438989 ], [ -64.828711, -18.439104 ], [ -64.828494, -18.439506 ], [ -64.828084, -18.439862 ], [ -64.828012, -18.439908 ], [ -64.827807, -18.439964 ], [ -64.827314, -18.439974 ], [ -64.827158, -18.43995 ], [ -64.826989, -18.439972 ], [ -64.826665, -18.43997 ], [ -64.82646, -18.44005 ], [ -64.826303, -18.440165 ], [ -64.826279, -18.440234 ], [ -64.826278, -18.440682 ], [ -64.826278, -18.440678 ] ], [ [ -64.831709, -18.432095 ], [ -64.831709, -18.432035 ], [ -64.831732, -18.432146 ], [ -64.831732, -18.432206 ], [ -64.831709, -18.432095 ] ], [ [ -64.831708, -18.432031 ], [ -64.831708, -18.432012 ], [ -64.831709, -18.432014 ], [ -64.831709, -18.432035 ], [ -64.831708, -18.432031 ] ], [ [ -64.831673, -18.431921 ], [ -64.831673, -18.43186 ], [ -64.831708, -18.43195 ], [ -64.831708, -18.432012 ], [ -64.831673, -18.431921 ] ], [ [ -64.831673, -18.431858 ], [ -64.831673, -18.431828 ], [ -64.831673, -18.431829 ], [ -64.831673, -18.43186 ], [ -64.831673, -18.431858 ] ], [ [ -64.831625, -18.431737 ], [ -64.831578, -18.431563 ], [ -64.831494, -18.431367 ], [ -64.831422, -18.43124 ], [ -64.831267, -18.430778 ], [ -64.831207, -18.430535 ], [ -64.831051, -18.430119 ], [ -64.830824, -18.429784 ], [ -64.830439, -18.429436 ], [ -64.830151, -18.429227 ], [ -64.830043, -18.429169 ], [ -64.829659, -18.428855 ], [ -64.829251, -18.428427 ], [ -64.829251, -18.428392 ], [ -64.829191, -18.428323 ], [ -64.829059, -18.427953 ], [ -64.829059, -18.427892 ], [ -64.82919, -18.428259 ], [ -64.82925, -18.428329 ], [ -64.82925, -18.428363 ], [ -64.829658, -18.428792 ], [ -64.830042, -18.429105 ], [ -64.830151, -18.429163 ], [ -64.830439, -18.429372 ], [ -64.830823, -18.42972 ], [ -64.831051, -18.430056 ], [ -64.831206, -18.430472 ], [ -64.831266, -18.430714 ], [ -64.831421, -18.431176 ], [ -64.831493, -18.431303 ], [ -64.831577, -18.4315 ], [ -64.831625, -18.431673 ], [ -64.831673, -18.431766 ], [ -64.831673, -18.431828 ], [ -64.831625, -18.431737 ] ], [ [ -64.829059, -18.427889 ], [ -64.829059, -18.427509 ], [ -64.829084, -18.427382 ], [ -64.829277, -18.427049 ], [ -64.829313, -18.427014 ], [ -64.829325, -18.426968 ], [ -64.829422, -18.426888 ], [ -64.829736, -18.426243 ], [ -64.829806, -18.425997 ], [ -64.829809, -18.426054 ], [ -64.829736, -18.426307 ], [ -64.829422, -18.426951 ], [ -64.829326, -18.427032 ], [ -64.829314, -18.427078 ], [ -64.829278, -18.427112 ], [ -64.829084, -18.427446 ], [ -64.82906, -18.427572 ], [ -64.829059, -18.427892 ], [ -64.829059, -18.427889 ] ], [ [ -64.829786, -18.425581 ], [ -64.82975, -18.425431 ], [ -64.829678, -18.42528 ], [ -64.829666, -18.425165 ], [ -64.829591, -18.425045 ], [ -64.829511, -18.42491 ], [ -64.829439, -18.424703 ], [ -64.829403, -18.424506 ], [ -64.829391, -18.424506 ], [ -64.829379, -18.424356 ], [ -64.829308, -18.424056 ], [ -64.829308, -18.423998 ], [ -64.829272, -18.423941 ], [ -64.829261, -18.423664 ], [ -64.829177, -18.423444 ], [ -64.829177, -18.423383 ], [ -64.82926, -18.4236 ], [ -64.829271, -18.423877 ], [ -64.829307, -18.423935 ], [ -64.829307, -18.423992 ], [ -64.829379, -18.424293 ], [ -64.829391, -18.424443 ], [ -64.829403, -18.424443 ], [ -64.829438, -18.424639 ], [ -64.82951, -18.424847 ], [ -64.82959, -18.424981 ], [ -64.829666, -18.425101 ], [ -64.829678, -18.425217 ], [ -64.829749, -18.425367 ], [ -64.829785, -18.425517 ], [ -64.829808, -18.42599 ], [ -64.829806, -18.425997 ], [ -64.829786, -18.425581 ] ], [ [ -64.829176, -18.423381 ], [ -64.829176, -18.423372 ], [ -64.829177, -18.423375 ], [ -64.829177, -18.423383 ], [ -64.829176, -18.423381 ] ], [ [ -64.829058, -18.42289 ], [ -64.828998, -18.422705 ], [ -64.828999, -18.422648 ], [ -64.829057, -18.422826 ], [ -64.829176, -18.423311 ], [ -64.829176, -18.423372 ], [ -64.829058, -18.42289 ] ], [ [ -64.828997, -18.422642 ], [ -64.829024, -18.421546 ], [ -64.82906, -18.421419 ], [ -64.829085, -18.421085 ], [ -64.829133, -18.420912 ], [ -64.829145, -18.420912 ], [ -64.829158, -18.420716 ], [ -64.829218, -18.420532 ], [ -64.829218, -18.420451 ], [ -64.829294, -18.420257 ], [ -64.82937, -18.420084 ], [ -64.829458, -18.419873 ], [ -64.829666, -18.419439 ], [ -64.829859, -18.419105 ], [ -64.830112, -18.41876 ], [ -64.830486, -18.418358 ], [ -64.830618, -18.418151 ], [ -64.830787, -18.417841 ], [ -64.830805, -18.417716 ], [ -64.830812, -18.417732 ], [ -64.830788, -18.417905 ], [ -64.830619, -18.418215 ], [ -64.830486, -18.418422 ], [ -64.830113, -18.418824 ], [ -64.829859, -18.419169 ], [ -64.829666, -18.419502 ], [ -64.829459, -18.419937 ], [ -64.829371, -18.420147 ], [ -64.829295, -18.420321 ], [ -64.829219, -18.420515 ], [ -64.829219, -18.420596 ], [ -64.829158, -18.42078 ], [ -64.829146, -18.420976 ], [ -64.829134, -18.420976 ], [ -64.829085, -18.421149 ], [ -64.829061, -18.421483 ], [ -64.829024, -18.42161 ], [ -64.828999, -18.422648 ], [ -64.828997, -18.422642 ] ], [ [ -64.830765, -18.417628 ], [ -64.830681, -18.417523 ], [ -64.830597, -18.417465 ], [ -64.830309, -18.417153 ], [ -64.830021, -18.416771 ], [ -64.829853, -18.416505 ], [ -64.829625, -18.416088 ], [ -64.829565, -18.41588 ], [ -64.829566, -18.41582 ], [ -64.829625, -18.416025 ], [ -64.829852, -18.416441 ], [ -64.83002, -18.416707 ], [ -64.830308, -18.417089 ], [ -64.830596, -18.417402 ], [ -64.83068, -18.41746 ], [ -64.830764, -18.417564 ], [ -64.830812, -18.417668 ], [ -64.830805, -18.417716 ], [ -64.830765, -18.417628 ] ], [ [ -64.829565, -18.415817 ], [ -64.829566, -18.415367 ], [ -64.829639, -18.415067 ], [ -64.829735, -18.414883 ], [ -64.83023, -18.414263 ], [ -64.830374, -18.41401 ], [ -64.830483, -18.413676 ], [ -64.830556, -18.413307 ], [ -64.830593, -18.413031 ], [ -64.830811, -18.412259 ], [ -64.831102, -18.411338 ], [ -64.831126, -18.411165 ], [ -64.831199, -18.410854 ], [ -64.831477, -18.410255 ], [ -64.832249, -18.409071 ], [ -64.832261, -18.409071 ], [ -64.832261, -18.409048 ], [ -64.832309, -18.408968 ], [ -64.832394, -18.408761 ], [ -64.832406, -18.40868 ], [ -64.832454, -18.408553 ], [ -64.832515, -18.408311 ], [ -64.832563, -18.408185 ], [ -64.832722, -18.40724 ], [ -64.832722, -18.406886 ], [ -64.832723, -18.406888 ], [ -64.832722, -18.407303 ], [ -64.832564, -18.408248 ], [ -64.832516, -18.408375 ], [ -64.832455, -18.408617 ], [ -64.832407, -18.408744 ], [ -64.832394, -18.408824 ], [ -64.83231, -18.409031 ], [ -64.832262, -18.409112 ], [ -64.832261, -18.409135 ], [ -64.832249, -18.409135 ], [ -64.831477, -18.410319 ], [ -64.831199, -18.410917 ], [ -64.831127, -18.411229 ], [ -64.831102, -18.411401 ], [ -64.830812, -18.412323 ], [ -64.830594, -18.413094 ], [ -64.830557, -18.413371 ], [ -64.830484, -18.41374 ], [ -64.830375, -18.414074 ], [ -64.83023, -18.414327 ], [ -64.829736, -18.414947 ], [ -64.829639, -18.415131 ], [ -64.829566, -18.415431 ], [ -64.829566, -18.415819 ], [ -64.829565, -18.415817 ] ], [ [ -64.832687, -18.406807 ], [ -64.832543, -18.406611 ], [ -64.832375, -18.40646 ], [ -64.832195, -18.406332 ], [ -64.832171, -18.406332 ], [ -64.832027, -18.406251 ], [ -64.831775, -18.406076 ], [ -64.831594, -18.405983 ], [ -64.831138, -18.405589 ], [ -64.830958, -18.405461 ], [ -64.830718, -18.405206 ], [ -64.83067, -18.405125 ], [ -64.830586, -18.405033 ], [ -64.830514, -18.404905 ], [ -64.830431, -18.404605 ], [ -64.830431, -18.404544 ], [ -64.830514, -18.404842 ], [ -64.830586, -18.404969 ], [ -64.83067, -18.405062 ], [ -64.830717, -18.405143 ], [ -64.830957, -18.405398 ], [ -64.831138, -18.405525 ], [ -64.831594, -18.40592 ], [ -64.831774, -18.406013 ], [ -64.832026, -18.406187 ], [ -64.83217, -18.406268 ], [ -64.832194, -18.406269 ], [ -64.832375, -18.406396 ], [ -64.832543, -18.406547 ], [ -64.832687, -18.406744 ], [ -64.832722, -18.406825 ], [ -64.832722, -18.406886 ], [ -64.832687, -18.406807 ] ], [ [ -64.83043, -18.404542 ], [ -64.83043, -18.40451 ], [ -64.830431, -18.404513 ], [ -64.830431, -18.404544 ], [ -64.83043, -18.404542 ] ], [ [ -64.830395, -18.404363 ], [ -64.830395, -18.404303 ], [ -64.83043, -18.404449 ], [ -64.83043, -18.40451 ], [ -64.830395, -18.404363 ] ], [ [ -64.830395, -18.404299 ], [ -64.830395, -18.404149 ], [ -64.830432, -18.40385 ], [ -64.830468, -18.403711 ], [ -64.830469, -18.403311 ], [ -64.83047, -18.403314 ], [ -64.830469, -18.403775 ], [ -64.830432, -18.403913 ], [ -64.830396, -18.404213 ], [ -64.830395, -18.404303 ], [ -64.830395, -18.404299 ] ], [ [ -64.830446, -18.403221 ], [ -64.83035, -18.403025 ], [ -64.830266, -18.402782 ], [ -64.830122, -18.402505 ], [ -64.830111, -18.402424 ], [ -64.829919, -18.402008 ], [ -64.829775, -18.401753 ], [ -64.829608, -18.401176 ], [ -64.829561, -18.400876 ], [ -64.829561, -18.400817 ], [ -64.829607, -18.401112 ], [ -64.829775, -18.40169 ], [ -64.829918, -18.401944 ], [ -64.83011, -18.40236 ], [ -64.830122, -18.402441 ], [ -64.830266, -18.402719 ], [ -64.830349, -18.402961 ], [ -64.830445, -18.403158 ], [ -64.830469, -18.40325 ], [ -64.830469, -18.403311 ], [ -64.830446, -18.403221 ] ], [ [ -64.82956, -18.400812 ], [ -64.82956, -18.400558 ], [ -64.829682, -18.400109 ], [ -64.829863, -18.399649 ], [ -64.829881, -18.399604 ], [ -64.829911, -18.39958 ], [ -64.829964, -18.399541 ], [ -64.830079, -18.39946 ], [ -64.830273, -18.399259 ], [ -64.830405, -18.399098 ], [ -64.830463, -18.399036 ], [ -64.830538, -18.39896 ], [ -64.830719, -18.398776 ], [ -64.830827, -18.398627 ], [ -64.830936, -18.398374 ], [ -64.83096, -18.398262 ], [ -64.830961, -18.398322 ], [ -64.830937, -18.398437 ], [ -64.830828, -18.398691 ], [ -64.830719, -18.39884 ], [ -64.830539, -18.399024 ], [ -64.830463, -18.3991 ], [ -64.830406, -18.399162 ], [ -64.830273, -18.399322 ], [ -64.83008, -18.399523 ], [ -64.829965, -18.399605 ], [ -64.829912, -18.399644 ], [ -64.829881, -18.399667 ], [ -64.829864, -18.399712 ], [ -64.829682, -18.400173 ], [ -64.829561, -18.400622 ], [ -64.829561, -18.400817 ], [ -64.82956, -18.400812 ] ], [ [ -64.83095, -18.397803 ], [ -64.830902, -18.397642 ], [ -64.830902, -18.397581 ], [ -64.830949, -18.39774 ], [ -64.83096, -18.398259 ], [ -64.83096, -18.398262 ], [ -64.83095, -18.397803 ] ], [ [ -64.830902, -18.397578 ], [ -64.830902, -18.397405 ], [ -64.830926, -18.397186 ], [ -64.830928, -18.396438 ], [ -64.830929, -18.396442 ], [ -64.830927, -18.39725 ], [ -64.830903, -18.397469 ], [ -64.830902, -18.397581 ], [ -64.830902, -18.397578 ] ], [ [ -64.830857, -18.396073 ], [ -64.830858, -18.396013 ], [ -64.830928, -18.396379 ], [ -64.830928, -18.396438 ], [ -64.830857, -18.396073 ] ], [ [ -64.830857, -18.396009 ], [ -64.830857, -18.395767 ], [ -64.830954, -18.395606 ], [ -64.831038, -18.395549 ], [ -64.831351, -18.39547 ], [ -64.8317, -18.395414 ], [ -64.831904, -18.395415 ], [ -64.832049, -18.395369 ], [ -64.832217, -18.395278 ], [ -64.832277, -18.395209 ], [ -64.832302, -18.395151 ], [ -64.832302, -18.395047 ], [ -64.832326, -18.394932 ], [ -64.832447, -18.394656 ], [ -64.832568, -18.394484 ], [ -64.832592, -18.394484 ], [ -64.832604, -18.394461 ], [ -64.832628, -18.394461 ], [ -64.832712, -18.39438 ], [ -64.832736, -18.394381 ], [ -64.833013, -18.394151 ], [ -64.833074, -18.394059 ], [ -64.833158, -18.393967 ], [ -64.833217, -18.39381 ], [ -64.833219, -18.39387 ], [ -64.833159, -18.394031 ], [ -64.833074, -18.394123 ], [ -64.833014, -18.394215 ], [ -64.832737, -18.394444 ], [ -64.832713, -18.394444 ], [ -64.832628, -18.394524 ], [ -64.832604, -18.394524 ], [ -64.832592, -18.394547 ], [ -64.832568, -18.394547 ], [ -64.832448, -18.39472 ], [ -64.832327, -18.394996 ], [ -64.832303, -18.395111 ], [ -64.832302, -18.395215 ], [ -64.832278, -18.395272 ], [ -64.832218, -18.395341 ], [ -64.832049, -18.395433 ], [ -64.831905, -18.395478 ], [ -64.8317, -18.395477 ], [ -64.831352, -18.395533 ], [ -64.831039, -18.395612 ], [ -64.830954, -18.39567 ], [ -64.830858, -18.395831 ], [ -64.830858, -18.396013 ], [ -64.830857, -18.396009 ] ], [ [ -64.833196, -18.393247 ], [ -64.833149, -18.393085 ], [ -64.83315, -18.39303 ], [ -64.833196, -18.393183 ], [ -64.833218, -18.393806 ], [ -64.833217, -18.39381 ], [ -64.833196, -18.393247 ] ], [ [ -64.833148, -18.393022 ], [ -64.833161, -18.392607 ], [ -64.833209, -18.392526 ], [ -64.833221, -18.392399 ], [ -64.83327, -18.39225 ], [ -64.83327, -18.39203 ], [ -64.833416, -18.391454 ], [ -64.833416, -18.391077 ], [ -64.833417, -18.39108 ], [ -64.833416, -18.391518 ], [ -64.833271, -18.392094 ], [ -64.83327, -18.392313 ], [ -64.833222, -18.392463 ], [ -64.83321, -18.39259 ], [ -64.833161, -18.39267 ], [ -64.83315, -18.39303 ], [ -64.833148, -18.393022 ] ], [ [ -64.833334, -18.39078 ], [ -64.833154, -18.390421 ], [ -64.833082, -18.39034 ], [ -64.833082, -18.390277 ], [ -64.833153, -18.390358 ], [ -64.833333, -18.390716 ], [ -64.833417, -18.391016 ], [ -64.833416, -18.391077 ], [ -64.833334, -18.39078 ] ], [ [ -64.833081, -18.390276 ], [ -64.833082, -18.389815 ], [ -64.833119, -18.389504 ], [ -64.833119, -18.389392 ], [ -64.83312, -18.389395 ], [ -64.83312, -18.389568 ], [ -64.833083, -18.389879 ], [ -64.833082, -18.390277 ], [ -64.833081, -18.390276 ] ], [ [ -64.833096, -18.389325 ], [ -64.833084, -18.389198 ], [ -64.833088, -18.389184 ], [ -64.833095, -18.389262 ], [ -64.833119, -18.389331 ], [ -64.833119, -18.389392 ], [ -64.833096, -18.389325 ] ], [ [ -64.833084, -18.389135 ], [ -64.833108, -18.389043 ], [ -64.833241, -18.388916 ], [ -64.833313, -18.388813 ], [ -64.833349, -18.388802 ], [ -64.833385, -18.388756 ], [ -64.833385, -18.388733 ], [ -64.833482, -18.388618 ], [ -64.833482, -18.388597 ], [ -64.833482, -18.388601 ], [ -64.833482, -18.388681 ], [ -64.833386, -18.388796 ], [ -64.833386, -18.388819 ], [ -64.83335, -18.388865 ], [ -64.833314, -18.388877 ], [ -64.833241, -18.38898 ], [ -64.833109, -18.389106 ], [ -64.833088, -18.389184 ], [ -64.833084, -18.389135 ] ], [ [ -64.833435, -18.388404 ], [ -64.833267, -18.388011 ], [ -64.833267, -18.387977 ], [ -64.833159, -18.387826 ], [ -64.833063, -18.387722 ], [ -64.832968, -18.387502 ], [ -64.832632, -18.387028 ], [ -64.832332, -18.386681 ], [ -64.832068, -18.386483 ], [ -64.832008, -18.386483 ], [ -64.831852, -18.386424 ], [ -64.831611, -18.3864 ], [ -64.831371, -18.386399 ], [ -64.831106, -18.386375 ], [ -64.83059, -18.386084 ], [ -64.830542, -18.386026 ], [ -64.83047, -18.385991 ], [ -64.83041, -18.385922 ], [ -64.830374, -18.385921 ], [ -64.830338, -18.385852 ], [ -64.830206, -18.385678 ], [ -64.830026, -18.385297 ], [ -64.82987, -18.385123 ], [ -64.829678, -18.384961 ], [ -64.829438, -18.384798 ], [ -64.82933, -18.384751 ], [ -64.82927, -18.384705 ], [ -64.829017, -18.3846 ], [ -64.828682, -18.384091 ], [ -64.828454, -18.383709 ], [ -64.828407, -18.383467 ], [ -64.828409, -18.383417 ], [ -64.828453, -18.383646 ], [ -64.828681, -18.384027 ], [ -64.829017, -18.384536 ], [ -64.829269, -18.384641 ], [ -64.829329, -18.384688 ], [ -64.829437, -18.384735 ], [ -64.829677, -18.384897 ], [ -64.829869, -18.38506 ], [ -64.830025, -18.385233 ], [ -64.830205, -18.385615 ], [ -64.830337, -18.385788 ], [ -64.830373, -18.385858 ], [ -64.830409, -18.385858 ], [ -64.830469, -18.385927 ], [ -64.830541, -18.385962 ], [ -64.830589, -18.38602 ], [ -64.831105, -18.386311 ], [ -64.83137, -18.386335 ], [ -64.83161, -18.386337 ], [ -64.831851, -18.386361 ], [ -64.832007, -18.386419 ], [ -64.832067, -18.38642 ], [ -64.832331, -18.386617 ], [ -64.832631, -18.386964 ], [ -64.832967, -18.387439 ], [ -64.833063, -18.387658 ], [ -64.833159, -18.387763 ], [ -64.833267, -18.387913 ], [ -64.833267, -18.387948 ], [ -64.833434, -18.388341 ], [ -64.833482, -18.388537 ], [ -64.833482, -18.388597 ], [ -64.833435, -18.388404 ] ], [ [ -64.828406, -18.383403 ], [ -64.828419, -18.38308 ], [ -64.828552, -18.382654 ], [ -64.82866, -18.382482 ], [ -64.828817, -18.382183 ], [ -64.829565, -18.381241 ], [ -64.829842, -18.380815 ], [ -64.829879, -18.380677 ], [ -64.829915, -18.380631 ], [ -64.83, -18.380343 ], [ -64.830121, -18.379721 ], [ -64.830134, -18.379536 ], [ -64.830194, -18.379318 ], [ -64.830243, -18.378972 ], [ -64.830291, -18.378811 ], [ -64.830448, -18.378523 ], [ -64.830678, -18.378005 ], [ -64.830787, -18.377671 ], [ -64.830835, -18.377406 ], [ -64.830872, -18.377303 ], [ -64.830872, -18.377086 ], [ -64.830873, -18.377089 ], [ -64.830872, -18.377366 ], [ -64.830836, -18.37747 ], [ -64.830787, -18.377735 ], [ -64.830679, -18.378069 ], [ -64.830449, -18.378587 ], [ -64.830292, -18.378874 ], [ -64.830244, -18.379036 ], [ -64.830195, -18.379381 ], [ -64.830134, -18.3796 ], [ -64.830122, -18.379785 ], [ -64.83, -18.380407 ], [ -64.829916, -18.380695 ], [ -64.829879, -18.380741 ], [ -64.829843, -18.380879 ], [ -64.829566, -18.381304 ], [ -64.828818, -18.382246 ], [ -64.828661, -18.382545 ], [ -64.828552, -18.382718 ], [ -64.828419, -18.383144 ], [ -64.828409, -18.383417 ], [ -64.828406, -18.383403 ] ], [ [ -64.83079, -18.376708 ], [ -64.83079, -18.376649 ], [ -64.830872, -18.377026 ], [ -64.830872, -18.377086 ], [ -64.83079, -18.376708 ] ], [ [ -64.830789, -18.376645 ], [ -64.830789, -18.376618 ], [ -64.83079, -18.376628 ], [ -64.83079, -18.376648 ], [ -64.830789, -18.376645 ] ], [ [ -64.830772, -18.3764 ], [ -64.827562, -18.368775 ], [ -64.809103, -18.360596 ], [ -64.80913, -18.360545 ], [ -64.827561, -18.368712 ], [ -64.830771, -18.376336 ], [ -64.830789, -18.376564 ], [ -64.830789, -18.376618 ], [ -64.830772, -18.3764 ] ], [ [ -64.809102, -18.360532 ], [ -64.814791, -18.349663 ], [ -64.817216, -18.347746 ], [ -64.82979, -18.337024 ], [ -64.83074, -18.336199 ], [ -64.83124, -18.335787 ], [ -64.831355, -18.335656 ], [ -64.831451, -18.335544 ], [ -64.831623, -18.33532 ], [ -64.831776, -18.335115 ], [ -64.83191, -18.334947 ], [ -64.832062, -18.334705 ], [ -64.832287, -18.334384 ], [ -64.832347, -18.33428 ], [ -64.832479, -18.334107 ], [ -64.832563, -18.333969 ], [ -64.832635, -18.333888 ], [ -64.832803, -18.333646 ], [ -64.832887, -18.333565 ], [ -64.833187, -18.333058 ], [ -64.83357, -18.332493 ], [ -64.83363, -18.33247 ], [ -64.83363, -18.332447 ], [ -64.833786, -18.332228 ], [ -64.83393, -18.331986 ], [ -64.834014, -18.331906 ], [ -64.834074, -18.331802 ], [ -64.834206, -18.331629 ], [ -64.834434, -18.331283 ], [ -64.834482, -18.331168 ], [ -64.83453, -18.331122 ], [ -64.834758, -18.330799 ], [ -64.834758, -18.330776 ], [ -64.834925, -18.330626 ], [ -64.834925, -18.330603 ], [ -64.835129, -18.330419 ], [ -64.835345, -18.330177 ], [ -64.835645, -18.329877 ], [ -64.835945, -18.329508 ], [ -64.836125, -18.329324 ], [ -64.836293, -18.329209 ], [ -64.836293, -18.329174 ], [ -64.836389, -18.329093 ], [ -64.836425, -18.329036 ], [ -64.836449, -18.329024 ], [ -64.836461, -18.328967 ], [ -64.836509, -18.328943 ], [ -64.836617, -18.328771 ], [ -64.836677, -18.328713 ], [ -64.836833, -18.328482 ], [ -64.83718, -18.327895 ], [ -64.837396, -18.327606 ], [ -64.837444, -18.32748 ], [ -64.837528, -18.327387 ], [ -64.837696, -18.327053 ], [ -64.838007, -18.326627 ], [ -64.838283, -18.326316 ], [ -64.838379, -18.326166 ], [ -64.838631, -18.325831 ], [ -64.838967, -18.325486 ], [ -64.838979, -18.325451 ], [ -64.839075, -18.325336 ], [ -64.839135, -18.325197 ], [ -64.839578, -18.324483 ], [ -64.840022, -18.32401 ], [ -64.840274, -18.323526 ], [ -64.840333, -18.32333 ], [ -64.840441, -18.32318 ], [ -64.840609, -18.323008 ], [ -64.841029, -18.32242 ], [ -64.841365, -18.322005 ], [ -64.841484, -18.321797 ], [ -64.841844, -18.32106 ], [ -64.84188, -18.32106 ], [ -64.841904, -18.321025 ], [ -64.841976, -18.321025 ], [ -64.842096, -18.320864 ], [ -64.842456, -18.32046 ], [ -64.842576, -18.320264 ], [ -64.842923, -18.31978 ], [ -64.843235, -18.319388 ], [ -64.843487, -18.319123 ], [ -64.843871, -18.318789 ], [ -64.843871, -18.318766 ], [ -64.843883, -18.318766 ], [ -64.845621, -18.316299 ], [ -64.845645, -18.316299 ], [ -64.850862, -18.303002 ], [ -64.850878, -18.303026 ], [ -64.845646, -18.316363 ], [ -64.845622, -18.316363 ], [ -64.843883, -18.31883 ], [ -64.843871, -18.31883 ], [ -64.843871, -18.318853 ], [ -64.843488, -18.319187 ], [ -64.843236, -18.319452 ], [ -64.842924, -18.319844 ], [ -64.842576, -18.320328 ], [ -64.842456, -18.320524 ], [ -64.842097, -18.320927 ], [ -64.841977, -18.321089 ], [ -64.841905, -18.321089 ], [ -64.841881, -18.321123 ], [ -64.841845, -18.321123 ], [ -64.841485, -18.321861 ], [ -64.841365, -18.322068 ], [ -64.84103, -18.322483 ], [ -64.84061, -18.323071 ], [ -64.840442, -18.323244 ], [ -64.840334, -18.323394 ], [ -64.840274, -18.32359 ], [ -64.840023, -18.324074 ], [ -64.839579, -18.324546 ], [ -64.839135, -18.325261 ], [ -64.839075, -18.325399 ], [ -64.838979, -18.325515 ], [ -64.838967, -18.325549 ], [ -64.838632, -18.325895 ], [ -64.83838, -18.326229 ], [ -64.838284, -18.326379 ], [ -64.838008, -18.32669 ], [ -64.837696, -18.327117 ], [ -64.837529, -18.327451 ], [ -64.837445, -18.327543 ], [ -64.837397, -18.32767 ], [ -64.837181, -18.327958 ], [ -64.836833, -18.328546 ], [ -64.836677, -18.328777 ], [ -64.836617, -18.328834 ], [ -64.836509, -18.329007 ], [ -64.836461, -18.32903 ], [ -64.83645, -18.329088 ], [ -64.836426, -18.329099 ], [ -64.83639, -18.329157 ], [ -64.836294, -18.329238 ], [ -64.836294, -18.329272 ], [ -64.836126, -18.329387 ], [ -64.835946, -18.329572 ], [ -64.835646, -18.329941 ], [ -64.835346, -18.33024 ], [ -64.83513, -18.330482 ], [ -64.834926, -18.330667 ], [ -64.834926, -18.33069 ], [ -64.834758, -18.33084 ], [ -64.834758, -18.330863 ], [ -64.83453, -18.331185 ], [ -64.834482, -18.331232 ], [ -64.834434, -18.331347 ], [ -64.834207, -18.331693 ], [ -64.834075, -18.331865 ], [ -64.834015, -18.331969 ], [ -64.833931, -18.33205 ], [ -64.833787, -18.332292 ], [ -64.833631, -18.332511 ], [ -64.833631, -18.332534 ], [ -64.833571, -18.332557 ], [ -64.833187, -18.333122 ], [ -64.832888, -18.333629 ], [ -64.832804, -18.33371 ], [ -64.832636, -18.333952 ], [ -64.832564, -18.334032 ], [ -64.83248, -18.334171 ], [ -64.832348, -18.334344 ], [ -64.832288, -18.334447 ], [ -64.832063, -18.334769 ], [ -64.83191, -18.335011 ], [ -64.831776, -18.335179 ], [ -64.831623, -18.335384 ], [ -64.831451, -18.335608 ], [ -64.831356, -18.33572 ], [ -64.831241, -18.33585 ], [ -64.830741, -18.336262 ], [ -64.829791, -18.337087 ], [ -64.817217, -18.347809 ], [ -64.814792, -18.349727 ], [ -64.80913, -18.360545 ], [ -64.809102, -18.360532 ] ], [ [ -65.063391, -18.023129 ], [ -65.06314, -18.023313 ], [ -65.06314, -18.023313 ], [ -65.063391, -18.023129 ], [ -65.063415, -18.023128 ], [ -65.063415, -18.023128 ], [ -65.063391, -18.023129 ] ], [ [ -65.062149, -18.024798 ], [ -65.061958, -18.024902 ], [ -65.06179, -18.025029 ], [ -65.061539, -18.025155 ], [ -65.060449, -18.025835 ], [ -65.060079, -18.026135 ], [ -65.060079, -18.026135 ], [ -65.060449, -18.025835 ], [ -65.061539, -18.025155 ], [ -65.06179, -18.025029 ], [ -65.061958, -18.024902 ], [ -65.062149, -18.024798 ], [ -65.062305, -18.024683 ], [ -65.062305, -18.024683 ], [ -65.062149, -18.024798 ] ], [ [ -65.059246, -18.031337 ], [ -65.059246, -18.031337 ], [ -65.059282, -18.031314 ], [ -65.059282, -18.031314 ], [ -65.059246, -18.031337 ] ], [ [ -65.058995, -18.031602 ], [ -65.058756, -18.031728 ], [ -65.058516, -18.031821 ], [ -65.058156, -18.031902 ], [ -65.057964, -18.031902 ], [ -65.057641, -18.032006 ], [ -65.05709, -18.03234 ], [ -65.056898, -18.03242 ], [ -65.056563, -18.032513 ], [ -65.056419, -18.032536 ], [ -65.055579, -18.032537 ], [ -65.055171, -18.032514 ], [ -65.054859, -18.03248 ], [ -65.054511, -18.03248 ], [ -65.054511, -18.032468 ], [ -65.054162, -18.032365 ], [ -65.053538, -18.032216 ], [ -65.05295, -18.032217 ], [ -65.05277, -18.03224 ], [ -65.052578, -18.032286 ], [ -65.052482, -18.032332 ], [ -65.052314, -18.032355 ], [ -65.051895, -18.032505 ], [ -65.051045, -18.032909 ], [ -65.050398, -18.033174 ], [ -65.049308, -18.033681 ], [ -65.048972, -18.033819 ], [ -65.048385, -18.033958 ], [ -65.048013, -18.033958 ], [ -65.04764, -18.033866 ], [ -65.046859, -18.033476 ], [ -65.045849, -18.032947 ], [ -65.045849, -18.032913 ], [ -65.045248, -18.032729 ], [ -65.04478, -18.032568 ], [ -65.043747, -18.03227 ], [ -65.043483, -18.032236 ], [ -65.043122, -18.032144 ], [ -65.04281, -18.032133 ], [ -65.042618, -18.03211 ], [ -65.042066, -18.03211 ], [ -65.04185, -18.032168 ], [ -65.041671, -18.032191 ], [ -65.041551, -18.032191 ], [ -65.041371, -18.032214 ], [ -65.041131, -18.032215 ], [ -65.040963, -18.032249 ], [ -65.040819, -18.032249 ], [ -65.040255, -18.032365 ], [ -65.039944, -18.03248 ], [ -65.039872, -18.032526 ], [ -65.039668, -18.032607 ], [ -65.039225, -18.032826 ], [ -65.037655, -18.03346 ], [ -65.037452, -18.033587 ], [ -65.037284, -18.033667 ], [ -65.036937, -18.033921 ], [ -65.036937, -18.033921 ], [ -65.037284, -18.033667 ], [ -65.037452, -18.033587 ], [ -65.037655, -18.03346 ], [ -65.039225, -18.032826 ], [ -65.039668, -18.032607 ], [ -65.039872, -18.032526 ], [ -65.039944, -18.03248 ], [ -65.040255, -18.032365 ], [ -65.040819, -18.032249 ], [ -65.040963, -18.032249 ], [ -65.041131, -18.032215 ], [ -65.041371, -18.032214 ], [ -65.041551, -18.032191 ], [ -65.041671, -18.032191 ], [ -65.04185, -18.032168 ], [ -65.042066, -18.03211 ], [ -65.042618, -18.03211 ], [ -65.04281, -18.032133 ], [ -65.043122, -18.032144 ], [ -65.043483, -18.032236 ], [ -65.043747, -18.03227 ], [ -65.04478, -18.032568 ], [ -65.045248, -18.032729 ], [ -65.045849, -18.032913 ], [ -65.045849, -18.032947 ], [ -65.046859, -18.033476 ], [ -65.04764, -18.033866 ], [ -65.048013, -18.033958 ], [ -65.048385, -18.033958 ], [ -65.048972, -18.033819 ], [ -65.049308, -18.033681 ], [ -65.050398, -18.033174 ], [ -65.051045, -18.032909 ], [ -65.051895, -18.032505 ], [ -65.052314, -18.032355 ], [ -65.052482, -18.032332 ], [ -65.052578, -18.032286 ], [ -65.05277, -18.03224 ], [ -65.05295, -18.032217 ], [ -65.053538, -18.032216 ], [ -65.054162, -18.032365 ], [ -65.054511, -18.032468 ], [ -65.054511, -18.03248 ], [ -65.054859, -18.03248 ], [ -65.055171, -18.032514 ], [ -65.055579, -18.032537 ], [ -65.056419, -18.032536 ], [ -65.056563, -18.032513 ], [ -65.056898, -18.03242 ], [ -65.05709, -18.03234 ], [ -65.057641, -18.032006 ], [ -65.057964, -18.031902 ], [ -65.058156, -18.031902 ], [ -65.058516, -18.031821 ], [ -65.058756, -18.031728 ], [ -65.058995, -18.031602 ], [ -65.059175, -18.03144 ], [ -65.059175, -18.03144 ], [ -65.058995, -18.031602 ] ], [ [ -65.033557, -18.041495 ], [ -65.033365, -18.041599 ], [ -65.033113, -18.041691 ], [ -65.032442, -18.041853 ], [ -65.032298, -18.041864 ], [ -65.032166, -18.041899 ], [ -65.031986, -18.041899 ], [ -65.031794, -18.041922 ], [ -65.031086, -18.041923 ], [ -65.030846, -18.041946 ], [ -65.030654, -18.041946 ], [ -65.030462, -18.0419 ], [ -65.029921, -18.041624 ], [ -65.029632, -18.041406 ], [ -65.029367, -18.041176 ], [ -65.028861, -18.040612 ], [ -65.028681, -18.040348 ], [ -65.028511, -18.040014 ], [ -65.028451, -18.03983 ], [ -65.028255, -18.03891 ], [ -65.028219, -18.038795 ], [ -65.028219, -18.038703 ], [ -65.028169, -18.038346 ], [ -65.028167, -18.037713 ], [ -65.028202, -18.037517 ], [ -65.028286, -18.03731 ], [ -65.028357, -18.037218 ], [ -65.028357, -18.037218 ], [ -65.028286, -18.03731 ], [ -65.028202, -18.037517 ], [ -65.028167, -18.037713 ], [ -65.028169, -18.038346 ], [ -65.028219, -18.038703 ], [ -65.028219, -18.038795 ], [ -65.028255, -18.03891 ], [ -65.028451, -18.03983 ], [ -65.028511, -18.040014 ], [ -65.028681, -18.040348 ], [ -65.028861, -18.040612 ], [ -65.029367, -18.041176 ], [ -65.029632, -18.041406 ], [ -65.029921, -18.041624 ], [ -65.030462, -18.0419 ], [ -65.030654, -18.041946 ], [ -65.030846, -18.041946 ], [ -65.031086, -18.041923 ], [ -65.031794, -18.041922 ], [ -65.031986, -18.041899 ], [ -65.032166, -18.041899 ], [ -65.032298, -18.041864 ], [ -65.032442, -18.041853 ], [ -65.033113, -18.041691 ], [ -65.033365, -18.041599 ], [ -65.033557, -18.041495 ], [ -65.034012, -18.041196 ], [ -65.034012, -18.041196 ], [ -65.033557, -18.041495 ] ], [ [ -65.030679, -18.03541 ], [ -65.030762, -18.035214 ], [ -65.030809, -18.034961 ], [ -65.030808, -18.034742 ], [ -65.030676, -18.034535 ], [ -65.030507, -18.034351 ], [ -65.030387, -18.034328 ], [ -65.030231, -18.034328 ], [ -65.029751, -18.034444 ], [ -65.029655, -18.034501 ], [ -65.029512, -18.034536 ], [ -65.029116, -18.034698 ], [ -65.028637, -18.034916 ], [ -65.028146, -18.035089 ], [ -65.027762, -18.03517 ], [ -65.027366, -18.035205 ], [ -65.027126, -18.035205 ], [ -65.026766, -18.035148 ], [ -65.026598, -18.035102 ], [ -65.026538, -18.035102 ], [ -65.026381, -18.034999 ], [ -65.026249, -18.034849 ], [ -65.026116, -18.034665 ], [ -65.025947, -18.03432 ], [ -65.025862, -18.034067 ], [ -65.025765, -18.033848 ], [ -65.025403, -18.03317 ], [ -65.025391, -18.03317 ], [ -65.025391, -18.033147 ], [ -65.025367, -18.033147 ], [ -65.025367, -18.033135 ], [ -65.024682, -18.03294 ], [ -65.024226, -18.032837 ], [ -65.024034, -18.032814 ], [ -65.023313, -18.032607 ], [ -65.023121, -18.032607 ], [ -65.023013, -18.032561 ], [ -65.022593, -18.032493 ], [ -65.022424, -18.032424 ], [ -65.021548, -18.032252 ], [ -65.020911, -18.032045 ], [ -65.020262, -18.031723 ], [ -65.019793, -18.031413 ], [ -65.019648, -18.031298 ], [ -65.01942, -18.031022 ], [ -65.019274, -18.030665 ], [ -65.019044, -18.02994 ], [ -65.018671, -18.029618 ], [ -65.018057, -18.029227 ], [ -65.017937, -18.029124 ], [ -65.017828, -18.028997 ], [ -65.017503, -18.028514 ], [ -65.017226, -18.028192 ], [ -65.016889, -18.027905 ], [ -65.016588, -18.027686 ], [ -65.016299, -18.027514 ], [ -65.016095, -18.027411 ], [ -65.015723, -18.027273 ], [ -65.015566, -18.027238 ], [ -65.015242, -18.027238 ], [ -65.014883, -18.027319 ], [ -65.014883, -18.027319 ], [ -65.015242, -18.027238 ], [ -65.015566, -18.027238 ], [ -65.015723, -18.027273 ], [ -65.016095, -18.027411 ], [ -65.016299, -18.027514 ], [ -65.016588, -18.027686 ], [ -65.016889, -18.027905 ], [ -65.017226, -18.028192 ], [ -65.017503, -18.028514 ], [ -65.017828, -18.028997 ], [ -65.017937, -18.029124 ], [ -65.018057, -18.029227 ], [ -65.018671, -18.029618 ], [ -65.019044, -18.02994 ], [ -65.019274, -18.030665 ], [ -65.01942, -18.031022 ], [ -65.019648, -18.031298 ], [ -65.019793, -18.031413 ], [ -65.020262, -18.031723 ], [ -65.020911, -18.032045 ], [ -65.021548, -18.032252 ], [ -65.022424, -18.032424 ], [ -65.022593, -18.032493 ], [ -65.023013, -18.032561 ], [ -65.023121, -18.032607 ], [ -65.023313, -18.032607 ], [ -65.024034, -18.032814 ], [ -65.024226, -18.032837 ], [ -65.024682, -18.03294 ], [ -65.025367, -18.033135 ], [ -65.025367, -18.033147 ], [ -65.025391, -18.033147 ], [ -65.025391, -18.03317 ], [ -65.025403, -18.03317 ], [ -65.025765, -18.033848 ], [ -65.025862, -18.034067 ], [ -65.025947, -18.03432 ], [ -65.026116, -18.034665 ], [ -65.026249, -18.034849 ], [ -65.026381, -18.034999 ], [ -65.026538, -18.035102 ], [ -65.026598, -18.035102 ], [ -65.026766, -18.035148 ], [ -65.027126, -18.035205 ], [ -65.027366, -18.035205 ], [ -65.027762, -18.03517 ], [ -65.028146, -18.035089 ], [ -65.028637, -18.034916 ], [ -65.029116, -18.034698 ], [ -65.029512, -18.034536 ], [ -65.029655, -18.034501 ], [ -65.029751, -18.034444 ], [ -65.030231, -18.034328 ], [ -65.030387, -18.034328 ], [ -65.030507, -18.034351 ], [ -65.030676, -18.034535 ], [ -65.030808, -18.034742 ], [ -65.030809, -18.034961 ], [ -65.030762, -18.035214 ], [ -65.030679, -18.03541 ], [ -65.030428, -18.035732 ], [ -65.030141, -18.036043 ], [ -65.030141, -18.036043 ], [ -65.030428, -18.035732 ], [ -65.030679, -18.03541 ] ], [ [ -65.014811, -18.027365 ], [ -65.014811, -18.027365 ], [ -65.014883, -18.027331 ], [ -65.014883, -18.027331 ], [ -65.014811, -18.027365 ] ], [ [ -65.014775, -18.027377 ], [ -65.014523, -18.027504 ], [ -65.014428, -18.027573 ], [ -65.014428, -18.027573 ], [ -65.014523, -18.027504 ], [ -65.014775, -18.027377 ], [ -65.014811, -18.027377 ], [ -65.014811, -18.027377 ], [ -65.014775, -18.027377 ] ], [ [ -65.014057, -18.027849 ], [ -65.013925, -18.027953 ], [ -65.013925, -18.027953 ], [ -65.014057, -18.027849 ], [ -65.014296, -18.027699 ], [ -65.014296, -18.027699 ], [ -65.014057, -18.027849 ] ], [ [ -65.013853, -18.02801 ], [ -65.013853, -18.02801 ], [ -65.013877, -18.02801 ], [ -65.013877, -18.02801 ], [ -65.013853, -18.02801 ] ], [ [ -65.01377, -18.028091 ], [ -65.01359, -18.028206 ], [ -65.013267, -18.028367 ], [ -65.013267, -18.028367 ], [ -65.01359, -18.028206 ], [ -65.01377, -18.028091 ], [ -65.013817, -18.028079 ], [ -65.013817, -18.028079 ], [ -65.01377, -18.028091 ] ], [ [ -65.012811, -18.028563 ], [ -65.012679, -18.028632 ], [ -65.011888, -18.028852 ], [ -65.011648, -18.028898 ], [ -65.011241, -18.029025 ], [ -65.010894, -18.029197 ], [ -65.010582, -18.029313 ], [ -65.010302, -18.029496 ], [ -65.009894, -18.029715 ], [ -65.009894, -18.029715 ], [ -65.010302, -18.029496 ], [ -65.010582, -18.029313 ], [ -65.010894, -18.029197 ], [ -65.011241, -18.029025 ], [ -65.011648, -18.028898 ], [ -65.011888, -18.028852 ], [ -65.012679, -18.028632 ], [ -65.012811, -18.028563 ], [ -65.013243, -18.028402 ], [ -65.013243, -18.028402 ], [ -65.012811, -18.028563 ] ], [ [ -64.977623, -18.063456 ], [ -64.964568, -18.068339 ], [ -64.964568, -18.068339 ], [ -64.977623, -18.063456 ], [ -64.986974, -18.058954 ], [ -64.986974, -18.058954 ], [ -64.977623, -18.063456 ] ], [ [ -64.947312, -18.160098 ], [ -64.931805, -18.170365 ], [ -64.923971, -18.175443 ], [ -64.923971, -18.175443 ], [ -64.931805, -18.170365 ], [ -64.947312, -18.160098 ], [ -64.947938, -18.159608 ], [ -64.947938, -18.159608 ], [ -64.947312, -18.160098 ] ], [ [ -64.901328, -18.213692 ], [ -64.901328, -18.213692 ], [ -64.918476, -18.201842 ], [ -64.918476, -18.201842 ], [ -64.901328, -18.213692 ] ], [ [ -64.885067, -18.243092 ], [ -64.885067, -18.243092 ], [ -64.892484, -18.238395 ], [ -64.892484, -18.238395 ], [ -64.885067, -18.243092 ] ], [ [ -64.874495, -18.25592 ], [ -64.874351, -18.255978 ], [ -64.87368, -18.256347 ], [ -64.873152, -18.256577 ], [ -64.873068, -18.256635 ], [ -64.872984, -18.256658 ], [ -64.8729, -18.256715 ], [ -64.872528, -18.256796 ], [ -64.872276, -18.256796 ], [ -64.87194, -18.256865 ], [ -64.871568, -18.257003 ], [ -64.871304, -18.257153 ], [ -64.871304, -18.257153 ], [ -64.871568, -18.257003 ], [ -64.87194, -18.256865 ], [ -64.872276, -18.256796 ], [ -64.872528, -18.256796 ], [ -64.8729, -18.256715 ], [ -64.872984, -18.256658 ], [ -64.873068, -18.256635 ], [ -64.873152, -18.256577 ], [ -64.87368, -18.256347 ], [ -64.874351, -18.255978 ], [ -64.874495, -18.25592 ], [ -64.875218, -18.255429 ], [ -64.875218, -18.255429 ], [ -64.874495, -18.25592 ] ], [ [ -64.869854, -18.258663 ], [ -64.869698, -18.258744 ], [ -64.86953, -18.258859 ], [ -64.869482, -18.258859 ], [ -64.869422, -18.258894 ], [ -64.869158, -18.258871 ], [ -64.868521, -18.258721 ], [ -64.868053, -18.258721 ], [ -64.867741, -18.258698 ], [ -64.867177, -18.258571 ], [ -64.866997, -18.258421 ], [ -64.8669, -18.258317 ], [ -64.866792, -18.258121 ], [ -64.8666, -18.257683 ], [ -64.866408, -18.257404 ], [ -64.866265, -18.257226 ], [ -64.86617, -18.257137 ], [ -64.865933, -18.257005 ], [ -64.86565, -18.256918 ], [ -64.865433, -18.256865 ], [ -64.86519, -18.256887 ], [ -64.86505, -18.256874 ], [ -64.864956, -18.25687 ], [ -64.864852, -18.256881 ], [ -64.864642, -18.256948 ], [ -64.864246, -18.257049 ], [ -64.863994, -18.25721 ], [ -64.863742, -18.257348 ], [ -64.863742, -18.257348 ], [ -64.863994, -18.25721 ], [ -64.864246, -18.257049 ], [ -64.864642, -18.256948 ], [ -64.864852, -18.256881 ], [ -64.864956, -18.25687 ], [ -64.86505, -18.256874 ], [ -64.86519, -18.256887 ], [ -64.865433, -18.256865 ], [ -64.86565, -18.256918 ], [ -64.865933, -18.257005 ], [ -64.86617, -18.257137 ], [ -64.866265, -18.257226 ], [ -64.866408, -18.257404 ], [ -64.8666, -18.257683 ], [ -64.866792, -18.258121 ], [ -64.8669, -18.258317 ], [ -64.866997, -18.258421 ], [ -64.867177, -18.258571 ], [ -64.867741, -18.258698 ], [ -64.868053, -18.258721 ], [ -64.868521, -18.258721 ], [ -64.869158, -18.258871 ], [ -64.869422, -18.258894 ], [ -64.869482, -18.258859 ], [ -64.86953, -18.258859 ], [ -64.869698, -18.258744 ], [ -64.869854, -18.258663 ], [ -64.870069, -18.258525 ], [ -64.870069, -18.258525 ], [ -64.869854, -18.258663 ] ], [ [ -64.86367, -18.257394 ], [ -64.850837, -18.265449 ], [ -64.850837, -18.265449 ], [ -64.86367, -18.257394 ], [ -64.863682, -18.257406 ], [ -64.863682, -18.257406 ], [ -64.86367, -18.257394 ] ] ] ] } }
]
}
