{
"type": "FeatureCollection",
"name": "CARRASCO",
"crs": { "type": "name", "properties": { "name": "urn:ogc:def:crs:OGC:1.3:CRS84" } },
"bbox": [ -65.544999, -17.987015, -64.188284, -15.939948 ],                                                                        
"features": [
{ "type": "Feature", "properties": { "NOMBRE": "Carrasco", "NIVEL": "Provincias", "PROVINCIA": "", "REGION": "Tropico", "DEPARTAMENTO": "Cochabamba" }, "bbox": [ -65.544999, -17.987015, -64.188284, -15.939948 ], "geometry": { "type": "MultiPolygon", "coordinates": [ [ [ [ -65.339969, -17.52015 ], [ -65.336971, -17.523309 ], [ -65.333866, -17.526581 ], [ -65.323469, -17.537535 ], [ -65.300202, -17.55225 ], [ -65.297767, -17.555213 ], [ -65.273314, -17.579554 ], [ -65.269154, -17.582578 ], [ -65.266708, -17.586457 ], [ -65.266462, -17.586848 ], [ -65.265617, -17.587199 ], [ -65.264437, -17.587575 ], [ -65.262471, -17.588163 ], [ -65.261768, -17.588433 ], [ -65.260793, -17.588853 ], [ -65.259866, -17.58932 ], [ -65.258713, -17.589949 ], [ -65.257811, -17.590461 ], [ -65.256884, -17.590962 ], [ -65.256039, -17.591313 ], [ -65.254836, -17.5917 ], [ -65.254312, -17.591911 ], [ -65.253694, -17.592191 ], [ -65.253016, -17.592529 ], [ -65.249407, -17.594709 ], [ -65.250144, -17.595226 ], [ -65.251059, -17.59539 ], [ -65.252747, -17.595523 ], [ -65.252747, -17.595523 ], [ -65.253133, -17.595773 ], [ -65.253133, -17.595773 ], [ -65.254375, -17.596433 ], [ -65.254375, -17.596433 ], [ -65.255679, -17.597241 ], [ -65.255679, -17.597241 ], [ -65.256489, -17.597811 ], [ -65.256489, -17.597811 ], [ -65.257396, -17.598484 ], [ -65.257396, -17.598484 ], [ -65.25804, -17.599228 ], [ -65.25859, -17.600006 ], [ -65.259269, -17.601475 ], [ -65.259732, -17.602128 ], [ -65.260314, -17.602641 ], [ -65.260314, -17.602642 ], [ -65.260871, -17.603098 ], [ -65.260871, -17.603098 ], [ -65.261299, -17.60374 ], [ -65.261596, -17.604474 ], [ -65.261757, -17.604985 ], [ -65.262135, -17.606185 ], [ -65.262481, -17.607 ], [ -65.262813, -17.607619 ], [ -65.263302, -17.60834 ], [ -65.263716, -17.608833 ], [ -65.264228, -17.609485 ], [ -65.264634, -17.610299 ], [ -65.265068, -17.611355 ], [ -65.265321, -17.612389 ], [ -65.265322, -17.613298 ], [ -65.265298, -17.61415 ], [ -65.26538, -17.614851 ], [ -65.265645, -17.615885 ], [ -65.26568, -17.616632 ], [ -65.265597, -17.617565 ], [ -65.26543, -17.618441 ], [ -65.265152, -17.619098 ], [ -65.264858, -17.619503 ], [ -65.264542, -17.619988 ], [ -65.264285, -17.620462 ], [ -65.264183, -17.6209 ], [ -65.264186, -17.621119 ], [ -65.26424, -17.621532 ], [ -65.264216, -17.622419 ], [ -65.263825, -17.623176 ], [ -65.259265, -17.627898 ], [ -65.255385, -17.633257 ], [ -65.254989, -17.635194 ], [ -65.254976, -17.640912 ], [ -65.251565, -17.647171 ], [ -65.248143, -17.651941 ], [ -65.246166, -17.655084 ], [ -65.243118, -17.660642 ], [ -65.24064, -17.665891 ], [ -65.237538, -17.672506 ], [ -65.240457, -17.67431 ], [ -65.243041, -17.675168 ], [ -65.243041, -17.675168 ], [ -65.243041, -17.675168 ], [ -65.24399, -17.675996 ], [ -65.24602, -17.677684 ], [ -65.24602, -17.677684 ], [ -65.246956, -17.678443 ], [ -65.246956, -17.678443 ], [ -65.24812, -17.679143 ], [ -65.24812, -17.679143 ], [ -65.24908, -17.679775 ], [ -65.249081, -17.679775 ], [ -65.249909, -17.680384 ], [ -65.249909, -17.680384 ], [ -65.250606, -17.680993 ], [ -65.251219, -17.681659 ], [ -65.251628, -17.682142 ], [ -65.25206, -17.682555 ], [ -65.252264, -17.682682 ], [ -65.252671, -17.682682 ], [ -65.253246, -17.682659 ], [ -65.253988, -17.682704 ], [ -65.254539, -17.682808 ], [ -65.255031, -17.683049 ], [ -65.255031, -17.683049 ], [ -65.255559, -17.683359 ], [ -65.255559, -17.683359 ], [ -65.256147, -17.683738 ], [ -65.256147, -17.683738 ], [ -65.256807, -17.684083 ], [ -65.257539, -17.684381 ], [ -65.25839, -17.684634 ], [ -65.259396, -17.68484 ], [ -65.260234, -17.684944 ], [ -65.26051, -17.685001 ], [ -65.260558, -17.685024 ], [ -65.260558, -17.685024 ], [ -65.260558, -17.685024 ], [ -65.260642, -17.685104 ], [ -65.260944, -17.685771 ], [ -65.261125, -17.686046 ], [ -65.261317, -17.686265 ], [ -65.261533, -17.686449 ], [ -65.261689, -17.686506 ], [ -65.262145, -17.686609 ], [ -65.262145, -17.686609 ], [ -65.26644, -17.689886 ], [ -65.26644, -17.689886 ], [ -65.26856, -17.692066 ], [ -65.26898, -17.69241 ], [ -65.26898, -17.69241 ], [ -65.269425, -17.692904 ], [ -65.270135, -17.693881 ], [ -65.270652, -17.694467 ], [ -65.271181, -17.694984 ], [ -65.271722, -17.695397 ], [ -65.271722, -17.695397 ], [ -65.272142, -17.695661 ], [ -65.272142, -17.695661 ], [ -65.27249, -17.69596 ], [ -65.272635, -17.696167 ], [ -65.273153, -17.697028 ], [ -65.273707, -17.697775 ], [ -65.274272, -17.698395 ], [ -65.274921, -17.698993 ], [ -65.275593, -17.699521 ], [ -65.275593, -17.699521 ], [ -65.276218, -17.69998 ], [ -65.276218, -17.69998 ], [ -65.276711, -17.700451 ], [ -65.277697, -17.7016 ], [ -65.278852, -17.703013 ], [ -65.279562, -17.703737 ], [ -65.280007, -17.704219 ], [ -65.280019, -17.704254 ], [ -65.280404, -17.704771 ], [ -65.280536, -17.704909 ], [ -65.280548, -17.704943 ], [ -65.281814, -17.706451 ], [ -65.278405, -17.711658 ], [ -65.272396, -17.718588 ], [ -65.262865, -17.72958 ], [ -65.262852, -17.729595 ], [ -65.254366, -17.739379 ], [ -65.249261, -17.749022 ], [ -65.249535, -17.749347 ], [ -65.251169, -17.751288 ], [ -65.271132, -17.774996 ], [ -65.293528, -17.75413 ], [ -65.326914, -17.758822 ], [ -65.326914, -17.758822 ], [ -65.328889, -17.759837 ], [ -65.335115, -17.763034 ], [ -65.342431, -17.76679 ], [ -65.362413, -17.777048 ], [ -65.362484, -17.777072 ], [ -65.362626, -17.777156 ], [ -65.362812, -17.777447 ], [ -65.362848, -17.777471 ], [ -65.362847, -17.777494 ], [ -65.362894, -17.777575 ], [ -65.363105, -17.777821 ], [ -65.363437, -17.778 ], [ -65.364144, -17.778004 ], [ -65.364455, -17.778056 ], [ -65.364633, -17.778117 ], [ -65.365214, -17.778463 ], [ -65.365486, -17.778652 ], [ -65.365736, -17.778761 ], [ -65.366234, -17.779036 ], [ -65.366588, -17.779319 ], [ -65.366836, -17.779496 ], [ -65.366847, -17.77952 ], [ -65.366978, -17.779568 ], [ -65.367026, -17.779604 ], [ -65.36724, -17.779677 ], [ -65.36724, -17.7797 ], [ -65.367605, -17.779995 ], [ -65.367746, -17.780171 ], [ -65.36778, -17.780252 ], [ -65.367827, -17.780276 ], [ -65.367851, -17.780322 ], [ -65.367922, -17.78037 ], [ -65.36804, -17.780418 ], [ -65.368542, -17.780509 ], [ -65.368962, -17.780518 ], [ -65.369191, -17.780465 ], [ -65.369334, -17.780468 ], [ -65.369476, -17.780563 ], [ -65.369593, -17.780738 ], [ -65.36978, -17.78096 ], [ -65.369969, -17.781125 ], [ -65.370111, -17.781208 ], [ -65.370706, -17.781439 ], [ -65.371015, -17.781595 ], [ -65.371536, -17.781905 ], [ -65.371535, -17.781939 ], [ -65.371725, -17.782058 ], [ -65.371724, -17.782104 ], [ -65.371995, -17.782328 ], [ -65.372457, -17.782591 ], [ -65.372492, -17.782637 ], [ -65.372564, -17.782639 ], [ -65.373016, -17.782832 ], [ -65.373255, -17.782872 ], [ -65.373553, -17.782981 ], [ -65.374048, -17.783394 ], [ -65.374191, -17.783454 ], [ -65.374675, -17.783798 ], [ -65.375067, -17.784013 ], [ -65.375425, -17.784101 ], [ -65.375581, -17.784104 ], [ -65.375664, -17.784129 ], [ -65.375806, -17.784224 ], [ -65.375995, -17.784389 ], [ -65.376243, -17.784578 ], [ -65.376776, -17.784899 ], [ -65.376811, -17.784934 ], [ -65.377698, -17.784964 ], [ -65.378372, -17.784818 ], [ -65.378516, -17.784821 ], [ -65.378704, -17.784997 ], [ -65.378677, -17.785157 ], [ -65.378673, -17.785352 ], [ -65.378742, -17.785526 ], [ -65.378942, -17.785714 ], [ -65.379049, -17.785751 ], [ -65.379084, -17.785786 ], [ -65.3798, -17.785951 ], [ -65.379872, -17.785952 ], [ -65.37999, -17.786047 ], [ -65.380035, -17.786197 ], [ -65.380116, -17.786336 ], [ -65.38021, -17.78643 ], [ -65.38033, -17.786467 ], [ -65.380905, -17.786491 ], [ -65.381035, -17.786574 ], [ -65.381164, -17.786726 ], [ -65.381377, -17.786868 ], [ -65.382046, -17.786986 ], [ -65.382463, -17.787132 ], [ -65.382664, -17.78724 ], [ -65.382806, -17.787346 ], [ -65.383042, -17.787558 ], [ -65.383278, -17.787736 ], [ -65.383385, -17.787784 ], [ -65.38342, -17.78783 ], [ -65.383444, -17.787831 ], [ -65.383507, -17.787694 ], [ -65.383579, -17.787661 ], [ -65.383786, -17.787493 ], [ -65.383824, -17.787437 ], [ -65.383824, -17.787391 ], [ -65.383874, -17.787323 ], [ -65.383888, -17.787208 ], [ -65.384071, -17.78704 ], [ -65.384229, -17.786928 ], [ -65.384278, -17.786918 ], [ -65.384436, -17.786818 ], [ -65.384525, -17.786567 ], [ -65.38453, -17.786314 ], [ -65.384496, -17.786187 ], [ -65.384461, -17.78614 ], [ -65.384419, -17.785829 ], [ -65.384443, -17.78583 ], [ -65.384481, -17.785761 ], [ -65.384566, -17.785671 ], [ -65.384591, -17.785626 ], [ -65.384652, -17.785604 ], [ -65.384713, -17.785548 ], [ -65.384809, -17.785538 ], [ -65.385217, -17.785547 ], [ -65.385408, -17.785574 ], [ -65.3856, -17.785578 ], [ -65.385684, -17.785534 ], [ -65.385925, -17.785481 ], [ -65.385998, -17.785437 ], [ -65.385999, -17.785414 ], [ -65.386047, -17.785381 ], [ -65.386451, -17.784964 ], [ -65.386671, -17.784762 ], [ -65.386733, -17.784671 ], [ -65.386757, -17.784672 ], [ -65.386806, -17.784627 ], [ -65.387012, -17.784516 ], [ -65.387025, -17.784482 ], [ -65.387407, -17.783961 ], [ -65.387602, -17.78377 ], [ -65.387771, -17.783739 ], [ -65.387951, -17.783743 ], [ -65.388368, -17.783878 ], [ -65.38868, -17.783861 ], [ -65.38885, -17.783739 ], [ -65.389059, -17.783479 ], [ -65.389282, -17.783116 ], [ -65.38932, -17.783013 ], [ -65.389362, -17.782738 ], [ -65.389367, -17.782497 ], [ -65.389392, -17.782406 ], [ -65.38949, -17.782316 ], [ -65.389753, -17.782344 ], [ -65.390276, -17.782608 ], [ -65.390358, -17.782679 ], [ -65.390441, -17.782726 ], [ -65.390607, -17.782856 ], [ -65.391118, -17.783051 ], [ -65.391167, -17.783017 ], [ -65.391299, -17.782997 ], [ -65.391627, -17.782786 ], [ -65.391833, -17.782675 ], [ -65.392037, -17.782668 ], [ -65.392156, -17.782728 ], [ -65.392382, -17.782801 ], [ -65.392453, -17.782849 ], [ -65.392548, -17.782885 ], [ -65.392856, -17.783122 ], [ -65.392891, -17.783122 ], [ -65.392891, -17.783134 ], [ -65.393367, -17.783351 ], [ -65.393509, -17.783445 ], [ -65.393712, -17.78345 ], [ -65.393896, -17.783281 ], [ -65.394044, -17.783077 ], [ -65.394202, -17.782931 ], [ -65.394454, -17.782914 ], [ -65.394598, -17.782951 ], [ -65.394682, -17.782953 ], [ -65.394848, -17.783014 ], [ -65.395345, -17.783346 ], [ -65.395381, -17.783347 ], [ -65.395476, -17.783383 ], [ -65.395584, -17.783385 ], [ -65.395645, -17.783329 ], [ -65.395742, -17.783274 ], [ -65.395875, -17.783254 ], [ -65.395934, -17.783266 ], [ -65.396186, -17.783272 ], [ -65.396222, -17.783295 ], [ -65.396365, -17.783298 ], [ -65.396771, -17.783399 ], [ -65.396891, -17.783401 ], [ -65.397165, -17.783476 ], [ -65.39751, -17.783621 ], [ -65.397795, -17.783776 ], [ -65.397961, -17.783837 ], [ -65.397986, -17.783803 ], [ -65.397978, -17.783619 ], [ -65.397944, -17.783527 ], [ -65.397953, -17.783067 ], [ -65.397966, -17.783021 ], [ -65.398015, -17.782976 ], [ -65.398074, -17.782989 ], [ -65.398406, -17.783169 ], [ -65.398478, -17.78317 ], [ -65.398574, -17.783195 ], [ -65.398718, -17.783186 ], [ -65.398995, -17.7831 ], [ -65.399127, -17.783103 ], [ -65.399246, -17.783152 ], [ -65.399377, -17.783177 ], [ -65.399615, -17.783883 ], [ -65.39965, -17.783918 ], [ -65.399651, -17.783907 ], [ -65.399699, -17.783908 ], [ -65.399723, -17.783885 ], [ -65.399747, -17.783886 ], [ -65.399772, -17.783829 ], [ -65.39987, -17.783728 ], [ -65.400109, -17.783756 ], [ -65.400442, -17.783889 ], [ -65.401174, -17.78449 ], [ -65.401517, -17.784704 ], [ -65.402064, -17.784968 ], [ -65.402194, -17.785051 ], [ -65.403112, -17.785335 ], [ -65.404202, -17.785381 ], [ -65.404679, -17.785482 ], [ -65.404728, -17.78546 ], [ -65.4048, -17.785462 ], [ -65.405197, -17.785367 ], [ -65.405355, -17.785301 ], [ -65.405402, -17.785314 ], [ -65.405585, -17.785145 ], [ -65.405804, -17.785 ], [ -65.405913, -17.784968 ], [ -65.406069, -17.784971 ], [ -65.406104, -17.784995 ], [ -65.406319, -17.785023 ], [ -65.406438, -17.785082 ], [ -65.406686, -17.785271 ], [ -65.406697, -17.785306 ], [ -65.406876, -17.785379 ], [ -65.407307, -17.785411 ], [ -65.407543, -17.785577 ], [ -65.407732, -17.78573 ], [ -65.407978, -17.786022 ], [ -65.408179, -17.786199 ], [ -65.408465, -17.786251 ], [ -65.408753, -17.786257 ], [ -65.408885, -17.786236 ], [ -65.409163, -17.78615 ], [ -65.409321, -17.786039 ], [ -65.40987, -17.785568 ], [ -65.409944, -17.785466 ], [ -65.410398, -17.784958 ], [ -65.410679, -17.7847 ], [ -65.410848, -17.784611 ], [ -65.411126, -17.784525 ], [ -65.411749, -17.784538 ], [ -65.411916, -17.784565 ], [ -65.41212, -17.784569 ], [ -65.412277, -17.784515 ], [ -65.412495, -17.784393 ], [ -65.412642, -17.784269 ], [ -65.412642, -17.784246 ], [ -65.412913, -17.783907 ], [ -65.413061, -17.783681 ], [ -65.413318, -17.783399 ], [ -65.413979, -17.782746 ], [ -65.414345, -17.782443 ], [ -65.414648, -17.782254 ], [ -65.415148, -17.781863 ], [ -65.41538, -17.781626 ], [ -65.41548, -17.781421 ], [ -65.415603, -17.781263 ], [ -65.41581, -17.781095 ], [ -65.415979, -17.781041 ], [ -65.416387, -17.78105 ], [ -65.416435, -17.781028 ], [ -65.416736, -17.780976 ], [ -65.416845, -17.780933 ], [ -65.417126, -17.780674 ], [ -65.417422, -17.780267 ], [ -65.417458, -17.780245 ], [ -65.41752, -17.780142 ], [ -65.417776, -17.779918 ], [ -65.417873, -17.779874 ], [ -65.418067, -17.779752 ], [ -65.418406, -17.779621 ], [ -65.41855, -17.779601 ], [ -65.418958, -17.779609 ], [ -65.419138, -17.77959 ], [ -65.419331, -17.779537 ], [ -65.419379, -17.779538 ], [ -65.419379, -17.779515 ], [ -65.419452, -17.779482 ], [ -65.419548, -17.779472 ], [ -65.41962, -17.779439 ], [ -65.419872, -17.779444 ], [ -65.420075, -17.779483 ], [ -65.420566, -17.779516 ], [ -65.420578, -17.779505 ], [ -65.420902, -17.779512 ], [ -65.421093, -17.779539 ], [ -65.421392, -17.779614 ], [ -65.421775, -17.779633 ], [ -65.421859, -17.779612 ], [ -65.421931, -17.779614 ], [ -65.422041, -17.779501 ], [ -65.422077, -17.779502 ], [ -65.422103, -17.779433 ], [ -65.422237, -17.779321 ], [ -65.422685, -17.779066 ], [ -65.422973, -17.779072 ], [ -65.423259, -17.779159 ], [ -65.423568, -17.779291 ], [ -65.423593, -17.779269 ], [ -65.423617, -17.779269 ], [ -65.423617, -17.779246 ], [ -65.423678, -17.77919 ], [ -65.423751, -17.779157 ], [ -65.423909, -17.779023 ], [ -65.423984, -17.778898 ], [ -65.424204, -17.778696 ], [ -65.424204, -17.778661 ], [ -65.424289, -17.778605 ], [ -65.424495, -17.778506 ], [ -65.424785, -17.778397 ], [ -65.424906, -17.77832 ], [ -65.425075, -17.778266 ], [ -65.425124, -17.778221 ], [ -65.425365, -17.778034 ], [ -65.425845, -17.777839 ], [ -65.42613, -17.777793 ], [ -65.426283, -17.777771 ], [ -65.426414, -17.777769 ], [ -65.426528, -17.777766 ], [ -65.426668, -17.777753 ], [ -65.426765, -17.777752 ], [ -65.427016, -17.777743 ], [ -65.427077, -17.777721 ], [ -65.427197, -17.777712 ], [ -65.42745, -17.77766 ], [ -65.427582, -17.777651 ], [ -65.428444, -17.77768 ], [ -65.428575, -17.777718 ], [ -65.428791, -17.777722 ], [ -65.429197, -17.777799 ], [ -65.429495, -17.777909 ], [ -65.430234, -17.778108 ], [ -65.430544, -17.77823 ], [ -65.431092, -17.778379 ], [ -65.431691, -17.778426 ], [ -65.431703, -17.778437 ], [ -65.431847, -17.77844 ], [ -65.432156, -17.77855 ], [ -65.432768, -17.778551 ], [ -65.433309, -17.778448 ], [ -65.433405, -17.77845 ], [ -65.433477, -17.778428 ], [ -65.433729, -17.778422 ], [ -65.433886, -17.778391 ], [ -65.434689, -17.778407 ], [ -65.435155, -17.778497 ], [ -65.435368, -17.778617 ], [ -65.435452, -17.778641 ], [ -65.435595, -17.778644 ], [ -65.43568, -17.7786 ], [ -65.435801, -17.778568 ], [ -65.435945, -17.778571 ], [ -65.43603, -17.778515 ], [ -65.436126, -17.778517 ], [ -65.436197, -17.778553 ], [ -65.43628, -17.778567 ], [ -65.436447, -17.77865 ], [ -65.436614, -17.7787 ], [ -65.436756, -17.778772 ], [ -65.436862, -17.778854 ], [ -65.437053, -17.778904 ], [ -65.437916, -17.778911 ], [ -65.438025, -17.77889 ], [ -65.438061, -17.778868 ], [ -65.438289, -17.778872 ], [ -65.438409, -17.778852 ], [ -65.43896, -17.778863 ], [ -65.439105, -17.778832 ], [ -65.439225, -17.778834 ], [ -65.439357, -17.778814 ], [ -65.439514, -17.778737 ], [ -65.440015, -17.778299 ], [ -65.440052, -17.778219 ], [ -65.440101, -17.778174 ], [ -65.440102, -17.77814 ], [ -65.440127, -17.778095 ], [ -65.440127, -17.77806 ], [ -65.440382, -17.777916 ], [ -65.440526, -17.777896 ], [ -65.440599, -17.777863 ], [ -65.440815, -17.777822 ], [ -65.440936, -17.777778 ], [ -65.441574, -17.777665 ], [ -65.441778, -17.777646 ], [ -65.441982, -17.77765 ], [ -65.441982, -17.777627 ], [ -65.442006, -17.777628 ], [ -65.442166, -17.777459 ], [ -65.442277, -17.777277 ], [ -65.442328, -17.77714 ], [ -65.442526, -17.7768 ], [ -65.442599, -17.776744 ], [ -65.443145, -17.776445 ], [ -65.443242, -17.776355 ], [ -65.443909, -17.776013 ], [ -65.443982, -17.775957 ], [ -65.444115, -17.77589 ], [ -65.444477, -17.775783 ], [ -65.444717, -17.775765 ], [ -65.444887, -17.775677 ], [ -65.445163, -17.775625 ], [ -65.445272, -17.775581 ], [ -65.445392, -17.775561 ], [ -65.445634, -17.775485 ], [ -65.445706, -17.775487 ], [ -65.445875, -17.775421 ], [ -65.446863, -17.775177 ], [ -65.447284, -17.775117 ], [ -65.448494, -17.775131 ], [ -65.448881, -17.774966 ], [ -65.449124, -17.774822 ], [ -65.449246, -17.774721 ], [ -65.449367, -17.774677 ], [ -65.449498, -17.77468 ], [ -65.449833, -17.774756 ], [ -65.450106, -17.774854 ], [ -65.450344, -17.774973 ], [ -65.450451, -17.774999 ], [ -65.450737, -17.775108 ], [ -65.45094, -17.775135 ], [ -65.451286, -17.775223 ], [ -65.451499, -17.775388 ], [ -65.451522, -17.775434 ], [ -65.45157, -17.775435 ], [ -65.451771, -17.775589 ], [ -65.451902, -17.775626 ], [ -65.452191, -17.77554 ], [ -65.452192, -17.775517 ], [ -65.45224, -17.775472 ], [ -65.452288, -17.775473 ], [ -65.452325, -17.775416 ], [ -65.452508, -17.775294 ], [ -65.452676, -17.775274 ], [ -65.452856, -17.775289 ], [ -65.453034, -17.775339 ], [ -65.45307, -17.775374 ], [ -65.45351, -17.775521 ], [ -65.453846, -17.775528 ], [ -65.454147, -17.775477 ], [ -65.454378, -17.775321 ], [ -65.45455, -17.775106 ], [ -65.454799, -17.774617 ], [ -65.454994, -17.774472 ], [ -65.455114, -17.774451 ], [ -65.455282, -17.774455 ], [ -65.455377, -17.774491 ], [ -65.455473, -17.774505 ], [ -65.455591, -17.774564 ], [ -65.45565, -17.774646 ], [ -65.455721, -17.774682 ], [ -65.45591, -17.774847 ], [ -65.456354, -17.775396 ], [ -65.456543, -17.775584 ], [ -65.457073, -17.776031 ], [ -65.457322, -17.776174 ], [ -65.457617, -17.776421 ], [ -65.457759, -17.776505 ], [ -65.457771, -17.776528 ], [ -65.458011, -17.776533 ], [ -65.458226, -17.77656 ], [ -65.458419, -17.776507 ], [ -65.458635, -17.776488 ], [ -65.458864, -17.776436 ], [ -65.4589, -17.776413 ], [ -65.458901, -17.77639 ], [ -65.459034, -17.776336 ], [ -65.459226, -17.776294 ], [ -65.459552, -17.776197 ], [ -65.459854, -17.776077 ], [ -65.460328, -17.775753 ], [ -65.460606, -17.775644 ], [ -65.461088, -17.775539 ], [ -65.461089, -17.775447 ], [ -65.461281, -17.77544 ], [ -65.46133, -17.775406 ], [ -65.46149, -17.775214 ], [ -65.461552, -17.775101 ], [ -65.461565, -17.775043 ], [ -65.461764, -17.774657 ], [ -65.461963, -17.774316 ], [ -65.462036, -17.774249 ], [ -65.462037, -17.774226 ], [ -65.46222, -17.774057 ], [ -65.462352, -17.774026 ], [ -65.462748, -17.774045 ], [ -65.463165, -17.77418 ], [ -65.463188, -17.774204 ], [ -65.463452, -17.774221 ], [ -65.463596, -17.774201 ], [ -65.463777, -17.774135 ], [ -65.463874, -17.774068 ], [ -65.464045, -17.773911 ], [ -65.464058, -17.773842 ], [ -65.464094, -17.773843 ], [ -65.464264, -17.773732 ], [ -65.464421, -17.773689 ], [ -65.46448, -17.773725 ], [ -65.464598, -17.773853 ], [ -65.464714, -17.774051 ], [ -65.46489, -17.774227 ], [ -65.464913, -17.774274 ], [ -65.465056, -17.774334 ], [ -65.465212, -17.774349 ], [ -65.465537, -17.774252 ], [ -65.465658, -17.774185 ], [ -65.465817, -17.774062 ], [ -65.465942, -17.773801 ], [ -65.466032, -17.773469 ], [ -65.466041, -17.77301 ], [ -65.466066, -17.772953 ], [ -65.466068, -17.772884 ], [ -65.466229, -17.772612 ], [ -65.466361, -17.772614 ], [ -65.466516, -17.772663 ], [ -65.466731, -17.772691 ], [ -65.466957, -17.772753 ], [ -65.467278, -17.772897 ], [ -65.467278, -17.772909 ], [ -65.467302, -17.772909 ], [ -65.467587, -17.773065 ], [ -65.468062, -17.773293 ], [ -65.468385, -17.773345 ], [ -65.468746, -17.773261 ], [ -65.468746, -17.773249 ], [ -65.468782, -17.773238 ], [ -65.468904, -17.773126 ], [ -65.469003, -17.772979 ], [ -65.469138, -17.772832 ], [ -65.469625, -17.772463 ], [ -65.46977, -17.772397 ], [ -65.469938, -17.7724 ], [ -65.470095, -17.772346 ], [ -65.470131, -17.772347 ], [ -65.470375, -17.772134 ], [ -65.470461, -17.772032 ], [ -65.470523, -17.771895 ], [ -65.470555, -17.771471 ], [ -65.470594, -17.771345 ], [ -65.470599, -17.771081 ], [ -65.470627, -17.770875 ], [ -65.470704, -17.770612 ], [ -65.470779, -17.770464 ], [ -65.470815, -17.770454 ], [ -65.47084, -17.770408 ], [ -65.470913, -17.770375 ], [ -65.47101, -17.770297 ], [ -65.471543, -17.770009 ], [ -65.471991, -17.769811 ], [ -65.472087, -17.769713 ], [ -65.472242, -17.769604 ], [ -65.472443, -17.769472 ], [ -65.472693, -17.769244 ], [ -65.487904, -17.765955 ], [ -65.488313, -17.765894 ], [ -65.488354, -17.765894 ], [ -65.488421, -17.765885 ], [ -65.488529, -17.765849 ], [ -65.488618, -17.76583 ], [ -65.48895, -17.765724 ], [ -65.489138, -17.765647 ], [ -65.489188, -17.765631 ], [ -65.489444, -17.765515 ], [ -65.489627, -17.765355 ], [ -65.489825, -17.765225 ], [ -65.489954, -17.764946 ], [ -65.490199, -17.764474 ], [ -65.490261, -17.764372 ], [ -65.490324, -17.764212 ], [ -65.490559, -17.763838 ], [ -65.490705, -17.763703 ], [ -65.490948, -17.763558 ], [ -65.491057, -17.763469 ], [ -65.491217, -17.763265 ], [ -65.491859, -17.762348 ], [ -65.492031, -17.762133 ], [ -65.492254, -17.761735 ], [ -65.492293, -17.761564 ], [ -65.492299, -17.761288 ], [ -65.492278, -17.76115 ], [ -65.49229, -17.761139 ], [ -65.492306, -17.760944 ], [ -65.492345, -17.760772 ], [ -65.492642, -17.760295 ], [ -65.492949, -17.759911 ], [ -65.493295, -17.75939 ], [ -65.493457, -17.759083 ], [ -65.49372, -17.758514 ], [ -65.493972, -17.757864 ], [ -65.494024, -17.75767 ], [ -65.494087, -17.75751 ], [ -65.494258, -17.756744 ], [ -65.494391, -17.756034 ], [ -65.494432, -17.755173 ], [ -65.494556, -17.754349 ], [ -65.494563, -17.753993 ], [ -65.494592, -17.753752 ], [ -65.494931, -17.752932 ], [ -65.495022, -17.752566 ], [ -65.495069, -17.752015 ], [ -65.495094, -17.751958 ], [ -65.495121, -17.751798 ], [ -65.495124, -17.751672 ], [ -65.49526, -17.751466 ], [ -65.495405, -17.751296 ], [ -65.495579, -17.751125 ], [ -65.49593, -17.751036 ], [ -65.496133, -17.750934 ], [ -65.496231, -17.750821 ], [ -65.496438, -17.750653 ], [ -65.496609, -17.750473 ], [ -65.496719, -17.750394 ], [ -65.496719, -17.750371 ], [ -65.496804, -17.750316 ], [ -65.49724, -17.750095 ], [ -65.497604, -17.749884 ], [ -65.498005, -17.749628 ], [ -65.498355, -17.749463 ], [ -65.49879, -17.749311 ], [ -65.499527, -17.748992 ], [ -65.499722, -17.748859 ], [ -65.499818, -17.748838 ], [ -65.500159, -17.74858 ], [ -65.500184, -17.748535 ], [ -65.500403, -17.748332 ], [ -65.50044, -17.748276 ], [ -65.50055, -17.748175 ], [ -65.500894, -17.747779 ], [ -65.501027, -17.747702 ], [ -65.501293, -17.747581 ], [ -65.501341, -17.747582 ], [ -65.501402, -17.747549 ], [ -65.501768, -17.747473 ], [ -65.502075, -17.747342 ], [ -65.502232, -17.747259 ], [ -65.502783, -17.746658 ], [ -65.503152, -17.746157 ], [ -65.503384, -17.745885 ], [ -65.503778, -17.745327 ], [ -65.504023, -17.745043 ], [ -65.504414, -17.744658 ], [ -65.504487, -17.744625 ], [ -65.50489, -17.744286 ], [ -65.505351, -17.74404 ], [ -65.505678, -17.743919 ], [ -65.505884, -17.743865 ], [ -65.50766, -17.743573 ], [ -65.508035, -17.743465 ], [ -65.50829, -17.743354 ], [ -65.508886, -17.742984 ], [ -65.509386, -17.742601 ], [ -65.509593, -17.74242 ], [ -65.510242, -17.74167 ], [ -65.510293, -17.741521 ], [ -65.510813, -17.740516 ], [ -65.511344, -17.73965 ], [ -65.511455, -17.739421 ], [ -65.511681, -17.73878 ], [ -65.511817, -17.73854 ], [ -65.51216, -17.738131 ], [ -65.512477, -17.737917 ], [ -65.512817, -17.737727 ], [ -65.514199, -17.737164 ], [ -65.514782, -17.736874 ], [ -65.514891, -17.736784 ], [ -65.515086, -17.736683 ], [ -65.515684, -17.736175 ], [ -65.515818, -17.736039 ], [ -65.516013, -17.735893 ], [ -65.51672, -17.735306 ], [ -65.517183, -17.735002 ], [ -65.517463, -17.734788 ], [ -65.518522, -17.734058 ], [ -65.51868, -17.733922 ], [ -65.518838, -17.733821 ], [ -65.518924, -17.733719 ], [ -65.519034, -17.733628 ], [ -65.519279, -17.733379 ], [ -65.519414, -17.733209 ], [ -65.519524, -17.733095 ], [ -65.519647, -17.732913 ], [ -65.519757, -17.732788 ], [ -65.519991, -17.732446 ], [ -65.520113, -17.73231 ], [ -65.5202, -17.73215 ], [ -65.52047, -17.731775 ], [ -65.520878, -17.731033 ], [ -65.521264, -17.730175 ], [ -65.521264, -17.730129 ], [ -65.521379, -17.729704 ], [ -65.52164, -17.729098 ], [ -65.521752, -17.728904 ], [ -65.521864, -17.728641 ], [ -65.522073, -17.728333 ], [ -65.522172, -17.728128 ], [ -65.52221, -17.728002 ], [ -65.522346, -17.72775 ], [ -65.522469, -17.727603 ], [ -65.522652, -17.727433 ], [ -65.52292, -17.727265 ], [ -65.523077, -17.72721 ], [ -65.523198, -17.727143 ], [ -65.523319, -17.72711 ], [ -65.523417, -17.727054 ], [ -65.523671, -17.726966 ], [ -65.523962, -17.726845 ], [ -65.524314, -17.726655 ], [ -65.524666, -17.726488 ], [ -65.52519, -17.726105 ], [ -65.525519, -17.725823 ], [ -65.525666, -17.725629 ], [ -65.525864, -17.725322 ], [ -65.525926, -17.725161 ], [ -65.526, -17.725036 ], [ -65.526087, -17.724842 ], [ -65.526226, -17.724429 ], [ -65.526251, -17.724303 ], [ -65.526314, -17.724119 ], [ -65.526341, -17.723935 ], [ -65.526541, -17.72342 ], [ -65.52669, -17.723112 ], [ -65.527291, -17.722338 ], [ -65.527895, -17.721404 ], [ -65.528268, -17.720592 ], [ -65.528458, -17.719927 ], [ -65.528459, -17.719846 ], [ -65.528495, -17.719847 ], [ -65.528532, -17.719778 ], [ -65.528607, -17.719561 ], [ -65.528684, -17.719274 ], [ -65.528982, -17.718645 ], [ -65.529093, -17.718451 ], [ -65.529339, -17.718086 ], [ -65.529437, -17.717996 ], [ -65.529535, -17.717859 ], [ -65.529718, -17.71769 ], [ -65.530266, -17.717319 ], [ -65.531143, -17.716619 ], [ -65.531839, -17.715986 ], [ -65.532085, -17.71561 ], [ -65.532282, -17.71536 ], [ -65.532393, -17.715177 ], [ -65.533069, -17.714232 ], [ -65.533179, -17.714107 ], [ -65.533683, -17.71339 ], [ -65.533781, -17.713288 ], [ -65.533879, -17.713151 ], [ -65.534259, -17.712708 ], [ -65.534564, -17.712426 ], [ -65.53481, -17.712107 ], [ -65.535025, -17.711362 ], [ -65.535087, -17.711201 ], [ -65.535149, -17.711099 ], [ -65.535787, -17.710245 ], [ -65.535983, -17.71003 ], [ -65.536447, -17.709623 ], [ -65.536703, -17.709431 ], [ -65.536984, -17.709114 ], [ -65.537097, -17.708804 ], [ -65.540161, -17.70427 ], [ -65.540185, -17.704259 ], [ -65.540679, -17.703369 ], [ -65.541039, -17.70266 ], [ -65.54108, -17.70253 ], [ -65.541257, -17.702355 ], [ -65.541441, -17.702154 ], [ -65.541541, -17.702075 ], [ -65.541757, -17.701934 ], [ -65.541779, -17.701919 ], [ -65.541882, -17.701791 ], [ -65.541907, -17.701775 ], [ -65.541862, -17.701745 ], [ -65.542971, -17.701124 ], [ -65.543261, -17.700851 ], [ -65.543286, -17.70069 ], [ -65.543287, -17.700471 ], [ -65.543228, -17.700252 ], [ -65.543181, -17.699987 ], [ -65.543051, -17.699561 ], [ -65.542793, -17.698294 ], [ -65.542761, -17.697523 ], [ -65.54307, -17.695708 ], [ -65.543076, -17.694524 ], [ -65.543058, -17.693431 ], [ -65.543074, -17.692523 ], [ -65.543137, -17.691937 ], [ -65.543273, -17.691202 ], [ -65.543679, -17.689538 ], [ -65.543899, -17.688769 ], [ -65.544641, -17.687051 ], [ -65.544923, -17.685937 ], [ -65.544999, -17.685179 ], [ -65.544895, -17.684327 ], [ -65.544694, -17.683612 ], [ -65.544516, -17.683162 ], [ -65.544339, -17.682574 ], [ -65.543183, -17.681233 ], [ -65.543095, -17.681131 ], [ -65.527204, -17.654828 ], [ -65.525528, -17.651998 ], [ -65.525587, -17.650998 ], [ -65.525558, -17.650574 ], [ -65.525385, -17.650116 ], [ -65.524319, -17.649068 ], [ -65.523241, -17.647767 ], [ -65.523535, -17.646449 ], [ -65.523461, -17.645613 ], [ -65.523319, -17.64436 ], [ -65.523037, -17.642033 ], [ -65.521983, -17.637982 ], [ -65.520258, -17.630475 ], [ -65.516761, -17.616505 ], [ -65.510647, -17.584491 ], [ -65.509378, -17.569267 ], [ -65.510333, -17.561724 ], [ -65.517266, -17.552608 ], [ -65.517309, -17.552552 ], [ -65.500208, -17.539632 ], [ -65.492347, -17.53352 ], [ -65.462624, -17.555885 ], [ -65.438613, -17.571003 ], [ -65.417805, -17.579745 ], [ -65.419288, -17.572355 ], [ -65.419287, -17.572252 ], [ -65.419192, -17.5716 ], [ -65.419016, -17.570908 ], [ -65.418866, -17.570518 ], [ -65.418621, -17.570117 ], [ -65.418366, -17.569877 ], [ -65.418004, -17.569638 ], [ -65.41663, -17.569004 ], [ -65.416256, -17.568811 ], [ -65.415893, -17.568515 ], [ -65.415577, -17.56816 ], [ -65.415123, -17.567439 ], [ -65.414766, -17.566705 ], [ -65.414301, -17.566053 ], [ -65.41407, -17.565813 ], [ -65.413624, -17.56554 ], [ -65.412562, -17.564961 ], [ -65.411366, -17.564199 ], [ -65.410822, -17.563777 ], [ -65.410385, -17.563355 ], [ -65.409959, -17.562875 ], [ -65.409605, -17.562394 ], [ -65.409213, -17.561799 ], [ -65.408869, -17.561203 ], [ -65.40873, -17.560675 ], [ -65.408598, -17.559847 ], [ -65.408435, -17.559354 ], [ -65.408128, -17.558815 ], [ -65.407872, -17.558449 ], [ -65.407724, -17.558151 ], [ -65.407709, -17.557978 ], [ -65.407728, -17.557644 ], [ -65.407526, -17.556382 ], [ -65.408041, -17.556123 ], [ -65.419476, -17.5554 ], [ -65.447561, -17.538418 ], [ -65.472034, -17.521014 ], [ -65.472535, -17.520657 ], [ -65.47191, -17.520493 ], [ -65.443823, -17.513125 ], [ -65.443633, -17.513196 ], [ -65.443214, -17.513222 ], [ -65.441731, -17.513222 ], [ -65.441407, -17.513144 ], [ -65.441059, -17.512568 ], [ -65.440494, -17.512276 ], [ -65.439886, -17.5122 ], [ -65.43928, -17.511721 ], [ -65.438773, -17.51138 ], [ -65.438483, -17.51121 ], [ -65.438231, -17.511154 ], [ -65.437849, -17.511157 ], [ -65.436552, -17.51089 ], [ -65.434927, -17.510491 ], [ -65.433248, -17.509868 ], [ -65.432706, -17.50963 ], [ -65.432346, -17.509518 ], [ -65.43201, -17.509463 ], [ -65.431089, -17.50947 ], [ -65.43049, -17.509428 ], [ -65.429593, -17.509412 ], [ -65.429148, -17.509277 ], [ -65.428147, -17.508663 ], [ -65.427638, -17.508241 ], [ -65.427331, -17.507714 ], [ -65.427106, -17.507026 ], [ -65.426866, -17.506165 ], [ -65.4267, -17.505453 ], [ -65.42655, -17.505039 ], [ -65.426378, -17.504753 ], [ -65.426134, -17.504421 ], [ -65.425818, -17.504055 ], [ -65.425575, -17.503827 ], [ -65.424922, -17.502845 ], [ -65.424095, -17.50154 ], [ -65.421567, -17.496594 ], [ -65.419281, -17.490781 ], [ -65.415452, -17.481711 ], [ -65.381183, -17.490964 ], [ -65.365093, -17.499016 ], [ -65.344013, -17.514843 ], [ -65.344013, -17.514843 ], [ -65.339969, -17.52015 ] ] ], [ [ [ -64.588913, -17.600553 ], [ -64.588795, -17.600694 ], [ -64.588835, -17.600981 ], [ -64.589113, -17.601433 ], [ -64.589327, -17.601688 ], [ -64.589679, -17.602026 ], [ -64.589912, -17.602249 ], [ -64.590219, -17.602474 ], [ -64.590446, -17.602735 ], [ -64.590555, -17.60311 ], [ -64.590553, -17.603565 ], [ -64.5907, -17.604036 ], [ -64.590946, -17.604347 ], [ -64.591366, -17.60466 ], [ -64.59176, -17.604824 ], [ -64.592278, -17.604898 ], [ -64.592641, -17.605009 ], [ -64.592898, -17.605198 ], [ -64.593138, -17.605566 ], [ -64.593272, -17.60593 ], [ -64.59325, -17.606295 ], [ -64.59314, -17.606532 ], [ -64.592901, -17.606929 ], [ -64.592711, -17.607349 ], [ -64.592554, -17.607876 ], [ -64.592371, -17.608409 ], [ -64.592213, -17.608876 ], [ -64.592149, -17.609336 ], [ -64.592159, -17.609803 ], [ -64.592156, -17.610209 ], [ -64.592128, -17.610568 ], [ -64.592056, -17.610865 ], [ -64.592105, -17.611414 ], [ -64.592102, -17.611833 ], [ -64.591993, -17.612222 ], [ -64.591828, -17.612594 ], [ -64.591713, -17.612989 ], [ -64.591674, -17.613425 ], [ -64.591709, -17.613915 ], [ -64.591876, -17.614439 ], [ -64.59201, -17.614797 ], [ -64.592162, -17.615095 ], [ -64.59239, -17.615475 ], [ -64.592605, -17.61588 ], [ -64.592708, -17.61619 ], [ -64.592704, -17.616459 ], [ -64.592724, -17.616644 ], [ -64.592851, -17.616864 ], [ -64.592921, -17.617097 ], [ -64.592898, -17.617324 ], [ -64.592837, -17.617505 ], [ -64.592647, -17.617811 ], [ -64.592482, -17.618177 ], [ -64.59241, -17.618507 ], [ -64.592463, -17.618847 ], [ -64.592615, -17.619115 ], [ -64.592897, -17.619351 ], [ -64.593242, -17.619616 ], [ -64.593612, -17.619829 ], [ -64.593931, -17.619963 ], [ -64.594176, -17.620171 ], [ -64.594365, -17.620438 ], [ -64.594505, -17.62073 ], [ -64.594514, -17.620981 ], [ -64.594472, -17.621238 ], [ -64.594431, -17.621508 ], [ -64.594383, -17.621777 ], [ -64.594317, -17.621969 ], [ -64.59425, -17.622226 ], [ -64.594209, -17.62246 ], [ -64.594136, -17.62265 ], [ -64.594199, -17.622823 ], [ -64.594356, -17.622935 ], [ -64.594544, -17.622994 ], [ -64.594731, -17.623034 ], [ -64.5949, -17.623146 ], [ -64.595051, -17.623312 ], [ -64.595184, -17.623532 ], [ -64.595223, -17.623711 ], [ -64.595268, -17.623896 ], [ -64.595301, -17.624069 ], [ -64.595315, -17.624225 ], [ -64.595279, -17.624386 ], [ -64.595237, -17.624536 ], [ -64.595181, -17.624609 ], [ -64.595201, -17.624753 ], [ -64.595228, -17.624938 ], [ -64.595136, -17.6251 ], [ -64.594993, -17.625197 ], [ -64.594764, -17.625384 ], [ -64.594685, -17.62563 ], [ -64.594681, -17.625821 ], [ -64.594707, -17.625994 ], [ -64.594746, -17.626203 ], [ -64.594705, -17.626502 ], [ -64.594765, -17.626914 ], [ -64.594954, -17.627165 ], [ -64.595318, -17.627443 ], [ -64.595851, -17.627773 ], [ -64.59621, -17.628153 ], [ -64.596349, -17.628785 ], [ -64.596483, -17.629806 ], [ -64.596683, -17.630561 ], [ -64.596912, -17.631139 ], [ -64.597036, -17.631784 ], [ -64.597247, -17.63229 ], [ -64.597318, -17.632594 ], [ -64.597272, -17.632995 ], [ -64.597187, -17.633313 ], [ -64.597059, -17.633666 ], [ -64.596957, -17.634039 ], [ -64.596972, -17.634385 ], [ -64.597119, -17.634815 ], [ -64.597335, -17.635231 ], [ -64.597605, -17.635504 ], [ -64.598143, -17.635733 ], [ -64.598656, -17.635848 ], [ -64.599135, -17.635857 ], [ -64.599833, -17.635719 ], [ -64.600199, -17.635614 ], [ -64.600547, -17.635384 ], [ -64.60082, -17.635245 ], [ -64.60113, -17.635105 ], [ -64.601444, -17.635096 ], [ -64.601746, -17.635279 ], [ -64.601954, -17.635564 ], [ -64.602176, -17.636011 ], [ -64.60243, -17.63653 ], [ -64.602739, -17.637 ], [ -64.602925, -17.637488 ], [ -64.602909, -17.637835 ], [ -64.602744, -17.638177 ], [ -64.602571, -17.638364 ], [ -64.60228, -17.638641 ], [ -64.602035, -17.639067 ], [ -64.601913, -17.639379 ], [ -64.601759, -17.639631 ], [ -64.601724, -17.639853 ], [ -64.601715, -17.640335 ], [ -64.601738, -17.640783 ], [ -64.601829, -17.641236 ], [ -64.601938, -17.641516 ], [ -64.602034, -17.641832 ], [ -64.602236, -17.642064 ], [ -64.602561, -17.642222 ], [ -64.602923, -17.642279 ], [ -64.603228, -17.642169 ], [ -64.603551, -17.642047 ], [ -64.603924, -17.642002 ], [ -64.604324, -17.642053 ], [ -64.60468, -17.642134 ], [ -64.604962, -17.642322 ], [ -64.605325, -17.642523 ], [ -64.605831, -17.642638 ], [ -64.60632, -17.642873 ], [ -64.606665, -17.643157 ], [ -64.606968, -17.643513 ], [ -64.607309, -17.644049 ], [ -64.607486, -17.64431 ], [ -64.60775, -17.644631 ], [ -64.608146, -17.64492 ], [ -64.608597, -17.645133 ], [ -64.608969, -17.645312 ], [ -64.609197, -17.645686 ], [ -64.609319, -17.646122 ], [ -64.609316, -17.64654 ], [ -64.609271, -17.647037 ], [ -64.609393, -17.647466 ], [ -64.609642, -17.647698 ], [ -64.610305, -17.647998 ], [ -64.61071, -17.647988 ], [ -64.611022, -17.64801 ], [ -64.611404, -17.648192 ], [ -64.611761, -17.648386 ], [ -64.612063, -17.648724 ], [ -64.612311, -17.64923 ], [ -64.612578, -17.649832 ], [ -64.612756, -17.650231 ], [ -64.612948, -17.650719 ], [ -64.613157, -17.651112 ], [ -64.613487, -17.651423 ], [ -64.613757, -17.651684 ], [ -64.614046, -17.651902 ], [ -64.61431, -17.652139 ], [ -64.614526, -17.65239 ], [ -64.614664, -17.652734 ], [ -64.614786, -17.65311 ], [ -64.614821, -17.65354 ], [ -64.614787, -17.653888 ], [ -64.61484, -17.65421 ], [ -64.614929, -17.654496 ], [ -64.615038, -17.654836 ], [ -64.615092, -17.65523 ], [ -64.615061, -17.655657 ], [ -64.614957, -17.656152 ], [ -64.614898, -17.656565 ], [ -64.614908, -17.656949 ], [ -64.614975, -17.657487 ], [ -64.61501, -17.657983 ], [ -64.615102, -17.658472 ], [ -64.615231, -17.658945 ], [ -64.615403, -17.659349 ], [ -64.615556, -17.659735 ], [ -64.615661, -17.66014 ], [ -64.615769, -17.660541 ], [ -64.615967, -17.660984 ], [ -64.616139, -17.661389 ], [ -64.616251, -17.661696 ], [ -64.616317, -17.662036 ], [ -64.616343, -17.662413 ], [ -64.616391, -17.6628 ], [ -64.616593, -17.663139 ], [ -64.616877, -17.663549 ], [ -64.61711, -17.663741 ], [ -64.617362, -17.663804 ], [ -64.617627, -17.663809 ], [ -64.6179, -17.663738 ], [ -64.618101, -17.663647 ], [ -64.618292, -17.663501 ], [ -64.618441, -17.663352 ], [ -64.6186, -17.663197 ], [ -64.618816, -17.663077 ], [ -64.61907, -17.662999 ], [ -64.619402, -17.662946 ], [ -64.619724, -17.662936 ], [ -64.62003, -17.662959 ], [ -64.620311, -17.663 ], [ -64.620593, -17.663044 ], [ -64.620817, -17.663096 ], [ -64.62099, -17.663152 ], [ -64.621159, -17.663201 ], [ -64.621285, -17.663157 ], [ -64.621355, -17.663038 ], [ -64.621425, -17.662901 ], [ -64.62154, -17.662735 ], [ -64.621639, -17.662548 ], [ -64.621734, -17.662282 ], [ -64.621814, -17.662051 ], [ -64.621887, -17.661867 ], [ -64.622032, -17.661733 ], [ -64.622127, -17.661517 ], [ -64.622219, -17.661327 ], [ -64.622357, -17.661077 ], [ -64.622565, -17.660947 ], [ -64.622842, -17.660878 ], [ -64.623035, -17.66084 ], [ -64.623265, -17.660725 ], [ -64.623382, -17.660539 ], [ -64.623541, -17.660221 ], [ -64.62377, -17.660004 ], [ -64.623989, -17.659772 ], [ -64.624305, -17.659549 ], [ -64.624745, -17.65927 ], [ -64.625241, -17.659015 ], [ -64.625695, -17.658832 ], [ -64.626243, -17.658791 ], [ -64.626853, -17.658807 ], [ -64.627241, -17.658891 ], [ -64.627483, -17.658986 ], [ -64.627686, -17.659078 ], [ -64.627868, -17.659244 ], [ -64.628001, -17.659452 ], [ -64.628084, -17.659643 ], [ -64.628167, -17.659935 ], [ -64.628319, -17.660161 ], [ -64.628436, -17.660355 ], [ -64.628606, -17.660503 ], [ -64.628713, -17.660669 ], [ -64.628752, -17.660866 ], [ -64.628786, -17.661075 ], [ -64.628794, -17.661332 ], [ -64.628883, -17.661541 ], [ -64.628991, -17.661737 ], [ -64.629049, -17.661916 ], [ -64.629213, -17.662141 ], [ -64.629339, -17.662314 ], [ -64.629444, -17.662499 ], [ -64.629515, -17.662786 ], [ -64.629536, -17.66306 ], [ -64.629608, -17.66346 ], [ -64.629697, -17.663681 ], [ -64.629763, -17.664021 ], [ -64.629796, -17.664281 ], [ -64.629744, -17.664658 ], [ -64.629709, -17.665005 ], [ -64.629631, -17.665275 ], [ -64.629539, -17.665509 ], [ -64.629597, -17.665735 ], [ -64.629655, -17.66593 ], [ -64.629794, -17.666048 ], [ -64.630012, -17.666124 ], [ -64.630256, -17.666152 ], [ -64.630412, -17.666198 ], [ -64.630619, -17.666358 ], [ -64.630896, -17.666672 ], [ -64.631262, -17.667094 ], [ -64.631602, -17.667491 ], [ -64.631904, -17.667829 ], [ -64.632244, -17.668209 ], [ -64.63276, -17.668622 ], [ -64.632941, -17.668811 ], [ -64.633142, -17.669039 ], [ -64.633368, -17.669281 ], [ -64.633617, -17.669501 ], [ -64.6339, -17.669706 ], [ -64.634203, -17.669755 ], [ -64.634442, -17.669704 ], [ -64.634693, -17.669592 ], [ -64.634967, -17.669561 ], [ -64.635232, -17.669597 ], [ -64.635537, -17.669681 ], [ -64.635777, -17.669739 ], [ -64.635962, -17.669876 ], [ -64.636059, -17.670086 ], [ -64.636091, -17.670339 ], [ -64.636048, -17.670507 ], [ -64.635936, -17.670664 ], [ -64.635821, -17.670824 ], [ -64.635748, -17.671002 ], [ -64.63576, -17.67125 ], [ -64.635812, -17.671446 ], [ -64.635918, -17.671632 ], [ -64.63624, -17.671897 ], [ -64.636476, -17.672101 ], [ -64.636719, -17.672429 ], [ -64.637006, -17.672771 ], [ -64.637222, -17.672989 ], [ -64.637329, -17.673219 ], [ -64.637456, -17.673471 ], [ -64.637648, -17.673718 ], [ -64.637795, -17.673965 ], [ -64.637986, -17.674179 ], [ -64.638133, -17.674398 ], [ -64.638196, -17.674713 ], [ -64.638193, -17.674938 ], [ -64.638225, -17.675225 ], [ -64.638337, -17.675415 ], [ -64.638517, -17.675524 ], [ -64.638788, -17.675622 ], [ -64.639042, -17.675644 ], [ -64.639316, -17.675623 ], [ -64.639545, -17.675597 ], [ -64.639795, -17.675575 ], [ -64.640074, -17.675554 ], [ -64.640293, -17.675576 ], [ -64.640474, -17.675699 ], [ -64.640676, -17.675922 ], [ -64.640847, -17.676121 ], [ -64.640999, -17.676354 ], [ -64.641061, -17.67666 ], [ -64.641038, -17.676808 ], [ -64.640966, -17.677086 ], [ -64.640854, -17.677379 ], [ -64.640402, -17.678136 ], [ -64.640259, -17.678338 ], [ -64.640151, -17.678569 ], [ -64.640093, -17.678775 ], [ -64.640061, -17.679043 ], [ -64.640093, -17.679272 ], [ -64.640184, -17.679472 ], [ -64.640311, -17.679682 ], [ -64.640501, -17.679795 ], [ -64.640692, -17.67987 ], [ -64.640902, -17.679931 ], [ -64.641176, -17.679962 ], [ -64.641416, -17.679979 ], [ -64.641606, -17.680011 ], [ -64.641776, -17.680091 ], [ -64.641927, -17.680257 ], [ -64.642048, -17.680438 ], [ -64.642115, -17.680643 ], [ -64.642192, -17.680881 ], [ -64.642249, -17.681148 ], [ -64.642271, -17.681335 ], [ -64.642263, -17.681516 ], [ -64.642225, -17.681702 ], [ -64.642161, -17.681889 ], [ -64.642038, -17.682072 ], [ -64.64192, -17.682207 ], [ -64.641826, -17.682337 ], [ -64.641678, -17.682438 ], [ -64.641569, -17.682559 ], [ -64.641481, -17.682717 ], [ -64.641387, -17.682843 ], [ -64.641298, -17.682939 ], [ -64.641119, -17.683007 ], [ -64.640985, -17.683109 ], [ -64.640904, -17.683235 ], [ -64.640813, -17.683335 ], [ -64.640789, -17.683474 ], [ -64.640775, -17.683608 ], [ -64.640738, -17.683725 ], [ -64.640796, -17.683913 ], [ -64.640867, -17.684107 ], [ -64.641002, -17.684276 ], [ -64.641162, -17.684397 ], [ -64.641316, -17.684554 ], [ -64.641348, -17.684711 ], [ -64.641423, -17.685108 ], [ -64.641374, -17.685357 ], [ -64.64132, -17.685514 ], [ -64.641247, -17.685694 ], [ -64.641188, -17.685908 ], [ -64.641175, -17.686173 ], [ -64.641252, -17.686424 ], [ -64.6413, -17.68671 ], [ -64.641347, -17.686936 ], [ -64.641352, -17.68714 ], [ -64.641403, -17.687308 ], [ -64.641453, -17.687498 ], [ -64.64153, -17.687694 ], [ -64.64152, -17.687831 ], [ -64.641479, -17.687946 ], [ -64.641518, -17.688077 ], [ -64.641611, -17.688399 ], [ -64.641622, -17.688829 ], [ -64.641388, -17.689405 ], [ -64.640991, -17.690219 ], [ -64.640849, -17.690987 ], [ -64.640681, -17.692324 ], [ -64.640551, -17.693084 ], [ -64.640371, -17.693867 ], [ -64.640072, -17.694556 ], [ -64.639881, -17.695538 ], [ -64.639901, -17.696205 ], [ -64.640131, -17.696649 ], [ -64.640629, -17.697119 ], [ -64.640931, -17.69749 ], [ -64.641026, -17.69802 ], [ -64.640859, -17.698602 ], [ -64.640684, -17.69907 ], [ -64.640375, -17.699689 ], [ -64.640039, -17.700338 ], [ -64.639949, -17.700719 ], [ -64.639851, -17.700989 ], [ -64.639864, -17.701317 ], [ -64.639978, -17.701597 ], [ -64.640242, -17.701813 ], [ -64.640615, -17.702046 ], [ -64.641009, -17.702296 ], [ -64.641459, -17.702613 ], [ -64.641805, -17.702885 ], [ -64.642017, -17.703138 ], [ -64.642086, -17.703324 ], [ -64.642051, -17.703583 ], [ -64.641933, -17.703849 ], [ -64.641734, -17.70413 ], [ -64.641482, -17.704368 ], [ -64.641101, -17.704493 ], [ -64.640728, -17.704561 ], [ -64.640233, -17.704533 ], [ -64.639801, -17.704541 ], [ -64.639564, -17.70461 ], [ -64.639401, -17.704737 ], [ -64.639242, -17.704957 ], [ -64.639132, -17.705234 ], [ -64.639131, -17.70567 ], [ -64.639156, -17.706194 ], [ -64.63928, -17.706581 ], [ -64.639432, -17.706981 ], [ -64.639514, -17.707314 ], [ -64.639529, -17.707563 ], [ -64.639537, -17.707878 ], [ -64.639627, -17.7082 ], [ -64.639785, -17.708438 ], [ -64.640024, -17.708615 ], [ -64.640305, -17.708696 ], [ -64.640553, -17.708581 ], [ -64.640758, -17.708471 ], [ -64.641026, -17.708403 ], [ -64.641274, -17.708282 ], [ -64.641496, -17.708065 ], [ -64.641676, -17.707962 ], [ -64.641858, -17.708008 ], [ -64.641959, -17.708186 ], [ -64.641993, -17.708455 ], [ -64.64197, -17.708712 ], [ -64.641947, -17.708952 ], [ -64.642018, -17.709142 ], [ -64.642269, -17.709319 ], [ -64.642637, -17.709394 ], [ -64.643033, -17.709385 ], [ -64.643482, -17.709381 ], [ -64.644073, -17.709412 ], [ -64.644598, -17.709508 ], [ -64.645175, -17.709625 ], [ -64.645737, -17.709714 ], [ -64.646231, -17.709695 ], [ -64.646619, -17.709591 ], [ -64.64686, -17.709457 ], [ -64.647005, -17.709214 ], [ -64.647208, -17.708943 ], [ -64.647461, -17.70869 ], [ -64.647729, -17.708598 ], [ -64.648009, -17.70861 ], [ -64.648257, -17.708748 ], [ -64.64846, -17.708932 ], [ -64.648615, -17.709031 ], [ -64.648892, -17.709314 ], [ -64.649346, -17.709837 ], [ -64.649837, -17.710332 ], [ -64.650271, -17.710777 ], [ -64.650643, -17.711198 ], [ -64.65088, -17.711882 ], [ -64.651238, -17.712883 ], [ -64.651386, -17.713324 ], [ -64.651503, -17.713915 ], [ -64.651845, -17.714426 ], [ -64.652603, -17.71485 ], [ -64.653719, -17.715144 ], [ -64.654794, -17.71544 ], [ -64.655801, -17.715683 ], [ -64.656849, -17.716143 ], [ -64.657848, -17.716272 ], [ -64.658866, -17.716353 ], [ -64.659656, -17.716149 ], [ -64.660365, -17.715672 ], [ -64.661338, -17.71561 ], [ -64.662184, -17.715393 ], [ -64.663478, -17.715102 ], [ -64.664672, -17.715054 ], [ -64.665594, -17.714957 ], [ -64.666544, -17.714847 ], [ -64.667216, -17.714644 ], [ -64.667848, -17.71425 ], [ -64.668581, -17.713939 ], [ -64.669066, -17.713798 ], [ -64.669622, -17.713823 ], [ -64.670553, -17.714108 ], [ -64.671706, -17.714666 ], [ -64.672994, -17.715378 ], [ -64.673713, -17.715611 ], [ -64.674802, -17.716014 ], [ -64.675808, -17.716221 ], [ -64.67724, -17.716629 ], [ -64.678057, -17.71664 ], [ -64.678643, -17.716635 ], [ -64.679411, -17.716718 ], [ -64.680184, -17.716957 ], [ -64.681122, -17.717337 ], [ -64.682184, -17.717513 ], [ -64.683171, -17.717666 ], [ -64.683799, -17.717829 ], [ -64.684209, -17.717931 ], [ -64.68464, -17.718128 ], [ -64.684965, -17.718451 ], [ -64.685217, -17.718764 ], [ -64.685731, -17.719142 ], [ -64.684886, -17.722122 ], [ -64.685098, -17.72578 ], [ -64.686723, -17.729052 ], [ -64.711539, -17.760913 ], [ -64.715446, -17.776511 ], [ -64.717389, -17.78101 ], [ -64.717214, -17.783905 ], [ -64.71873, -17.786999 ], [ -64.716184, -17.789157 ], [ -64.71542, -17.789721 ], [ -64.715349, -17.790768 ], [ -64.715566, -17.791849 ], [ -64.71528, -17.79293 ], [ -64.713785, -17.794083 ], [ -64.71323, -17.794913 ], [ -64.713454, -17.797855 ], [ -64.713385, -17.799534 ], [ -64.713114, -17.80025 ], [ -64.711995, -17.801928 ], [ -64.711578, -17.802885 ], [ -64.711662, -17.804688 ], [ -64.712027, -17.805483 ], [ -64.712795, -17.807216 ], [ -64.712797, -17.809491 ], [ -64.713322, -17.809417 ], [ -64.714464, -17.81005 ], [ -64.715203, -17.811627 ], [ -64.71601, -17.812477 ], [ -64.717845, -17.814078 ], [ -64.718259, -17.815554 ], [ -64.718644, -17.815967 ], [ -64.719701, -17.816379 ], [ -64.720357, -17.816987 ], [ -64.721563, -17.81769 ], [ -64.723043, -17.818558 ], [ -64.724365, -17.819613 ], [ -64.725495, -17.819772 ], [ -64.727776, -17.819262 ], [ -64.729658, -17.81925 ], [ -64.732379, -17.819617 ], [ -64.734165, -17.81925 ], [ -64.737513, -17.819208 ], [ -64.739277, -17.82054 ], [ -64.73998, -17.822098 ], [ -64.740787, -17.822857 ], [ -64.741723, -17.824963 ], [ -64.74239, -17.825521 ], [ -64.743795, -17.826699 ], [ -64.746606, -17.827464 ], [ -64.747245, -17.826014 ], [ -64.748678, -17.823089 ], [ -64.746518, -17.81843 ], [ -64.749876, -17.816349 ], [ -64.753136, -17.814066 ], [ -64.755421, -17.813925 ], [ -64.760467, -17.814844 ], [ -64.762667, -17.815619 ], [ -64.764334, -17.817276 ], [ -64.764867, -17.818862 ], [ -64.76601, -17.820193 ], [ -64.76837, -17.82271 ], [ -64.768493, -17.82284 ], [ -64.769581, -17.824458 ], [ -64.771238, -17.826761 ], [ -64.772735, -17.827401 ], [ -64.772769, -17.830843 ], [ -64.777374, -17.838571 ], [ -64.780697, -17.838622 ], [ -64.783178, -17.845403 ], [ -64.780756, -17.846016 ], [ -64.778341, -17.846649 ], [ -64.776546, -17.847715 ], [ -64.775263, -17.847848 ], [ -64.77327, -17.847644 ], [ -64.77092, -17.848625 ], [ -64.769278, -17.849002 ], [ -64.766505, -17.849421 ], [ -64.765115, -17.850849 ], [ -64.764566, -17.852544 ], [ -64.762875, -17.85465 ], [ -64.761939, -17.855632 ], [ -64.761021, -17.856056 ], [ -64.760292, -17.856738 ], [ -64.759885, -17.857176 ], [ -64.759646, -17.857682 ], [ -64.758668, -17.860421 ], [ -64.758554, -17.862674 ], [ -64.758291, -17.863203 ], [ -64.757562, -17.863735 ], [ -64.757454, -17.864723 ], [ -64.755757, -17.867808 ], [ -64.755301, -17.868246 ], [ -64.754272, -17.86972 ], [ -64.753438, -17.872481 ], [ -64.752931, -17.873197 ], [ -64.75114, -17.875315 ], [ -64.750684, -17.875661 ], [ -64.749532, -17.875963 ], [ -64.748742, -17.875902 ], [ -64.747952, -17.875842 ], [ -64.746787, -17.875604 ], [ -64.745844, -17.875411 ], [ -64.743712, -17.87739 ], [ -64.743473, -17.877896 ], [ -64.74333, -17.878494 ], [ -64.743381, -17.879644 ], [ -64.743576, -17.880792 ], [ -64.743651, -17.881988 ], [ -64.743462, -17.883161 ], [ -64.742779, -17.884934 ], [ -64.742363, -17.885807 ], [ -64.742102, -17.886888 ], [ -64.74208, -17.888038 ], [ -64.742469, -17.889669 ], [ -64.742609, -17.890478 ], [ -64.742713, -17.891415 ], [ -64.743148, -17.892495 ], [ -64.743391, -17.893597 ], [ -64.743133, -17.895943 ], [ -64.74316, -17.897161 ], [ -64.743089, -17.897759 ], [ -64.74259, -17.900059 ], [ -64.74252, -17.900634 ], [ -64.742641, -17.901326 ], [ -64.74267, -17.902955 ], [ -64.742292, -17.905807 ], [ -64.742489, -17.907553 ], [ -64.74249, -17.908013 ], [ -64.743059, -17.908813 ], [ -64.746981, -17.910408 ], [ -64.74963, -17.910935 ], [ -64.751061, -17.91189 ], [ -64.752129, -17.915135 ], [ -64.752401, -17.918674 ], [ -64.753479, -17.921801 ], [ -64.753754, -17.923987 ], [ -64.753702, -17.925794 ], [ -64.752932, -17.928038 ], [ -64.749768, -17.92852 ], [ -64.746319, -17.929211 ], [ -64.741561, -17.930682 ], [ -64.739359, -17.931452 ], [ -64.737298, -17.932736 ], [ -64.735223, -17.932998 ], [ -64.733567, -17.933692 ], [ -64.731948, -17.934813 ], [ -64.728316, -17.937327 ], [ -64.727571, -17.941466 ], [ -64.729897, -17.94248 ], [ -64.733071, -17.944602 ], [ -64.734298, -17.945915 ], [ -64.736793, -17.94752 ], [ -64.740674, -17.949626 ], [ -64.743631, -17.950621 ], [ -64.745229, -17.952246 ], [ -64.745086, -17.953747 ], [ -64.743519, -17.955792 ], [ -64.744188, -17.958218 ], [ -64.744378, -17.961472 ], [ -64.745868, -17.964818 ], [ -64.745657, -17.965939 ], [ -64.744581, -17.968385 ], [ -64.744737, -17.971232 ], [ -64.754354, -17.979615 ], [ -64.766294, -17.985988 ], [ -64.806943, -17.987015 ], [ -64.821979, -17.980098 ], [ -64.85813, -17.983829 ], [ -64.886204, -17.982646 ], [ -64.894702, -17.969463 ], [ -64.901855, -17.945361 ], [ -64.919783, -17.92296 ], [ -64.932317, -17.8951 ], [ -64.97586, -17.873433 ], [ -64.997677, -17.872019 ], [ -64.997567, -17.871549 ], [ -64.998353, -17.868388 ], [ -64.996868, -17.86554 ], [ -64.997759, -17.86254 ], [ -64.99833, -17.861836 ], [ -64.998666, -17.861763 ], [ -64.998834, -17.861712 ], [ -64.999225, -17.861009 ], [ -64.999757, -17.860668 ], [ -65.000382, -17.860896 ], [ -65.003107, -17.858873 ], [ -65.004615, -17.857239 ], [ -65.003309, -17.85606 ], [ -65.00537, -17.853878 ], [ -65.006795, -17.853627 ], [ -65.008355, -17.850055 ], [ -65.009965, -17.847265 ], [ -65.009502, -17.845524 ], [ -65.008889, -17.845052 ], [ -65.008517, -17.844181 ], [ -65.008277, -17.84261 ], [ -65.008373, -17.841536 ], [ -65.009898, -17.841276 ], [ -65.011195, -17.840901 ], [ -65.012256, -17.838758 ], [ -65.012864, -17.836593 ], [ -65.012657, -17.834951 ], [ -65.012334, -17.834819 ], [ -65.012658, -17.833633 ], [ -65.013373, -17.832387 ], [ -65.016318, -17.83176 ], [ -65.020866, -17.830222 ], [ -65.02258, -17.826609 ], [ -65.023968, -17.823433 ], [ -65.024178, -17.823287 ], [ -65.025109, -17.823338 ], [ -65.026137, -17.822124 ], [ -65.0269, -17.821596 ], [ -65.027956, -17.821084 ], [ -65.028604, -17.820082 ], [ -65.029085, -17.819712 ], [ -65.03017, -17.81887 ], [ -65.030353, -17.817558 ], [ -65.030258, -17.816655 ], [ -65.029677, -17.816146 ], [ -65.029558, -17.815911 ], [ -65.029724, -17.815568 ], [ -65.02982, -17.815132 ], [ -65.030097, -17.815011 ], [ -65.030317, -17.814462 ], [ -65.030585, -17.813905 ], [ -65.030598, -17.813445 ], [ -65.03078, -17.813064 ], [ -65.031189, -17.81265 ], [ -65.031242, -17.812111 ], [ -65.03141, -17.811747 ], [ -65.031628, -17.811619 ], [ -65.031453, -17.810307 ], [ -65.031101, -17.809796 ], [ -65.031103, -17.808823 ], [ -65.031277, -17.808695 ], [ -65.031765, -17.808005 ], [ -65.032375, -17.807729 ], [ -65.032729, -17.807429 ], [ -65.032712, -17.807114 ], [ -65.033678, -17.806401 ], [ -65.034353, -17.806034 ], [ -65.035026, -17.805407 ], [ -65.035395, -17.804914 ], [ -65.035852, -17.804514 ], [ -65.036348, -17.80427 ], [ -65.036757, -17.804039 ], [ -65.037083, -17.803882 ], [ -65.037588, -17.803712 ], [ -65.03776, -17.803448 ], [ -65.037918, -17.803135 ], [ -65.038277, -17.802869 ], [ -65.038638, -17.802829 ], [ -65.039033, -17.802442 ], [ -65.039228, -17.802034 ], [ -65.0396, -17.801851 ], [ -65.040323, -17.801784 ], [ -65.040795, -17.801611 ], [ -65.041105, -17.801405 ], [ -65.041666, -17.801339 ], [ -65.042013, -17.801156 ], [ -65.042361, -17.801045 ], [ -65.042858, -17.800897 ], [ -65.043346, -17.800987 ], [ -65.044008, -17.800847 ], [ -65.044216, -17.800739 ], [ -65.045159, -17.799664 ], [ -65.045447, -17.799037 ], [ -65.045974, -17.79876 ], [ -65.046966, -17.797535 ], [ -65.048586, -17.796705 ], [ -65.049686, -17.796059 ], [ -65.050422, -17.795459 ], [ -65.051309, -17.795251 ], [ -65.052066, -17.794719 ], [ -65.052123, -17.793607 ], [ -65.052488, -17.792971 ], [ -65.052523, -17.79202 ], [ -65.053057, -17.79138 ], [ -65.053284, -17.791358 ], [ -65.053341, -17.791002 ], [ -65.053601, -17.790869 ], [ -65.054175, -17.790882 ], [ -65.054573, -17.790557 ], [ -65.055149, -17.789509 ], [ -65.055428, -17.789245 ], [ -65.056959, -17.78819 ], [ -65.057616, -17.787479 ], [ -65.058013, -17.787224 ], [ -65.057546, -17.785945 ], [ -65.057286, -17.785788 ], [ -65.05692, -17.785443 ], [ -65.056318, -17.78476 ], [ -65.056165, -17.784391 ], [ -65.055885, -17.783732 ], [ -65.05568, -17.78252 ], [ -65.054931, -17.781826 ], [ -65.054193, -17.781184 ], [ -65.054108, -17.781038 ], [ -65.053673, -17.780833 ], [ -65.053428, -17.780749 ], [ -65.053216, -17.780565 ], [ -65.052951, -17.780515 ], [ -65.052687, -17.78059 ], [ -65.052459, -17.780668 ], [ -65.052307, -17.780503 ], [ -65.052067, -17.780462 ], [ -65.05191, -17.780301 ], [ -65.051719, -17.780174 ], [ -65.05148, -17.780186 ], [ -65.051221, -17.780237 ], [ -65.051109, -17.780042 ], [ -65.051002, -17.779809 ], [ -65.050885, -17.779604 ], [ -65.050708, -17.779401 ], [ -65.050541, -17.77924 ], [ -65.05023, -17.779128 ], [ -65.049899, -17.779086 ], [ -65.049651, -17.779096 ], [ -65.049322, -17.779119 ], [ -65.049064, -17.779227 ], [ -65.048771, -17.779349 ], [ -65.048453, -17.779477 ], [ -65.048265, -17.77957 ], [ -65.047966, -17.779688 ], [ -65.047618, -17.779787 ], [ -65.047335, -17.779928 ], [ -65.047056, -17.77996 ], [ -65.046772, -17.780001 ], [ -65.046394, -17.78011 ], [ -65.045951, -17.780129 ], [ -65.045677, -17.780247 ], [ -65.045456, -17.780522 ], [ -65.045209, -17.780768 ], [ -65.0449, -17.780724 ], [ -65.044683, -17.780568 ], [ -65.041963, -17.782167 ], [ -65.037727, -17.787322 ], [ -65.034765, -17.784738 ], [ -65.033063, -17.780563 ], [ -65.036418, -17.778616 ], [ -65.039877, -17.775071 ], [ -65.038466, -17.772845 ], [ -65.037936, -17.771839 ], [ -65.037544, -17.771391 ], [ -65.035975, -17.770233 ], [ -65.033893, -17.769577 ], [ -65.032054, -17.767817 ], [ -65.031418, -17.766649 ], [ -65.03123, -17.765006 ], [ -65.030875, -17.763664 ], [ -65.029842, -17.761489 ], [ -65.029026, -17.760187 ], [ -65.027933, -17.757777 ], [ -65.027381, -17.756482 ], [ -65.027399, -17.756419 ], [ -65.027065, -17.755997 ], [ -65.027753, -17.75555 ], [ -65.027857, -17.755265 ], [ -65.028042, -17.75472 ], [ -65.028398, -17.754317 ], [ -65.028778, -17.753621 ], [ -65.029069, -17.75309 ], [ -65.029156, -17.752714 ], [ -65.029238, -17.752262 ], [ -65.029542, -17.75181 ], [ -65.029826, -17.751504 ], [ -65.029865, -17.751157 ], [ -65.030164, -17.750652 ], [ -65.030246, -17.749996 ], [ -65.030703, -17.749517 ], [ -65.030874, -17.748955 ], [ -65.031421, -17.748284 ], [ -65.03175, -17.747625 ], [ -65.031947, -17.747207 ], [ -65.032024, -17.746804 ], [ -65.032351, -17.746677 ], [ -65.032773, -17.746264 ], [ -65.032878, -17.745996 ], [ -65.033039, -17.745726 ], [ -65.033247, -17.745595 ], [ -65.033435, -17.74543 ], [ -65.033532, -17.74519 ], [ -65.03365, -17.745017 ], [ -65.033812, -17.744819 ], [ -65.033954, -17.74455 ], [ -65.03405, -17.744277 ], [ -65.034077, -17.74398 ], [ -65.034064, -17.743783 ], [ -65.033996, -17.74334 ], [ -65.033824, -17.743025 ], [ -65.033653, -17.742798 ], [ -65.033638, -17.742463 ], [ -65.0336, -17.742039 ], [ -65.033365, -17.741765 ], [ -65.032861, -17.741706 ], [ -65.032608, -17.741377 ], [ -65.032524, -17.74098 ], [ -65.032502, -17.740682 ], [ -65.032228, -17.740542 ], [ -65.032144, -17.740241 ], [ -65.032311, -17.739945 ], [ -65.032326, -17.739736 ], [ -65.031806, -17.739447 ], [ -65.031621, -17.739148 ], [ -65.0317, -17.738816 ], [ -65.031589, -17.738394 ], [ -65.031353, -17.738077 ], [ -65.03115, -17.737851 ], [ -65.031383, -17.73715 ], [ -65.031208, -17.736786 ], [ -65.031068, -17.736411 ], [ -65.030941, -17.735627 ], [ -65.030994, -17.735205 ], [ -65.030748, -17.734887 ], [ -65.030675, -17.734582 ], [ -65.030872, -17.734215 ], [ -65.031148, -17.733908 ], [ -65.031249, -17.733556 ], [ -65.031072, -17.733425 ], [ -65.030752, -17.732998 ], [ -65.030821, -17.732359 ], [ -65.031025, -17.731883 ], [ -65.031364, -17.731392 ], [ -65.031818, -17.731177 ], [ -65.032292, -17.731008 ], [ -65.03249, -17.730623 ], [ -65.032639, -17.730478 ], [ -65.032954, -17.730171 ], [ -65.033017, -17.72952 ], [ -65.031489, -17.726961 ], [ -65.032121, -17.725549 ], [ -65.032484, -17.724995 ], [ -65.033027, -17.724596 ], [ -65.033127, -17.723457 ], [ -65.033942, -17.722952 ], [ -65.034535, -17.722928 ], [ -65.035733, -17.72212 ], [ -65.036203, -17.720363 ], [ -65.035942, -17.71892 ], [ -65.035506, -17.717849 ], [ -65.036382, -17.715329 ], [ -65.037028, -17.714278 ], [ -65.037445, -17.713439 ], [ -65.036225, -17.712241 ], [ -65.036577, -17.711704 ], [ -65.036772, -17.71158 ], [ -65.036617, -17.711185 ], [ -65.036587, -17.710836 ], [ -65.036785, -17.710446 ], [ -65.036847, -17.71002 ], [ -65.037042, -17.70963 ], [ -65.037363, -17.709407 ], [ -65.03763, -17.70901 ], [ -65.037546, -17.708198 ], [ -65.037751, -17.708083 ], [ -65.038759, -17.707074 ], [ -65.039509, -17.705946 ], [ -65.040262, -17.704149 ], [ -65.040608, -17.703116 ], [ -65.040608, -17.703098 ], [ -65.039755, -17.702842 ], [ -65.039377, -17.702578 ], [ -65.03918, -17.702706 ], [ -65.03843, -17.703023 ], [ -65.036722, -17.70368 ], [ -65.034088, -17.701666 ], [ -65.033448, -17.700859 ], [ -65.032325, -17.700717 ], [ -65.031897, -17.700128 ], [ -65.030047, -17.700335 ], [ -65.029133, -17.70019 ], [ -65.028958, -17.699871 ], [ -65.026898, -17.699229 ], [ -65.0273, -17.698718 ], [ -65.027147, -17.698224 ], [ -65.027215, -17.697796 ], [ -65.028276, -17.696052 ], [ -65.029341, -17.694341 ], [ -65.029793, -17.694311 ], [ -65.02911, -17.692443 ], [ -65.028269, -17.691553 ], [ -65.028123, -17.690703 ], [ -65.028425, -17.690028 ], [ -65.027981, -17.689063 ], [ -65.029995, -17.687154 ], [ -65.030502, -17.685499 ], [ -65.029144, -17.682736 ], [ -65.028276, -17.68176 ], [ -65.028468, -17.680501 ], [ -65.0286, -17.677954 ], [ -65.02702, -17.676414 ], [ -65.026829, -17.676274 ], [ -65.027644, -17.67552 ], [ -65.027937, -17.675594 ], [ -65.028523, -17.675362 ], [ -65.028541, -17.675048 ], [ -65.028712, -17.674447 ], [ -65.029107, -17.674389 ], [ -65.029505, -17.674566 ], [ -65.029896, -17.6744 ], [ -65.030108, -17.673941 ], [ -65.02975, -17.673563 ], [ -65.030117, -17.672412 ], [ -65.029989, -17.672075 ], [ -65.030046, -17.671562 ], [ -65.030506, -17.670506 ], [ -65.030509, -17.669783 ], [ -65.030927, -17.668136 ], [ -65.027463, -17.668288 ], [ -65.026703, -17.668442 ], [ -65.026234, -17.667668 ], [ -65.026063, -17.667627 ], [ -65.025432, -17.668396 ], [ -65.025009, -17.66847 ], [ -65.02325, -17.669257 ], [ -65.022454, -17.669362 ], [ -65.021493, -17.668693 ], [ -65.020844, -17.668474 ], [ -65.020137, -17.668853 ], [ -65.019347, -17.668672 ], [ -65.018176, -17.668242 ], [ -65.017948, -17.66837 ], [ -65.017312, -17.668585 ], [ -65.016847, -17.668639 ], [ -65.016642, -17.668771 ], [ -65.01689, -17.666438 ], [ -65.016153, -17.662922 ], [ -65.014726, -17.661708 ], [ -65.012758, -17.660102 ], [ -65.011138, -17.658529 ], [ -65.009561, -17.658238 ], [ -65.009298, -17.655711 ], [ -65.009369, -17.652792 ], [ -65.007841, -17.649284 ], [ -65.002599, -17.639598 ], [ -64.999065, -17.629308 ], [ -65.007947, -17.620608 ], [ -65.0149, -17.612939 ], [ -65.020392, -17.595989 ], [ -65.020364, -17.589214 ], [ -65.01763, -17.584725 ], [ -65.017266, -17.568918 ], [ -65.015868, -17.567494 ], [ -65.015182, -17.566679 ], [ -65.014636, -17.566053 ], [ -65.013793, -17.565545 ], [ -65.012672, -17.565098 ], [ -65.011988, -17.564512 ], [ -65.011298, -17.563467 ], [ -65.01063, -17.562537 ], [ -65.009879, -17.561302 ], [ -65.008991, -17.560316 ], [ -65.007605, -17.559413 ], [ -65.006818, -17.558483 ], [ -65.005811, -17.557614 ], [ -65.004748, -17.557032 ], [ -65.003865, -17.556429 ], [ -65.003296, -17.555459 ], [ -65.002531, -17.554798 ], [ -65.001802, -17.553811 ], [ -65.001073, -17.552766 ], [ -65.000365, -17.551817 ], [ -65.000252, -17.550595 ], [ -65.000101, -17.549669 ], [ -65.00049, -17.548699 ], [ -65.000222, -17.54786 ], [ -64.999691, -17.546718 ], [ -64.999045, -17.545922 ], [ -64.999184, -17.544065 ], [ -64.999801, -17.54404 ], [ -65.000516, -17.543803 ], [ -65.001045, -17.542957 ], [ -65.001135, -17.542 ], [ -65.001025, -17.541083 ], [ -65.000718, -17.54034 ], [ -65.00051, -17.539596 ], [ -65.000042, -17.538686 ], [ -64.999872, -17.537958 ], [ -64.999565, -17.537292 ], [ -64.999572, -17.53673 ], [ -65.000216, -17.536389 ], [ -65.00085, -17.536299 ], [ -65.001345, -17.535995 ], [ -65.001825, -17.535429 ], [ -65.002505, -17.534932 ], [ -65.002783, -17.534212 ], [ -65.002355, -17.533834 ], [ -65.00133, -17.533509 ], [ -65.000801, -17.532989 ], [ -65.000535, -17.532525 ], [ -65.000415, -17.531845 ], [ -65.000419, -17.531021 ], [ -65.000112, -17.530295 ], [ -65.000407, -17.529945 ], [ -65.00111, -17.52934 ], [ -65.001565, -17.52881 ], [ -65.001349, -17.528406 ], [ -65.000869, -17.527789 ], [ -65.000666, -17.527492 ], [ -65.000599, -17.527003 ], [ -65.000642, -17.526369 ], [ -65.000006, -17.52634 ], [ -64.999501, -17.525747 ], [ -64.998706, -17.524811 ], [ -64.997925, -17.52397 ], [ -64.997553, -17.523054 ], [ -64.997995, -17.522463 ], [ -64.998322, -17.521576 ], [ -64.997742, -17.520984 ], [ -64.997387, -17.520414 ], [ -64.997868, -17.519919 ], [ -64.998212, -17.519485 ], [ -64.99833, -17.518934 ], [ -64.997269, -17.51867 ], [ -64.996409, -17.518619 ], [ -64.996015, -17.517966 ], [ -64.995919, -17.517106 ], [ -64.995562, -17.516369 ], [ -64.994944, -17.515717 ], [ -64.994773, -17.514977 ], [ -64.994662, -17.513965 ], [ -64.994009, -17.512576 ], [ -64.99372, -17.511622 ], [ -64.993754, -17.511067 ], [ -64.994327, -17.510679 ], [ -64.994301, -17.510106 ], [ -64.994411, -17.509225 ], [ -64.994463, -17.508459 ], [ -64.994454, -17.507656 ], [ -64.994287, -17.507008 ], [ -64.994599, -17.506316 ], [ -64.994914, -17.505904 ], [ -64.995507, -17.505504 ], [ -64.99616, -17.505077 ], [ -64.99683, -17.504458 ], [ -64.997621, -17.503896 ], [ -64.998392, -17.503314 ], [ -64.998913, -17.503577 ], [ -64.999634, -17.503837 ], [ -65.000406, -17.503389 ], [ -65.000975, -17.50258 ], [ -65.001365, -17.501754 ], [ -65.001654, -17.50091 ], [ -65.001526, -17.500146 ], [ -65.001122, -17.499596 ], [ -65.000655, -17.498797 ], [ -65.000747, -17.498108 ], [ -65.001361, -17.497738 ], [ -65.002092, -17.497234 ], [ -65.002604, -17.496617 ], [ -65.003013, -17.495771 ], [ -65.003382, -17.494888 ], [ -65.003572, -17.494044 ], [ -65.003284, -17.493244 ], [ -65.002504, -17.492965 ], [ -65.002257, -17.49226 ], [ -65.002585, -17.491301 ], [ -65.002957, -17.490666 ], [ -65.003329, -17.490012 ], [ -65.003579, -17.489244 ], [ -65.003251, -17.488425 ], [ -65.002524, -17.487477 ], [ -65.002332, -17.48635 ], [ -65.002496, -17.484991 ], [ -65.002222, -17.483617 ], [ -65.00193, -17.482396 ], [ -65.002422, -17.481855 ], [ -65.002794, -17.48124 ], [ -65.002566, -17.480401 ], [ -65.002093, -17.479048 ], [ -65.002137, -17.477651 ], [ -65.002406, -17.476467 ], [ -65.001411, -17.476855 ], [ -65.000659, -17.477284 ], [ -64.99975, -17.478039 ], [ -64.998867, -17.479291 ], [ -64.99824, -17.480291 ], [ -64.9975, -17.48179 ], [ -64.996737, -17.483137 ], [ -64.995975, -17.484559 ], [ -64.99469, -17.485433 ], [ -64.993569, -17.486222 ], [ -64.993521, -17.487911 ], [ -64.992918, -17.489256 ], [ -64.992418, -17.490925 ], [ -64.991773, -17.49206 ], [ -64.990745, -17.492873 ], [ -64.989758, -17.493705 ], [ -64.988655, -17.494921 ], [ -64.987865, -17.49556 ], [ -64.986979, -17.496563 ], [ -64.986612, -17.497657 ], [ -64.986845, -17.498879 ], [ -64.986775, -17.499797 ], [ -64.986844, -17.500619 ], [ -64.986114, -17.501276 ], [ -64.985214, -17.501037 ], [ -64.984318, -17.501103 ], [ -64.983707, -17.50174 ], [ -64.983097, -17.501505 ], [ -64.982192, -17.501495 ], [ -64.981236, -17.501475 ], [ -64.980428, -17.501405 ], [ -64.979612, -17.501355 ], [ -64.978827, -17.501263 ], [ -64.978197, -17.501104 ], [ -64.977538, -17.500953 ], [ -64.976734, -17.500567 ], [ -64.976081, -17.500293 ], [ -64.975593, -17.499773 ], [ -64.966194, -17.505739 ], [ -64.957948, -17.509434 ], [ -64.953975, -17.507666 ], [ -64.952893, -17.494577 ], [ -64.952609, -17.494182 ], [ -64.952689, -17.493524 ], [ -64.952642, -17.49264 ], [ -64.952449, -17.49208 ], [ -64.952269, -17.491532 ], [ -64.952125, -17.490876 ], [ -64.952117, -17.490147 ], [ -64.952097, -17.48943 ], [ -64.952065, -17.488749 ], [ -64.952018, -17.487865 ], [ -64.951972, -17.487065 ], [ -64.952103, -17.486538 ], [ -64.952383, -17.48589 ], [ -64.952429, -17.485531 ], [ -64.952412, -17.485077 ], [ -64.952257, -17.484552 ], [ -64.952102, -17.48404 ], [ -64.952034, -17.483491 ], [ -64.95184, -17.482895 ], [ -64.95186, -17.482405 ], [ -64.951866, -17.481819 ], [ -64.9518, -17.481449 ], [ -64.951533, -17.480938 ], [ -64.951516, -17.48052 ], [ -64.951484, -17.479875 ], [ -64.95112, -17.479556 ], [ -64.950668, -17.479201 ], [ -64.950314, -17.478775 ], [ -64.950135, -17.478346 ], [ -64.949968, -17.477798 ], [ -64.949925, -17.477332 ], [ -64.949921, -17.476902 ], [ -64.949913, -17.476209 ], [ -64.949867, -17.475634 ], [ -64.949342, -17.474802 ], [ -64.948852, -17.474413 ], [ -64.948794, -17.473696 ], [ -64.949234, -17.472891 ], [ -64.949573, -17.47192 ], [ -64.949577, -17.471131 ], [ -64.949632, -17.470533 ], [ -64.949213, -17.4697 ], [ -64.948858, -17.469178 ], [ -64.948327, -17.468406 ], [ -64.947798, -17.467802 ], [ -64.947136, -17.467653 ], [ -64.946241, -17.467781 ], [ -64.945291, -17.467515 ], [ -64.944937, -17.467029 ], [ -64.944729, -17.466182 ], [ -64.944305, -17.464979 ], [ -64.943798, -17.464135 ], [ -64.942964, -17.462996 ], [ -64.942443, -17.461997 ], [ -64.942, -17.46132 ], [ -64.941456, -17.460525 ], [ -64.940666, -17.459995 ], [ -64.939165, -17.4594 ], [ -64.937453, -17.459041 ], [ -64.938672, -17.456755 ], [ -64.9399, -17.45507 ], [ -64.940078, -17.45306 ], [ -64.939758, -17.451055 ], [ -64.939185, -17.44867 ], [ -64.939256, -17.44604 ], [ -64.939833, -17.444026 ], [ -64.940901, -17.441386 ], [ -64.94203, -17.439893 ], [ -64.942853, -17.437638 ], [ -64.942853, -17.435678 ], [ -64.943057, -17.433333 ], [ -64.94448, -17.431359 ], [ -64.944607, -17.429254 ], [ -64.945132, -17.427098 ], [ -64.946016, -17.425918 ], [ -64.947531, -17.424325 ], [ -64.949017, -17.423594 ], [ -64.949452, -17.422334 ], [ -64.950217, -17.420498 ], [ -64.95144, -17.419554 ], [ -64.953108, -17.418426 ], [ -64.954889, -17.416859 ], [ -64.957564, -17.41598 ], [ -64.959645, -17.414956 ], [ -64.961244, -17.414294 ], [ -64.962851, -17.414386 ], [ -64.964131, -17.415306 ], [ -64.965224, -17.416191 ], [ -64.96617, -17.417365 ], [ -64.967341, -17.418645 ], [ -64.968433, -17.419387 ], [ -64.969821, -17.419983 ], [ -64.971622, -17.420718 ], [ -64.973311, -17.421526 ], [ -64.97503, -17.421545 ], [ -64.97658, -17.421162 ], [ -64.977978, -17.421372 ], [ -64.979625, -17.421678 ], [ -64.981198, -17.422021 ], [ -64.982552, -17.422904 ], [ -64.983637, -17.423073 ], [ -64.984748, -17.422201 ], [ -64.985782, -17.421151 ], [ -64.987092, -17.421317 ], [ -64.989001, -17.421728 ], [ -64.990719, -17.421675 ], [ -64.992619, -17.421262 ], [ -64.995188, -17.420555 ], [ -64.996708, -17.4195 ], [ -64.997021, -17.418474 ], [ -64.998359, -17.416687 ], [ -64.998753, -17.415141 ], [ -64.999374, -17.41388 ], [ -65.000263, -17.413225 ], [ -65.001876, -17.413855 ], [ -65.003452, -17.414556 ], [ -65.003853, -17.41362 ], [ -65.003314, -17.412191 ], [ -65.003529, -17.411328 ], [ -65.004872, -17.411207 ], [ -65.006294, -17.411408 ], [ -65.008572, -17.411385 ], [ -65.010774, -17.411255 ], [ -65.013203, -17.411338 ], [ -65.015522, -17.411709 ], [ -65.017426, -17.411618 ], [ -65.019359, -17.41081 ], [ -65.021293, -17.410073 ], [ -65.023002, -17.409231 ], [ -65.024372, -17.408142 ], [ -65.024877, -17.406523 ], [ -65.025759, -17.405223 ], [ -65.027624, -17.404989 ], [ -65.029456, -17.405186 ], [ -65.030419, -17.404494 ], [ -65.030289, -17.402882 ], [ -65.029268, -17.401709 ], [ -65.030121, -17.401163 ], [ -65.031048, -17.400544 ], [ -65.032056, -17.399362 ], [ -65.03329, -17.398453 ], [ -65.034646, -17.397185 ], [ -65.03424, -17.395918 ], [ -65.033159, -17.393838 ], [ -65.03276, -17.391511 ], [ -65.03246, -17.389341 ], [ -65.03259, -17.387449 ], [ -65.031451, -17.385728 ], [ -65.029574, -17.384791 ], [ -65.027901, -17.385525 ], [ -65.026621, -17.38552 ], [ -65.025722, -17.385487 ], [ -65.025202, -17.383461 ], [ -65.026181, -17.381897 ], [ -65.026411, -17.380221 ], [ -65.024403, -17.378688 ], [ -65.022399, -17.377573 ], [ -65.021382, -17.375671 ], [ -65.021305, -17.374297 ], [ -65.021097, -17.372387 ], [ -65.020325, -17.370475 ], [ -65.019313, -17.369051 ], [ -65.017808, -17.367967 ], [ -65.017247, -17.366777 ], [ -65.017977, -17.36524 ], [ -65.01951, -17.364316 ], [ -65.021096, -17.363583 ], [ -65.022181, -17.362664 ], [ -65.021324, -17.361764 ], [ -65.020369, -17.360865 ], [ -65.019409, -17.359584 ], [ -65.018713, -17.358493 ], [ -65.019587, -17.35767 ], [ -65.020627, -17.357182 ], [ -65.022719, -17.357304 ], [ -65.024814, -17.357617 ], [ -65.026807, -17.357836 ], [ -65.027845, -17.357108 ], [ -65.028378, -17.355812 ], [ -65.029711, -17.354747 ], [ -65.031196, -17.354015 ], [ -65.032577, -17.352806 ], [ -65.033858, -17.351597 ], [ -65.035346, -17.351152 ], [ -65.03699, -17.351279 ], [ -65.038829, -17.350973 ], [ -65.039554, -17.349053 ], [ -65.040224, -17.34656 ], [ -65.041149, -17.344687 ], [ -65.041999, -17.34506 ], [ -65.042955, -17.346007 ], [ -65.044145, -17.345516 ], [ -65.045131, -17.344646 ], [ -65.045314, -17.34321 ], [ -65.046797, -17.342286 ], [ -65.049083, -17.341928 ], [ -65.050069, -17.341105 ], [ -65.050055, -17.339863 ], [ -65.04994, -17.338429 ], [ -65.050325, -17.337278 ], [ -65.051606, -17.336022 ], [ -65.053238, -17.335097 ], [ -65.05497, -17.334171 ], [ -65.056455, -17.333438 ], [ -65.057289, -17.33233 ], [ -65.057473, -17.331038 ], [ -65.058261, -17.330217 ], [ -65.059095, -17.329109 ], [ -65.060529, -17.328329 ], [ -65.06221, -17.32726 ], [ -65.06399, -17.32619 ], [ -65.065325, -17.325411 ], [ -65.066758, -17.324488 ], [ -65.069817, -17.322114 ], [ -65.070923, -17.320467 ], [ -65.071173, -17.318753 ], [ -65.071153, -17.316937 ], [ -65.07163, -17.315068 ], [ -65.07206, -17.313533 ], [ -65.071693, -17.311864 ], [ -65.070444, -17.311446 ], [ -65.069581, -17.309878 ], [ -65.069508, -17.307823 ], [ -65.069581, -17.30548 ], [ -65.068911, -17.303383 ], [ -65.067452, -17.301964 ], [ -65.066, -17.301214 ], [ -65.064049, -17.300326 ], [ -65.061208, -17.299877 ], [ -65.059804, -17.298935 ], [ -65.058843, -17.297558 ], [ -65.057535, -17.296281 ], [ -65.056492, -17.295726 ], [ -65.05696, -17.293849 ], [ -65.057845, -17.292836 ], [ -65.059081, -17.292106 ], [ -65.060515, -17.291326 ], [ -65.061799, -17.290405 ], [ -65.062732, -17.289296 ], [ -65.062422, -17.288247 ], [ -65.062254, -17.286623 ], [ -65.062583, -17.284851 ], [ -65.063209, -17.283028 ], [ -65.0645, -17.282776 ], [ -65.065839, -17.282332 ], [ -65.067226, -17.281744 ], [ -65.068559, -17.280822 ], [ -65.068646, -17.279673 ], [ -65.067291, -17.278683 ], [ -65.066085, -17.277596 ], [ -65.065173, -17.276171 ], [ -65.06416, -17.274508 ], [ -65.062998, -17.272943 ], [ -65.061687, -17.272364 ], [ -65.062127, -17.270753 ], [ -65.062356, -17.268981 ], [ -65.062483, -17.266924 ], [ -65.061866, -17.265162 ], [ -65.061107, -17.263974 ], [ -65.060597, -17.26288 ], [ -65.060284, -17.261592 ], [ -65.060031, -17.260127 ], [ -65.059693, -17.257974 ], [ -65.059043, -17.255117 ], [ -65.058334, -17.252913 ], [ -65.057619, -17.250112 ], [ -65.057471, -17.248022 ], [ -65.056505, -17.244984 ], [ -65.057588, -17.241746 ], [ -65.059243, -17.239518 ], [ -65.061085, -17.237408 ], [ -65.06199, -17.234888 ], [ -65.062087, -17.232437 ], [ -65.063502, -17.231048 ], [ -65.064475, -17.229066 ], [ -65.065642, -17.226474 ], [ -65.06764, -17.223149 ], [ -65.068862, -17.220268 ], [ -65.069284, -17.216833 ], [ -65.0693, -17.216706 ], [ -65.068836, -17.213522 ], [ -65.068601, -17.213004 ], [ -65.068317, -17.212376 ], [ -65.068373, -17.212019 ], [ -65.068489, -17.21173 ], [ -65.068769, -17.211052 ], [ -65.069258, -17.210329 ], [ -65.069962, -17.209919 ], [ -65.07014, -17.209768 ], [ -65.071434, -17.208947 ], [ -65.072184, -17.208668 ], [ -65.072757, -17.208517 ], [ -65.073497, -17.208411 ], [ -65.07382, -17.208387 ], [ -65.07469, -17.208131 ], [ -65.075628, -17.207529 ], [ -65.076504, -17.206744 ], [ -65.077249, -17.206039 ], [ -65.078406, -17.204804 ], [ -65.078773, -17.204446 ], [ -65.079188, -17.20418 ], [ -65.079616, -17.203948 ], [ -65.080378, -17.203635 ], [ -65.081126, -17.203195 ], [ -65.081826, -17.20271 ], [ -65.082299, -17.202225 ], [ -65.082652, -17.201763 ], [ -65.082946, -17.201325 ], [ -65.083473, -17.200402 ], [ -65.083671, -17.200022 ], [ -65.083893, -17.199537 ], [ -65.083993, -17.19861 ], [ -65.084166, -17.197472 ], [ -65.084223, -17.196933 ], [ -65.084034, -17.196756 ], [ -65.08366, -17.19664 ], [ -65.083066, -17.19657 ], [ -65.082393, -17.196331 ], [ -65.081805, -17.196195 ], [ -65.081326, -17.196162 ], [ -65.080797, -17.196025 ], [ -65.080183, -17.19567 ], [ -65.079711, -17.195258 ], [ -65.079129, -17.194672 ], [ -65.07874, -17.194179 ], [ -65.077563, -17.192847 ], [ -65.07646, -17.19178 ], [ -65.075977, -17.191356 ], [ -65.075907, -17.191301 ], [ -65.07625, -17.191439 ], [ -65.076608, -17.191648 ], [ -65.077132, -17.192111 ], [ -65.077454, -17.192378 ], [ -65.078214, -17.193314 ], [ -65.078309, -17.193453 ], [ -65.078452, -17.193615 ], [ -65.078761, -17.193904 ], [ -65.079368, -17.194552 ], [ -65.079702, -17.19483 ], [ -65.080035, -17.195177 ], [ -65.08025, -17.195167 ], [ -65.080563, -17.195066 ], [ -65.08079, -17.195102 ], [ -65.081327, -17.195392 ], [ -65.081482, -17.195508 ], [ -65.081601, -17.195693 ], [ -65.08166, -17.195786 ], [ -65.081982, -17.196029 ], [ -65.082126, -17.196041 ], [ -65.082233, -17.196054 ], [ -65.082592, -17.196136 ], [ -65.08325, -17.196267 ], [ -65.083621, -17.196315 ], [ -65.083956, -17.196432 ], [ -65.084064, -17.196468 ], [ -65.084205, -17.19679 ], [ -65.084277, -17.196929 ], [ -65.08503, -17.196865 ], [ -65.085403, -17.196802 ], [ -65.08547, -17.196833 ], [ -65.085775, -17.196976 ], [ -65.086038, -17.196929 ], [ -65.08692, -17.196673 ], [ -65.08723, -17.196614 ], [ -65.087889, -17.196635 ], [ -65.088849, -17.196851 ], [ -65.090876, -17.197259 ], [ -65.091609, -17.197463 ], [ -65.092305, -17.197622 ], [ -65.093048, -17.197758 ], [ -65.093982, -17.197789 ], [ -65.095207, -17.197723 ], [ -65.096027, -17.197679 ], [ -65.096924, -17.197676 ], [ -65.097835, -17.197811 ], [ -65.099947, -17.198276 ], [ -65.100373, -17.19838 ], [ -65.100944, -17.198354 ], [ -65.101692, -17.198082 ], [ -65.102149, -17.198257 ], [ -65.102463, -17.198398 ], [ -65.102888, -17.198082 ], [ -65.103197, -17.197932 ], [ -65.103436, -17.197896 ], [ -65.103676, -17.197896 ], [ -65.104023, -17.197952 ], [ -65.104455, -17.197996 ], [ -65.104897, -17.197972 ], [ -65.105612, -17.197705 ], [ -65.107154, -17.196629 ], [ -65.10776, -17.196328 ], [ -65.10819, -17.196223 ], [ -65.108716, -17.196244 ], [ -65.109244, -17.196323 ], [ -65.110094, -17.196366 ], [ -65.110311, -17.196251 ], [ -65.111171, -17.196156 ], [ -65.112102, -17.196003 ], [ -65.113221, -17.19557 ], [ -65.114288, -17.19525 ], [ -65.115193, -17.194829 ], [ -65.11559, -17.194465 ], [ -65.116441, -17.194045 ], [ -65.117983, -17.193753 ], [ -65.118183, -17.193599 ], [ -65.118384, -17.193391 ], [ -65.11856, -17.193069 ], [ -65.118615, -17.192758 ], [ -65.118487, -17.192056 ], [ -65.118105, -17.191171 ], [ -65.117434, -17.190218 ], [ -65.115998, -17.188324 ], [ -65.115507, -17.187301 ], [ -65.115368, -17.186703 ], [ -65.11531, -17.185909 ], [ -65.115339, -17.185414 ], [ -65.115461, -17.184654 ], [ -65.115692, -17.183985 ], [ -65.11589, -17.183524 ], [ -65.116183, -17.183086 ], [ -65.116539, -17.182854 ], [ -65.117776, -17.18224 ], [ -65.118462, -17.181639 ], [ -65.119583, -17.180369 ], [ -65.119922, -17.179804 ], [ -65.120239, -17.179331 ], [ -65.120592, -17.17887 ], [ -65.121088, -17.178292 ], [ -65.121679, -17.177726 ], [ -65.122283, -17.177298 ], [ -65.122724, -17.17717 ], [ -65.123167, -17.177192 ], [ -65.12345, -17.177269 ], [ -65.123767, -17.177176 ], [ -65.124273, -17.177016 ], [ -65.124997, -17.177111 ], [ -65.125589, -17.177491 ], [ -65.125993, -17.178069 ], [ -65.126453, -17.178459 ], [ -65.126659, -17.178688 ], [ -65.12705, -17.17889 ], [ -65.127563, -17.17927 ], [ -65.127939, -17.179472 ], [ -65.128639, -17.179825 ], [ -65.129586, -17.18113 ], [ -65.13026, -17.181438 ], [ -65.130885, -17.18169 ], [ -65.131546, -17.181906 ], [ -65.132006, -17.181821 ], [ -65.132593, -17.181686 ], [ -65.133127, -17.181629 ], [ -65.133821, -17.181518 ], [ -65.134327, -17.181282 ], [ -65.135558, -17.180971 ], [ -65.13594, -17.180509 ], [ -65.136351, -17.179886 ], [ -65.136548, -17.179448 ], [ -65.136661, -17.178883 ], [ -65.136706, -17.177743 ], [ -65.136697, -17.176132 ], [ -65.136626, -17.175258 ], [ -65.136306, -17.173624 ], [ -65.136075, -17.172347 ], [ -65.136003, -17.171404 ], [ -65.135984, -17.17084 ], [ -65.13594, -17.170253 ], [ -65.135086, -17.169511 ], [ -65.13493, -17.164586 ], [ -65.136813, -17.162545 ], [ -65.140396, -17.159902 ], [ -65.140454, -17.159895 ], [ -65.140601, -17.159787 ], [ -65.148596, -17.158847 ], [ -65.152077, -17.154568 ], [ -65.152263, -17.154476 ], [ -65.152282, -17.154453 ], [ -65.157671, -17.15179 ], [ -65.160265, -17.150727 ], [ -65.162167, -17.150005 ], [ -65.165728, -17.14878 ], [ -65.169003, -17.148057 ], [ -65.171109, -17.147397 ], [ -65.171416, -17.147139 ], [ -65.172448, -17.146274 ], [ -65.175374, -17.14382 ], [ -65.176101, -17.14321 ], [ -65.177708, -17.141863 ], [ -65.177251, -17.142915 ], [ -65.182177, -17.139423 ], [ -65.172727, -17.130717 ], [ -65.183551, -17.104176 ], [ -65.22084, -17.10377 ], [ -65.220679, -17.101955 ], [ -65.220691, -17.100322 ], [ -65.220781, -17.100307 ], [ -65.221272, -17.099322 ], [ -65.222331, -17.09897 ], [ -65.223533, -17.09778 ], [ -65.224912, -17.097105 ], [ -65.226156, -17.09618 ], [ -65.227775, -17.095829 ], [ -65.229059, -17.095713 ], [ -65.22915, -17.095699 ], [ -65.229951, -17.095479 ], [ -65.230213, -17.094802 ], [ -65.230198, -17.094714 ], [ -65.230536, -17.093935 ], [ -65.230101, -17.093552 ], [ -65.229542, -17.093551 ], [ -65.225718, -17.094076 ], [ -65.22376, -17.093485 ], [ -65.222254, -17.09282 ], [ -65.222149, -17.092747 ], [ -65.222135, -17.092659 ], [ -65.221446, -17.091863 ], [ -65.221431, -17.091775 ], [ -65.221225, -17.091083 ], [ -65.221352, -17.090156 ], [ -65.221294, -17.089803 ], [ -65.221026, -17.089303 ], [ -65.221012, -17.089214 ], [ -65.220682, -17.088905 ], [ -65.220667, -17.088817 ], [ -65.21996, -17.088477 ], [ -65.218923, -17.087829 ], [ -65.218832, -17.087843 ], [ -65.218818, -17.087755 ], [ -65.218713, -17.087681 ], [ -65.2181, -17.086783 ], [ -65.218009, -17.086797 ], [ -65.21798, -17.086621 ], [ -65.216794, -17.085634 ], [ -65.216037, -17.083852 ], [ -65.214826, -17.082144 ], [ -65.214812, -17.082056 ], [ -65.214609, -17.081387 ], [ -65.214842, -17.080534 ], [ -65.214933, -17.080519 ], [ -65.216148, -17.079418 ], [ -65.216577, -17.078624 ], [ -65.216758, -17.078595 ], [ -65.217636, -17.078272 ], [ -65.218181, -17.078185 ], [ -65.218925, -17.077612 ], [ -65.21948, -17.07773 ], [ -65.220341, -17.078301 ], [ -65.221081, -17.077494 ], [ -65.22145, -17.077115 ], [ -65.221591, -17.076277 ], [ -65.221204, -17.075614 ], [ -65.220892, -17.074849 ], [ -65.221215, -17.073981 ], [ -65.221796, -17.072981 ], [ -65.222177, -17.072467 ], [ -65.222903, -17.07235 ], [ -65.22389, -17.071557 ], [ -65.223981, -17.071542 ], [ -65.224347, -17.07094 ], [ -65.224072, -17.069262 ], [ -65.223833, -17.068938 ], [ -65.223246, -17.068761 ], [ -65.222749, -17.068569 ], [ -65.222843, -17.06801 ], [ -65.222829, -17.067922 ], [ -65.22292, -17.067907 ], [ -65.223667, -17.06679 ], [ -65.224248, -17.06579 ], [ -65.224339, -17.065776 ], [ -65.224194, -17.064893 ], [ -65.223147, -17.063611 ], [ -65.223056, -17.063626 ], [ -65.221536, -17.062874 ], [ -65.221446, -17.062888 ], [ -65.219984, -17.062489 ], [ -65.219893, -17.062504 ], [ -65.218595, -17.062531 ], [ -65.21669, -17.062838 ], [ -65.216585, -17.062764 ], [ -65.215338, -17.061968 ], [ -65.21491, -17.061063 ], [ -65.214896, -17.060975 ], [ -65.215129, -17.060122 ], [ -65.216152, -17.058417 ], [ -65.216799, -17.056681 ], [ -65.216784, -17.056593 ], [ -65.217336, -17.055417 ], [ -65.217663, -17.054005 ], [ -65.218382, -17.052711 ], [ -65.218313, -17.051357 ], [ -65.219189, -17.049682 ], [ -65.219037, -17.04932 ], [ -65.218573, -17.04876 ], [ -65.21809, -17.048657 ], [ -65.218076, -17.048568 ], [ -65.217928, -17.048592 ], [ -65.216534, -17.048817 ], [ -65.215965, -17.048183 ], [ -65.216198, -17.04733 ], [ -65.216304, -17.045138 ], [ -65.216153, -17.043078 ], [ -65.216614, -17.041916 ], [ -65.216749, -17.039901 ], [ -65.216762, -17.037171 ], [ -65.216671, -17.037151 ], [ -65.216581, -17.037166 ], [ -65.216566, -17.037078 ], [ -65.215424, -17.036355 ], [ -65.215127, -17.035678 ], [ -65.21471, -17.034839 ], [ -65.213945, -17.034146 ], [ -65.213696, -17.03319 ], [ -65.213112, -17.032468 ], [ -65.212075, -17.031819 ], [ -65.209998, -17.031066 ], [ -65.209907, -17.03108 ], [ -65.209892, -17.030992 ], [ -65.209022, -17.030226 ], [ -65.207823, -17.02915 ], [ -65.207577, -17.027649 ], [ -65.207472, -17.027575 ], [ -65.207037, -17.027192 ], [ -65.206268, -17.027044 ], [ -65.206253, -17.026956 ], [ -65.206163, -17.02697 ], [ -65.205346, -17.026944 ], [ -65.204632, -17.025428 ], [ -65.204049, -17.024706 ], [ -65.203226, -17.02366 ], [ -65.203009, -17.022336 ], [ -65.20256, -17.021864 ], [ -65.202205, -17.020834 ], [ -65.201955, -17.019877 ], [ -65.201887, -17.018891 ], [ -65.201648, -17.018567 ], [ -65.201213, -17.018184 ], [ -65.200535, -17.018021 ], [ -65.199886, -17.018035 ], [ -65.199114, -17.018096 ], [ -65.199533, -17.01777 ], [ -65.200133, -17.01727 ], [ -65.200108, -17.01655 ], [ -65.19918, -17.01543 ], [ -65.197708, -17.014398 ], [ -65.197618, -17.014413 ], [ -65.196095, -17.014204 ], [ -65.196004, -17.014219 ], [ -65.195693, -17.013453 ], [ -65.195783, -17.013439 ], [ -65.195769, -17.013351 ], [ -65.195773, -17.012806 ], [ -65.195863, -17.012792 ], [ -65.196578, -17.012042 ], [ -65.196564, -17.011954 ], [ -65.19664, -17.011851 ], [ -65.19663, -17.011219 ], [ -65.196601, -17.011042 ], [ -65.196347, -17.01063 ], [ -65.195411, -17.010599 ], [ -65.195321, -17.010613 ], [ -65.194222, -17.010156 ], [ -65.193911, -17.00939 ], [ -65.194306, -17.008964 ], [ -65.194292, -17.008876 ], [ -65.195141, -17.008377 ], [ -65.195322, -17.008348 ], [ -65.195308, -17.008259 ], [ -65.195398, -17.008245 ], [ -65.196233, -17.007657 ], [ -65.19697, -17.006475 ], [ -65.196634, -17.004989 ], [ -65.196823, -17.003871 ], [ -65.19777, -17.002268 ], [ -65.197861, -17.002254 ], [ -65.199, -17.001255 ], [ -65.199457, -17.000638 ], [ -65.199331, -16.999299 ], [ -65.199383, -16.998475 ], [ -65.199611, -16.998166 ], [ -65.201708, -16.996198 ], [ -65.201799, -16.996183 ], [ -65.201735, -16.994905 ], [ -65.204006, -16.992046 ], [ -65.204467, -16.990884 ], [ -65.204558, -16.990869 ], [ -65.205631, -16.990606 ], [ -65.207706, -16.989638 ], [ -65.208254, -16.989006 ], [ -65.208109, -16.988123 ], [ -65.207254, -16.987445 ], [ -65.207163, -16.98746 ], [ -65.206213, -16.987341 ], [ -65.204396, -16.988177 ], [ -65.202311, -16.988512 ], [ -65.201122, -16.988069 ], [ -65.200825, -16.987392 ], [ -65.200468, -16.98464 ], [ -65.199827, -16.983565 ], [ -65.199033, -16.982696 ], [ -65.198091, -16.981488 ], [ -65.197425, -16.979692 ], [ -65.196737, -16.978896 ], [ -65.196044, -16.978645 ], [ -65.195748, -16.977968 ], [ -65.196357, -16.977145 ], [ -65.198261, -16.976839 ], [ -65.198747, -16.976398 ], [ -65.198899, -16.976192 ], [ -65.198871, -16.976016 ], [ -65.198831, -16.975207 ], [ -65.198843, -16.973573 ], [ -65.198829, -16.973485 ], [ -65.199315, -16.973045 ], [ -65.201037, -16.972767 ], [ -65.201371, -16.972533 ], [ -65.201447, -16.97243 ], [ -65.201432, -16.972341 ], [ -65.201523, -16.972327 ], [ -65.201484, -16.971518 ], [ -65.201469, -16.971429 ], [ -65.200929, -16.970972 ], [ -65.197895, -16.971189 ], [ -65.196992, -16.97079 ], [ -65.19692, -16.970349 ], [ -65.196924, -16.969804 ], [ -65.197, -16.969701 ], [ -65.196985, -16.969613 ], [ -65.197066, -16.968966 ], [ -65.197051, -16.968877 ], [ -65.196707, -16.96848 ], [ -65.195551, -16.967669 ], [ -65.195482, -16.96725 ], [ -65.195472, -16.966618 ], [ -65.195548, -16.966515 ], [ -65.196096, -16.965883 ], [ -65.196172, -16.96578 ], [ -65.196263, -16.965765 ], [ -65.197274, -16.965693 ], [ -65.198424, -16.965327 ], [ -65.198566, -16.964489 ], [ -65.198473, -16.962782 ], [ -65.198084, -16.961184 ], [ -65.198898, -16.960082 ], [ -65.199842, -16.959209 ], [ -65.201234, -16.958622 ], [ -65.202068, -16.958035 ], [ -65.202054, -16.957947 ], [ -65.20241, -16.956711 ], [ -65.20236, -16.955269 ], [ -65.202346, -16.955181 ], [ -65.202582, -16.953784 ], [ -65.202441, -16.952356 ], [ -65.202427, -16.952268 ], [ -65.201572, -16.95159 ], [ -65.200107, -16.951735 ], [ -65.199262, -16.951689 ], [ -65.198741, -16.950777 ], [ -65.198615, -16.949437 ], [ -65.198442, -16.948378 ], [ -65.198336, -16.948304 ], [ -65.198322, -16.948216 ], [ -65.197854, -16.9482 ], [ -65.197869, -16.948289 ], [ -65.197307, -16.948832 ], [ -65.196573, -16.950038 ], [ -65.195591, -16.950286 ], [ -65.194895, -16.95058 ], [ -65.193785, -16.951755 ], [ -65.192686, -16.951297 ], [ -65.192404, -16.950708 ], [ -65.192698, -16.949664 ], [ -65.193188, -16.948679 ], [ -65.194603, -16.947092 ], [ -65.194879, -16.946504 ], [ -65.194865, -16.946416 ], [ -65.194887, -16.945415 ], [ -65.194829, -16.945062 ], [ -65.194609, -16.944282 ], [ -65.194594, -16.944194 ], [ -65.194069, -16.943825 ], [ -65.193978, -16.94384 ], [ -65.192303, -16.943837 ], [ -65.191339, -16.94363 ], [ -65.191224, -16.942923 ], [ -65.192715, -16.941234 ], [ -65.193501, -16.940926 ], [ -65.193592, -16.940911 ], [ -65.193578, -16.940823 ], [ -65.193658, -16.940176 ], [ -65.192893, -16.939483 ], [ -65.192205, -16.938688 ], [ -65.192046, -16.937716 ], [ -65.192226, -16.937258 ], [ -65.192802, -16.936803 ], [ -65.192983, -16.936773 ], [ -65.194195, -16.936216 ], [ -65.194376, -16.936187 ], [ -65.194637, -16.93551 ], [ -65.194623, -16.935422 ], [ -65.19413, -16.934686 ], [ -65.193242, -16.934376 ], [ -65.193152, -16.93439 ], [ -65.193137, -16.934302 ], [ -65.192956, -16.934331 ], [ -65.19255, -16.934124 ], [ -65.192707, -16.933374 ], [ -65.192692, -16.933286 ], [ -65.19303, -16.932507 ], [ -65.193106, -16.932404 ], [ -65.193425, -16.932081 ], [ -65.193516, -16.932066 ], [ -65.194074, -16.932067 ], [ -65.194165, -16.932052 ], [ -65.19523, -16.932878 ], [ -65.195588, -16.933364 ], [ -65.195603, -16.933452 ], [ -65.195218, -16.934511 ], [ -65.195381, -16.934938 ], [ -65.195486, -16.935011 ], [ -65.1955, -16.9351 ], [ -65.196022, -16.936013 ], [ -65.196671, -16.935999 ], [ -65.197186, -16.935735 ], [ -65.197433, -16.93497 ], [ -65.197346, -16.93444 ], [ -65.196937, -16.932512 ], [ -65.197022, -16.931321 ], [ -65.196377, -16.93079 ], [ -65.196272, -16.930716 ], [ -65.195754, -16.929259 ], [ -65.195649, -16.929185 ], [ -65.194503, -16.928156 ], [ -65.193947, -16.927953 ], [ -65.193677, -16.92766 ], [ -65.193377, -16.927611 ], [ -65.193623, -16.927299 ], [ -65.193997, -16.927124 ], [ -65.194232, -16.926979 ], [ -65.194653, -16.926622 ], [ -65.195245, -16.926454 ], [ -65.197869, -16.926835 ], [ -65.197959, -16.92682 ], [ -65.198293, -16.926585 ], [ -65.198326, -16.926217 ], [ -65.198167, -16.925246 ], [ -65.198486, -16.924923 ], [ -65.198577, -16.924908 ], [ -65.199469, -16.924674 ], [ -65.199926, -16.924057 ], [ -65.19918, -16.922908 ], [ -65.198006, -16.922553 ], [ -65.197045, -16.921801 ], [ -65.197017, -16.921625 ], [ -65.197093, -16.921522 ], [ -65.197021, -16.92108 ], [ -65.197115, -16.920521 ], [ -65.196833, -16.919933 ], [ -65.196518, -16.919711 ], [ -65.195249, -16.919915 ], [ -65.194981, -16.919415 ], [ -65.195304, -16.918547 ], [ -65.195413, -16.918077 ], [ -65.194863, -16.916987 ], [ -65.194772, -16.917002 ], [ -65.194356, -16.916162 ], [ -65.194465, -16.915692 ], [ -65.195009, -16.915604 ], [ -65.1959, -16.91537 ], [ -65.196998, -16.915828 ], [ -65.197345, -16.917947 ], [ -65.19832, -16.918787 ], [ -65.198334, -16.918875 ], [ -65.199222, -16.919186 ], [ -65.199313, -16.919171 ], [ -65.199813, -16.918819 ], [ -65.199984, -16.918157 ], [ -65.1996, -16.91695 ], [ -65.199355, -16.915449 ], [ -65.199591, -16.914051 ], [ -65.199385, -16.913359 ], [ -65.19937, -16.913271 ], [ -65.199012, -16.912785 ], [ -65.198921, -16.9128 ], [ -65.198062, -16.912666 ], [ -65.196446, -16.913017 ], [ -65.196355, -16.913031 ], [ -65.195587, -16.912883 ], [ -65.195261, -16.912029 ], [ -65.195232, -16.911853 ], [ -65.195613, -16.911338 ], [ -65.197668, -16.910826 ], [ -65.197759, -16.910812 ], [ -65.198231, -16.910283 ], [ -65.198321, -16.910268 ], [ -65.198644, -16.909401 ], [ -65.198615, -16.909224 ], [ -65.198333, -16.908635 ], [ -65.198319, -16.908547 ], [ -65.197732, -16.908369 ], [ -65.196698, -16.909442 ], [ -65.196064, -16.909544 ], [ -65.196049, -16.909456 ], [ -65.195958, -16.90947 ], [ -65.195944, -16.909382 ], [ -65.195853, -16.909396 ], [ -65.195839, -16.909308 ], [ -65.195528, -16.908543 ], [ -65.195086, -16.906982 ], [ -65.194293, -16.906113 ], [ -65.192337, -16.905895 ], [ -65.191721, -16.90635 ], [ -65.190281, -16.906734 ], [ -65.188877, -16.906544 ], [ -65.18785, -16.905901 ], [ -65.187327, -16.904802 ], [ -65.187146, -16.903863 ], [ -65.187724, -16.902385 ], [ -65.188351, -16.901519 ], [ -65.189874, -16.90093 ], [ -65.191106, -16.900917 ], [ -65.192935, -16.901061 ], [ -65.192977, -16.90106 ], [ -65.194336, -16.900964 ], [ -65.196244, -16.900623 ], [ -65.201576, -16.898848 ], [ -65.203174, -16.897358 ], [ -65.204866, -16.896767 ], [ -65.206459, -16.894869 ], [ -65.207031, -16.892981 ], [ -65.207019, -16.891918 ], [ -65.206397, -16.889552 ], [ -65.204938, -16.888341 ], [ -65.203824, -16.887535 ], [ -65.203464, -16.88582 ], [ -65.202341, -16.884196 ], [ -65.201132, -16.882492 ], [ -65.201124, -16.881837 ], [ -65.201509, -16.880776 ], [ -65.202252, -16.878968 ], [ -65.20215, -16.877497 ], [ -65.200863, -16.876366 ], [ -65.198562, -16.875818 ], [ -65.19754, -16.875583 ], [ -65.19167, -16.87491 ], [ -65.189875, -16.874029 ], [ -65.188236, -16.871838 ], [ -65.187864, -16.86906 ], [ -65.187842, -16.867179 ], [ -65.188154, -16.864722 ], [ -65.188896, -16.86275 ], [ -65.190649, -16.860032 ], [ -65.193004, -16.858803 ], [ -65.192671, -16.855002 ], [ -65.192625, -16.854073 ], [ -65.192543, -16.85311 ], [ -65.192411, -16.852101 ], [ -65.192271, -16.85123 ], [ -65.191834, -16.849411 ], [ -65.191331, -16.847868 ], [ -65.191033, -16.847344 ], [ -65.19075, -16.847015 ], [ -65.190543, -16.846834 ], [ -65.189939, -16.84651 ], [ -65.188302, -16.845936 ], [ -65.18799, -16.845848 ], [ -65.187655, -16.845796 ], [ -65.187296, -16.845778 ], [ -65.186511, -16.845858 ], [ -65.186096, -16.845967 ], [ -65.185671, -16.846146 ], [ -65.185329, -16.846346 ], [ -65.184908, -16.846673 ], [ -65.184371, -16.847175 ], [ -65.183695, -16.847862 ], [ -65.182974, -16.848653 ], [ -65.182504, -16.849199 ], [ -65.182255, -16.84949 ], [ -65.181408, -16.850512 ], [ -65.180645, -16.851593 ], [ -65.179518, -16.853318 ], [ -65.178951, -16.854061 ], [ -65.178417, -16.854665 ], [ -65.177973, -16.855051 ], [ -65.177491, -16.85539 ], [ -65.176937, -16.855674 ], [ -65.176417, -16.855854 ], [ -65.175989, -16.855928 ], [ -65.174989, -16.856035 ], [ -65.174063, -16.856193 ], [ -65.173729, -16.856391 ], [ -65.173082, -16.856305 ], [ -65.172491, -16.856368 ], [ -65.170656, -16.856475 ], [ -65.169394, -16.856585 ], [ -65.169024, -16.85659 ], [ -65.168031, -16.856455 ], [ -65.167683, -16.856356 ], [ -65.167333, -16.856223 ], [ -65.167102, -16.856031 ], [ -65.166735, -16.855646 ], [ -65.166352, -16.855077 ], [ -65.165873, -16.854039 ], [ -65.165702, -16.853376 ], [ -65.165565, -16.852597 ], [ -65.165484, -16.851702 ], [ -65.165466, -16.850945 ], [ -65.165508, -16.850209 ], [ -65.165732, -16.849586 ], [ -65.165949, -16.849204 ], [ -65.16633, -16.84867 ], [ -65.166598, -16.848368 ], [ -65.166984, -16.848064 ], [ -65.167408, -16.847851 ], [ -65.168024, -16.847647 ], [ -65.168795, -16.847453 ], [ -65.17021, -16.847222 ], [ -65.170875, -16.847113 ], [ -65.172077, -16.84697 ], [ -65.173325, -16.84678 ], [ -65.175837, -16.846538 ], [ -65.176895, -16.846385 ], [ -65.177547, -16.846215 ], [ -65.177902, -16.846095 ], [ -65.178233, -16.845964 ], [ -65.178624, -16.845855 ], [ -65.179771, -16.845426 ], [ -65.180232, -16.845224 ], [ -65.180691, -16.844976 ], [ -65.181006, -16.844662 ], [ -65.181271, -16.844279 ], [ -65.181543, -16.84369 ], [ -65.181774, -16.843064 ], [ -65.18179, -16.84302 ], [ -65.181894, -16.842376 ], [ -65.18188, -16.841779 ], [ -65.181755, -16.84108 ], [ -65.181575, -16.840531 ], [ -65.181422, -16.84012 ], [ -65.181099, -16.839562 ], [ -65.180486, -16.838377 ], [ -65.180297, -16.837977 ], [ -65.180198, -16.837829 ], [ -65.180049, -16.837556 ], [ -65.179483, -16.836821 ], [ -65.179368, -16.836673 ], [ -65.178369, -16.836146 ], [ -65.177245, -16.83556 ], [ -65.174752, -16.834689 ], [ -65.172826, -16.834146 ], [ -65.172573, -16.833397 ], [ -65.172488, -16.83281 ], [ -65.172438, -16.831992 ], [ -65.172437, -16.831209 ], [ -65.172425, -16.830869 ], [ -65.172399, -16.830114 ], [ -65.172301, -16.829078 ], [ -65.172059, -16.827903 ], [ -65.171601, -16.826474 ], [ -65.170974, -16.825081 ], [ -65.170144, -16.823733 ], [ -65.169386, -16.822858 ], [ -65.168762, -16.822455 ], [ -65.167477, -16.821948 ], [ -65.167331, -16.821864 ], [ -65.165134, -16.822054 ], [ -65.163531, -16.821373 ], [ -65.16352, -16.820395 ], [ -65.164165, -16.81969 ], [ -65.164768, -16.819039 ], [ -65.16476, -16.818943 ], [ -65.165011, -16.81839 ], [ -65.165538, -16.817883 ], [ -65.166305, -16.81726 ], [ -65.167084, -16.816753 ], [ -65.167852, -16.816546 ], [ -65.16868, -16.816523 ], [ -65.16958, -16.81658 ], [ -65.170444, -16.816545 ], [ -65.171967, -16.816222 ], [ -65.172699, -16.815923 ], [ -65.173262, -16.815462 ], [ -65.173423, -16.815163 ], [ -65.173315, -16.814706 ], [ -65.173378, -16.813797 ], [ -65.172561, -16.81213 ], [ -65.171526, -16.810395 ], [ -65.170277, -16.808942 ], [ -65.168594, -16.807493 ], [ -65.167642, -16.806735 ], [ -65.167055, -16.806113 ], [ -65.16589, -16.805637 ], [ -65.164291, -16.805304 ], [ -65.163196, -16.804618 ], [ -65.162107, -16.80442 ], [ -65.16109, -16.804291 ], [ -65.159855, -16.804024 ], [ -65.158624, -16.804177 ], [ -65.156592, -16.803989 ], [ -65.15478, -16.804008 ], [ -65.153619, -16.80395 ], [ -65.152457, -16.803753 ], [ -65.151384, -16.803721 ], [ -65.151019, -16.803832 ], [ -65.150168, -16.804074 ], [ -65.14928, -16.804247 ], [ -65.148344, -16.804316 ], [ -65.147324, -16.804132 ], [ -65.146363, -16.803763 ], [ -65.14545, -16.803279 ], [ -65.144502, -16.802646 ], [ -65.143576, -16.801943 ], [ -65.142699, -16.801195 ], [ -65.141774, -16.800458 ], [ -65.140729, -16.799674 ], [ -65.138627, -16.798223 ], [ -65.137935, -16.797649 ], [ -65.137744, -16.797552 ], [ -65.136724, -16.797074 ], [ -65.135551, -16.795899 ], [ -65.134374, -16.794375 ], [ -65.133557, -16.792637 ], [ -65.133846, -16.791646 ], [ -65.133745, -16.791404 ], [ -65.133672, -16.790459 ], [ -65.133743, -16.789814 ], [ -65.133993, -16.788789 ], [ -65.13428, -16.787879 ], [ -65.13471, -16.786923 ], [ -65.135273, -16.785886 ], [ -65.135955, -16.785068 ], [ -65.136722, -16.784423 ], [ -65.137502, -16.783974 ], [ -65.137521, -16.783966 ], [ -65.138293, -16.78364 ], [ -65.138965, -16.783467 ], [ -65.13954, -16.783444 ], [ -65.140141, -16.783559 ], [ -65.142109, -16.784031 ], [ -65.143453, -16.784319 ], [ -65.143934, -16.78443 ], [ -65.144942, -16.784664 ], [ -65.146358, -16.784918 ], [ -65.147774, -16.785194 ], [ -65.149118, -16.785332 ], [ -65.15021, -16.785286 ], [ -65.151121, -16.785067 ], [ -65.151997, -16.784733 ], [ -65.153028, -16.784226 ], [ -65.154118, -16.783569 ], [ -65.155113, -16.782705 ], [ -65.155975, -16.781714 ], [ -65.156681, -16.780562 ], [ -65.15716, -16.779548 ], [ -65.157517, -16.77797 ], [ -65.157647, -16.77653 ], [ -65.157536, -16.77463 ], [ -65.157246, -16.77342 ], [ -65.156679, -16.771969 ], [ -65.156404, -16.771533 ], [ -65.156078, -16.771315 ], [ -65.155562, -16.770552 ], [ -65.154103, -16.76966 ], [ -65.152864, -16.769044 ], [ -65.151698, -16.768498 ], [ -65.149813, -16.768447 ], [ -65.148142, -16.768116 ], [ -65.146327, -16.767855 ], [ -65.145478, -16.767384 ], [ -65.144759, -16.767213 ], [ -65.143282, -16.766752 ], [ -65.142046, -16.766245 ], [ -65.141253, -16.765669 ], [ -65.140832, -16.764932 ], [ -65.140434, -16.763803 ], [ -65.140241, -16.762617 ], [ -65.140227, -16.761396 ], [ -65.140477, -16.760347 ], [ -65.1408, -16.759299 ], [ -65.14123, -16.758366 ], [ -65.141793, -16.757537 ], [ -65.142511, -16.756926 ], [ -65.142664, -16.756856 ], [ -65.143554, -16.756442 ], [ -65.14467, -16.756074 ], [ -65.145881, -16.755797 ], [ -65.146708, -16.755682 ], [ -65.147728, -16.755705 ], [ -65.148736, -16.755877 ], [ -65.149936, -16.756027 ], [ -65.151352, -16.756177 ], [ -65.152695, -16.756119 ], [ -65.153978, -16.755831 ], [ -65.155285, -16.755381 ], [ -65.156556, -16.754897 ], [ -65.157671, -16.754609 ], [ -65.158115, -16.754555 ], [ -65.158703, -16.754482 ], [ -65.159663, -16.754448 ], [ -65.160586, -16.754482 ], [ -65.161051, -16.754552 ], [ -65.16151, -16.75462 ], [ -65.162348, -16.754835 ], [ -65.162542, -16.754885 ], [ -65.163527, -16.755311 ], [ -65.164571, -16.755979 ], [ -65.16546, -16.756751 ], [ -65.167254, -16.758714 ], [ -65.167912, -16.759434 ], [ -65.168729, -16.760137 ], [ -65.16951, -16.760632 ], [ -65.17029, -16.760989 ], [ -65.171094, -16.761277 ], [ -65.17167, -16.761357 ], [ -65.172114, -16.761334 ], [ -65.172534, -16.761207 ], [ -65.172704, -16.761103 ], [ -65.173133, -16.760839 ], [ -65.17366, -16.760412 ], [ -65.174079, -16.759871 ], [ -65.174354, -16.759352 ], [ -65.174557, -16.758465 ], [ -65.174697, -16.758055 ], [ -65.174548, -16.757365 ], [ -65.174027, -16.756183 ], [ -65.173583, -16.75542 ], [ -65.172562, -16.754802 ], [ -65.171461, -16.753627 ], [ -65.170215, -16.752383 ], [ -65.169481, -16.751553 ], [ -65.168822, -16.750931 ], [ -65.168162, -16.75031 ], [ -65.16779, -16.749406 ], [ -65.167463, -16.748883 ], [ -65.166898, -16.748422 ], [ -65.166286, -16.748019 ], [ -65.16559, -16.747708 ], [ -65.164833, -16.747443 ], [ -65.163909, -16.747179 ], [ -65.162937, -16.74696 ], [ -65.162169, -16.746868 ], [ -65.16139, -16.746822 ], [ -65.159722, -16.746672 ], [ -65.158654, -16.746603 ], [ -65.157683, -16.746603 ], [ -65.156963, -16.746661 ], [ -65.156208, -16.746765 ], [ -65.15559, -16.747299 ], [ -65.154508, -16.747729 ], [ -65.153206, -16.747953 ], [ -65.151183, -16.748462 ], [ -65.149739, -16.748966 ], [ -65.14873, -16.749466 ], [ -65.147287, -16.750039 ], [ -65.146199, -16.749981 ], [ -65.144821, -16.749925 ], [ -65.143579, -16.74903 ], [ -65.142336, -16.747996 ], [ -65.141907, -16.747238 ], [ -65.141417, -16.746847 ], [ -65.140479, -16.745902 ], [ -65.139686, -16.744889 ], [ -65.139025, -16.743794 ], [ -65.138447, -16.742711 ], [ -65.137747, -16.741258 ], [ -65.13541, -16.737803 ], [ -65.134958, -16.736341 ], [ -65.134784, -16.73514 ], [ -65.134563, -16.733343 ], [ -65.134983, -16.732012 ], [ -65.135122, -16.73189 ], [ -65.135288, -16.731365 ], [ -65.135599, -16.730547 ], [ -65.136077, -16.729775 ], [ -65.136628, -16.729061 ], [ -65.137586, -16.728209 ], [ -65.138461, -16.727621 ], [ -65.13966, -16.726953 ], [ -65.140846, -16.726458 ], [ -65.142045, -16.726054 ], [ -65.14346, -16.72572 ], [ -65.144671, -16.725501 ], [ -65.145595, -16.725386 ], [ -65.146482, -16.725386 ], [ -65.146791, -16.725417 ], [ -65.147154, -16.725252 ], [ -65.148388, -16.725448 ], [ -65.148942, -16.725708 ], [ -65.149865, -16.725893 ], [ -65.152193, -16.726434 ], [ -65.153321, -16.726607 ], [ -65.154173, -16.72663 ], [ -65.154856, -16.726411 ], [ -65.155299, -16.726042 ], [ -65.155706, -16.725385 ], [ -65.155968, -16.724441 ], [ -65.155972, -16.724381 ], [ -65.156039, -16.723392 ], [ -65.155917, -16.722183 ], [ -65.155459, -16.720697 ], [ -65.155227, -16.720275 ], [ -65.154605, -16.719142 ], [ -65.153823, -16.717967 ], [ -65.153226, -16.71591 ], [ -65.152527, -16.714554 ], [ -65.152338, -16.714186 ], [ -65.151762, -16.712638 ], [ -65.150196, -16.71122 ], [ -65.149936, -16.710146 ], [ -65.149109, -16.709489 ], [ -65.149037, -16.709432 ], [ -65.148639, -16.708597 ], [ -65.148218, -16.707715 ], [ -65.147435, -16.706312 ], [ -65.146559, -16.704743 ], [ -65.145742, -16.703638 ], [ -65.145069, -16.702774 ], [ -65.1443, -16.702002 ], [ -65.143399, -16.701149 ], [ -65.142655, -16.700551 ], [ -65.141922, -16.700044 ], [ -65.141262, -16.699721 ], [ -65.140566, -16.699525 ], [ -65.139763, -16.699329 ], [ -65.137987, -16.699145 ], [ -65.136752, -16.699042 ], [ -65.135409, -16.698949 ], [ -65.134683, -16.69892 ], [ -65.134465, -16.698991 ], [ -65.13301, -16.699349 ], [ -65.131195, -16.699462 ], [ -65.130303, -16.69944 ], [ -65.129313, -16.699309 ], [ -65.128515, -16.699005 ], [ -65.127813, -16.698529 ], [ -65.127558, -16.698237 ], [ -65.12736, -16.698166 ], [ -65.126832, -16.69782 ], [ -65.126736, -16.697486 ], [ -65.126663, -16.696979 ], [ -65.126692, -16.69676 ], [ -65.126674, -16.696715 ], [ -65.126437, -16.695796 ], [ -65.12643, -16.695188 ], [ -65.126475, -16.694898 ], [ -65.126551, -16.694445 ], [ -65.126755, -16.693865 ], [ -65.126862, -16.693318 ], [ -65.127292, -16.692627 ], [ -65.127919, -16.692121 ], [ -65.128417, -16.691726 ], [ -65.129337, -16.691342 ], [ -65.130045, -16.690967 ], [ -65.131091, -16.690218 ], [ -65.132469, -16.689584 ], [ -65.133284, -16.689406 ], [ -65.134224, -16.68906 ], [ -65.135031, -16.68877 ], [ -65.135774, -16.688482 ], [ -65.136436, -16.688303 ], [ -65.136986, -16.688188 ], [ -65.137586, -16.688151 ], [ -65.138315, -16.688112 ], [ -65.138687, -16.688046 ], [ -65.139059, -16.687995 ], [ -65.139657, -16.687817 ], [ -65.14042, -16.687583 ], [ -65.14139, -16.687307 ], [ -65.142472, -16.687 ], [ -65.143654, -16.686878 ], [ -65.14511, -16.686598 ], [ -65.146582, -16.686286 ], [ -65.147471, -16.686043 ], [ -65.148295, -16.6858 ], [ -65.148812, -16.685623 ], [ -65.149844, -16.685175 ], [ -65.15062, -16.684744 ], [ -65.150893, -16.684342 ], [ -65.151192, -16.68379 ], [ -65.151347, -16.683144 ], [ -65.151382, -16.682419 ], [ -65.151165, -16.681532 ], [ -65.150744, -16.680725 ], [ -65.150107, -16.679965 ], [ -65.149231, -16.67924 ], [ -65.148295, -16.67879 ], [ -65.147035, -16.678376 ], [ -65.145812, -16.678157 ], [ -65.144108, -16.677961 ], [ -65.142937, -16.677846 ], [ -65.14238, -16.677871 ], [ -65.141327, -16.677913 ], [ -65.140501, -16.677984 ], [ -65.139838, -16.678131 ], [ -65.138675, -16.678487 ], [ -65.137303, -16.679016 ], [ -65.13601, -16.679373 ], [ -65.135402, -16.679558 ], [ -65.133823, -16.680576 ], [ -65.132889, -16.681244 ], [ -65.131068, -16.682407 ], [ -65.130109, -16.682949 ], [ -65.127952, -16.683836 ], [ -65.127611, -16.683916 ], [ -65.125374, -16.684446 ], [ -65.124044, -16.684699 ], [ -65.122845, -16.68486 ], [ -65.121741, -16.684918 ], [ -65.120518, -16.68486 ], [ -65.119355, -16.684756 ], [ -65.118479, -16.684584 ], [ -65.117651, -16.684319 ], [ -65.116859, -16.683904 ], [ -65.116163, -16.683512 ], [ -65.114771, -16.682544 ], [ -65.113282, -16.681415 ], [ -65.112488, -16.680968 ], [ -65.112442, -16.680943 ], [ -65.111398, -16.68047 ], [ -65.110511, -16.680274 ], [ -65.109755, -16.680251 ], [ -65.109, -16.680458 ], [ -65.108125, -16.680919 ], [ -65.107143, -16.681668 ], [ -65.10616, -16.682578 ], [ -65.10525, -16.683557 ], [ -65.10452, -16.684409 ], [ -65.103897, -16.685077 ], [ -65.103358, -16.685538 ], [ -65.102867, -16.685883 ], [ -65.102351, -16.686113 ], [ -65.10174, -16.686228 ], [ -65.101176, -16.686217 ], [ -65.10042, -16.686009 ], [ -65.10003, -16.685849 ], [ -65.099773, -16.685744 ], [ -65.099232, -16.685399 ], [ -65.098812, -16.684915 ], [ -65.098644, -16.684431 ], [ -65.098619, -16.684005 ], [ -65.098726, -16.683521 ], [ -65.099073, -16.682899 ], [ -65.099636, -16.682219 ], [ -65.100367, -16.681655 ], [ -65.101314, -16.68116 ], [ -65.102105, -16.680688 ], [ -65.102895, -16.679997 ], [ -65.10341, -16.679294 ], [ -65.103961, -16.678453 ], [ -65.104319, -16.677658 ], [ -65.104642, -16.676725 ], [ -65.104857, -16.675804 ], [ -65.105215, -16.674744 ], [ -65.105646, -16.673869 ], [ -65.106196, -16.673028 ], [ -65.107274, -16.671703 ], [ -65.107825, -16.671081 ], [ -65.108196, -16.670597 ], [ -65.108375, -16.670333 ], [ -65.108671, -16.669987 ], [ -65.108903, -16.66907 ], [ -65.109045, -16.668509 ], [ -65.109125, -16.668037 ], [ -65.109171, -16.667634 ], [ -65.109248, -16.666506 ], [ -65.109256, -16.665907 ], [ -65.109193, -16.665435 ], [ -65.109011, -16.664882 ], [ -65.108818, -16.66457 ], [ -65.108458, -16.664224 ], [ -65.108182, -16.664063 ], [ -65.107847, -16.66389 ], [ -65.107596, -16.663797 ], [ -65.106652, -16.663566 ], [ -65.105947, -16.663519 ], [ -65.105494, -16.663576 ], [ -65.104958, -16.663736 ], [ -65.103565, -16.664368 ], [ -65.1016, -16.66516 ], [ -65.099885, -16.665791 ], [ -65.098313, -16.666468 ], [ -65.097075, -16.667066 ], [ -65.096468, -16.667341 ], [ -65.095944, -16.667525 ], [ -65.095396, -16.667685 ], [ -65.094287, -16.667879 ], [ -65.093786, -16.667925 ], [ -65.093583, -16.667925 ], [ -65.093296, -16.667901 ], [ -65.093021, -16.66782 ], [ -65.092686, -16.667681 ], [ -65.092252, -16.66746 ], [ -65.091647, -16.66736 ], [ -65.090983, -16.666847 ], [ -65.090681, -16.666562 ], [ -65.090588, -16.666179 ], [ -65.09048, -16.665951 ], [ -65.090334, -16.665582 ], [ -65.090284, -16.665133 ], [ -65.090305, -16.664696 ], [ -65.090398, -16.664201 ], [ -65.090574, -16.663706 ], [ -65.090964, -16.663015 ], [ -65.091496, -16.662187 ], [ -65.092337, -16.661151 ], [ -65.093074, -16.660531 ], [ -65.093728, -16.660221 ], [ -65.094444, -16.660106 ], [ -65.095243, -16.660004 ], [ -65.096604, -16.65973 ], [ -65.096721, -16.659706 ], [ -65.100441, -16.659009 ], [ -65.101466, -16.658745 ], [ -65.102586, -16.658367 ], [ -65.103645, -16.657873 ], [ -65.104633, -16.657333 ], [ -65.105441, -16.656758 ], [ -65.105892, -16.656241 ], [ -65.10614, -16.655815 ], [ -65.106269, -16.655435 ], [ -65.106312, -16.654617 ], [ -65.106285, -16.654145 ], [ -65.106149, -16.65335 ], [ -65.10599, -16.652786 ], [ -65.105699, -16.652026 ], [ -65.105556, -16.651794 ], [ -65.104988, -16.650873 ], [ -65.104724, -16.650596 ], [ -65.104496, -16.650423 ], [ -65.104317, -16.650331 ], [ -65.104077, -16.650262 ], [ -65.103719, -16.650227 ], [ -65.103242, -16.650226 ], [ -65.102681, -16.650317 ], [ -65.102193, -16.650443 ], [ -65.101728, -16.650627 ], [ -65.101256, -16.650845 ], [ -65.100041, -16.651569 ], [ -65.098542, -16.652431 ], [ -65.097829, -16.65289 ], [ -65.096402, -16.653902 ], [ -65.095773, -16.654408 ], [ -65.095143, -16.65496 ], [ -65.094016, -16.655995 ], [ -65.093627, -16.656961 ], [ -65.09304, -16.658005 ], [ -65.092388, -16.658472 ], [ -65.091558, -16.65923 ], [ -65.090613, -16.660278 ], [ -65.089962, -16.660976 ], [ -65.089252, -16.661675 ], [ -65.088781, -16.662372 ], [ -65.088133, -16.663244 ], [ -65.087662, -16.66394 ], [ -65.087191, -16.664694 ], [ -65.086546, -16.665912 ], [ -65.086259, -16.666953 ], [ -65.085733, -16.668169 ], [ -65.084957, -16.668385 ], [ -65.084329, -16.669133 ], [ -65.084164, -16.669211 ], [ -65.084125, -16.669247 ], [ -65.083756, -16.669466 ], [ -65.083351, -16.669615 ], [ -65.083167, -16.669529 ], [ -65.082399, -16.669586 ], [ -65.081323, -16.669712 ], [ -65.079945, -16.669438 ], [ -65.078805, -16.669103 ], [ -65.077904, -16.668824 ], [ -65.077122, -16.668371 ], [ -65.075736, -16.667462 ], [ -65.074524, -16.665975 ], [ -65.073735, -16.665003 ], [ -65.073187, -16.664028 ], [ -65.073149, -16.663622 ], [ -65.07288, -16.663047 ], [ -65.072685, -16.662494 ], [ -65.072599, -16.66201 ], [ -65.072572, -16.661458 ], [ -65.072592, -16.660813 ], [ -65.072598, -16.659765 ], [ -65.072735, -16.658659 ], [ -65.072887, -16.658118 ], [ -65.072981, -16.657946 ], [ -65.073147, -16.657716 ], [ -65.073478, -16.657175 ], [ -65.073999, -16.656462 ], [ -65.074592, -16.655818 ], [ -65.075138, -16.655323 ], [ -65.075757, -16.654921 ], [ -65.076376, -16.654634 ], [ -65.077139, -16.654451 ], [ -65.077818, -16.654314 ], [ -65.078736, -16.654154 ], [ -65.079451, -16.653959 ], [ -65.079868, -16.653741 ], [ -65.080201, -16.6535 ], [ -65.080664, -16.653132 ], [ -65.081139, -16.652626 ], [ -65.081469, -16.65205 ], [ -65.081704, -16.651348 ], [ -65.081901, -16.650416 ], [ -65.08211, -16.649264 ], [ -65.082187, -16.648182 ], [ -65.082146, -16.647261 ], [ -65.082138, -16.647176 ], [ -65.082069, -16.646431 ], [ -65.081935, -16.64597 ], [ -65.081451, -16.644818 ], [ -65.080614, -16.642583 ], [ -65.080394, -16.64165 ], [ -65.080317, -16.640774 ], [ -65.080335, -16.639634 ], [ -65.080458, -16.638794 ], [ -65.080507, -16.63846 ], [ -65.080752, -16.637828 ], [ -65.080859, -16.637551 ], [ -65.081148, -16.637147 ], [ -65.081262, -16.636987 ], [ -65.081678, -16.636631 ], [ -65.082236, -16.636194 ], [ -65.082723, -16.63578 ], [ -65.083388, -16.635182 ], [ -65.084301, -16.634262 ], [ -65.084657, -16.633767 ], [ -65.084916, -16.633192 ], [ -65.08503, -16.632386 ], [ -65.084954, -16.631545 ], [ -65.084674, -16.630681 ], [ -65.08424, -16.629805 ], [ -65.083736, -16.629264 ], [ -65.083639, -16.629159 ], [ -65.082776, -16.628571 ], [ -65.081855, -16.628167 ], [ -65.080935, -16.627958 ], [ -65.080147, -16.627934 ], [ -65.079515, -16.628013 ], [ -65.078872, -16.628197 ], [ -65.076979, -16.628873 ], [ -65.07651, -16.62904 ], [ -65.075677, -16.629619 ], [ -65.074554, -16.630124 ], [ -65.07408, -16.630337 ], [ -65.072711, -16.631085 ], [ -65.071484, -16.631565 ], [ -65.070686, -16.631908 ], [ -65.070266, -16.632192 ], [ -65.069588, -16.632686 ], [ -65.068947, -16.633203 ], [ -65.068341, -16.633767 ], [ -65.066904, -16.634974 ], [ -65.066275, -16.635572 ], [ -65.065373, -16.636365 ], [ -65.065174, -16.636532 ], [ -65.064806, -16.636841 ], [ -65.064565, -16.637043 ], [ -65.063733, -16.637664 ], [ -65.062992, -16.638071 ], [ -65.06246, -16.638449 ], [ -65.061892, -16.638537 ], [ -65.061245, -16.638719 ], [ -65.060577, -16.638822 ], [ -65.060267, -16.638845 ], [ -65.059836, -16.638763 ], [ -65.059334, -16.638567 ], [ -65.058915, -16.638324 ], [ -65.058411, -16.637944 ], [ -65.057799, -16.637332 ], [ -65.057115, -16.636571 ], [ -65.055841, -16.635026 ], [ -65.054424, -16.633561 ], [ -65.053825, -16.633088 ], [ -65.053177, -16.632626 ], [ -65.052567, -16.632326 ], [ -65.05179, -16.632025 ], [ -65.051061, -16.631875 ], [ -65.050321, -16.631873 ], [ -65.049582, -16.632068 ], [ -65.049112, -16.632294 ], [ -65.04901, -16.632344 ], [ -65.047752, -16.633151 ], [ -65.047631, -16.633228 ], [ -65.046964, -16.633526 ], [ -65.046499, -16.633641 ], [ -65.04576, -16.633674 ], [ -65.045163, -16.633616 ], [ -65.044398, -16.633407 ], [ -65.044038, -16.633188 ], [ -65.043726, -16.632819 ], [ -65.043568, -16.632266 ], [ -65.043637, -16.631874 ], [ -65.043909, -16.631242 ], [ -65.04392, -16.631218 ], [ -65.044298, -16.63062 ], [ -65.044902, -16.629769 ], [ -65.045409, -16.629 ], [ -65.0456, -16.62871 ], [ -65.04631, -16.627548 ], [ -65.047009, -16.626686 ], [ -65.047579, -16.626203 ], [ -65.047972, -16.626042 ], [ -65.048485, -16.62594 ], [ -65.049117, -16.625837 ], [ -65.049142, -16.625838 ], [ -65.049785, -16.625861 ], [ -65.050466, -16.626023 ], [ -65.051351, -16.626324 ], [ -65.052428, -16.626775 ], [ -65.053732, -16.627376 ], [ -65.05518, -16.628 ], [ -65.056568, -16.628567 ], [ -65.057954, -16.628903 ], [ -65.059017, -16.628985 ], [ -65.059995, -16.628929 ], [ -65.06102, -16.628723 ], [ -65.06183, -16.628482 ], [ -65.062748, -16.628161 ], [ -65.063236, -16.627955 ], [ -65.06333, -16.627887 ], [ -65.063616, -16.627679 ], [ -65.063817, -16.627391 ], [ -65.063923, -16.627058 ], [ -65.063992, -16.626643 ], [ -65.064013, -16.626194 ], [ -65.063902, -16.625561 ], [ -65.063695, -16.624846 ], [ -65.063356, -16.623982 ], [ -65.062909, -16.623083 ], [ -65.062368, -16.622242 ], [ -65.061694, -16.621365 ], [ -65.061034, -16.620719 ], [ -65.060291, -16.620165 ], [ -65.059477, -16.61975 ], [ -65.058616, -16.619437 ], [ -65.057732, -16.619229 ], [ -65.057722, -16.619228 ], [ -65.056967, -16.619135 ], [ -65.05618, -16.619215 ], [ -65.055323, -16.619582 ], [ -65.054454, -16.620041 ], [ -65.053658, -16.620524 ], [ -65.05286, -16.620914 ], [ -65.051441, -16.621536 ], [ -65.051158, -16.62166 ], [ -65.050253, -16.622038 ], [ -65.04936, -16.622383 ], [ -65.048454, -16.62268 ], [ -65.047608, -16.622855 ], [ -65.047513, -16.622875 ], [ -65.046702, -16.622989 ], [ -65.045592, -16.623056 ], [ -65.044757, -16.622997 ], [ -65.044087, -16.622789 ], [ -65.043213, -16.622292 ], [ -65.042134, -16.621427 ], [ -65.041246, -16.620515 ], [ -65.040524, -16.619501 ], [ -65.039958, -16.618648 ], [ -65.039572, -16.617818 ], [ -65.0394, -16.617057 ], [ -65.039372, -16.616263 ], [ -65.039427, -16.615491 ], [ -65.039612, -16.614363 ], [ -65.03976, -16.613142 ], [ -65.039873, -16.611899 ], [ -65.03995, -16.61069 ], [ -65.040021, -16.609851 ], [ -65.04005, -16.609504 ], [ -65.040188, -16.608491 ], [ -65.040363, -16.607773 ], [ -65.040841, -16.60582 ], [ -65.041038, -16.604795 ], [ -65.041092, -16.60369 ], [ -65.041026, -16.602619 ], [ -65.040794, -16.601674 ], [ -65.040408, -16.600867 ], [ -65.040233, -16.600636 ], [ -65.039927, -16.600233 ], [ -65.039363, -16.599794 ], [ -65.038789, -16.599482 ], [ -65.038588, -16.599399 ], [ -65.037929, -16.599451 ], [ -65.036255, -16.599409 ], [ -65.03446, -16.599369 ], [ -65.033445, -16.599495 ], [ -65.032909, -16.599673 ], [ -65.032272, -16.599913 ], [ -65.031367, -16.600141 ], [ -65.031032, -16.600306 ], [ -65.03069, -16.600475 ], [ -65.030287, -16.600677 ], [ -65.029674, -16.600985 ], [ -65.028748, -16.6016 ], [ -65.028465, -16.601828 ], [ -65.027511, -16.602595 ], [ -65.026838, -16.603288 ], [ -65.026261, -16.603918 ], [ -65.025604, -16.604467 ], [ -65.025297, -16.604724 ], [ -65.024896, -16.605402 ], [ -65.024424, -16.606041 ], [ -65.023415, -16.6068 ], [ -65.021986, -16.607391 ], [ -65.02151, -16.607626 ], [ -65.020732, -16.607576 ], [ -65.019472, -16.607127 ], [ -65.018807, -16.606441 ], [ -65.018203, -16.605928 ], [ -65.018134, -16.605006 ], [ -65.018517, -16.604532 ], [ -65.018529, -16.604377 ], [ -65.018644, -16.603594 ], [ -65.018867, -16.602777 ], [ -65.019255, -16.601822 ], [ -65.019786, -16.600717 ], [ -65.020401, -16.599636 ], [ -65.020898, -16.598899 ], [ -65.021431, -16.59829 ], [ -65.021918, -16.597876 ], [ -65.02237, -16.597566 ], [ -65.022787, -16.597394 ], [ -65.023323, -16.597291 ], [ -65.02417, -16.597178 ], [ -65.026495, -16.596767 ], [ -65.027448, -16.59655 ], [ -65.028342, -16.596275 ], [ -65.02856, -16.596145 ], [ -65.029216, -16.595442 ], [ -65.029747, -16.594745 ], [ -65.02997, -16.594159 ], [ -65.029993, -16.593807 ], [ -65.03002, -16.59341 ], [ -65.029957, -16.592754 ], [ -65.029534, -16.591855 ], [ -65.029294, -16.591509 ], [ -65.02895, -16.590754 ], [ -65.027984, -16.589802 ], [ -65.027454, -16.589076 ], [ -65.027173, -16.588538 ], [ -65.026972, -16.588153 ], [ -65.026837, -16.587531 ], [ -65.026895, -16.587128 ], [ -65.027, -16.586795 ], [ -65.027278, -16.586283 ], [ -65.027319, -16.586208 ], [ -65.027721, -16.585517 ], [ -65.02823, -16.584781 ], [ -65.028787, -16.584034 ], [ -65.029652, -16.583033 ], [ -65.030481, -16.581906 ], [ -65.030848, -16.581296 ], [ -65.030976, -16.580778 ], [ -65.030938, -16.580271 ], [ -65.030732, -16.579707 ], [ -65.030431, -16.579234 ], [ -65.029987, -16.578761 ], [ -65.029747, -16.578611 ], [ -65.029532, -16.578553 ], [ -65.029294, -16.578576 ], [ -65.028865, -16.578667 ], [ -65.028261, -16.578868 ], [ -65.028069, -16.578933 ], [ -65.027202, -16.5796 ], [ -65.026628, -16.580037 ], [ -65.026206, -16.580359 ], [ -65.02587, -16.580666 ], [ -65.025193, -16.581286 ], [ -65.024793, -16.581652 ], [ -65.024451, -16.581922 ], [ -65.023572, -16.582616 ], [ -65.023096, -16.583089 ], [ -65.022948, -16.583298 ], [ -65.022499, -16.584034 ], [ -65.022085, -16.584794 ], [ -65.021835, -16.585341 ], [ -65.021743, -16.585542 ], [ -65.021308, -16.586681 ], [ -65.021122, -16.587498 ], [ -65.02096, -16.588477 ], [ -65.0207, -16.591079 ], [ -65.020594, -16.591448 ], [ -65.020464, -16.591701 ], [ -65.02018, -16.591977 ], [ -65.019609, -16.592333 ], [ -65.019002, -16.592585 ], [ -65.018286, -16.592722 ], [ -65.017523, -16.592801 ], [ -65.016759, -16.592708 ], [ -65.016066, -16.592545 ], [ -65.015336, -16.592256 ], [ -65.014858, -16.592025 ], [ -65.0142, -16.591678 ], [ -65.013697, -16.591355 ], [ -65.013361, -16.591089 ], [ -65.012474, -16.590293 ], [ -65.012018, -16.589843 ], [ -65.011453, -16.589174 ], [ -65.011242, -16.588938 ], [ -65.010229, -16.587802 ], [ -65.009533, -16.587109 ], [ -65.008778, -16.58644 ], [ -65.007916, -16.58592 ], [ -65.00727, -16.585677 ], [ -65.006928, -16.585602 ], [ -65.006851, -16.585603 ], [ -65.006661, -16.58563 ], [ -65.006126, -16.585894 ], [ -65.004721, -16.58649 ], [ -65.003995, -16.586846 ], [ -65.003245, -16.587167 ], [ -65.00298, -16.587257 ], [ -65.002415, -16.587643 ], [ -65.00176, -16.587658 ], [ -65.000575, -16.587795 ], [ -64.999692, -16.587748 ], [ -64.999471, -16.587704 ], [ -64.998981, -16.587786 ], [ -64.998477, -16.587459 ], [ -64.998222, -16.587377 ], [ -64.997863, -16.587169 ], [ -64.997647, -16.586995 ], [ -64.997455, -16.586765 ], [ -64.997178, -16.586281 ], [ -64.996985, -16.585843 ], [ -64.996851, -16.585324 ], [ -64.996836, -16.58484 ], [ -64.996891, -16.584571 ], [ -64.996941, -16.584322 ], [ -64.997156, -16.583787 ], [ -64.997224, -16.58362 ], [ -64.997661, -16.582826 ], [ -64.998123, -16.582159 ], [ -64.998452, -16.581774 ], [ -64.998751, -16.58113 ], [ -64.999185, -16.580751 ], [ -64.999524, -16.580544 ], [ -64.999861, -16.580339 ], [ -65.00049, -16.580052 ], [ -65.001039, -16.579844 ], [ -65.001733, -16.579603 ], [ -65.002282, -16.579457 ], [ -65.002977, -16.579232 ], [ -65.003606, -16.578961 ], [ -65.004155, -16.578753 ], [ -65.004623, -16.578592 ], [ -65.005141, -16.578509 ], [ -65.005674, -16.578426 ], [ -65.006419, -16.578387 ], [ -65.006986, -16.578304 ], [ -65.007569, -16.578267 ], [ -65.008038, -16.5782 ], [ -65.008814, -16.578099 ], [ -65.00972, -16.57795 ], [ -65.01043, -16.577798 ], [ -65.010706, -16.577702 ], [ -65.011366, -16.577473 ], [ -65.011782, -16.577209 ], [ -65.012198, -16.57683 ], [ -65.012565, -16.576381 ], [ -65.012628, -16.576257 ], [ -65.012837, -16.575841 ], [ -65.012978, -16.575438 ], [ -65.01301, -16.574885 ], [ -65.012893, -16.574253 ], [ -65.012834, -16.574049 ], [ -65.012647, -16.573547 ], [ -65.012536, -16.573249 ], [ -65.012018, -16.572292 ], [ -65.011321, -16.571438 ], [ -65.01035, -16.570631 ], [ -65.009285, -16.570076 ], [ -65.008161, -16.569613 ], [ -65.006823, -16.569219 ], [ -65.005472, -16.568802 ], [ -65.004205, -16.56827 ], [ -65.002052, -16.567229 ], [ -65.002051, -16.567206 ], [ -65.002028, -16.567206 ], [ -65.000124, -16.56648 ], [ -64.999132, -16.56649 ], [ -64.99814, -16.566499 ], [ -64.997148, -16.566509 ], [ -64.996327, -16.566334 ], [ -64.995336, -16.567324 ], [ -64.995312, -16.567347 ], [ -64.994768, -16.568349 ], [ -64.994193, -16.56845 ], [ -64.993201, -16.56846 ], [ -64.992209, -16.568469 ], [ -64.991218, -16.568479 ], [ -64.99189, -16.566853 ], [ -64.991775, -16.56533 ], [ -64.990693, -16.565626 ], [ -64.989797, -16.564968 ], [ -64.989591, -16.564113 ], [ -64.990177, -16.563706 ], [ -64.990167, -16.562749 ], [ -64.991235, -16.560765 ], [ -64.991127, -16.559909 ], [ -64.990128, -16.558923 ], [ -64.990118, -16.557967 ], [ -64.990108, -16.55701 ], [ -64.989412, -16.556307 ], [ -64.989105, -16.555263 ], [ -64.989172, -16.554384 ], [ -64.989192, -16.554119 ], [ -64.989378, -16.552975 ], [ -64.989666, -16.55221 ], [ -64.990049, -16.551272 ], [ -64.989048, -16.550325 ], [ -64.98816, -16.549732 ], [ -64.98628, -16.549274 ], [ -64.984012, -16.549581 ], [ -64.982833, -16.550149 ], [ -64.982843, -16.550078 ], [ -64.982106, -16.550391 ], [ -64.981114, -16.5504 ], [ -64.980123, -16.55041 ], [ -64.979131, -16.550419 ], [ -64.97813, -16.549472 ], [ -64.97812, -16.548516 ], [ -64.97811, -16.547559 ], [ -64.977561, -16.546215 ], [ -64.977547, -16.544882 ], [ -64.977835, -16.544022 ], [ -64.978071, -16.543733 ], [ -64.979401, -16.542691 ], [ -64.979584, -16.541356 ], [ -64.97888, -16.54003 ], [ -64.978671, -16.538906 ], [ -64.978013, -16.537994 ], [ -64.978007, -16.537423 ], [ -64.977875, -16.537097 ], [ -64.977709, -16.536756 ], [ -64.977623, -16.53621 ], [ -64.977573, -16.535768 ], [ -64.977534, -16.535081 ], [ -64.977496, -16.53452 ], [ -64.977522, -16.533911 ], [ -64.977531, -16.53324 ], [ -64.977606, -16.532599 ], [ -64.977613, -16.53253 ], [ -64.97712, -16.53197 ], [ -64.976953, -16.531308 ], [ -64.976943, -16.530352 ], [ -64.976933, -16.529395 ], [ -64.975942, -16.529405 ], [ -64.97495, -16.529414 ], [ -64.974298, -16.52863 ], [ -64.973949, -16.528467 ], [ -64.972957, -16.528477 ], [ -64.972401, -16.52795 ], [ -64.969657, -16.529035 ], [ -64.967334, -16.530009 ], [ -64.964454, -16.531924 ], [ -64.962982, -16.53378 ], [ -64.962197, -16.536253 ], [ -64.962106, -16.537604 ], [ -64.962124, -16.537819 ], [ -64.962134, -16.538787 ], [ -64.96206, -16.539474 ], [ -64.961937, -16.540131 ], [ -64.961688, -16.541117 ], [ -64.961357, -16.542025 ], [ -64.961073, -16.542824 ], [ -64.960773, -16.543607 ], [ -64.960328, -16.544392 ], [ -64.959591, -16.54521 ], [ -64.959125, -16.54562 ], [ -64.957547, -16.546619 ], [ -64.956919, -16.546968 ], [ -64.956165, -16.547225 ], [ -64.955146, -16.54736 ], [ -64.954353, -16.547399 ], [ -64.953688, -16.547405 ], [ -64.952763, -16.547242 ], [ -64.95195, -16.54689 ], [ -64.951215, -16.546336 ], [ -64.950366, -16.545626 ], [ -64.949874, -16.5451 ], [ -64.949513, -16.544651 ], [ -64.949202, -16.544263 ], [ -64.948971, -16.543938 ], [ -64.948725, -16.543612 ], [ -64.948346, -16.542929 ], [ -64.94774, -16.542178 ], [ -64.947327, -16.541339 ], [ -64.947077, -16.540686 ], [ -64.946876, -16.540017 ], [ -64.946758, -16.539488 ], [ -64.946653, -16.53874 ], [ -64.946644, -16.537819 ], [ -64.946766, -16.537053 ], [ -64.946921, -16.536412 ], [ -64.947271, -16.535753 ], [ -64.947834, -16.535327 ], [ -64.94843, -16.534978 ], [ -64.949122, -16.534597 ], [ -64.949525, -16.53439 ], [ -64.950268, -16.534149 ], [ -64.950833, -16.533988 ], [ -64.951492, -16.533877 ], [ -64.954774, -16.533207 ], [ -64.956688, -16.531878 ], [ -64.957546, -16.530185 ], [ -64.957596, -16.527776 ], [ -64.957073, -16.526713 ], [ -64.956081, -16.526722 ], [ -64.95509, -16.526731 ], [ -64.954336, -16.526438 ], [ -64.953087, -16.524837 ], [ -64.952345, -16.524742 ], [ -64.952086, -16.52389 ], [ -64.952077, -16.522933 ], [ -64.952418, -16.52221 ], [ -64.952509, -16.521447 ], [ -64.952695, -16.520303 ], [ -64.952038, -16.519107 ], [ -64.952029, -16.518151 ], [ -64.951028, -16.517204 ], [ -64.951018, -16.516247 ], [ -64.951008, -16.515291 ], [ -64.95047, -16.514991 ], [ -64.950007, -16.514344 ], [ -64.949927, -16.514282 ], [ -64.949487, -16.514094 ], [ -64.948745, -16.513368 ], [ -64.94836, -16.512908 ], [ -64.948, -16.512374 ], [ -64.947485, -16.511524 ], [ -64.946941, -16.510357 ], [ -64.946604, -16.509555 ], [ -64.946393, -16.508751 ], [ -64.946358, -16.507823 ], [ -64.946912, -16.504888 ], [ -64.946955, -16.504155 ], [ -64.946852, -16.502859 ], [ -64.946594, -16.502422 ], [ -64.946432, -16.501269 ], [ -64.946163, -16.500081 ], [ -64.945868, -16.499111 ], [ -64.94575, -16.498822 ], [ -64.945408, -16.49814 ], [ -64.944792, -16.497076 ], [ -64.943727, -16.495329 ], [ -64.943324, -16.494727 ], [ -64.942839, -16.493882 ], [ -64.941584, -16.491834 ], [ -64.941336, -16.491383 ], [ -64.940649, -16.490353 ], [ -64.939998, -16.489242 ], [ -64.939135, -16.4876 ], [ -64.938709, -16.486756 ], [ -64.938036, -16.485242 ], [ -64.937481, -16.483845 ], [ -64.937151, -16.482955 ], [ -64.935903, -16.479307 ], [ -64.935407, -16.478093 ], [ -64.934935, -16.47703 ], [ -64.934581, -16.476164 ], [ -64.934298, -16.475355 ], [ -64.933968, -16.474604 ], [ -64.93377, -16.474183 ], [ -64.933587, -16.473863 ], [ -64.93318, -16.473096 ], [ -64.933098, -16.472967 ], [ -64.932158, -16.471914 ], [ -64.931032, -16.470825 ], [ -64.930163, -16.470076 ], [ -64.928787, -16.469283 ], [ -64.927771, -16.469024 ], [ -64.926882, -16.468788 ], [ -64.925967, -16.46843 ], [ -64.925177, -16.467998 ], [ -64.924722, -16.467567 ], [ -64.924633, -16.467517 ], [ -64.923826, -16.466935 ], [ -64.923018, -16.466249 ], [ -64.922461, -16.465588 ], [ -64.922355, -16.465392 ], [ -64.922237, -16.464953 ], [ -64.922209, -16.464778 ], [ -64.922098, -16.4641 ], [ -64.922022, -16.462245 ], [ -64.922024, -16.461612 ], [ -64.922062, -16.461071 ], [ -64.922124, -16.460634 ], [ -64.922233, -16.460174 ], [ -64.92239, -16.459611 ], [ -64.922655, -16.458911 ], [ -64.922919, -16.458348 ], [ -64.923278, -16.457925 ], [ -64.92372, -16.457572 ], [ -64.924938, -16.456718 ], [ -64.925726, -16.456229 ], [ -64.926347, -16.4559 ], [ -64.926908, -16.455686 ], [ -64.927432, -16.45554 ], [ -64.928696, -16.455262 ], [ -64.929292, -16.455209 ], [ -64.929804, -16.45519 ], [ -64.930447, -16.455265 ], [ -64.93122, -16.455409 ], [ -64.93149, -16.455467 ], [ -64.931994, -16.455576 ], [ -64.933493, -16.456003 ], [ -64.93423, -16.456262 ], [ -64.93498, -16.456498 ], [ -64.935718, -16.456688 ], [ -64.936318, -16.45676 ], [ -64.936853, -16.456528 ], [ -64.93776, -16.456055 ], [ -64.938715, -16.455289 ], [ -64.939819, -16.454229 ], [ -64.940316, -16.453248 ], [ -64.94061, -16.45222 ], [ -64.940854, -16.451338 ], [ -64.9411, -16.450579 ], [ -64.941346, -16.449844 ], [ -64.94159, -16.44889 ], [ -64.941784, -16.448058 ], [ -64.941953, -16.447226 ], [ -64.942099, -16.446565 ], [ -64.942158, -16.445284 ], [ -64.9422, -16.444453 ], [ -64.942216, -16.443525 ], [ -64.94216, -16.443013 ], [ -64.94205, -16.442111 ], [ -64.942018, -16.441403 ], [ -64.941828, -16.440135 ], [ -64.94182, -16.439329 ], [ -64.941914, -16.43862 ], [ -64.942209, -16.437714 ], [ -64.94253, -16.436832 ], [ -64.94313, -16.436069 ], [ -64.94391, -16.435549 ], [ -64.944791, -16.435004 ], [ -64.945522, -16.434607 ], [ -64.946329, -16.434233 ], [ -64.947213, -16.434005 ], [ -64.947392, -16.43397 ], [ -64.948218, -16.433595 ], [ -64.949901, -16.432652 ], [ -64.95039, -16.432334 ], [ -64.950592, -16.432147 ], [ -64.950788, -16.431774 ], [ -64.950985, -16.431211 ], [ -64.950904, -16.430772 ], [ -64.950771, -16.430163 ], [ -64.950563, -16.429627 ], [ -64.950003, -16.428946 ], [ -64.949565, -16.428267 ], [ -64.949025, -16.427466 ], [ -64.948408, -16.426544 ], [ -64.947741, -16.425695 ], [ -64.947217, -16.425076 ], [ -64.946989, -16.424937 ], [ -64.94649, -16.424714 ], [ -64.945966, -16.42456 ], [ -64.945288, -16.424417 ], [ -64.944574, -16.424296 ], [ -64.943514, -16.424288 ], [ -64.943049, -16.424365 ], [ -64.94237, -16.424543 ], [ -64.942024, -16.42469 ], [ -64.941654, -16.424872 ], [ -64.94052, -16.425565 ], [ -64.939434, -16.426075 ], [ -64.938397, -16.426527 ], [ -64.937955, -16.426639 ], [ -64.937658, -16.426683 ], [ -64.93736, -16.42668 ], [ -64.937146, -16.426621 ], [ -64.936789, -16.426468 ], [ -64.936397, -16.426246 ], [ -64.936148, -16.426083 ], [ -64.935974, -16.425908 ], [ -64.935661, -16.42588 ], [ -64.934974, -16.425569 ], [ -64.934436, -16.424939 ], [ -64.934252, -16.424257 ], [ -64.934464, -16.422619 ], [ -64.934731, -16.421518 ], [ -64.934976, -16.420612 ], [ -64.935295, -16.419633 ], [ -64.935617, -16.418824 ], [ -64.936039, -16.418039 ], [ -64.936742, -16.417373 ], [ -64.937801, -16.416899 ], [ -64.939876, -16.41666 ], [ -64.941115, -16.416502 ], [ -64.94195, -16.416397 ], [ -64.942896, -16.415884 ], [ -64.943287, -16.415465 ], [ -64.943729, -16.414916 ], [ -64.944137, -16.414239 ], [ -64.944521, -16.413482 ], [ -64.944821, -16.412748 ], [ -64.945074, -16.41207 ], [ -64.945232, -16.411404 ], [ -64.945317, -16.410771 ], [ -64.945319, -16.410376 ], [ -64.945319, -16.410241 ], [ -64.945297, -16.409861 ], [ -64.945227, -16.409515 ], [ -64.945074, -16.409122 ], [ -64.944873, -16.408729 ], [ -64.944601, -16.408267 ], [ -64.944376, -16.407954 ], [ -64.944162, -16.407722 ], [ -64.944008, -16.407582 ], [ -64.942927, -16.406894 ], [ -64.942417, -16.40651 ], [ -64.941788, -16.405964 ], [ -64.941361, -16.405558 ], [ -64.940898, -16.405001 ], [ -64.940579, -16.404492 ], [ -64.940272, -16.403856 ], [ -64.940048, -16.403244 ], [ -64.939931, -16.402702 ], [ -64.939909, -16.402253 ], [ -64.939911, -16.401815 ], [ -64.939984, -16.401263 ], [ -64.940142, -16.400458 ], [ -64.940348, -16.399562 ], [ -64.940625, -16.398781 ], [ -64.940949, -16.398173 ], [ -64.941332, -16.397692 ], [ -64.941786, -16.397247 ], [ -64.942276, -16.396894 ], [ -64.942825, -16.39661 ], [ -64.943337, -16.396464 ], [ -64.944481, -16.396335 ], [ -64.945576, -16.396344 ], [ -64.946112, -16.396429 ], [ -64.946623, -16.396548 ], [ -64.946846, -16.396612 ], [ -64.947206, -16.396714 ], [ -64.947598, -16.396867 ], [ -64.948216, -16.397148 ], [ -64.948513, -16.397335 ], [ -64.948929, -16.397637 ], [ -64.949166, -16.397893 ], [ -64.949415, -16.398251 ], [ -64.949592, -16.398587 ], [ -64.949885, -16.399672 ], [ -64.950083, -16.400859 ], [ -64.950089, -16.400925 ], [ -64.95031, -16.402232 ], [ -64.950624, -16.403206 ], [ -64.951318, -16.404249 ], [ -64.952056, -16.404584 ], [ -64.952692, -16.404621 ], [ -64.952915, -16.404463 ], [ -64.953154, -16.404246 ], [ -64.953357, -16.404017 ], [ -64.953537, -16.403754 ], [ -64.953717, -16.403341 ], [ -64.95391, -16.402778 ], [ -64.954068, -16.401985 ], [ -64.954119, -16.401098 ], [ -64.954098, -16.400292 ], [ -64.953934, -16.399577 ], [ -64.953746, -16.399057 ], [ -64.953509, -16.398606 ], [ -64.953403, -16.398444 ], [ -64.953154, -16.398177 ], [ -64.952905, -16.397968 ], [ -64.952572, -16.397735 ], [ -64.951658, -16.397025 ], [ -64.950554, -16.396107 ], [ -64.950245, -16.395838 ], [ -64.949683, -16.395348 ], [ -64.949273, -16.394991 ], [ -64.948798, -16.394619 ], [ -64.948287, -16.394189 ], [ -64.947754, -16.393667 ], [ -64.947279, -16.393133 ], [ -64.9469, -16.392612 ], [ -64.946688, -16.392207 ], [ -64.946558, -16.391838 ], [ -64.946441, -16.391422 ], [ -64.945849, -16.388991 ], [ -64.945603, -16.387983 ], [ -64.945269, -16.386611 ], [ -64.945046, -16.385884 ], [ -64.94481, -16.385202 ], [ -64.944515, -16.384521 ], [ -64.944172, -16.383942 ], [ -64.943829, -16.383456 ], [ -64.94352, -16.383165 ], [ -64.943271, -16.383002 ], [ -64.942831, -16.38278 ], [ -64.942451, -16.382627 ], [ -64.942118, -16.382567 ], [ -64.941701, -16.382518 ], [ -64.94132, -16.382515 ], [ -64.940868, -16.382545 ], [ -64.940331, -16.382668 ], [ -64.939771, -16.382871 ], [ -64.939294, -16.383132 ], [ -64.938804, -16.383496 ], [ -64.938314, -16.383976 ], [ -64.936807, -16.385657 ], [ -64.936269, -16.386205 ], [ -64.935409, -16.387028 ], [ -64.935122, -16.387256 ], [ -64.934788, -16.38746 ], [ -64.934168, -16.38772 ], [ -64.933465, -16.387818 ], [ -64.932691, -16.387812 ], [ -64.932215, -16.38767 ], [ -64.931871, -16.387506 ], [ -64.931609, -16.387331 ], [ -64.931526, -16.387239 ], [ -64.931508, -16.387193 ], [ -64.931456, -16.387065 ], [ -64.93135, -16.38673 ], [ -64.931292, -16.386304 ], [ -64.93127, -16.385774 ], [ -64.931332, -16.385199 ], [ -64.931537, -16.384659 ], [ -64.931825, -16.384097 ], [ -64.932112, -16.383708 ], [ -64.932531, -16.383251 ], [ -64.933008, -16.38284 ], [ -64.93357, -16.38243 ], [ -64.934941, -16.381773 ], [ -64.936671, -16.381084 ], [ -64.937028, -16.38096 ], [ -64.937612, -16.380792 ], [ -64.939138, -16.380424 ], [ -64.939877, -16.380223 ], [ -64.944677, -16.380542 ], [ -64.947172, -16.379887 ], [ -64.94776, -16.379733 ], [ -64.951917, -16.37927 ], [ -64.953573, -16.379122 ], [ -64.954311, -16.379082 ], [ -64.955454, -16.379091 ], [ -64.956061, -16.379165 ], [ -64.956668, -16.379262 ], [ -64.957571, -16.379603 ], [ -64.958165, -16.379988 ], [ -64.95833, -16.380121 ], [ -64.959554, -16.381116 ], [ -64.961915, -16.383241 ], [ -64.962318, -16.383556 ], [ -64.962698, -16.383812 ], [ -64.962914, -16.383937 ], [ -64.96299, -16.383982 ], [ -64.963287, -16.384086 ], [ -64.963566, -16.38413 ], [ -64.963828, -16.384132 ], [ -64.964186, -16.383996 ], [ -64.964592, -16.383746 ], [ -64.965141, -16.38329 ], [ -64.965703, -16.382707 ], [ -64.965721, -16.382685 ], [ -64.966001, -16.382037 ], [ -64.966449, -16.381251 ], [ -64.966999, -16.380514 ], [ -64.967525, -16.379919 ], [ -64.967619, -16.379705 ], [ -64.967813, -16.379004 ], [ -64.96785, -16.378451 ], [ -64.967816, -16.378037 ], [ -64.967698, -16.377771 ], [ -64.967485, -16.377447 ], [ -64.967153, -16.377076 ], [ -64.966489, -16.376449 ], [ -64.965801, -16.375867 ], [ -64.964958, -16.375279 ], [ -64.964934, -16.375262 ], [ -64.96396, -16.374644 ], [ -64.962962, -16.374129 ], [ -64.961869, -16.373603 ], [ -64.960903, -16.373171 ], [ -64.960739, -16.373099 ], [ -64.959967, -16.372735 ], [ -64.959148, -16.372176 ], [ -64.958269, -16.371525 ], [ -64.957368, -16.370665 ], [ -64.956953, -16.370086 ], [ -64.956492, -16.369196 ], [ -64.956269, -16.368526 ], [ -64.955977, -16.367119 ], [ -64.955849, -16.366162 ], [ -64.955686, -16.365228 ], [ -64.955511, -16.364352 ], [ -64.955347, -16.363694 ], [ -64.954758, -16.361973 ], [ -64.95424, -16.360634 ], [ -64.953816, -16.35941 ], [ -64.95364, -16.358809 ], [ -64.953499, -16.358244 ], [ -64.953394, -16.357621 ], [ -64.953313, -16.35701 ], [ -64.953315, -16.356702 ], [ -64.953315, -16.356504 ], [ -64.953413, -16.355998 ], [ -64.953653, -16.355458 ], [ -64.954012, -16.354908 ], [ -64.954442, -16.354543 ], [ -64.9548, -16.354316 ], [ -64.955301, -16.354124 ], [ -64.955694, -16.354035 ], [ -64.956173, -16.353996 ], [ -64.956206, -16.353993 ], [ -64.956789, -16.353998 ], [ -64.957717, -16.354086 ], [ -64.958108, -16.354172 ], [ -64.958217, -16.354196 ], [ -64.95874, -16.354312 ], [ -64.959715, -16.354643 ], [ -64.959969, -16.35474 ], [ -64.960501, -16.354945 ], [ -64.960571, -16.354972 ], [ -64.961177, -16.35531 ], [ -64.961569, -16.355567 ], [ -64.961913, -16.355892 ], [ -64.962173, -16.356205 ], [ -64.962339, -16.356479 ], [ -64.962658, -16.356893 ], [ -64.963943, -16.35881 ], [ -64.964561, -16.35983 ], [ -64.96523, -16.360874 ], [ -64.965869, -16.361527 ], [ -64.96643, -16.361913 ], [ -64.967974, -16.361849 ], [ -64.968627, -16.361306 ], [ -64.968771, -16.360548 ], [ -64.968788, -16.359693 ], [ -64.968857, -16.358935 ], [ -64.968746, -16.357984 ], [ -64.968511, -16.357254 ], [ -64.967896, -16.356551 ], [ -64.967132, -16.356095 ], [ -64.966443, -16.355588 ], [ -64.965375, -16.355134 ], [ -64.964511, -16.354776 ], [ -64.963952, -16.35461 ], [ -64.962684, -16.354378 ], [ -64.961666, -16.353875 ], [ -64.961382, -16.35334 ], [ -64.961172, -16.35261 ], [ -64.96109, -16.352 ], [ -64.961184, -16.351267 ], [ -64.961532, -16.35058 ], [ -64.962005, -16.349867 ], [ -64.962973, -16.348602 ], [ -64.962988, -16.348577 ], [ -64.963719, -16.3475 ], [ -64.964592, -16.346286 ], [ -64.965146, -16.345603 ], [ -64.965537, -16.345119 ], [ -64.967021, -16.343173 ], [ -64.967499, -16.342578 ], [ -64.967906, -16.342109 ], [ -64.968324, -16.341675 ], [ -64.968694, -16.341321 ], [ -64.969124, -16.34099 ], [ -64.969637, -16.340695 ], [ -64.971104, -16.340004 ], [ -64.971867, -16.339595 ], [ -64.972953, -16.338867 ], [ -64.973753, -16.338273 ], [ -64.973813, -16.338228 ], [ -64.974828, -16.337396 ], [ -64.975221, -16.337111 ], [ -64.975221, -16.337099 ], [ -64.975599, -16.336395 ], [ -64.975826, -16.33597 ], [ -64.975653, -16.335376 ], [ -64.975561, -16.335058 ], [ -64.975095, -16.333935 ], [ -64.97486, -16.33354 ], [ -64.974649, -16.333261 ], [ -64.974388, -16.333061 ], [ -64.974045, -16.332826 ], [ -64.973701, -16.332671 ], [ -64.973344, -16.332574 ], [ -64.972986, -16.332556 ], [ -64.972521, -16.332584 ], [ -64.971996, -16.332656 ], [ -64.971375, -16.332796 ], [ -64.970598, -16.333002 ], [ -64.969856, -16.333221 ], [ -64.968636, -16.333616 ], [ -64.96805, -16.33386 ], [ -64.966288, -16.334753 ], [ -64.965665, -16.335054 ], [ -64.964528, -16.335554 ], [ -64.964097, -16.335662 ], [ -64.963023, -16.335772 ], [ -64.962367, -16.335785 ], [ -64.961652, -16.335739 ], [ -64.961081, -16.335627 ], [ -64.959928, -16.335333 ], [ -64.959274, -16.335092 ], [ -64.958752, -16.334831 ], [ -64.958184, -16.334408 ], [ -64.957073, -16.333471 ], [ -64.956613, -16.333004 ], [ -64.9562, -16.332549 ], [ -64.956015, -16.332282 ], [ -64.955226, -16.33201 ], [ -64.95469, -16.331502 ], [ -64.954354, -16.33087 ], [ -64.954274, -16.330432 ], [ -64.954569, -16.32955 ], [ -64.954895, -16.329205 ], [ -64.955597, -16.328588 ], [ -64.956124, -16.328119 ], [ -64.956802, -16.327576 ], [ -64.957304, -16.327083 ], [ -64.957932, -16.326558 ], [ -64.958733, -16.325623 ], [ -64.959506, -16.324443 ], [ -64.9601, -16.323095 ], [ -64.960443, -16.321944 ], [ -64.960887, -16.320792 ], [ -64.96123, -16.319642 ], [ -64.961325, -16.31903 ], [ -64.961394, -16.318321 ], [ -64.961464, -16.317735 ], [ -64.961507, -16.316929 ], [ -64.961458, -16.316331 ], [ -64.961278, -16.31587 ], [ -64.961118, -16.314412 ], [ -64.96097, -16.313053 ], [ -64.959696, -16.311656 ], [ -64.959075, -16.310975 ], [ -64.957495, -16.309025 ], [ -64.957099, -16.308098 ], [ -64.956778, -16.306909 ], [ -64.956597, -16.305859 ], [ -64.956499, -16.304926 ], [ -64.956487, -16.303764 ], [ -64.956455, -16.303361 ], [ -64.956353, -16.302842 ], [ -64.956238, -16.302483 ], [ -64.956072, -16.302154 ], [ -64.956039, -16.302089 ], [ -64.955593, -16.301415 ], [ -64.955357, -16.301135 ], [ -64.954813, -16.300747 ], [ -64.954407, -16.300741 ], [ -64.953882, -16.300848 ], [ -64.953367, -16.301081 ], [ -64.952827, -16.30143 ], [ -64.951709, -16.302321 ], [ -64.951168, -16.302772 ], [ -64.950652, -16.303178 ], [ -64.950172, -16.303481 ], [ -64.949801, -16.303637 ], [ -64.949686, -16.303651 ], [ -64.949395, -16.303688 ], [ -64.948943, -16.303577 ], [ -64.948516, -16.30334 ], [ -64.947995, -16.302976 ], [ -64.946918, -16.302059 ], [ -64.946177, -16.301586 ], [ -64.945056, -16.300864 ], [ -64.944444, -16.300357 ], [ -64.943779, -16.299704 ], [ -64.943292, -16.299098 ], [ -64.942575, -16.29825 ], [ -64.942164, -16.297667 ], [ -64.941675, -16.296866 ], [ -64.941387, -16.295892 ], [ -64.941151, -16.295064 ], [ -64.941043, -16.294357 ], [ -64.941085, -16.293453 ], [ -64.941178, -16.292671 ], [ -64.941425, -16.29196 ], [ -64.941822, -16.291224 ], [ -64.94207, -16.290629 ], [ -64.94277, -16.289743 ], [ -64.943112, -16.289342 ], [ -64.943272, -16.288996 ], [ -64.943491, -16.288608 ], [ -64.943744, -16.288325 ], [ -64.944573, -16.287636 ], [ -64.944701, -16.287545 ], [ -64.944822, -16.28738 ], [ -64.945547, -16.286446 ], [ -64.945768, -16.285785 ], [ -64.946015, -16.285172 ], [ -64.94611, -16.284512 ], [ -64.946077, -16.283779 ], [ -64.945818, -16.283122 ], [ -64.945484, -16.282637 ], [ -64.944643, -16.282034 ], [ -64.943892, -16.281652 ], [ -64.943005, -16.281587 ], [ -64.941968, -16.281694 ], [ -64.940806, -16.281851 ], [ -64.940206, -16.28205 ], [ -64.939608, -16.282394 ], [ -64.937484, -16.283856 ], [ -64.936546, -16.284646 ], [ -64.935968, -16.285166 ], [ -64.935415, -16.285698 ], [ -64.934885, -16.286265 ], [ -64.934463, -16.286741 ], [ -64.934435, -16.286771 ], [ -64.934375, -16.286867 ], [ -64.933744, -16.287543 ], [ -64.932736, -16.288911 ], [ -64.932556, -16.289081 ], [ -64.932268, -16.289272 ], [ -64.93198, -16.289417 ], [ -64.931598, -16.289503 ], [ -64.931156, -16.289576 ], [ -64.929738, -16.289508 ], [ -64.929095, -16.289418 ], [ -64.928703, -16.289308 ], [ -64.928074, -16.289022 ], [ -64.927803, -16.288776 ], [ -64.927555, -16.288473 ], [ -64.927226, -16.288019 ], [ -64.927015, -16.287682 ], [ -64.926829, -16.287254 ], [ -64.926471, -16.28611 ], [ -64.926323, -16.285394 ], [ -64.926269, -16.284807 ], [ -64.926263, -16.284231 ], [ -64.926436, -16.283671 ], [ -64.926669, -16.283053 ], [ -64.926866, -16.282355 ], [ -64.92698, -16.281758 ], [ -64.926931, -16.281044 ], [ -64.926918, -16.280979 ], [ -64.926577, -16.280303 ], [ -64.92606, -16.279581 ], [ -64.925565, -16.279079 ], [ -64.924985, -16.27869 ], [ -64.924357, -16.278312 ], [ -64.923587, -16.277817 ], [ -64.922722, -16.277286 ], [ -64.922674, -16.277249 ], [ -64.921741, -16.276534 ], [ -64.921068, -16.275914 ], [ -64.920749, -16.27548 ], [ -64.920256, -16.274809 ], [ -64.92, -16.274275 ], [ -64.919769, -16.27349 ], [ -64.919644, -16.272878 ], [ -64.919558, -16.271945 ], [ -64.919544, -16.271013 ], [ -64.91959, -16.26999 ], [ -64.919774, -16.268547 ], [ -64.919888, -16.267648 ], [ -64.920077, -16.266651 ], [ -64.920336, -16.265861 ], [ -64.920605, -16.265187 ], [ -64.920897, -16.264605 ], [ -64.921224, -16.264012 ], [ -64.9216, -16.263466 ], [ -64.922022, -16.262978 ], [ -64.922467, -16.262513 ], [ -64.923719, -16.261291 ], [ -64.924316, -16.260832 ], [ -64.924452, -16.260727 ], [ -64.925219, -16.260325 ], [ -64.925937, -16.259991 ], [ -64.927326, -16.259427 ], [ -64.927769, -16.259181 ], [ -64.928237, -16.258831 ], [ -64.92973, -16.257394 ], [ -64.930091, -16.256994 ], [ -64.930272, -16.256793 ], [ -64.930599, -16.256292 ], [ -64.930856, -16.255629 ], [ -64.930923, -16.254871 ], [ -64.930778, -16.253891 ], [ -64.930475, -16.253265 ], [ -64.930147, -16.252685 ], [ -64.929841, -16.252347 ], [ -64.92951, -16.252065 ], [ -64.92887, -16.25171 ], [ -64.925951, -16.250468 ], [ -64.925013, -16.250131 ], [ -64.924194, -16.249808 ], [ -64.923328, -16.249426 ], [ -64.922226, -16.248799 ], [ -64.921268, -16.248048 ], [ -64.921094, -16.247839 ], [ -64.920715, -16.247383 ], [ -64.920222, -16.246593 ], [ -64.919837, -16.245782 ], [ -64.919584, -16.244892 ], [ -64.919449, -16.244085 ], [ -64.919305, -16.243082 ], [ -64.91923, -16.242218 ], [ -64.919119, -16.241423 ], [ -64.918984, -16.240627 ], [ -64.918813, -16.239877 ], [ -64.918605, -16.238033 ], [ -64.918603, -16.237078 ], [ -64.918605, -16.237042 ], [ -64.91865, -16.236009 ], [ -64.918634, -16.235192 ], [ -64.918655, -16.233203 ], [ -64.918758, -16.231961 ], [ -64.918913, -16.23009 ], [ -64.919041, -16.229229 ], [ -64.919355, -16.227681 ], [ -64.919542, -16.226833 ], [ -64.919707, -16.22587 ], [ -64.919748, -16.225297 ], [ -64.919744, -16.225238 ], [ -64.91956, -16.224507 ], [ -64.919301, -16.22385 ], [ -64.918965, -16.22317 ], [ -64.918504, -16.222588 ], [ -64.917892, -16.222056 ], [ -64.917232, -16.221842 ], [ -64.916522, -16.221702 ], [ -64.916066, -16.221682 ], [ -64.915055, -16.22174 ], [ -64.914296, -16.221796 ], [ -64.913791, -16.221849 ], [ -64.913134, -16.221953 ], [ -64.912225, -16.222156 ], [ -64.911367, -16.222457 ], [ -64.910812, -16.222608 ], [ -64.909728, -16.223058 ], [ -64.908015, -16.223855 ], [ -64.90706, -16.224449 ], [ -64.905851, -16.225071 ], [ -64.904862, -16.225706 ], [ -64.903555, -16.226621 ], [ -64.902477, -16.227705 ], [ -64.901755, -16.228932 ], [ -64.90129, -16.230573 ], [ -64.90095, -16.23209 ], [ -64.900813, -16.233605 ], [ -64.900666, -16.234095 ], [ -64.900677, -16.235242 ], [ -64.900305, -16.236003 ], [ -64.899907, -16.236763 ], [ -64.898519, -16.237142 ], [ -64.89715, -16.23691 ], [ -64.896898, -16.236817 ], [ -64.895835, -16.236533 ], [ -64.895237, -16.236417 ], [ -64.894134, -16.236448 ], [ -64.893529, -16.2366 ], [ -64.892164, -16.236783 ], [ -64.891502, -16.237043 ], [ -64.891025, -16.237307 ], [ -64.88918, -16.238187 ], [ -64.888164, -16.238527 ], [ -64.888161, -16.238528 ], [ -64.887196, -16.238742 ], [ -64.886421, -16.238821 ], [ -64.885575, -16.238773 ], [ -64.884828, -16.238485 ], [ -64.884011, -16.237978 ], [ -64.883253, -16.237436 ], [ -64.882878, -16.23689 ], [ -64.882515, -16.236263 ], [ -64.882166, -16.235464 ], [ -64.881937, -16.234551 ], [ -64.881915, -16.233772 ], [ -64.881911, -16.233608 ], [ -64.881957, -16.232654 ], [ -64.882228, -16.231795 ], [ -64.882641, -16.231054 ], [ -64.883116, -16.230522 ], [ -64.883161, -16.230472 ], [ -64.88334, -16.230272 ], [ -64.883366, -16.230253 ], [ -64.884313, -16.229551 ], [ -64.885549, -16.22872 ], [ -64.886999, -16.227938 ], [ -64.888544, -16.227203 ], [ -64.89011, -16.226653 ], [ -64.891783, -16.22622 ], [ -64.894772, -16.225267 ], [ -64.896136, -16.224736 ], [ -64.897439, -16.22432 ], [ -64.898491, -16.224003 ], [ -64.899617, -16.22348 ], [ -64.899807, -16.222419 ], [ -64.899842, -16.222223 ], [ -64.899638, -16.221463 ], [ -64.900022, -16.220413 ], [ -64.900353, -16.220095 ], [ -64.900728, -16.219737 ], [ -64.90049, -16.21856 ], [ -64.900202, -16.217578 ], [ -64.899359, -16.216069 ], [ -64.899011, -16.215235 ], [ -64.89879, -16.214657 ], [ -64.89848, -16.21357 ], [ -64.898594, -16.212905 ], [ -64.898693, -16.212481 ], [ -64.898807, -16.21185 ], [ -64.898911, -16.211047 ], [ -64.898922, -16.209989 ], [ -64.898843, -16.209002 ], [ -64.898816, -16.208664 ], [ -64.898627, -16.207396 ], [ -64.89833, -16.206114 ], [ -64.898021, -16.204867 ], [ -64.897772, -16.203679 ], [ -64.897663, -16.202619 ], [ -64.897517, -16.201604 ], [ -64.897497, -16.201466 ], [ -64.897248, -16.200173 ], [ -64.896679, -16.197542 ], [ -64.896051, -16.195528 ], [ -64.895872, -16.194952 ], [ -64.895412, -16.193346 ], [ -64.894944, -16.191418 ], [ -64.894285, -16.18829 ], [ -64.893976, -16.187066 ], [ -64.893466, -16.184562 ], [ -64.893041, -16.181898 ], [ -64.891879, -16.180852 ], [ -64.889406, -16.179865 ], [ -64.888611, -16.17911 ], [ -64.888607, -16.178729 ], [ -64.887816, -16.177979 ], [ -64.887417, -16.177978 ], [ -64.887414, -16.177597 ], [ -64.886221, -16.176465 ], [ -64.884633, -16.175336 ], [ -64.884225, -16.173816 ], [ -64.882251, -16.173453 ], [ -64.881057, -16.172321 ], [ -64.88002, -16.172318 ], [ -64.878291, -16.171583 ], [ -64.878288, -16.171203 ], [ -64.877959, -16.170688 ], [ -64.878229, -16.169226 ], [ -64.878257, -16.168717 ], [ -64.878242, -16.168212 ], [ -64.878178, -16.167674 ], [ -64.878121, -16.167353 ], [ -64.878026, -16.166953 ], [ -64.877909, -16.166588 ], [ -64.877732, -16.166235 ], [ -64.877446, -16.165816 ], [ -64.877015, -16.165308 ], [ -64.876415, -16.164711 ], [ -64.875768, -16.164161 ], [ -64.875483, -16.163985 ], [ -64.875266, -16.163871 ], [ -64.874354, -16.163683 ], [ -64.874035, -16.163587 ], [ -64.872816, -16.163611 ], [ -64.872069, -16.163661 ], [ -64.871512, -16.163718 ], [ -64.871015, -16.163808 ], [ -64.870331, -16.163983 ], [ -64.868448, -16.164629 ], [ -64.867388, -16.164949 ], [ -64.865788, -16.16551 ], [ -64.864535, -16.166144 ], [ -64.863369, -16.166891 ], [ -64.861529, -16.168202 ], [ -64.86013, -16.169103 ], [ -64.859522, -16.169449 ], [ -64.858916, -16.169851 ], [ -64.858389, -16.170126 ], [ -64.857954, -16.170284 ], [ -64.85735, -16.170376 ], [ -64.856672, -16.170344 ], [ -64.855943, -16.170232 ], [ -64.855261, -16.170074 ], [ -64.854648, -16.169833 ], [ -64.854021, -16.169535 ], [ -64.853581, -16.169142 ], [ -64.853493, -16.169035 ], [ -64.853244, -16.168809 ], [ -64.852834, -16.168275 ], [ -64.852759, -16.16777 ], [ -64.85273, -16.1677 ], [ -64.852555, -16.166992 ], [ -64.852425, -16.166213 ], [ -64.852374, -16.165284 ], [ -64.852425, -16.16341 ], [ -64.852519, -16.16257 ], [ -64.852693, -16.161613 ], [ -64.852917, -16.160735 ], [ -64.853357, -16.159532 ], [ -64.853907, -16.158453 ], [ -64.854726, -16.157196 ], [ -64.855618, -16.156006 ], [ -64.856585, -16.154942 ], [ -64.857475, -16.154108 ], [ -64.858329, -16.153241 ], [ -64.859174, -16.152478 ], [ -64.860087, -16.151693 ], [ -64.860291, -16.151448 ], [ -64.861192, -16.150463 ], [ -64.861965, -16.149211 ], [ -64.862535, -16.14793 ], [ -64.86278, -16.147122 ], [ -64.863074, -16.146118 ], [ -64.863391, -16.144821 ], [ -64.863332, -16.143991 ], [ -64.862948, -16.143066 ], [ -64.862644, -16.141843 ], [ -64.862504, -16.140807 ], [ -64.86227, -16.140117 ], [ -64.861774, -16.139238 ], [ -64.861382, -16.138695 ], [ -64.860879, -16.138166 ], [ -64.860527, -16.137931 ], [ -64.859911, -16.137576 ], [ -64.859344, -16.1373 ], [ -64.858384, -16.136986 ], [ -64.857665, -16.136782 ], [ -64.857128, -16.136713 ], [ -64.856687, -16.136676 ], [ -64.85632, -16.13674 ], [ -64.855283, -16.137037 ], [ -64.854156, -16.137507 ], [ -64.853641, -16.137759 ], [ -64.853104, -16.13808 ], [ -64.852024, -16.13894 ], [ -64.850899, -16.139881 ], [ -64.849735, -16.140708 ], [ -64.849255, -16.140982 ], [ -64.848927, -16.141138 ], [ -64.848385, -16.141298 ], [ -64.848183, -16.141302 ], [ -64.847849, -16.14124 ], [ -64.847429, -16.14111 ], [ -64.847058, -16.141014 ], [ -64.846781, -16.140916 ], [ -64.846215, -16.14064 ], [ -64.845996, -16.140473 ], [ -64.845703, -16.140214 ], [ -64.845531, -16.140022 ], [ -64.845258, -16.139649 ], [ -64.845183, -16.139501 ], [ -64.845072, -16.139044 ], [ -64.844716, -16.138585 ], [ -64.844458, -16.138026 ], [ -64.844427, -16.137416 ], [ -64.844522, -16.136755 ], [ -64.844785, -16.136303 ], [ -64.845359, -16.135443 ], [ -64.846032, -16.134338 ], [ -64.846053, -16.134224 ], [ -64.846108, -16.133785 ], [ -64.846114, -16.133187 ], [ -64.846112, -16.133131 ], [ -64.845887, -16.132361 ], [ -64.845549, -16.131351 ], [ -64.845374, -16.131066 ], [ -64.845067, -16.13075 ], [ -64.844835, -16.130536 ], [ -64.844592, -16.130357 ], [ -64.843988, -16.130025 ], [ -64.843591, -16.129837 ], [ -64.842487, -16.129503 ], [ -64.84213, -16.129476 ], [ -64.841489, -16.129512 ], [ -64.839718, -16.129892 ], [ -64.839147, -16.12988 ], [ -64.838539, -16.129823 ], [ -64.837703, -16.129667 ], [ -64.83714, -16.129518 ], [ -64.83672, -16.129377 ], [ -64.836476, -16.129186 ], [ -64.836207, -16.128927 ], [ -64.836075, -16.128779 ], [ -64.835786, -16.128615 ], [ -64.835147, -16.127888 ], [ -64.834634, -16.127111 ], [ -64.834197, -16.126357 ], [ -64.834083, -16.12606 ], [ -64.833978, -16.12587 ], [ -64.833729, -16.125485 ], [ -64.833395, -16.125043 ], [ -64.833063, -16.124636 ], [ -64.832645, -16.124174 ], [ -64.832212, -16.123608 ], [ -64.832, -16.123267 ], [ -64.831684, -16.122685 ], [ -64.831611, -16.122551 ], [ -64.831176, -16.121492 ], [ -64.830951, -16.120715 ], [ -64.830894, -16.120395 ], [ -64.83087, -16.119993 ], [ -64.830905, -16.119567 ], [ -64.831007, -16.119241 ], [ -64.831014, -16.11922 ], [ -64.831207, -16.118918 ], [ -64.831437, -16.118649 ], [ -64.831681, -16.118472 ], [ -64.831985, -16.118317 ], [ -64.832258, -16.118277 ], [ -64.832965, -16.118255 ], [ -64.833243, -16.118246 ], [ -64.833767, -16.118293 ], [ -64.834209, -16.118376 ], [ -64.8347, -16.118493 ], [ -64.835419, -16.118708 ], [ -64.836129, -16.118993 ], [ -64.837361, -16.119657 ], [ -64.839641, -16.120852 ], [ -64.841163, -16.12165 ], [ -64.841581, -16.121733 ], [ -64.842157, -16.121917 ], [ -64.843403, -16.122271 ], [ -64.843755, -16.122328 ], [ -64.844478, -16.122445 ], [ -64.844964, -16.122401 ], [ -64.845401, -16.122323 ], [ -64.845907, -16.122153 ], [ -64.84687, -16.121754 ], [ -64.847407, -16.121445 ], [ -64.848991, -16.120345 ], [ -64.849365, -16.120119 ], [ -64.849761, -16.119847 ], [ -64.850188, -16.119414 ], [ -64.85054, -16.118878 ], [ -64.850811, -16.118368 ], [ -64.850881, -16.117941 ], [ -64.850846, -16.117563 ], [ -64.850687, -16.117003 ], [ -64.850464, -16.116599 ], [ -64.850398, -16.11648 ], [ -64.850029, -16.116051 ], [ -64.84969, -16.115817 ], [ -64.849245, -16.115665 ], [ -64.84866, -16.11555 ], [ -64.846788, -16.115335 ], [ -64.846182, -16.115347 ], [ -64.84567, -16.115322 ], [ -64.844269, -16.115339 ], [ -64.842603, -16.115292 ], [ -64.841912, -16.115225 ], [ -64.839402, -16.114723 ], [ -64.838216, -16.114531 ], [ -64.837903, -16.114494 ], [ -64.837578, -16.11445 ], [ -64.837183, -16.114423 ], [ -64.835865, -16.114449 ], [ -64.835248, -16.114507 ], [ -64.83456, -16.114532 ], [ -64.833823, -16.114524 ], [ -64.833204, -16.114479 ], [ -64.832477, -16.11462 ], [ -64.832106, -16.114552 ], [ -64.831579, -16.114207 ], [ -64.830457, -16.114265 ], [ -64.82973, -16.114318 ], [ -64.828833, -16.114565 ], [ -64.828313, -16.114656 ], [ -64.827862, -16.114688 ], [ -64.827233, -16.114701 ], [ -64.826612, -16.114621 ], [ -64.825123, -16.11449 ], [ -64.824359, -16.114378 ], [ -64.823678, -16.114231 ], [ -64.822971, -16.11405 ], [ -64.822371, -16.113843 ], [ -64.821803, -16.113533 ], [ -64.821153, -16.113224 ], [ -64.819905, -16.112433 ], [ -64.81954, -16.11213 ], [ -64.819247, -16.111865 ], [ -64.818873, -16.111581 ], [ -64.818689, -16.110952 ], [ -64.818631, -16.110887 ], [ -64.818068, -16.110208 ], [ -64.817735, -16.109722 ], [ -64.817375, -16.109066 ], [ -64.81699, -16.108385 ], [ -64.816876, -16.108101 ], [ -64.816508, -16.107618 ], [ -64.815622, -16.106568 ], [ -64.815399, -16.106273 ], [ -64.815044, -16.105901 ], [ -64.814699, -16.105494 ], [ -64.814457, -16.105256 ], [ -64.814275, -16.105105 ], [ -64.813555, -16.104514 ], [ -64.812671, -16.103893 ], [ -64.811985, -16.103553 ], [ -64.811461, -16.10318 ], [ -64.810896, -16.102991 ], [ -64.809835, -16.103098 ], [ -64.809156, -16.10347 ], [ -64.808711, -16.103798 ], [ -64.808465, -16.104032 ], [ -64.808006, -16.104581 ], [ -64.807688, -16.10507 ], [ -64.807196, -16.106125 ], [ -64.807117, -16.106661 ], [ -64.80732, -16.107368 ], [ -64.807862, -16.108658 ], [ -64.80848, -16.109763 ], [ -64.808663, -16.110397 ], [ -64.809233, -16.111906 ], [ -64.80965, -16.113319 ], [ -64.809891, -16.114831 ], [ -64.809665, -16.116638 ], [ -64.809657, -16.116725 ], [ -64.809541, -16.117221 ], [ -64.809342, -16.117742 ], [ -64.809082, -16.118207 ], [ -64.808968, -16.118347 ], [ -64.808816, -16.118453 ], [ -64.808597, -16.118664 ], [ -64.808398, -16.118783 ], [ -64.808116, -16.118904 ], [ -64.807775, -16.119025 ], [ -64.807205, -16.119025 ], [ -64.806953, -16.118926 ], [ -64.806675, -16.118794 ], [ -64.80636, -16.118582 ], [ -64.806007, -16.11829 ], [ -64.805725, -16.118009 ], [ -64.80543, -16.11767 ], [ -64.805122, -16.117274 ], [ -64.804837, -16.116878 ], [ -64.804549, -16.116378 ], [ -64.804221, -16.115741 ], [ -64.803926, -16.115 ], [ -64.803742, -16.114395 ], [ -64.803637, -16.113662 ], [ -64.80364, -16.112949 ], [ -64.803818, -16.111315 ], [ -64.803926, -16.11052 ], [ -64.803997, -16.109703 ], [ -64.803997, -16.108887 ], [ -64.80391, -16.107545 ], [ -64.80377, -16.106009 ], [ -64.80375, -16.105331 ], [ -64.803799, -16.104496 ], [ -64.803821, -16.104112 ], [ -64.80383, -16.103584 ], [ -64.803768, -16.102677 ], [ -64.80368, -16.102105 ], [ -64.803512, -16.101451 ], [ -64.803425, -16.10111 ], [ -64.803322, -16.10086 ], [ -64.803121, -16.100462 ], [ -64.802896, -16.100087 ], [ -64.802548, -16.099577 ], [ -64.801893, -16.098717 ], [ -64.801624, -16.098446 ], [ -64.801405, -16.09829 ], [ -64.801261, -16.098235 ], [ -64.801214, -16.098236 ], [ -64.800199, -16.098497 ], [ -64.799696, -16.09876 ], [ -64.799057, -16.099266 ], [ -64.798862, -16.099489 ], [ -64.798737, -16.099675 ], [ -64.798529, -16.100288 ], [ -64.798257, -16.101166 ], [ -64.798229, -16.101408 ], [ -64.798136, -16.101881 ], [ -64.798077, -16.10233 ], [ -64.798067, -16.102801 ], [ -64.798077, -16.103142 ], [ -64.798194, -16.10342 ], [ -64.79891, -16.104293 ], [ -64.799803, -16.105189 ], [ -64.800419, -16.106112 ], [ -64.800451, -16.106893 ], [ -64.80033, -16.107505 ], [ -64.799954, -16.107618 ], [ -64.799909, -16.10767 ], [ -64.799722, -16.107777 ], [ -64.799299, -16.107935 ], [ -64.798886, -16.108035 ], [ -64.798437, -16.108112 ], [ -64.797938, -16.108122 ], [ -64.797485, -16.108097 ], [ -64.796135, -16.107975 ], [ -64.794162, -16.10785 ], [ -64.792264, -16.107695 ], [ -64.790618, -16.107391 ], [ -64.78897, -16.106965 ], [ -64.787928, -16.106461 ], [ -64.787063, -16.105809 ], [ -64.786375, -16.105302 ], [ -64.785456, -16.104333 ], [ -64.784842, -16.103532 ], [ -64.784198, -16.102243 ], [ -64.783808, -16.100867 ], [ -64.783772, -16.099695 ], [ -64.783809, -16.099534 ], [ -64.783802, -16.098934 ], [ -64.783893, -16.098381 ], [ -64.784103, -16.097848 ], [ -64.784297, -16.09758 ], [ -64.784493, -16.09737 ], [ -64.784702, -16.097182 ], [ -64.784899, -16.097029 ], [ -64.785203, -16.09685 ], [ -64.785508, -16.096707 ], [ -64.785812, -16.09654 ], [ -64.786529, -16.096273 ], [ -64.787165, -16.096065 ], [ -64.787825, -16.095892 ], [ -64.788427, -16.095765 ], [ -64.788854, -16.095734 ], [ -64.789723, -16.095774 ], [ -64.7902, -16.095856 ], [ -64.790261, -16.095876 ], [ -64.79044, -16.095879 ], [ -64.791148, -16.095922 ], [ -64.792439, -16.096082 ], [ -64.793554, -16.096366 ], [ -64.794189, -16.096604 ], [ -64.794926, -16.097013 ], [ -64.795942, -16.097493 ], [ -64.797008, -16.097924 ], [ -64.797447, -16.097957 ], [ -64.797839, -16.097832 ], [ -64.797964, -16.097807 ], [ -64.797973, -16.097803 ], [ -64.79805, -16.097747 ], [ -64.798121, -16.097723 ], [ -64.798226, -16.097652 ], [ -64.798231, -16.097649 ], [ -64.798378, -16.09758 ], [ -64.79881, -16.097296 ], [ -64.79889, -16.097191 ], [ -64.798946, -16.097086 ], [ -64.799016, -16.096648 ], [ -64.799007, -16.096584 ], [ -64.798972, -16.096362 ], [ -64.798856, -16.096043 ], [ -64.798769, -16.095895 ], [ -64.798548, -16.095647 ], [ -64.798218, -16.095343 ], [ -64.797781, -16.095041 ], [ -64.796827, -16.094653 ], [ -64.796372, -16.094316 ], [ -64.796044, -16.094145 ], [ -64.795559, -16.093798 ], [ -64.795169, -16.093461 ], [ -64.794679, -16.092977 ], [ -64.793735, -16.091985 ], [ -64.792227, -16.090465 ], [ -64.79127, -16.089767 ], [ -64.790303, -16.089067 ], [ -64.789616, -16.088633 ], [ -64.788625, -16.088232 ], [ -64.788564, -16.088227 ], [ -64.788207, -16.088211 ], [ -64.787827, -16.088241 ], [ -64.787317, -16.088251 ], [ -64.786689, -16.088321 ], [ -64.785571, -16.088382 ], [ -64.785384, -16.088392 ], [ -64.784685, -16.088452 ], [ -64.784272, -16.088552 ], [ -64.783327, -16.088743 ], [ -64.782214, -16.088868 ], [ -64.781465, -16.088848 ], [ -64.780903, -16.088777 ], [ -64.780832, -16.088769 ], [ -64.780424, -16.088627 ], [ -64.780362, -16.0886 ], [ -64.780029, -16.088452 ], [ -64.780027, -16.088451 ], [ -64.779653, -16.088252 ], [ -64.779374, -16.088062 ], [ -64.778739, -16.088096 ], [ -64.778213, -16.087999 ], [ -64.777475, -16.087801 ], [ -64.777261, -16.087295 ], [ -64.777254, -16.086584 ], [ -64.777203, -16.086102 ], [ -64.776811, -16.08567 ], [ -64.776399, -16.084843 ], [ -64.776114, -16.084089 ], [ -64.776088, -16.083929 ], [ -64.776069, -16.083911 ], [ -64.776055, -16.083721 ], [ -64.77601, -16.083096 ], [ -64.776025, -16.082797 ], [ -64.775977, -16.081789 ], [ -64.775963, -16.0815 ], [ -64.775765, -16.079988 ], [ -64.775627, -16.079324 ], [ -64.775406, -16.078697 ], [ -64.775366, -16.078644 ], [ -64.77523, -16.078528 ], [ -64.77457, -16.07824 ], [ -64.774039, -16.078196 ], [ -64.773338, -16.078287 ], [ -64.773222, -16.078338 ], [ -64.772918, -16.078516 ], [ -64.772662, -16.078716 ], [ -64.772396, -16.078951 ], [ -64.771476, -16.079589 ], [ -64.771376, -16.079641 ], [ -64.771019, -16.079828 ], [ -64.7705, -16.079964 ], [ -64.770109, -16.079995 ], [ -64.76987, -16.079931 ], [ -64.769635, -16.079625 ], [ -64.769501, -16.079088 ], [ -64.769423, -16.078458 ], [ -64.769496, -16.077698 ], [ -64.769668, -16.077063 ], [ -64.769944, -16.076345 ], [ -64.770383, -16.075521 ], [ -64.770841, -16.074524 ], [ -64.771428, -16.073445 ], [ -64.771953, -16.072286 ], [ -64.772367, -16.071025 ], [ -64.7727, -16.069813 ], [ -64.773037, -16.068715 ], [ -64.77329, -16.067618 ], [ -64.773605, -16.066613 ], [ -64.773947, -16.065699 ], [ -64.774358, -16.064726 ], [ -64.774795, -16.06381 ], [ -64.775197, -16.062906 ], [ -64.775466, -16.061947 ], [ -64.775614, -16.060922 ], [ -64.775734, -16.059748 ], [ -64.775882, -16.058711 ], [ -64.776569, -16.05578 ], [ -64.776973, -16.054956 ], [ -64.781426, -16.049574 ], [ -64.782351, -16.047916 ], [ -64.783389, -16.046054 ], [ -64.783673, -16.045139 ], [ -64.78399, -16.043886 ], [ -64.784134, -16.04303 ], [ -64.784172, -16.042379 ], [ -64.784192, -16.041003 ], [ -64.784134, -16.040149 ], [ -64.783973, -16.039173 ], [ -64.783483, -16.038054 ], [ -64.782786, -16.037041 ], [ -64.782517, -16.036847 ], [ -64.781648, -16.036405 ], [ -64.780658, -16.03585 ], [ -64.780246, -16.035649 ], [ -64.780092, -16.035574 ], [ -64.779527, -16.035332 ], [ -64.779008, -16.035055 ], [ -64.778587, -16.034879 ], [ -64.778128, -16.034624 ], [ -64.777896, -16.03441 ], [ -64.777549, -16.0339 ], [ -64.77737, -16.03349 ], [ -64.777168, -16.032655 ], [ -64.777149, -16.032001 ], [ -64.777246, -16.031643 ], [ -64.777358, -16.031434 ], [ -64.777755, -16.031174 ], [ -64.778922, -16.030473 ], [ -64.779667, -16.029953 ], [ -64.780403, -16.029525 ], [ -64.78099, -16.029284 ], [ -64.781485, -16.029136 ], [ -64.782346, -16.028924 ], [ -64.782827, -16.028743 ], [ -64.783343, -16.028503 ], [ -64.78679, -16.026551 ], [ -64.787469, -16.026205 ], [ -64.788676, -16.02563 ], [ -64.789214, -16.025344 ], [ -64.789941, -16.025008 ], [ -64.790164, -16.024923 ], [ -64.790471, -16.024859 ], [ -64.791183, -16.024846 ], [ -64.791874, -16.024924 ], [ -64.792603, -16.025082 ], [ -64.793202, -16.025242 ], [ -64.793835, -16.025345 ], [ -64.794384, -16.025461 ], [ -64.794921, -16.02553 ], [ -64.795408, -16.025544 ], [ -64.796358, -16.025525 ], [ -64.796653, -16.02545 ], [ -64.796885, -16.025251 ], [ -64.797125, -16.024936 ], [ -64.797362, -16.024518 ], [ -64.798082, -16.023561 ], [ -64.798702, -16.022803 ], [ -64.798884, -16.022535 ], [ -64.798974, -16.022361 ], [ -64.798998, -16.02197 ], [ -64.798983, -16.021442 ], [ -64.798961, -16.021362 ], [ -64.79881, -16.020825 ], [ -64.798559, -16.020347 ], [ -64.798299, -16.019996 ], [ -64.797862, -16.019672 ], [ -64.797426, -16.019393 ], [ -64.796587, -16.018697 ], [ -64.79611, -16.018247 ], [ -64.795815, -16.017885 ], [ -64.79543, -16.017318 ], [ -64.795095, -16.016732 ], [ -64.794729, -16.016269 ], [ -64.793837, -16.014508 ], [ -64.793561, -16.013896 ], [ -64.79325, -16.013433 ], [ -64.79273, -16.012719 ], [ -64.792261, -16.012108 ], [ -64.791488, -16.011261 ], [ -64.791048, -16.010822 ], [ -64.790608, -16.010417 ], [ -64.790099, -16.010048 ], [ -64.789542, -16.00968 ], [ -64.788988, -16.009438 ], [ -64.788268, -16.009176 ], [ -64.787442, -16.008951 ], [ -64.786485, -16.008729 ], [ -64.785604, -16.008631 ], [ -64.784843, -16.008635 ], [ -64.784276, -16.008726 ], [ -64.783757, -16.008863 ], [ -64.783334, -16.00902 ], [ -64.782949, -16.009235 ], [ -64.782319, -16.009637 ], [ -64.781937, -16.009978 ], [ -64.781487, -16.010446 ], [ -64.781096, -16.01089 ], [ -64.780604, -16.011509 ], [ -64.780182, -16.012126 ], [ -64.779445, -16.013324 ], [ -64.779095, -16.013939 ], [ -64.778897, -16.01424 ], [ -64.778647, -16.01478 ], [ -64.777799, -16.016057 ], [ -64.777498, -16.016298 ], [ -64.777386, -16.016442 ], [ -64.777212, -16.016584 ], [ -64.777014, -16.016714 ], [ -64.776966, -16.016727 ], [ -64.776683, -16.016801 ], [ -64.776411, -16.016829 ], [ -64.77615, -16.016834 ], [ -64.775982, -16.01678 ], [ -64.775825, -16.01668 ], [ -64.775593, -16.016455 ], [ -64.775407, -16.016194 ], [ -64.775291, -16.01593 ], [ -64.775241, -16.015818 ], [ -64.775135, -16.015418 ], [ -64.775038, -16.014938 ], [ -64.774982, -16.014261 ], [ -64.774942, -16.01286 ], [ -64.774949, -16.012286 ], [ -64.774904, -16.011574 ], [ -64.774696, -16.009729 ], [ -64.774692, -16.009563 ], [ -64.774668, -16.008742 ], [ -64.774716, -16.008373 ], [ -64.776854, -16.005896 ], [ -64.777533, -16.005573 ], [ -64.778465, -16.004934 ], [ -64.778878, -16.004591 ], [ -64.779188, -16.004318 ], [ -64.77941, -16.004132 ], [ -64.779663, -16.003816 ], [ -64.780277, -16.0036 ], [ -64.780917, -16.003499 ], [ -64.781248, -16.003379 ], [ -64.781391, -16.003377 ], [ -64.782477, -16.002878 ], [ -64.782971, -16.002526 ], [ -64.783464, -16.002127 ], [ -64.783543, -16.002055 ], [ -64.783956, -16.001682 ], [ -64.784705, -16.000864 ], [ -64.785451, -15.999908 ], [ -64.785553, -15.999767 ], [ -64.785754, -15.999489 ], [ -64.786198, -15.998975 ], [ -64.786571, -15.998486 ], [ -64.786989, -15.99788 ], [ -64.787198, -15.997508 ], [ -64.787563, -15.996488 ], [ -64.787829, -15.995239 ], [ -64.787956, -15.99413 ], [ -64.787989, -15.99316 ], [ -64.787856, -15.992216 ], [ -64.787414, -15.990821 ], [ -64.787033, -15.98962 ], [ -64.786489, -15.98822 ], [ -64.785874, -15.986798 ], [ -64.785355, -15.985466 ], [ -64.784957, -15.984249 ], [ -64.784751, -15.98319 ], [ -64.784738, -15.982314 ], [ -64.784865, -15.981355 ], [ -64.784866, -15.981343 ], [ -64.785109, -15.980071 ], [ -64.785303, -15.97873 ], [ -64.785353, -15.977276 ], [ -64.785215, -15.976032 ], [ -64.784989, -15.975204 ], [ -64.784647, -15.974563 ], [ -64.784622, -15.974471 ], [ -64.784094, -15.974531 ], [ -64.783934, -15.974549 ], [ -64.783247, -15.97472 ], [ -64.782917, -15.974886 ], [ -64.782684, -15.975166 ], [ -64.782405, -15.975631 ], [ -64.782087, -15.976627 ], [ -64.781398, -15.978182 ], [ -64.781168, -15.978739 ], [ -64.780794, -15.97916 ], [ -64.780558, -15.979255 ], [ -64.779893, -15.979287 ], [ -64.779131, -15.979159 ], [ -64.778128, -15.978849 ], [ -64.777337, -15.978375 ], [ -64.776545, -15.977832 ], [ -64.775825, -15.97738 ], [ -64.775104, -15.976836 ], [ -64.774147, -15.976364 ], [ -64.772207, -15.975329 ], [ -64.771294, -15.974695 ], [ -64.77081, -15.974079 ], [ -64.770516, -15.973483 ], [ -64.77029, -15.972655 ], [ -64.770255, -15.972294 ], [ -64.769778, -15.971942 ], [ -64.768874, -15.97128 ], [ -64.767997, -15.970717 ], [ -64.767531, -15.97025 ], [ -64.767217, -15.969484 ], [ -64.767717, -15.968747 ], [ -64.768179, -15.968063 ], [ -64.768754, -15.966813 ], [ -64.769738, -15.965616 ], [ -64.770522, -15.964663 ], [ -64.771307, -15.963517 ], [ -64.771833, -15.962412 ], [ -64.771132, -15.962123 ], [ -64.770537, -15.962062 ], [ -64.769848, -15.962071 ], [ -64.769447, -15.962214 ], [ -64.768715, -15.962547 ], [ -64.768055, -15.962902 ], [ -64.767678, -15.963138 ], [ -64.7673, -15.963304 ], [ -64.766732, -15.963427 ], [ -64.765709, -15.963372 ], [ -64.765442, -15.962983 ], [ -64.765052, -15.962273 ], [ -64.764799, -15.961284 ], [ -64.764719, -15.960889 ], [ -64.764646, -15.960525 ], [ -64.764539, -15.959765 ], [ -64.764527, -15.958888 ], [ -64.764558, -15.957827 ], [ -64.764492, -15.956558 ], [ -64.764464, -15.954105 ], [ -64.764017, -15.952032 ], [ -64.763992, -15.951915 ], [ -64.763093, -15.950278 ], [ -64.762418, -15.949595 ], [ -64.761695, -15.948936 ], [ -64.761214, -15.94855 ], [ -64.760926, -15.948369 ], [ -64.760205, -15.947756 ], [ -64.75969, -15.947474 ], [ -64.757127, -15.944341 ], [ -64.754441, -15.939948 ], [ -64.754812, -15.943951 ], [ -64.755381, -15.946265 ], [ -64.755818, -15.948187 ], [ -64.756009, -15.949406 ], [ -64.756142, -15.950312 ], [ -64.756142, -15.951016 ], [ -64.755971, -15.951606 ], [ -64.755714, -15.952158 ], [ -64.755304, -15.952472 ], [ -64.754638, -15.952653 ], [ -64.75401, -15.952862 ], [ -64.753144, -15.953015 ], [ -64.75244, -15.953043 ], [ -64.751592, -15.952739 ], [ -64.750898, -15.952329 ], [ -64.749727, -15.951844 ], [ -64.748243, -15.951202 ], [ -64.747457, -15.950973 ], [ -64.746401, -15.95083 ], [ -64.745073, -15.950859 ], [ -64.744031, -15.95083 ], [ -64.742917, -15.950673 ], [ -64.741894, -15.950545 ], [ -64.740609, -15.950374 ], [ -64.739524, -15.950159 ], [ -64.73821, -15.949931 ], [ -64.737085, -15.949688 ], [ -64.73588, -15.949297 ], [ -64.73453, -15.949032 ], [ -64.733302, -15.948874 ], [ -64.731903, -15.948874 ], [ -64.730755, -15.949017 ], [ -64.72967, -15.94936 ], [ -64.728713, -15.949731 ], [ -64.727814, -15.950202 ], [ -64.727157, -15.950688 ], [ -64.726572, -15.95133 ], [ -64.726172, -15.952001 ], [ -64.725997, -15.952812 ], [ -64.725958, -15.9542 ], [ -64.726044, -15.955342 ], [ -64.726272, -15.956504 ], [ -64.726843, -15.957646 ], [ -64.7274, -15.958588 ], [ -64.728042, -15.959616 ], [ -64.728614, -15.960516 ], [ -64.729213, -15.961586 ], [ -64.72966, -15.962362 ], [ -64.73006, -15.963233 ], [ -64.730303, -15.964004 ], [ -64.730531, -15.964903 ], [ -64.731256, -15.966548 ], [ -64.731923, -15.968185 ], [ -64.732513, -15.969251 ], [ -64.732913, -15.970374 ], [ -64.733522, -15.971459 ], [ -64.734017, -15.972373 ], [ -64.734989, -15.973483 ], [ -64.735893, -15.974268 ], [ -64.736773, -15.975148 ], [ -64.737487, -15.975862 ], [ -64.73832, -15.976409 ], [ -64.739224, -15.977004 ], [ -64.739962, -15.977504 ], [ -64.740818, -15.978099 ], [ -64.74127, -15.978694 ], [ -64.741627, -15.979408 ], [ -64.741699, -15.980169 ], [ -64.741437, -15.980788 ], [ -64.740723, -15.981297 ], [ -64.739843, -15.981701 ], [ -64.738748, -15.982034 ], [ -64.737725, -15.982177 ], [ -64.736535, -15.982177 ], [ -64.735084, -15.981963 ], [ -64.733624, -15.981692 ], [ -64.732209, -15.981594 ], [ -64.73102, -15.981564 ], [ -64.729622, -15.981594 ], [ -64.728521, -15.981653 ], [ -64.72748, -15.981564 ], [ -64.72638, -15.981059 ], [ -64.725309, -15.980315 ], [ -64.724417, -15.979244 ], [ -64.723881, -15.978114 ], [ -64.723703, -15.976746 ], [ -64.723881, -15.975437 ], [ -64.724179, -15.974247 ], [ -64.724328, -15.97282 ], [ -64.724387, -15.971243 ], [ -64.724298, -15.969738 ], [ -64.72403, -15.96834 ], [ -64.723524, -15.966853 ], [ -64.722781, -15.965723 ], [ -64.721829, -15.964504 ], [ -64.720758, -15.963611 ], [ -64.719658, -15.963016 ], [ -64.718647, -15.9626 ], [ -64.717308, -15.962362 ], [ -64.716178, -15.962362 ], [ -64.715077, -15.96254 ], [ -64.713789, -15.963106 ], [ -64.712511, -15.964028 ], [ -64.711529, -15.96492 ], [ -64.710607, -15.96605 ], [ -64.709834, -15.96727 ], [ -64.709387, -15.968697 ], [ -64.709209, -15.970274 ], [ -64.709239, -15.971791 ], [ -64.709298, -15.973248 ], [ -64.709566, -15.974795 ], [ -64.709982, -15.975955 ], [ -64.710428, -15.977025 ], [ -64.711023, -15.978185 ], [ -64.711797, -15.979226 ], [ -64.712719, -15.980267 ], [ -64.713908, -15.981249 ], [ -64.715336, -15.982231 ], [ -64.718652, -15.984497 ], [ -64.721002, -15.986014 ], [ -64.723233, -15.987382 ], [ -64.725464, -15.98872 ], [ -64.72707, -15.98988 ], [ -64.728587, -15.990951 ], [ -64.729628, -15.991784 ], [ -64.731204, -15.993093 ], [ -64.732543, -15.99433 ], [ -64.733375, -15.995669 ], [ -64.733851, -15.996888 ], [ -64.734238, -15.998375 ], [ -64.734476, -15.999922 ], [ -64.734357, -16.001587 ], [ -64.733941, -16.003015 ], [ -64.733227, -16.004205 ], [ -64.732424, -16.005222 ], [ -64.731621, -16.005817 ], [ -64.730609, -16.006204 ], [ -64.729598, -16.006293 ], [ -64.728051, -16.005995 ], [ -64.726534, -16.005371 ], [ -64.72472, -16.004389 ], [ -64.722698, -16.003408 ], [ -64.721062, -16.002753 ], [ -64.71892, -16.00204 ], [ -64.71666, -16.001207 ], [ -64.714816, -16.00079 ], [ -64.713001, -16.000671 ], [ -64.711365, -16.000612 ], [ -64.709581, -16.000671 ], [ -64.707841, -16.001058 ], [ -64.706264, -16.001683 ], [ -64.704718, -16.002545 ], [ -64.70335, -16.003527 ], [ -64.702219, -16.004716 ], [ -64.701327, -16.005847 ], [ -64.700732, -16.007274 ], [ -64.700643, -16.00869 ], [ -64.700792, -16.010058 ], [ -64.701178, -16.011099 ], [ -64.701862, -16.011962 ], [ -64.702725, -16.012468 ], [ -64.703706, -16.012765 ], [ -64.704777, -16.012765 ], [ -64.705699, -16.012497 ], [ -64.707008, -16.011783 ], [ -64.708287, -16.010951 ], [ -64.709596, -16.010385 ], [ -64.71138, -16.009463 ], [ -64.712659, -16.008988 ], [ -64.714325, -16.00866 ], [ -64.716199, -16.008452 ], [ -64.717626, -16.008452 ], [ -64.719905, -16.008607 ], [ -64.721779, -16.009083 ], [ -64.723444, -16.009826 ], [ -64.725258, -16.010986 ], [ -64.726567, -16.012176 ], [ -64.727757, -16.013514 ], [ -64.728218, -16.014258 ], [ -64.729513, -16.016569 ], [ -64.731033, -16.020803 ], [ -64.732154, -16.026138 ], [ -64.732367, -16.02931 ], [ -64.73258, -16.032482 ], [ -64.732525, -16.034742 ], [ -64.731748, -16.036685 ], [ -64.730106, -16.038062 ], [ -64.728073, -16.038867 ], [ -64.725924, -16.039028 ], [ -64.723769, -16.038543 ], [ -64.721828, -16.037196 ], [ -64.720368, -16.035593 ], [ -64.719428, -16.034023 ], [ -64.719078, -16.032218 ], [ -64.719434, -16.030386 ], [ -64.72042, -16.028621 ], [ -64.721663, -16.027236 ], [ -64.72303, -16.025928 ], [ -64.723987, -16.025077 ], [ -64.725306, -16.023223 ], [ -64.72596, -16.021676 ], [ -64.72591, -16.020134 ], [ -64.725305, -16.018848 ], [ -64.72448, -16.017814 ], [ -64.723252, -16.017286 ], [ -64.721658, -16.017335 ], [ -64.720181, -16.0181 ], [ -64.718319, -16.020479 ], [ -64.71579, -16.023214 ], [ -64.713819, -16.024401 ], [ -64.712506, -16.025029 ], [ -64.711121, -16.025353 ], [ -64.709646, -16.025639 ], [ -64.708503, -16.025948 ], [ -64.707338, -16.026139 ], [ -64.706195, -16.026377 ], [ -64.705172, -16.026734 ], [ -64.704387, -16.027209 ], [ -64.703507, -16.027685 ], [ -64.702721, -16.028328 ], [ -64.702198, -16.029065 ], [ -64.70177, -16.030003 ], [ -64.701436, -16.031216 ], [ -64.701389, -16.032168 ], [ -64.701508, -16.033382 ], [ -64.70177, -16.034643 ], [ -64.702769, -16.036932 ], [ -64.703768, -16.038859 ], [ -64.704768, -16.04043 ], [ -64.705529, -16.041596 ], [ -64.706457, -16.042904 ], [ -64.707433, -16.044142 ], [ -64.708534, -16.045662 ], [ -64.712614, -16.050352 ], [ -64.714713, -16.052917 ], [ -64.715923, -16.055705 ], [ -64.716222, -16.057269 ], [ -64.715887, -16.058618 ], [ -64.714163, -16.059409 ], [ -64.711257, -16.059605 ], [ -64.707993, -16.059631 ], [ -64.706158, -16.060162 ], [ -64.704802, -16.061478 ], [ -64.703397, -16.063569 ], [ -64.70301, -16.066901 ], [ -64.703579, -16.070971 ], [ -64.70421, -16.075304 ], [ -64.704416, -16.07863 ], [ -64.704024, -16.081331 ], [ -64.702626, -16.084498 ], [ -64.700628, -16.086809 ], [ -64.697931, -16.087818 ], [ -64.695997, -16.088235 ], [ -64.694183, -16.0888 ], [ -64.692279, -16.089781 ], [ -64.690822, -16.091001 ], [ -64.689543, -16.09225 ], [ -64.688621, -16.093707 ], [ -64.688205, -16.094897 ], [ -64.688205, -16.096474 ], [ -64.68871, -16.097812 ], [ -64.689513, -16.09902 ], [ -64.690763, -16.099644 ], [ -64.691893, -16.100239 ], [ -64.693112, -16.100596 ], [ -64.694391, -16.101012 ], [ -64.69573, -16.101518 ], [ -64.696979, -16.102262 ], [ -64.697931, -16.103065 ], [ -64.698734, -16.103838 ], [ -64.699239, -16.104611 ], [ -64.699537, -16.105623 ], [ -64.699567, -16.106991 ], [ -64.69912, -16.108502 ], [ -64.698288, -16.110138 ], [ -64.697366, -16.111238 ], [ -64.696414, -16.112101 ], [ -64.695016, -16.113112 ], [ -64.693856, -16.114004 ], [ -64.692577, -16.114837 ], [ -64.691357, -16.115491 ], [ -64.68993, -16.116057 ], [ -64.688725, -16.116473 ], [ -64.687357, -16.116503 ], [ -64.686197, -16.116235 ], [ -64.685215, -16.115819 ], [ -64.684055, -16.115313 ], [ -64.682985, -16.114272 ], [ -64.68239, -16.113052 ], [ -64.682271, -16.111179 ], [ -64.682449, -16.109364 ], [ -64.682657, -16.10755 ], [ -64.682687, -16.105974 ], [ -64.68239, -16.104546 ], [ -64.681706, -16.102969 ], [ -64.680694, -16.101482 ], [ -64.679267, -16.099965 ], [ -64.677809, -16.098508 ], [ -64.676096, -16.097532 ], [ -64.674103, -16.09664 ], [ -64.672616, -16.095986 ], [ -64.670772, -16.095153 ], [ -64.669493, -16.094618 ], [ -64.668452, -16.094409 ], [ -64.667114, -16.094439 ], [ -64.665716, -16.094856 ], [ -64.664556, -16.095361 ], [ -64.663753, -16.095986 ], [ -64.663366, -16.096878 ], [ -64.663366, -16.097889 ], [ -64.663634, -16.09899 ], [ -64.664229, -16.10015 ], [ -64.664823, -16.100864 ], [ -64.665775, -16.101875 ], [ -64.666727, -16.102946 ], [ -64.667679, -16.103897 ], [ -64.668303, -16.104938 ], [ -64.669017, -16.106247 ], [ -64.669553, -16.107675 ], [ -64.66985, -16.109168 ], [ -64.670088, -16.111042 ], [ -64.670713, -16.112975 ], [ -64.671397, -16.1147 ], [ -64.672467, -16.116247 ], [ -64.673984, -16.117585 ], [ -64.675263, -16.118347 ], [ -64.676453, -16.118942 ], [ -64.677554, -16.119388 ], [ -64.678773, -16.119745 ], [ -64.680111, -16.120191 ], [ -64.681271, -16.120756 ], [ -64.682431, -16.12147 ], [ -64.683353, -16.122332 ], [ -64.683978, -16.123106 ], [ -64.684394, -16.124057 ], [ -64.684692, -16.125247 ], [ -64.684543, -16.126675 ], [ -64.684008, -16.127865 ], [ -64.683086, -16.128929 ], [ -64.681331, -16.130089 ], [ -64.679487, -16.131398 ], [ -64.677821, -16.132796 ], [ -64.676185, -16.134432 ], [ -64.674758, -16.136098 ], [ -64.673568, -16.137763 ], [ -64.672854, -16.138953 ], [ -64.672467, -16.1405 ], [ -64.672527, -16.142492 ], [ -64.672348, -16.145437 ], [ -64.672467, -16.148144 ], [ -64.673241, -16.151719 ], [ -64.674163, -16.154842 ], [ -64.675382, -16.157757 ], [ -64.676394, -16.160136 ], [ -64.677805, -16.162402 ], [ -64.679483, -16.164687 ], [ -64.680447, -16.166293 ], [ -64.681267, -16.168185 ], [ -64.681696, -16.169541 ], [ -64.681946, -16.171397 ], [ -64.681946, -16.173146 ], [ -64.681767, -16.175544 ], [ -64.681482, -16.177436 ], [ -64.681375, -16.179292 ], [ -64.681553, -16.181362 ], [ -64.682338, -16.182647 ], [ -64.683516, -16.184075 ], [ -64.684837, -16.185217 ], [ -64.686086, -16.185788 ], [ -64.687442, -16.186145 ], [ -64.689013, -16.185966 ], [ -64.690333, -16.185324 ], [ -64.691582, -16.184289 ], [ -64.692653, -16.183004 ], [ -64.693296, -16.181505 ], [ -64.693581, -16.179899 ], [ -64.693331, -16.178328 ], [ -64.692689, -16.176865 ], [ -64.691761, -16.175187 ], [ -64.69094, -16.174009 ], [ -64.690619, -16.172475 ], [ -64.69069, -16.171154 ], [ -64.691582, -16.169798 ], [ -64.692617, -16.169013 ], [ -64.693724, -16.16887 ], [ -64.694759, -16.169405 ], [ -64.695437, -16.170119 ], [ -64.696222, -16.171226 ], [ -64.697165, -16.172725 ], [ -64.697914, -16.174402 ], [ -64.698878, -16.175794 ], [ -64.70002, -16.17715 ], [ -64.701269, -16.178185 ], [ -64.702733, -16.179006 ], [ -64.70391, -16.179899 ], [ -64.705552, -16.180934 ], [ -64.70698, -16.182004 ], [ -64.707944, -16.183111 ], [ -64.708336, -16.18436 ], [ -64.708122, -16.185895 ], [ -64.707658, -16.187637 ], [ -64.707051, -16.188993 ], [ -64.705945, -16.190242 ], [ -64.704232, -16.191598 ], [ -64.702233, -16.192634 ], [ -64.699699, -16.193312 ], [ -64.697593, -16.194204 ], [ -64.695309, -16.195203 ], [ -64.692418, -16.196238 ], [ -64.690098, -16.197381 ], [ -64.687528, -16.199094 ], [ -64.685119, -16.200643 ], [ -64.683084, -16.201499 ], [ -64.680621, -16.202035 ], [ -64.678016, -16.202784 ], [ -64.67541, -16.203391 ], [ -64.673233, -16.204283 ], [ -64.671627, -16.204854 ], [ -64.670378, -16.205961 ], [ -64.66995, -16.207567 ], [ -64.669914, -16.209887 ], [ -64.66995, -16.212849 ], [ -64.670449, -16.215955 ], [ -64.671056, -16.218917 ], [ -64.671806, -16.22255 ], [ -64.672841, -16.22537 ], [ -64.674018, -16.227797 ], [ -64.675339, -16.230224 ], [ -64.67641, -16.232009 ], [ -64.677088, -16.233437 ], [ -64.677266, -16.234978 ], [ -64.677231, -16.23687 ], [ -64.67666, -16.238226 ], [ -64.675625, -16.239119 ], [ -64.674625, -16.239725 ], [ -64.672698, -16.239761 ], [ -64.670735, -16.239761 ], [ -64.669343, -16.23994 ], [ -64.667987, -16.240332 ], [ -64.666666, -16.240939 ], [ -64.665988, -16.241938 ], [ -64.665524, -16.24333 ], [ -64.665452, -16.244472 ], [ -64.665667, -16.246221 ], [ -64.666059, -16.247613 ], [ -64.666166, -16.249726 ], [ -64.666166, -16.251225 ], [ -64.665702, -16.252832 ], [ -64.665167, -16.254081 ], [ -64.664774, -16.255223 ], [ -64.664667, -16.256187 ], [ -64.664881, -16.257293 ], [ -64.665774, -16.258364 ], [ -64.667166, -16.259006 ], [ -64.668629, -16.259363 ], [ -64.670414, -16.259827 ], [ -64.672162, -16.260434 ], [ -64.673412, -16.261112 ], [ -64.674304, -16.261812 ], [ -64.675196, -16.263132 ], [ -64.676374, -16.264774 ], [ -64.677373, -16.26638 ], [ -64.678337, -16.267736 ], [ -64.679479, -16.26895 ], [ -64.680729, -16.270092 ], [ -64.682049, -16.271413 ], [ -64.683191, -16.272483 ], [ -64.684512, -16.274132 ], [ -64.685904, -16.275881 ], [ -64.68676, -16.27763 ], [ -64.687688, -16.279201 ], [ -64.688902, -16.280486 ], [ -64.690187, -16.281949 ], [ -64.6914, -16.283412 ], [ -64.692757, -16.284983 ], [ -64.693613, -16.286253 ], [ -64.693756, -16.287645 ], [ -64.693827, -16.28893 ], [ -64.693827, -16.290215 ], [ -64.693613, -16.291322 ], [ -64.693149, -16.292392 ], [ -64.692543, -16.293463 ], [ -64.691722, -16.294641 ], [ -64.690901, -16.295319 ], [ -64.689544, -16.295747 ], [ -64.688117, -16.295747 ], [ -64.686796, -16.295283 ], [ -64.685583, -16.294284 ], [ -64.684583, -16.293035 ], [ -64.683441, -16.291179 ], [ -64.682513, -16.28968 ], [ -64.681371, -16.288324 ], [ -64.679979, -16.287253 ], [ -64.678194, -16.286432 ], [ -64.676481, -16.285968 ], [ -64.674554, -16.285825 ], [ -64.671913, -16.286075 ], [ -64.669771, -16.286146 ], [ -64.667487, -16.286289 ], [ -64.66537, -16.286824 ], [ -64.663407, -16.287039 ], [ -64.66123, -16.287288 ], [ -64.659089, -16.287396 ], [ -64.656983, -16.287824 ], [ -64.65502, -16.288216 ], [ -64.653199, -16.289073 ], [ -64.651343, -16.29018 ], [ -64.649523, -16.291572 ], [ -64.64806, -16.293142 ], [ -64.647274, -16.294498 ], [ -64.646561, -16.29589 ], [ -64.646454, -16.297032 ], [ -64.64681, -16.298096 ], [ -64.647667, -16.298988 ], [ -64.649059, -16.299881 ], [ -64.650879, -16.300345 ], [ -64.652557, -16.300773 ], [ -64.654663, -16.301951 ], [ -64.656804, -16.302914 ], [ -64.658946, -16.303628 ], [ -64.661123, -16.304092 ], [ -64.663086, -16.304485 ], [ -64.664978, -16.305199 ], [ -64.667119, -16.306162 ], [ -64.668975, -16.307269 ], [ -64.670456, -16.307911 ], [ -64.672312, -16.308768 ], [ -64.673776, -16.30966 ], [ -64.675168, -16.310838 ], [ -64.676381, -16.312337 ], [ -64.677738, -16.313722 ], [ -64.678558, -16.315078 ], [ -64.679451, -16.316827 ], [ -64.680093, -16.318505 ], [ -64.680414, -16.319932 ], [ -64.680236, -16.321574 ], [ -64.679558, -16.322788 ], [ -64.678523, -16.323787 ], [ -64.677345, -16.324394 ], [ -64.675739, -16.324786 ], [ -64.674026, -16.324822 ], [ -64.672098, -16.324501 ], [ -64.670064, -16.323894 ], [ -64.668029, -16.32293 ], [ -64.666209, -16.321753 ], [ -64.663389, -16.320396 ], [ -64.660962, -16.31904 ], [ -64.658821, -16.317648 ], [ -64.656665, -16.316506 ], [ -64.65488, -16.315863 ], [ -64.653239, -16.315399 ], [ -64.651276, -16.31515 ], [ -64.649527, -16.315221 ], [ -64.648028, -16.315542 ], [ -64.646743, -16.316113 ], [ -64.645708, -16.316934 ], [ -64.644815, -16.318005 ], [ -64.64428, -16.319183 ], [ -64.644101, -16.320503 ], [ -64.644101, -16.322395 ], [ -64.644494, -16.324037 ], [ -64.645137, -16.3255 ], [ -64.6461, -16.326928 ], [ -64.647135, -16.328106 ], [ -64.648063, -16.328784 ], [ -64.649205, -16.329177 ], [ -64.650526, -16.329391 ], [ -64.651704, -16.329319 ], [ -64.653132, -16.329105 ], [ -64.654524, -16.329177 ], [ -64.656165, -16.329569 ], [ -64.658057, -16.330354 ], [ -64.660056, -16.331711 ], [ -64.66184, -16.333031 ], [ -64.663304, -16.334352 ], [ -64.664803, -16.335887 ], [ -64.665659, -16.337279 ], [ -64.666266, -16.339106 ], [ -64.666516, -16.340819 ], [ -64.666552, -16.343139 ], [ -64.666409, -16.345459 ], [ -64.666195, -16.347672 ], [ -64.665981, -16.349742 ], [ -64.665481, -16.35152 ], [ -64.665231, -16.353411 ], [ -64.665302, -16.35541 ], [ -64.665552, -16.357445 ], [ -64.666052, -16.359086 ], [ -64.666204, -16.359927 ], [ -64.666061, -16.360998 ], [ -64.665847, -16.361997 ], [ -64.665585, -16.363044 ], [ -64.66568, -16.364424 ], [ -64.666132, -16.365709 ], [ -64.666715, -16.366747 ], [ -64.667608, -16.367568 ], [ -64.668464, -16.368389 ], [ -64.669357, -16.36896 ], [ -64.670287, -16.369214 ], [ -64.671495, -16.369204 ], [ -64.672916, -16.368864 ], [ -64.674241, -16.368196 ], [ -64.675163, -16.367382 ], [ -64.675954, -16.365762 ], [ -64.676526, -16.363815 ], [ -64.676697, -16.36211 ], [ -64.676586, -16.360018 ], [ -64.676878, -16.357954 ], [ -64.677483, -16.356245 ], [ -64.678549, -16.354264 ], [ -64.680088, -16.352447 ], [ -64.682117, -16.350787 ], [ -64.684518, -16.349244 ], [ -64.688064, -16.347691 ], [ -64.691732, -16.345898 ], [ -64.693895, -16.345403 ], [ -64.696271, -16.344606 ], [ -64.69834, -16.343932 ], [ -64.699757, -16.343144 ], [ -64.701516, -16.342592 ], [ -64.702628, -16.342314 ], [ -64.703991, -16.342422 ], [ -64.70517, -16.342711 ], [ -64.706228, -16.343331 ], [ -64.70735, -16.344248 ], [ -64.708257, -16.34534 ], [ -64.708859, -16.346979 ], [ -64.709028, -16.348562 ], [ -64.708886, -16.350087 ], [ -64.708281, -16.351706 ], [ -64.707366, -16.353178 ], [ -64.706019, -16.354922 ], [ -64.704454, -16.35588 ], [ -64.702355, -16.356554 ], [ -64.69951, -16.356816 ], [ -64.696845, -16.356479 ], [ -64.69449, -16.356259 ], [ -64.692323, -16.356276 ], [ -64.690347, -16.35689 ], [ -64.688682, -16.35762 ], [ -64.687393, -16.358946 ], [ -64.686355, -16.360568 ], [ -64.686059, -16.362232 ], [ -64.686758, -16.364259 ], [ -64.688259, -16.36604 ], [ -64.69069, -16.367933 ], [ -64.692993, -16.36929 ], [ -64.694738, -16.370651 ], [ -64.695501, -16.372976 ], [ -64.695335, -16.375189 ], [ -64.694607, -16.376928 ], [ -64.693133, -16.378374 ], [ -64.690811, -16.379051 ], [ -64.688148, -16.379012 ], [ -64.685297, -16.378676 ], [ -64.682129, -16.377506 ], [ -64.679764, -16.37615 ], [ -64.677031, -16.375096 ], [ -64.674483, -16.37404 ], [ -64.67113, -16.372931 ], [ -64.667581, -16.371697 ], [ -64.665796, -16.371233 ], [ -64.663905, -16.370911 ], [ -64.66212, -16.371054 ], [ -64.660567, -16.371375 ], [ -64.659211, -16.372018 ], [ -64.657962, -16.37291 ], [ -64.657034, -16.373838 ], [ -64.656392, -16.374873 ], [ -64.655785, -16.376051 ], [ -64.65582, -16.377265 ], [ -64.656499, -16.378478 ], [ -64.657355, -16.379656 ], [ -64.658711, -16.380869 ], [ -64.659925, -16.38194 ], [ -64.661638, -16.383603 ], [ -64.663066, -16.385245 ], [ -64.664672, -16.387458 ], [ -64.666028, -16.389671 ], [ -64.667349, -16.392241 ], [ -64.668348, -16.394168 ], [ -64.669419, -16.39611 ], [ -64.670811, -16.398109 ], [ -64.671917, -16.399643 ], [ -64.673757, -16.401668 ], [ -64.674994, -16.403001 ], [ -64.676136, -16.404238 ], [ -64.677183, -16.405761 ], [ -64.678611, -16.407331 ], [ -64.680229, -16.408854 ], [ -64.681847, -16.409996 ], [ -64.683275, -16.410805 ], [ -64.685035, -16.411377 ], [ -64.687353, -16.411805 ], [ -64.689637, -16.412233 ], [ -64.691969, -16.412566 ], [ -64.693873, -16.412995 ], [ -64.695538, -16.413804 ], [ -64.696918, -16.414708 ], [ -64.697918, -16.415802 ], [ -64.698632, -16.417325 ], [ -64.69887, -16.418991 ], [ -64.698822, -16.420418 ], [ -64.698441, -16.421989 ], [ -64.697632, -16.423179 ], [ -64.696681, -16.423988 ], [ -64.695348, -16.424797 ], [ -64.69373, -16.425368 ], [ -64.691874, -16.425701 ], [ -64.689542, -16.425986 ], [ -64.687448, -16.425939 ], [ -64.685416, -16.426027 ], [ -64.683689, -16.426158 ], [ -64.681833, -16.426681 ], [ -64.680119, -16.42749 ], [ -64.678375, -16.428642 ], [ -64.677423, -16.429743 ], [ -64.676887, -16.430784 ], [ -64.676768, -16.43233 ], [ -64.676947, -16.433758 ], [ -64.67769, -16.435305 ], [ -64.67885, -16.436614 ], [ -64.680278, -16.437524 ], [ -64.681319, -16.438148 ], [ -64.682182, -16.438594 ], [ -64.68358, -16.439308 ], [ -64.684948, -16.44023 ], [ -64.686048, -16.44142 ], [ -64.686851, -16.442729 ], [ -64.687327, -16.443918 ], [ -64.687506, -16.445168 ], [ -64.687595, -16.447125 ], [ -64.687089, -16.449237 ], [ -64.686227, -16.450902 ], [ -64.685037, -16.452538 ], [ -64.684085, -16.453847 ], [ -64.682598, -16.455007 ], [ -64.6812, -16.456732 ], [ -64.68007, -16.458397 ], [ -64.678226, -16.46108 ], [ -64.676739, -16.463252 ], [ -64.675341, -16.465572 ], [ -64.674389, -16.467267 ], [ -64.673645, -16.469349 ], [ -64.673259, -16.471134 ], [ -64.67314, -16.472859 ], [ -64.673318, -16.474346 ], [ -64.673764, -16.475565 ], [ -64.674597, -16.476606 ], [ -64.675638, -16.477439 ], [ -64.676739, -16.478177 ], [ -64.677601, -16.478712 ], [ -64.678464, -16.479218 ], [ -64.679178, -16.479426 ], [ -64.680754, -16.479307 ], [ -64.683401, -16.478415 ], [ -64.685394, -16.476957 ], [ -64.687208, -16.475083 ], [ -64.688458, -16.473656 ], [ -64.689796, -16.472407 ], [ -64.691283, -16.471217 ], [ -64.692741, -16.470384 ], [ -64.694376, -16.469492 ], [ -64.696221, -16.468689 ], [ -64.69802, -16.468391 ], [ -64.699828, -16.468344 ], [ -64.701208, -16.468344 ], [ -64.702636, -16.468605 ], [ -64.704278, -16.469176 ], [ -64.705991, -16.469866 ], [ -64.70749, -16.470723 ], [ -64.708843, -16.471818 ], [ -64.709941, -16.472984 ], [ -64.710869, -16.474316 ], [ -64.711654, -16.476029 ], [ -64.712059, -16.477243 ], [ -64.712511, -16.479565 ], [ -64.712487, -16.48135 ], [ -64.712225, -16.483015 ], [ -64.711726, -16.484253 ], [ -64.71094, -16.485347 ], [ -64.710131, -16.485918 ], [ -64.708466, -16.486575 ], [ -64.707014, -16.486861 ], [ -64.705563, -16.486575 ], [ -64.703992, -16.48579 ], [ -64.702612, -16.484648 ], [ -64.700756, -16.483077 ], [ -64.699234, -16.481911 ], [ -64.697497, -16.480936 ], [ -64.695712, -16.480246 ], [ -64.69407, -16.479913 ], [ -64.692428, -16.479698 ], [ -64.690858, -16.479889 ], [ -64.689678, -16.480507 ], [ -64.689011, -16.481316 ], [ -64.688369, -16.48253 ], [ -64.688036, -16.483601 ], [ -64.687893, -16.484505 ], [ -64.688012, -16.485576 ], [ -64.688369, -16.486646 ], [ -64.688869, -16.487574 ], [ -64.690439, -16.488888 ], [ -64.692081, -16.489768 ], [ -64.693865, -16.490625 ], [ -64.695602, -16.491196 ], [ -64.69722, -16.491481 ], [ -64.69941, -16.491815 ], [ -64.701313, -16.492243 ], [ -64.704059, -16.492647 ], [ -64.705867, -16.492814 ], [ -64.707747, -16.493147 ], [ -64.708913, -16.493671 ], [ -64.709817, -16.494361 ], [ -64.710579, -16.495241 ], [ -64.71134, -16.496098 ], [ -64.711864, -16.497021 ], [ -64.712078, -16.498258 ], [ -64.712197, -16.499543 ], [ -64.712149, -16.500852 ], [ -64.711697, -16.502161 ], [ -64.711078, -16.503231 ], [ -64.710412, -16.504112 ], [ -64.709651, -16.505016 ], [ -64.708675, -16.505777 ], [ -64.707723, -16.50642 ], [ -64.706486, -16.507243 ], [ -64.705058, -16.50829 ], [ -64.70413, -16.509147 ], [ -64.703036, -16.510194 ], [ -64.702298, -16.511098 ], [ -64.701727, -16.512169 ], [ -64.70137, -16.513501 ], [ -64.701156, -16.515062 ], [ -64.701275, -16.516704 ], [ -64.701608, -16.51825 ], [ -64.702013, -16.519416 ], [ -64.702512, -16.520368 ], [ -64.703155, -16.521653 ], [ -64.703994, -16.523723 ], [ -64.704648, -16.5253 ], [ -64.705154, -16.527114 ], [ -64.705511, -16.52869 ], [ -64.705808, -16.530296 ], [ -64.706224, -16.531784 ], [ -64.7067, -16.532944 ], [ -64.707593, -16.533955 ], [ -64.708901, -16.53499 ], [ -64.710388, -16.535793 ], [ -64.711965, -16.536388 ], [ -64.713958, -16.536775 ], [ -64.715831, -16.536537 ], [ -64.717854, -16.536239 ], [ -64.719401, -16.535823 ], [ -64.721364, -16.535139 ], [ -64.722643, -16.534365 ], [ -64.723862, -16.533235 ], [ -64.725007, -16.532063 ], [ -64.72584, -16.530814 ], [ -64.726286, -16.529446 ], [ -64.726465, -16.52775 ], [ -64.726197, -16.526085 ], [ -64.725662, -16.524955 ], [ -64.724472, -16.523527 ], [ -64.723163, -16.522069 ], [ -64.721706, -16.520612 ], [ -64.720516, -16.519482 ], [ -64.719594, -16.518203 ], [ -64.718999, -16.516216 ], [ -64.718523, -16.514015 ], [ -64.718493, -16.512052 ], [ -64.71894, -16.510713 ], [ -64.7201, -16.509435 ], [ -64.721854, -16.508245 ], [ -64.723699, -16.507263 ], [ -64.724829, -16.506906 ], [ -64.727089, -16.506282 ], [ -64.729588, -16.505984 ], [ -64.731848, -16.505895 ], [ -64.7339, -16.505717 ], [ -64.736652, -16.505431 ], [ -64.73921, -16.505253 ], [ -64.741351, -16.505461 ], [ -64.743403, -16.505847 ], [ -64.745248, -16.50671 ], [ -64.747032, -16.507811 ], [ -64.748311, -16.509 ], [ -64.749322, -16.510279 ], [ -64.750274, -16.511796 ], [ -64.750899, -16.512986 ], [ -64.751196, -16.514533 ], [ -64.750958, -16.51593 ], [ -64.750423, -16.517239 ], [ -64.749709, -16.51825 ], [ -64.748757, -16.519654 ], [ -64.747657, -16.520576 ], [ -64.746556, -16.521231 ], [ -64.74495, -16.522064 ], [ -64.74379, -16.522837 ], [ -64.742541, -16.524146 ], [ -64.741619, -16.525603 ], [ -64.741083, -16.526912 ], [ -64.740697, -16.528339 ], [ -64.740548, -16.529648 ], [ -64.740191, -16.531022 ], [ -64.739947, -16.532615 ], [ -64.740042, -16.534234 ], [ -64.740399, -16.535722 ], [ -64.741202, -16.53712 ], [ -64.742154, -16.53822 ], [ -64.743111, -16.538799 ], [ -64.744534, -16.53944 ], [ -64.745902, -16.539886 ], [ -64.747597, -16.540332 ], [ -64.749852, -16.540486 ], [ -64.752023, -16.54129 ], [ -64.754165, -16.542331 ], [ -64.756187, -16.543788 ], [ -64.758031, -16.545394 ], [ -64.75928, -16.546614 ], [ -64.760143, -16.547506 ], [ -64.760797, -16.548725 ], [ -64.761006, -16.549826 ], [ -64.761124, -16.550986 ], [ -64.761006, -16.551997 ], [ -64.760525, -16.553176 ], [ -64.759633, -16.553926 ], [ -64.758491, -16.554069 ], [ -64.756813, -16.553748 ], [ -64.755386, -16.553462 ], [ -64.753779, -16.553498 ], [ -64.752245, -16.553819 ], [ -64.751177, -16.554566 ], [ -64.750353, -16.556032 ], [ -64.749853, -16.558495 ], [ -64.749818, -16.560886 ], [ -64.749711, -16.563063 ], [ -64.749556, -16.565947 ], [ -64.74908, -16.570087 ], [ -64.748699, -16.573561 ], [ -64.747985, -16.57694 ], [ -64.747367, -16.579891 ], [ -64.747176, -16.582737 ], [ -64.74789, -16.587591 ], [ -64.748842, -16.590398 ], [ -64.750555, -16.593301 ], [ -64.752887, -16.5953 ], [ -64.755504, -16.597489 ], [ -64.757932, -16.599345 ], [ -64.759749, -16.600668 ], [ -64.761177, -16.602274 ], [ -64.762569, -16.603559 ], [ -64.763997, -16.604737 ], [ -64.765353, -16.605808 ], [ -64.766888, -16.606343 ], [ -64.768815, -16.607093 ], [ -64.770528, -16.607949 ], [ -64.77267, -16.608413 ], [ -64.774847, -16.60902 ], [ -64.776667, -16.609627 ], [ -64.778131, -16.610269 ], [ -64.77938, -16.611233 ], [ -64.780215, -16.612197 ], [ -64.781436, -16.613709 ], [ -64.782149, -16.615103 ], [ -64.783253, -16.617262 ], [ -64.784379, -16.620018 ], [ -64.785117, -16.621898 ], [ -64.785809, -16.623162 ], [ -64.78691, -16.624409 ], [ -64.788337, -16.626433 ], [ -64.789468, -16.628039 ], [ -64.790122, -16.629556 ], [ -64.790334, -16.631102 ], [ -64.79033, -16.63262 ], [ -64.789854, -16.633929 ], [ -64.789111, -16.63491 ], [ -64.788189, -16.635683 ], [ -64.78688, -16.636492 ], [ -64.785542, -16.636998 ], [ -64.784025, -16.637266 ], [ -64.782597, -16.637296 ], [ -64.781169, -16.637087 ], [ -64.779652, -16.636849 ], [ -64.778136, -16.636671 ], [ -64.7765, -16.636403 ], [ -64.775369, -16.636403 ], [ -64.77415, -16.636552 ], [ -64.772797, -16.637075 ], [ -64.771339, -16.637908 ], [ -64.769912, -16.63892 ], [ -64.769138, -16.64002 ], [ -64.768246, -16.641358 ], [ -64.767413, -16.642518 ], [ -64.766283, -16.643946 ], [ -64.765301, -16.645195 ], [ -64.764201, -16.646445 ], [ -64.762386, -16.647991 ], [ -64.760614, -16.649591 ], [ -64.758889, -16.651079 ], [ -64.757402, -16.652625 ], [ -64.75645, -16.654053 ], [ -64.755647, -16.6556 ], [ -64.75523, -16.657235 ], [ -64.755379, -16.658842 ], [ -64.755587, -16.660656 ], [ -64.755974, -16.66225 ], [ -64.756479, -16.663559 ], [ -64.757104, -16.664778 ], [ -64.757729, -16.665909 ], [ -64.758175, -16.667396 ], [ -64.758353, -16.669329 ], [ -64.758324, -16.670965 ], [ -64.758324, -16.673023 ], [ -64.758115, -16.674927 ], [ -64.757907, -16.676325 ], [ -64.757818, -16.677663 ], [ -64.758026, -16.679121 ], [ -64.758294, -16.680489 ], [ -64.758918, -16.681678 ], [ -64.75984, -16.683005 ], [ -64.760881, -16.683927 ], [ -64.761893, -16.684671 ], [ -64.763142, -16.685444 ], [ -64.76457, -16.686128 ], [ -64.766027, -16.686425 ], [ -64.76796, -16.686634 ], [ -64.769596, -16.686307 ], [ -64.771589, -16.685652 ], [ -64.77263, -16.684552 ], [ -64.773284, -16.683035 ], [ -64.773433, -16.680982 ], [ -64.772927, -16.678811 ], [ -64.772124, -16.676908 ], [ -64.771173, -16.673862 ], [ -64.769953, -16.671512 ], [ -64.768734, -16.669133 ], [ -64.767633, -16.666813 ], [ -64.766919, -16.664642 ], [ -64.766681, -16.663047 ], [ -64.766741, -16.661441 ], [ -64.767128, -16.659746 ], [ -64.767841, -16.657961 ], [ -64.769061, -16.656593 ], [ -64.770132, -16.655522 ], [ -64.771232, -16.654749 ], [ -64.772095, -16.654214 ], [ -64.773374, -16.653827 ], [ -64.774843, -16.653767 ], [ -64.776509, -16.654095 ], [ -64.777966, -16.654868 ], [ -64.779423, -16.655879 ], [ -64.780524, -16.65695 ], [ -64.781535, -16.658288 ], [ -64.782368, -16.659746 ], [ -64.783052, -16.660757 ], [ -64.783587, -16.662304 ], [ -64.784004, -16.664534 ], [ -64.784063, -16.667271 ], [ -64.784153, -16.670638 ], [ -64.784004, -16.673672 ], [ -64.784093, -16.675873 ], [ -64.784182, -16.677955 ], [ -64.784658, -16.680322 ], [ -64.785342, -16.681899 ], [ -64.786235, -16.683386 ], [ -64.787186, -16.684784 ], [ -64.787891, -16.686193 ], [ -64.788873, -16.687472 ], [ -64.789854, -16.688484 ], [ -64.790776, -16.689376 ], [ -64.792174, -16.690358 ], [ -64.79378, -16.690952 ], [ -64.795387, -16.691518 ], [ -64.797617, -16.69238 ], [ -64.799461, -16.692856 ], [ -64.801677, -16.693171 ], [ -64.803878, -16.693647 ], [ -64.805841, -16.69448 ], [ -64.807269, -16.69561 ], [ -64.808459, -16.696919 ], [ -64.809381, -16.698376 ], [ -64.809916, -16.699863 ], [ -64.810065, -16.701946 ], [ -64.80994, -16.70401 ], [ -64.809179, -16.707198 ], [ -64.808322, -16.709197 ], [ -64.806799, -16.711434 ], [ -64.805276, -16.712623 ], [ -64.803373, -16.713861 ], [ -64.801326, -16.714812 ], [ -64.799375, -16.715384 ], [ -64.796948, -16.715336 ], [ -64.794949, -16.715003 ], [ -64.792237, -16.715098 ], [ -64.790476, -16.715574 ], [ -64.788144, -16.716621 ], [ -64.78586, -16.718144 ], [ -64.78359, -16.720104 ], [ -64.782067, -16.722293 ], [ -64.781068, -16.724768 ], [ -64.780449, -16.727576 ], [ -64.780163, -16.730336 ], [ -64.780306, -16.733287 ], [ -64.78083, -16.736047 ], [ -64.781639, -16.739254 ], [ -64.78259, -16.741777 ], [ -64.783447, -16.744299 ], [ -64.784732, -16.74644 ], [ -64.786207, -16.747754 ], [ -64.78773, -16.748658 ], [ -64.789396, -16.749562 ], [ -64.790966, -16.749943 ], [ -64.792489, -16.7498 ], [ -64.79425, -16.749181 ], [ -64.795963, -16.748087 ], [ -64.797676, -16.746326 ], [ -64.798247, -16.744708 ], [ -64.798676, -16.742471 ], [ -64.799056, -16.740377 ], [ -64.800103, -16.738807 ], [ -64.801674, -16.737189 ], [ -64.803387, -16.735523 ], [ -64.805243, -16.734476 ], [ -64.807622, -16.73381 ], [ -64.811063, -16.73283 ], [ -64.814204, -16.731783 ], [ -64.816583, -16.73026 ], [ -64.819439, -16.728356 ], [ -64.821533, -16.726833 ], [ -64.823674, -16.725596 ], [ -64.825959, -16.724787 ], [ -64.828386, -16.724549 ], [ -64.830717, -16.724644 ], [ -64.832621, -16.725263 ], [ -64.83481, -16.726738 ], [ -64.83619, -16.728214 ], [ -64.83719, -16.730117 ], [ -64.838094, -16.73164 ], [ -64.839379, -16.732877 ], [ -64.840902, -16.734781 ], [ -64.842044, -16.736542 ], [ -64.842662, -16.738874 ], [ -64.842758, -16.741158 ], [ -64.842405, -16.743302 ], [ -64.841449, -16.745524 ], [ -64.839624, -16.746688 ], [ -64.837056, -16.747906 ], [ -64.834203, -16.749397 ], [ -64.831489, -16.75206 ], [ -64.830735, -16.754035 ], [ -64.830094, -16.755498 ], [ -64.829665, -16.757367 ], [ -64.829575, -16.759591 ], [ -64.829966, -16.76156 ], [ -64.830615, -16.763275 ], [ -64.831549, -16.765228 ], [ -64.831979, -16.765845 ], [ -64.833036, -16.767378 ], [ -64.834318, -16.769088 ], [ -64.835228, -16.770765 ], [ -64.835503, -16.772233 ], [ -64.835142, -16.773492 ], [ -64.834332, -16.774431 ], [ -64.833297, -16.775193 ], [ -64.832111, -16.775706 ], [ -64.830325, -16.775794 ], [ -64.828798, -16.775351 ], [ -64.827399, -16.774336 ], [ -64.826128, -16.773305 ], [ -64.825119, -16.772156 ], [ -64.824215, -16.771041 ], [ -64.82314, -16.770142 ], [ -64.821465, -16.76889 ], [ -64.819423, -16.767342 ], [ -64.817741, -16.766639 ], [ -64.816023, -16.766045 ], [ -64.81449, -16.765269 ], [ -64.812806, -16.764388 ], [ -64.81075, -16.763402 ], [ -64.808845, -16.762701 ], [ -64.806755, -16.762146 ], [ -64.804855, -16.762019 ], [ -64.802995, -16.762071 ], [ -64.80084, -16.762484 ], [ -64.798946, -16.763039 ], [ -64.797241, -16.763807 ], [ -64.795614, -16.764968 ], [ -64.794551, -16.766627 ], [ -64.794007, -16.768246 ], [ -64.793985, -16.769824 ], [ -64.794444, -16.771147 ], [ -64.795274, -16.772359 ], [ -64.796438, -16.773425 ], [ -64.797749, -16.774202 ], [ -64.79924, -16.774476 ], [ -64.800616, -16.774404 ], [ -64.801928, -16.774058 ], [ -64.803114, -16.773474 ], [ -64.804148, -16.772628 ], [ -64.805081, -16.771544 ], [ -64.806013, -16.770436 ], [ -64.806922, -16.7694 ], [ -64.807856, -16.768483 ], [ -64.808867, -16.767733 ], [ -64.810115, -16.767244 ], [ -64.811454, -16.767089 ], [ -64.812609, -16.767187 ], [ -64.813915, -16.76757 ], [ -64.815151, -16.768383 ], [ -64.815943, -16.769416 ], [ -64.816293, -16.770991 ], [ -64.816271, -16.772641 ], [ -64.816061, -16.774042 ], [ -64.815626, -16.775301 ], [ -64.814895, -16.77667 ], [ -64.813861, -16.777611 ], [ -64.812265, -16.778371 ], [ -64.810599, -16.779282 ], [ -64.808819, -16.779979 ], [ -64.807378, -16.78114 ], [ -64.806496, -16.782402 ], [ -64.805356, -16.783883 ], [ -64.80459, -16.785503 ], [ -64.804126, -16.787587 ], [ -64.803921, -16.789597 ], [ -64.803891, -16.792071 ], [ -64.803504, -16.794135 ], [ -64.802652, -16.795995 ], [ -64.80161, -16.79732 ], [ -64.800189, -16.797989 ], [ -64.798516, -16.798243 ], [ -64.796835, -16.79766 ], [ -64.794843, -16.7969 ], [ -64.793224, -16.796317 ], [ -64.791174, -16.796096 ], [ -64.789561, -16.79605 ], [ -64.787577, -16.796306 ], [ -64.785907, -16.796799 ], [ -64.784302, -16.797733 ], [ -64.782948, -16.79894 ], [ -64.78141, -16.800328 ], [ -64.780059, -16.801834 ], [ -64.779083, -16.803696 ], [ -64.778728, -16.805552 ], [ -64.778932, -16.807463 ], [ -64.779388, -16.80979 ], [ -64.780091, -16.811935 ], [ -64.781907, -16.813713 ], [ -64.783905, -16.81501 ], [ -64.785836, -16.81583 ], [ -64.787579, -16.816389 ], [ -64.789643, -16.818044 ], [ -64.79109, -16.820124 ], [ -64.79229, -16.822444 ], [ -64.79269, -16.82537 ], [ -64.792593, -16.82818 ], [ -64.791933, -16.830636 ], [ -64.791408, -16.833774 ], [ -64.791191, -16.837552 ], [ -64.79092, -16.840423 ], [ -64.790274, -16.842939 ], [ -64.789249, -16.844884 ], [ -64.787701, -16.846548 ], [ -64.786147, -16.847637 ], [ -64.784367, -16.848441 ], [ -64.782312, -16.848158 ], [ -64.780997, -16.847768 ], [ -64.7795, -16.84692 ], [ -64.778536, -16.845838 ], [ -64.777983, -16.844064 ], [ -64.77791, -16.84263 ], [ -64.778671, -16.841075 ], [ -64.779909, -16.839744 ], [ -64.781749, -16.838925 ], [ -64.783827, -16.838161 ], [ -64.785903, -16.837225 ], [ -64.787563, -16.836292 ], [ -64.788918, -16.834617 ], [ -64.789319, -16.832949 ], [ -64.789177, -16.830483 ], [ -64.788623, -16.828594 ], [ -64.787294, -16.826712 ], [ -64.785378, -16.825696 ], [ -64.783588, -16.825367 ], [ -64.781443, -16.825386 ], [ -64.779541, -16.825862 ], [ -64.777998, -16.826449 ], [ -64.776755, -16.827378 ], [ -64.775451, -16.828077 ], [ -64.773909, -16.828837 ], [ -64.772187, -16.829483 ], [ -64.770463, -16.829842 ], [ -64.769039, -16.830543 ], [ -64.767915, -16.831298 ], [ -64.766316, -16.832402 ], [ -64.765008, -16.832643 ], [ -64.763761, -16.833113 ], [ -64.762397, -16.833813 ], [ -64.761513, -16.834853 ], [ -64.760871, -16.836293 ], [ -64.760588, -16.837902 ], [ -64.761022, -16.839735 ], [ -64.76175, -16.841163 ], [ -64.762832, -16.842244 ], [ -64.764031, -16.84298 ], [ -64.765287, -16.843485 ], [ -64.766723, -16.84415 ], [ -64.768399, -16.844939 ], [ -64.771209, -16.846005 ], [ -64.77325, -16.847594 ], [ -64.77505, -16.849013 ], [ -64.776198, -16.850667 ], [ -64.77693, -16.852439 ], [ -64.776613, -16.85394 ], [ -64.775351, -16.855056 ], [ -64.7744, -16.85623 ], [ -64.773294, -16.857435 ], [ -64.772649, -16.858128 ], [ -64.772314, -16.858848 ], [ -64.771857, -16.859749 ], [ -64.771275, -16.860591 ], [ -64.770566, -16.861105 ], [ -64.769576, -16.861442 ], [ -64.768551, -16.861331 ], [ -64.767648, -16.86098 ], [ -64.767024, -16.860597 ], [ -64.766271, -16.859797 ], [ -64.765474, -16.858882 ], [ -64.764747, -16.858028 ], [ -64.764138, -16.85667 ], [ -64.763654, -16.855383 ], [ -64.763123, -16.85436 ], [ -64.762271, -16.853435 ], [ -64.761146, -16.852608 ], [ -64.759578, -16.852167 ], [ -64.757714, -16.851992 ], [ -64.755551, -16.852249 ], [ -64.753917, -16.852693 ], [ -64.752056, -16.852877 ], [ -64.750616, -16.852793 ], [ -64.749446, -16.852445 ], [ -64.747877, -16.85198 ], [ -64.746236, -16.851659 ], [ -64.74472, -16.851576 ], [ -64.743283, -16.851828 ], [ -64.741727, -16.852773 ], [ -64.740644, -16.853739 ], [ -64.73991, -16.854988 ], [ -64.739524, -16.856211 ], [ -64.739587, -16.857717 ], [ -64.740247, -16.859241 ], [ -64.741227, -16.860548 ], [ -64.742702, -16.861587 ], [ -64.744416, -16.862252 ], [ -64.746383, -16.86288 ], [ -64.748472, -16.863221 ], [ -64.751132, -16.863533 ], [ -64.752474, -16.863665 ], [ -64.753938, -16.863653 ], [ -64.755456, -16.863951 ], [ -64.757172, -16.864271 ], [ -64.758315, -16.86438 ], [ -64.759582, -16.864417 ], [ -64.76121, -16.864636 ], [ -64.763047, -16.865278 ], [ -64.764758, -16.865712 ], [ -64.766472, -16.866414 ], [ -64.767876, -16.867209 ], [ -64.769097, -16.868334 ], [ -64.770074, -16.869909 ], [ -64.770401, -16.871759 ], [ -64.770103, -16.873017 ], [ -64.769648, -16.874187 ], [ -64.76882, -16.87524 ], [ -64.767649, -16.876146 ], [ -64.766146, -16.876757 ], [ -64.764566, -16.877129 ], [ -64.762892, -16.877323 ], [ -64.761246, -16.877248 ], [ -64.759441, -16.876665 ], [ -64.757665, -16.875933 ], [ -64.755857, -16.875112 ], [ -64.754425, -16.874286 ], [ -64.753275, -16.87346 ], [ -64.751775, -16.872301 ], [ -64.750151, -16.871215 ], [ -64.749, -16.870245 ], [ -64.747997, -16.869177 ], [ -64.747192, -16.86806 ], [ -64.746363, -16.867039 ], [ -64.745339, -16.866355 ], [ -64.744117, -16.865768 ], [ -64.742749, -16.865516 ], [ -64.741682, -16.865549 ], [ -64.740343, -16.865823 ], [ -64.739033, -16.866408 ], [ -64.737873, -16.867202 ], [ -64.736989, -16.86831 ], [ -64.73648, -16.869605 ], [ -64.736195, -16.871042 ], [ -64.736234, -16.87262 ], [ -64.736546, -16.874171 ], [ -64.736979, -16.875363 ], [ -64.737616, -16.876457 ], [ -64.738682, -16.877643 ], [ -64.739996, -16.878708 ], [ -64.741434, -16.879862 ], [ -64.742777, -16.880747 ], [ -64.744118, -16.881452 ], [ -64.745366, -16.882099 ], [ -64.746924, -16.882773 ], [ -64.748264, -16.88336 ], [ -64.749947, -16.884021 ], [ -64.751262, -16.884469 ], [ -64.752637, -16.884916 ], [ -64.753851, -16.885135 ], [ -64.754746, -16.885319 ], [ -64.75594, -16.885538 ], [ -64.756777, -16.885837 ], [ -64.757735, -16.886288 ], [ -64.758534, -16.886702 ], [ -64.759254, -16.887308 ], [ -64.759916, -16.887991 ], [ -64.760441, -16.888904 ], [ -64.760668, -16.889801 ], [ -64.760618, -16.890857 ], [ -64.760429, -16.891911 ], [ -64.760101, -16.892927 ], [ -64.759614, -16.893907 ], [ -64.758886, -16.894736 ], [ -64.758058, -16.895431 ], [ -64.75727, -16.896088 ], [ -64.756501, -16.896726 ], [ -64.755473, -16.897347 ], [ -64.754722, -16.897625 ], [ -64.753731, -16.897932 ], [ -64.752583, -16.898032 ], [ -64.751495, -16.897921 ], [ -64.750313, -16.897633 ], [ -64.749285, -16.897193 ], [ -64.748069, -16.896606 ], [ -64.746882, -16.895839 ], [ -64.745697, -16.895191 ], [ -64.744448, -16.894395 ], [ -64.74338, -16.893119 ], [ -64.742596, -16.892199 ], [ -64.74212, -16.891098 ], [ -64.741955, -16.890053 ], [ -64.741789, -16.888799 ], [ -64.741377, -16.887877 ], [ -64.740903, -16.887014 ], [ -64.739964, -16.886155 ], [ -64.738812, -16.885747 ], [ -64.737878, -16.885486 ], [ -64.736638, -16.885616 ], [ -64.735152, -16.886106 ], [ -64.733578, -16.887076 ], [ -64.732348, -16.888282 ], [ -64.731581, -16.889275 ], [ -64.730753, -16.890417 ], [ -64.729961, -16.892038 ], [ -64.729261, -16.893568 ], [ -64.7285, -16.895278 ], [ -64.727985, -16.896657 ], [ -64.727812, -16.898093 ], [ -64.728041, -16.899376 ], [ -64.728672, -16.900536 ], [ -64.729426, -16.901456 ], [ -64.730611, -16.902074 ], [ -64.732284, -16.902448 ], [ -64.733868, -16.902524 ], [ -64.735171, -16.902364 ], [ -64.736597, -16.902202 ], [ -64.737932, -16.902221 ], [ -64.739176, -16.902449 ], [ -64.740701, -16.902885 ], [ -64.742073, -16.90353 ], [ -64.743382, -16.904147 ], [ -64.744757, -16.905121 ], [ -64.745727, -16.90595 ], [ -64.746576, -16.907078 ], [ -64.747175, -16.908059 ], [ -64.74768, -16.909041 ], [ -64.748652, -16.910019 ], [ -64.749279, -16.910731 ], [ -64.74988, -16.911862 ], [ -64.7502, -16.912911 ], [ -64.750462, -16.914433 ], [ -64.750352, -16.915958 ], [ -64.749773, -16.917158 ], [ -64.748883, -16.918242 ], [ -64.747681, -16.919178 ], [ -64.745947, -16.919671 ], [ -64.744471, -16.919923 ], [ -64.743136, -16.919934 ], [ -64.742009, -16.91974 ], [ -64.740865, -16.919356 ], [ -64.739866, -16.918767 ], [ -64.739208, -16.918145 ], [ -64.738764, -16.917132 ], [ -64.738445, -16.916119 ], [ -64.737941, -16.915376 ], [ -64.737189, -16.914606 ], [ -64.736222, -16.914136 ], [ -64.735072, -16.913936 ], [ -64.734047, -16.913945 ], [ -64.732622, -16.914286 ], [ -64.731199, -16.914776 ], [ -64.729962, -16.915294 ], [ -64.728881, -16.915991 ], [ -64.727927, -16.916866 ], [ -64.726879, -16.917652 ], [ -64.726014, -16.918137 ], [ -64.725086, -16.918563 ], [ -64.724097, -16.91908 ], [ -64.722956, -16.919836 ], [ -64.721878, -16.920832 ], [ -64.721049, -16.921885 ], [ -64.720533, -16.923144 ], [ -64.720141, -16.924403 ], [ -64.719906, -16.925839 ], [ -64.720102, -16.926973 ], [ -64.720671, -16.928074 ], [ -64.721549, -16.928993 ], [ -64.72261, -16.929612 ], [ -64.723947, -16.92987 ], [ -64.725189, -16.929859 ], [ -64.726087, -16.929553 ], [ -64.726951, -16.929007 ], [ -64.727783, -16.928343 ], [ -64.728459, -16.9275 ], [ -64.728979, -16.926719 ], [ -64.729592, -16.925787 ], [ -64.73033, -16.925034 ], [ -64.73144, -16.924188 ], [ -64.732677, -16.923609 ], [ -64.734071, -16.923299 ], [ -64.735499, -16.923257 ], [ -64.736742, -16.923485 ], [ -64.737742, -16.924104 ], [ -64.738494, -16.924875 ], [ -64.739216, -16.925795 ], [ -64.7395, -16.926301 ], [ -64.739726, -16.927196 ], [ -64.73964, -16.928003 ], [ -64.739087, -16.928636 ], [ -64.738409, -16.929255 ], [ -64.737136, -16.930212 ], [ -64.736099, -16.930924 ], [ -64.735376, -16.931676 ], [ -64.73492, -16.932397 ], [ -64.73454, -16.933132 ], [ -64.734411, -16.93397 ], [ -64.734238, -16.935442 ], [ -64.73436, -16.936624 ], [ -64.734633, -16.937877 ], [ -64.735314, -16.938983 ], [ -64.736289, -16.939763 ], [ -64.737451, -16.940471 ], [ -64.738648, -16.941034 ], [ -64.739991, -16.941131 ], [ -64.741294, -16.941012 ], [ -64.742408, -16.940644 ], [ -64.743409, -16.940097 ], [ -64.744448, -16.939622 ], [ -64.745526, -16.939398 ], [ -64.746571, -16.939568 ], [ -64.747396, -16.940171 ], [ -64.747553, -16.940994 ], [ -64.747077, -16.941895 ], [ -64.746261, -16.942261 ], [ -64.745332, -16.942555 ], [ -64.744493, -16.942921 ], [ -64.743158, -16.943614 ], [ -64.741824, -16.944343 ], [ -64.740714, -16.945284 ], [ -64.739605, -16.94619 ], [ -64.738536, -16.947491 ], [ -64.73784, -16.948716 ], [ -64.736957, -16.950014 ], [ -64.735925, -16.951242 ], [ -64.735001, -16.952039 ], [ -64.733779, -16.952839 ], [ -64.732777, -16.953277 ], [ -64.731626, -16.953753 ], [ -64.730624, -16.954156 ], [ -64.729208, -16.95424 ], [ -64.727942, -16.954251 ], [ -64.726672, -16.953903 ], [ -64.72555, -16.953482 ], [ -64.724465, -16.952989 ], [ -64.723398, -16.952107 ], [ -64.722625, -16.951463 ], [ -64.721687, -16.950753 ], [ -64.720822, -16.949864 ], [ -64.720105, -16.948866 ], [ -64.71972, -16.947542 ], [ -64.719223, -16.946112 ], [ -64.718651, -16.944718 ], [ -64.717972, -16.943791 ], [ -64.716846, -16.942833 ], [ -64.715573, -16.942198 ], [ -64.71408, -16.941923 ], [ -64.712518, -16.942223 ], [ -64.71133, -16.942736 ], [ -64.710295, -16.943605 ], [ -64.70952, -16.944436 ], [ -64.708897, -16.945553 ], [ -64.708499, -16.946883 ], [ -64.708362, -16.948283 ], [ -64.708527, -16.949967 ], [ -64.70895, -16.951434 ], [ -64.708396, -16.952018 ], [ -64.707243, -16.952052 ], [ -64.705341, -16.951758 ], [ -64.703595, -16.951734 ], [ -64.702131, -16.951979 ], [ -64.7006, -16.952398 ], [ -64.699203, -16.953196 ], [ -64.699017, -16.953274 ], [ -64.697867, -16.953822 ], [ -64.696793, -16.954512 ], [ -64.69598, -16.955272 ], [ -64.695354, -16.956102 ], [ -64.694394, -16.957078 ], [ -64.693619, -16.957946 ], [ -64.69251, -16.958995 ], [ -64.691148, -16.960025 ], [ -64.689667, -16.961077 ], [ -64.688037, -16.96213 ], [ -64.686107, -16.963043 ], [ -64.684291, -16.964134 ], [ -64.682771, -16.964971 ], [ -64.681326, -16.96588 ], [ -64.679918, -16.966788 ], [ -64.678807, -16.967622 ], [ -64.677623, -16.968564 ], [ -64.676773, -16.96936 ], [ -64.675849, -16.970193 ], [ -64.675035, -16.970881 ], [ -64.674372, -16.971747 ], [ -64.673785, -16.972827 ], [ -64.673422, -16.97387 ], [ -64.67332, -16.974983 ], [ -64.673292, -16.976059 ], [ -64.673561, -16.977025 ], [ -64.674262, -16.977859 ], [ -64.675276, -16.978783 ], [ -64.676622, -16.979274 ], [ -64.677888, -16.979156 ], [ -64.678926, -16.978538 ], [ -64.679814, -16.977741 ], [ -64.680697, -16.976443 ], [ -64.681355, -16.975039 ], [ -64.681827, -16.973636 ], [ -64.682262, -16.972306 ], [ -64.682812, -16.971297 ], [ -64.683512, -16.970395 ], [ -64.6844, -16.96967 ], [ -64.685475, -16.969052 ], [ -64.686815, -16.968861 ], [ -64.68827, -16.969064 ], [ -64.689469, -16.9697 ], [ -64.690594, -16.970587 ], [ -64.691425, -16.9718 ], [ -64.691772, -16.973088 ], [ -64.691669, -16.974021 ], [ -64.691456, -16.975278 ], [ -64.691316, -16.976283 ], [ -64.691551, -16.977573 ], [ -64.691935, -16.978789 ], [ -64.692654, -16.980059 ], [ -64.693559, -16.981164 ], [ -64.694498, -16.981945 ], [ -64.695695, -16.982509 ], [ -64.696819, -16.983109 ], [ -64.698313, -16.983527 ], [ -64.699732, -16.983874 ], [ -64.700928, -16.984151 ], [ -64.702347, -16.984462 ], [ -64.703468, -16.984811 ], [ -64.704494, -16.984971 ], [ -64.705483, -16.985153 ], [ -64.706269, -16.985469 ], [ -64.707093, -16.985964 ], [ -64.708069, -16.986673 ], [ -64.708672, -16.987457 ], [ -64.709203, -16.988492 ], [ -64.709511, -16.989566 ], [ -64.709673, -16.990963 ], [ -64.709611, -16.992362 ], [ -64.7094, -16.993784 ], [ -64.708964, -16.995007 ], [ -64.708494, -16.996553 ], [ -64.708282, -16.997882 ], [ -64.708406, -16.999244 ], [ -64.708193, -17.000393 ], [ -64.707603, -17.001115 ], [ -64.706715, -17.00184 ], [ -64.705676, -17.002351 ], [ -64.704263, -17.002757 ], [ -64.70281, -17.002733 ], [ -64.70169, -17.002563 ], [ -64.700493, -17.002143 ], [ -64.699371, -17.001614 ], [ -64.698283, -17.000906 ], [ -64.697308, -17.000197 ], [ -64.696344, -16.999137 ], [ -64.695612, -16.998131 ], [ -64.695231, -16.997238 ], [ -64.695184, -16.996126 ], [ -64.695362, -16.995157 ], [ -64.695912, -16.994184 ], [ -64.696762, -16.993352 ], [ -64.697647, -16.992304 ], [ -64.698121, -16.991153 ], [ -64.698333, -16.989824 ], [ -64.698322, -16.988677 ], [ -64.697862, -16.987282 ], [ -64.697144, -16.98614 ], [ -64.696241, -16.985144 ], [ -64.69505, -16.984551 ], [ -64.693816, -16.984095 ], [ -64.692322, -16.983713 ], [ -64.691017, -16.983652 ], [ -64.689266, -16.983703 ], [ -64.687703, -16.983967 ], [ -64.686476, -16.984264 ], [ -64.685099, -16.984526 ], [ -64.683537, -16.984826 ], [ -64.682273, -16.985231 ], [ -64.681048, -16.985779 ], [ -64.679824, -16.986434 ], [ -64.678676, -16.987219 ], [ -64.677826, -16.98805 ], [ -64.677051, -16.988953 ], [ -64.676199, -16.989462 ], [ -64.675272, -16.990044 ], [ -64.674347, -16.990769 ], [ -64.673534, -16.991564 ], [ -64.672981, -16.992286 ], [ -64.672394, -16.993331 ], [ -64.672105, -16.994409 ], [ -64.671967, -16.995594 ], [ -64.672126, -16.99674 ], [ -64.672671, -16.997967 ], [ -64.673525, -16.998964 ], [ -64.674485, -16.999645 ], [ -64.675562, -17.000038 ], [ -64.676875, -17.000161 ], [ -64.677927, -16.99998 ], [ -64.679197, -16.999683 ], [ -64.680089, -16.999388 ], [ -64.68084, -16.999 ], [ -64.681617, -16.99863 ], [ -64.682111, -16.998237 ], [ -64.682386, -16.997757 ], [ -64.682692, -16.997246 ], [ -64.683215, -16.996674 ], [ -64.684111, -16.996159 ], [ -64.684884, -16.995734 ], [ -64.685907, -16.995516 ], [ -64.686838, -16.995419 ], [ -64.687895, -16.995559 ], [ -64.688767, -16.995881 ], [ -64.689549, -16.996442 ], [ -64.690238, -16.997034 ], [ -64.690867, -16.997955 ], [ -64.691247, -16.998819 ], [ -64.691381, -16.999834 ], [ -64.691359, -17.00091 ], [ -64.69109, -17.001988 ], [ -64.690634, -17.003098 ], [ -64.69024, -17.004237 ], [ -64.689877, -17.005345 ], [ -64.689606, -17.006244 ], [ -64.68946, -17.007351 ], [ -64.689501, -17.008427 ], [ -64.689728, -17.009531 ], [ -64.690175, -17.010872 ], [ -64.690462, -17.011706 ], [ -64.690814, -17.012869 ], [ -64.691012, -17.014063 ], [ -64.69093, -17.015318 ], [ -64.690659, -17.016277 ], [ -64.6902, -17.017118 ], [ -64.689554, -17.017751 ], [ -64.688629, -17.018505 ], [ -64.687577, -17.019052 ], [ -64.686028, -17.019453 ], [ -64.684704, -17.019364 ], [ -64.683319, -17.019322 ], [ -64.682097, -17.018906 ], [ -64.681367, -17.018596 ], [ -64.680489, -17.018202 ], [ -64.67975, -17.017845 ], [ -64.67899, -17.017373 ], [ -64.678224, -17.016972 ], [ -64.677497, -17.016284 ], [ -64.676642, -17.015144 ], [ -64.675764, -17.014266 ], [ -64.674939, -17.013651 ], [ -64.67389, -17.01311 ], [ -64.672744, -17.012785 ], [ -64.671825, -17.012792 ], [ -64.670933, -17.013111 ], [ -64.67002, -17.013811 ], [ -64.669171, -17.01444 ], [ -64.668331, -17.015021 ], [ -64.667292, -17.015531 ], [ -64.666375, -17.015874 ], [ -64.665183, -17.015859 ], [ -64.664088, -17.015701 ], [ -64.663313, -17.015181 ], [ -64.662858, -17.014372 ], [ -64.662652, -17.013537 ], [ -64.662643, -17.012461 ], [ -64.662832, -17.011432 ], [ -64.663471, -17.010542 ], [ -64.664307, -17.009626 ], [ -64.665144, -17.008687 ], [ -64.665634, -17.007846 ], [ -64.665946, -17.006672 ], [ -64.665861, -17.005477 ], [ -64.665502, -17.004237 ], [ -64.664998, -17.003381 ], [ -64.664321, -17.002693 ], [ -64.663471, -17.002126 ], [ -64.662326, -17.00192 ], [ -64.661059, -17.001906 ], [ -64.659918, -17.002203 ], [ -64.65873, -17.002738 ], [ -64.657643, -17.003464 ], [ -64.656663, -17.0044 ], [ -64.655628, -17.005484 ], [ -64.654594, -17.006545 ], [ -64.65383, -17.00722 ], [ -64.652965, -17.007754 ], [ -64.651974, -17.00812 ], [ -64.650709, -17.00837 ], [ -64.649568, -17.008594 ], [ -64.648425, -17.008627 ], [ -64.647257, -17.008637 ], [ -64.646112, -17.008431 ], [ -64.644966, -17.008129 ], [ -64.643845, -17.007756 ], [ -64.642698, -17.007311 ], [ -64.641396, -17.006723 ], [ -64.640099, -17.006184 ], [ -64.638801, -17.005573 ], [ -64.63743, -17.005034 ], [ -64.635986, -17.004759 ], [ -64.634668, -17.00465 ], [ -64.633275, -17.00447 ], [ -64.632131, -17.004311 ], [ -64.631063, -17.004368 ], [ -64.62981, -17.004617 ], [ -64.628697, -17.005194 ], [ -64.627865, -17.005918 ], [ -64.627128, -17.00691 ], [ -64.626733, -17.007989 ], [ -64.626742, -17.009065 ], [ -64.62697, -17.010288 ], [ -64.627571, -17.011509 ], [ -64.628357, -17.012608 ], [ -64.629328, -17.013557 ], [ -64.630265, -17.014147 ], [ -64.631356, -17.014497 ], [ -64.632381, -17.014578 ], [ -64.633345, -17.0146 ], [ -64.634277, -17.014623 ], [ -64.635366, -17.014901 ], [ -64.636489, -17.015358 ], [ -64.637689, -17.016209 ], [ -64.638609, -17.01715 ], [ -64.639274, -17.018139 ], [ -64.639982, -17.019549 ], [ -64.640429, -17.020712 ], [ -64.640717, -17.0218 ], [ -64.640767, -17.023005 ], [ -64.640898, -17.02427 ], [ -64.640987, -17.025417 ], [ -64.641058, -17.026717 ], [ -64.641168, -17.027883 ], [ -64.641317, -17.02901 ], [ -64.641526, -17.030252 ], [ -64.641578, -17.031609 ], [ -64.641472, -17.03314 ], [ -64.641337, -17.034116 ], [ -64.640924, -17.035239 ], [ -64.64032, -17.036105 ], [ -64.639671, -17.036913 ], [ -64.638664, -17.037725 ], [ -64.637759, -17.038263 ], [ -64.636703, -17.038573 ], [ -64.635572, -17.038854 ], [ -64.634529, -17.038977 ], [ -64.633441, -17.039072 ], [ -64.632307, -17.038967 ], [ -64.631097, -17.038661 ], [ -64.630073, -17.038317 ], [ -64.629371, -17.038024 ], [ -64.628493, -17.037591 ], [ -64.627413, -17.036911 ], [ -64.626472, -17.036192 ], [ -64.625591, -17.035377 ], [ -64.624807, -17.034465 ], [ -64.624221, -17.033387 ], [ -64.624154, -17.032546 ], [ -64.624365, -17.031569 ], [ -64.624696, -17.030744 ], [ -64.625305, -17.029916 ], [ -64.626114, -17.029279 ], [ -64.626844, -17.028546 ], [ -64.627493, -17.027737 ], [ -64.628023, -17.026987 ], [ -64.628374, -17.026143 ], [ -64.628644, -17.025165 ], [ -64.628835, -17.024265 ], [ -64.628766, -17.023194 ], [ -64.628519, -17.022259 ], [ -64.628193, -17.021343 ], [ -64.627667, -17.020238 ], [ -64.626962, -17.019211 ], [ -64.626178, -17.018242 ], [ -64.625296, -17.017369 ], [ -64.624254, -17.016478 ], [ -64.622951, -17.015704 ], [ -64.621873, -17.015139 ], [ -64.620916, -17.014841 ], [ -64.619821, -17.014658 ], [ -64.618729, -17.014743 ], [ -64.617876, -17.015018 ], [ -64.616987, -17.015675 ], [ -64.616437, -17.016426 ], [ -64.615907, -17.017195 ], [ -64.615797, -17.018305 ], [ -64.615807, -17.019453 ], [ -64.616156, -17.020712 ], [ -64.616603, -17.021837 ], [ -64.617327, -17.022822 ], [ -64.618249, -17.023676 ], [ -64.619073, -17.024798 ], [ -64.619741, -17.026093 ], [ -64.620348, -17.027351 ], [ -64.620657, -17.02863 ], [ -64.620629, -17.029954 ], [ -64.620501, -17.031274 ], [ -64.620152, -17.03231 ], [ -64.619307, -17.033484 ], [ -64.618203, -17.034525 ], [ -64.617413, -17.035163 ], [ -64.616224, -17.035574 ], [ -64.615111, -17.035659 ], [ -64.614055, -17.035419 ], [ -64.613077, -17.034987 ], [ -64.612272, -17.034392 ], [ -64.611781, -17.033666 ], [ -64.611463, -17.032748 ], [ -64.611155, -17.031639 ], [ -64.610949, -17.030792 ], [ -64.610759, -17.030126 ], [ -64.610545, -17.029525 ], [ -64.610194, -17.028653 ], [ -64.60971, -17.027868 ], [ -64.609108, -17.027198 ], [ -64.608149, -17.026661 ], [ -64.607161, -17.02621 ], [ -64.60625, -17.025944 ], [ -64.60522, -17.025838 ], [ -64.604057, -17.025919 ], [ -64.603104, -17.02607 ], [ -64.602033, -17.026336 ], [ -64.60058, -17.026782 ], [ -64.59961, -17.027249 ], [ -64.59878, -17.027772 ], [ -64.597931, -17.028467 ], [ -64.596843, -17.029221 ], [ -64.595755, -17.029861 ], [ -64.594706, -17.030424 ], [ -64.593638, -17.031006 ], [ -64.592491, -17.031742 ], [ -64.59168, -17.032322 ], [ -64.590811, -17.032922 ], [ -64.59004, -17.033502 ], [ -64.588954, -17.034314 ], [ -64.588203, -17.034893 ], [ -64.587575, -17.035613 ], [ -64.587048, -17.036727 ], [ -64.586779, -17.037915 ], [ -64.586928, -17.039004 ], [ -64.587476, -17.0403 ], [ -64.588381, -17.041555 ], [ -64.58914, -17.042028 ], [ -64.590058, -17.042327 ], [ -64.591232, -17.04247 ], [ -64.592541, -17.042078 ], [ -64.593554, -17.041496 ], [ -64.594384, -17.040935 ], [ -64.595234, -17.040354 ], [ -64.595886, -17.039756 ], [ -64.596457, -17.039178 ], [ -64.597147, -17.038407 ], [ -64.597898, -17.037923 ], [ -64.59889, -17.037647 ], [ -64.600159, -17.037293 ], [ -64.60133, -17.036978 ], [ -64.602337, -17.036587 ], [ -64.603168, -17.036179 ], [ -64.604059, -17.035713 ], [ -64.605069, -17.035265 ], [ -64.606141, -17.035065 ], [ -64.607433, -17.034998 ], [ -64.608588, -17.035199 ], [ -64.609704, -17.035554 ], [ -64.610764, -17.03631 ], [ -64.611489, -17.03728 ], [ -64.611837, -17.038463 ], [ -64.611847, -17.039687 ], [ -64.611558, -17.04078 ], [ -64.611111, -17.041686 ], [ -64.610582, -17.042594 ], [ -64.609992, -17.04333 ], [ -64.609074, -17.044055 ], [ -64.608064, -17.044536 ], [ -64.607364, -17.044642 ], [ -64.606335, -17.044736 ], [ -64.60526, -17.044587 ], [ -64.604141, -17.04451 ], [ -64.603049, -17.044691 ], [ -64.601958, -17.04501 ], [ -64.600844, -17.045449 ], [ -64.599656, -17.046056 ], [ -64.598358, -17.046838 ], [ -64.597494, -17.047532 ], [ -64.596848, -17.048344 ], [ -64.596235, -17.049275 ], [ -64.595499, -17.050447 ], [ -64.594767, -17.051481 ], [ -64.594116, -17.05228 ], [ -64.593223, -17.053214 ], [ -64.592515, -17.053937 ], [ -64.591338, -17.054394 ], [ -64.590469, -17.054461 ], [ -64.589193, -17.054321 ], [ -64.58807, -17.053977 ], [ -64.587104, -17.053352 ], [ -64.586319, -17.052431 ], [ -64.585626, -17.051301 ], [ -64.585366, -17.049958 ], [ -64.585319, -17.048105 ], [ -64.585222, -17.046372 ], [ -64.584804, -17.044701 ], [ -64.583952, -17.043154 ], [ -64.582822, -17.041818 ], [ -64.581508, -17.040632 ], [ -64.580163, -17.039597 ], [ -64.579037, -17.038709 ], [ -64.578469, -17.037667 ], [ -64.577993, -17.036446 ], [ -64.577676, -17.035701 ], [ -64.576921, -17.034571 ], [ -64.575763, -17.033624 ], [ -64.574483, -17.032767 ], [ -64.572988, -17.03242 ], [ -64.571621, -17.032341 ], [ -64.569883, -17.032563 ], [ -64.568303, -17.033113 ], [ -64.566787, -17.033902 ], [ -64.565645, -17.034778 ], [ -64.564872, -17.035202 ], [ -64.564068, -17.035657 ], [ -64.563484, -17.036378 ], [ -64.563306, -17.037456 ], [ -64.563349, -17.0388 ], [ -64.563702, -17.040232 ], [ -64.564458, -17.041422 ], [ -64.565523, -17.04249 ], [ -64.566526, -17.043558 ], [ -64.567903, -17.044713 ], [ -64.568965, -17.045452 ], [ -64.569966, -17.046251 ], [ -64.570844, -17.047141 ], [ -64.572283, -17.048415 ], [ -64.573364, -17.0491 ], [ -64.574769, -17.049866 ], [ -64.57642, -17.050451 ], [ -64.577761, -17.051068 ], [ -64.579072, -17.051775 ], [ -64.579886, -17.052516 ], [ -64.580643, -17.053825 ], [ -64.58084, -17.055079 ], [ -64.58057, -17.056247 ], [ -64.580083, -17.057416 ], [ -64.579593, -17.058316 ], [ -64.578979, -17.05914 ], [ -64.577803, -17.059717 ], [ -64.576345, -17.060057 ], [ -64.575134, -17.060096 ], [ -64.574168, -17.059745 ], [ -64.573075, -17.059096 ], [ -64.572107, -17.058566 ], [ -64.570892, -17.058097 ], [ -64.569585, -17.057898 ], [ -64.568188, -17.057998 ], [ -64.566947, -17.058307 ], [ -64.565772, -17.058914 ], [ -64.564691, -17.059699 ], [ -64.56383, -17.060811 ], [ -64.563125, -17.062012 ], [ -64.562451, -17.063123 ], [ -64.561931, -17.064114 ], [ -64.561314, -17.064686 ], [ -64.560073, -17.065634 ], [ -64.559055, -17.066449 ], [ -64.557696, -17.067476 ], [ -64.55643, -17.068472 ], [ -64.555165, -17.069557 ], [ -64.553714, -17.069951 ], [ -64.551998, -17.069856 ], [ -64.550652, -17.069436 ], [ -64.54964, -17.068798 ], [ -64.54907, -17.067497 ], [ -64.548912, -17.066423 ], [ -64.549012, -17.064987 ], [ -64.549523, -17.063621 ], [ -64.550071, -17.062289 ], [ -64.550359, -17.060996 ], [ -64.550349, -17.059741 ], [ -64.550115, -17.058487 ], [ -64.549433, -17.057273 ], [ -64.548419, -17.056313 ], [ -64.54707, -17.055462 ], [ -64.54524, -17.055153 ], [ -64.543635, -17.05495 ], [ -64.542444, -17.055175 ], [ -64.54077, -17.055653 ], [ -64.538948, -17.056241 ], [ -64.5372, -17.056756 ], [ -64.535524, -17.057056 ], [ -64.532939, -17.057363 ], [ -64.530703, -17.057487 ], [ -64.529097, -17.05714 ], [ -64.527157, -17.056976 ], [ -64.524768, -17.056707 ], [ -64.522716, -17.056507 ], [ -64.521299, -17.056482 ], [ -64.519958, -17.056671 ], [ -64.51862, -17.057147 ], [ -64.51747, -17.057909 ], [ -64.516434, -17.058885 ], [ -64.515772, -17.060074 ], [ -64.515597, -17.061474 ], [ -64.515906, -17.062727 ], [ -64.516435, -17.063584 ], [ -64.51711, -17.064116 ], [ -64.518083, -17.064504 ], [ -64.519233, -17.064725 ], [ -64.520499, -17.064572 ], [ -64.521728, -17.064311 ], [ -64.523253, -17.06387 ], [ -64.524779, -17.063571 ], [ -64.526122, -17.063669 ], [ -64.527693, -17.064231 ], [ -64.52908, -17.065081 ], [ -64.53002, -17.066078 ], [ -64.530552, -17.067329 ], [ -64.531235, -17.068831 ], [ -64.532179, -17.070258 ], [ -64.533569, -17.071467 ], [ -64.535405, -17.072565 ], [ -64.537158, -17.072944 ], [ -64.538688, -17.073076 ], [ -64.539994, -17.073174 ], [ -64.541152, -17.073524 ], [ -64.542499, -17.074016 ], [ -64.543624, -17.074796 ], [ -64.544751, -17.075864 ], [ -64.545693, -17.07704 ], [ -64.546525, -17.078432 ], [ -64.547172, -17.080041 ], [ -64.547632, -17.081544 ], [ -64.547868, -17.083056 ], [ -64.548477, -17.084486 ], [ -64.54912, -17.085557 ], [ -64.549578, -17.08688 ], [ -64.549475, -17.087957 ], [ -64.548997, -17.088785 ], [ -64.548218, -17.089329 ], [ -64.547101, -17.089517 ], [ -64.545796, -17.089455 ], [ -64.544228, -17.089288 ], [ -64.542659, -17.089013 ], [ -64.541203, -17.088737 ], [ -64.539897, -17.088711 ], [ -64.538104, -17.089033 ], [ -64.53664, -17.089402 ], [ -64.535351, -17.089819 ], [ -64.53389, -17.090523 ], [ -64.532431, -17.091514 ], [ -64.531021, -17.092362 ], [ -64.529239, -17.093332 ], [ -64.527678, -17.093989 ], [ -64.526314, -17.094358 ], [ -64.524976, -17.094942 ], [ -64.523838, -17.09562 ], [ -64.523024, -17.096439 ], [ -64.521815, -17.097548 ], [ -64.520579, -17.09849 ], [ -64.519736, -17.098807 ], [ -64.518966, -17.09886 ], [ -64.518002, -17.09879 ], [ -64.517253, -17.098377 ], [ -64.516157, -17.097399 ], [ -64.515185, -17.09633 ], [ -64.513994, -17.095084 ], [ -64.512709, -17.093749 ], [ -64.511831, -17.092769 ], [ -64.510735, -17.091731 ], [ -64.509486, -17.090933 ], [ -64.507988, -17.090197 ], [ -64.506616, -17.08967 ], [ -64.505433, -17.089409 ], [ -64.504253, -17.089448 ], [ -64.503104, -17.089576 ], [ -64.501864, -17.090004 ], [ -64.500595, -17.090641 ], [ -64.499669, -17.091395 ], [ -64.49912, -17.092684 ], [ -64.498882, -17.094091 ], [ -64.498834, -17.095765 ], [ -64.498845, -17.097139 ], [ -64.498997, -17.098469 ], [ -64.49899, -17.099484 ], [ -64.498774, -17.100479 ], [ -64.498543, -17.10136 ], [ -64.498072, -17.102205 ], [ -64.497482, -17.103032 ], [ -64.496851, -17.103726 ], [ -64.496336, -17.10394 ], [ -64.495522, -17.104214 ], [ -64.494731, -17.104747 ], [ -64.49386, -17.105308 ], [ -64.49285, -17.105832 ], [ -64.491681, -17.106434 ], [ -64.490016, -17.107173 ], [ -64.489207, -17.107925 ], [ -64.488199, -17.108774 ], [ -64.487328, -17.109316 ], [ -64.486543, -17.109828 ], [ -64.485553, -17.110462 ], [ -64.484471, -17.111218 ], [ -64.483761, -17.111761 ], [ -64.482926, -17.112335 ], [ -64.481783, -17.11315 ], [ -64.480732, -17.113875 ], [ -64.479651, -17.11481 ], [ -64.478665, -17.115833 ], [ -64.477986, -17.116495 ], [ -64.47734, -17.117397 ], [ -64.476881, -17.118267 ], [ -64.476623, -17.119421 ], [ -64.47665, -17.12045 ], [ -64.476811, -17.121196 ], [ -64.47719, -17.121941 ], [ -64.477879, -17.122623 ], [ -64.478784, -17.123095 ], [ -64.47997, -17.123654 ], [ -64.481185, -17.124064 ], [ -64.482306, -17.124354 ], [ -64.483553, -17.124763 ], [ -64.484799, -17.125143 ], [ -64.485984, -17.125642 ], [ -64.487171, -17.126351 ], [ -64.488015, -17.126972 ], [ -64.488925, -17.127982 ], [ -64.489369, -17.129054 ], [ -64.489565, -17.130338 ], [ -64.489388, -17.131445 ], [ -64.489024, -17.132584 ], [ -64.488535, -17.133633 ], [ -64.487921, -17.134684 ], [ -64.48718, -17.135317 ], [ -64.485879, -17.135805 ], [ -64.484266, -17.136295 ], [ -64.48281, -17.136873 ], [ -64.481697, -17.137659 ], [ -64.48083, -17.138084 ], [ -64.4799, -17.138389 ], [ -64.47903, -17.138425 ], [ -64.477879, -17.138314 ], [ -64.476788, -17.138023 ], [ -64.47545, -17.137764 ], [ -64.474351, -17.137284 ], [ -64.47357, -17.136677 ], [ -64.472809, -17.135956 ], [ -64.471968, -17.135273 ], [ -64.471266, -17.134571 ], [ -64.470625, -17.134002 ], [ -64.469786, -17.133606 ], [ -64.468927, -17.133172 ], [ -64.46791, -17.132855 ], [ -64.466596, -17.132673 ], [ -64.465103, -17.132569 ], [ -64.46403, -17.132691 ], [ -64.463256, -17.132907 ], [ -64.462223, -17.133221 ], [ -64.461233, -17.133706 ], [ -64.460498, -17.134381 ], [ -64.45981, -17.135496 ], [ -64.459164, -17.136782 ], [ -64.458735, -17.13799 ], [ -64.45813, -17.139391 ], [ -64.457759, -17.140312 ], [ -64.457147, -17.140966 ], [ -64.455739, -17.141493 ], [ -64.454528, -17.141903 ], [ -64.453356, -17.142065 ], [ -64.452321, -17.142034 ], [ -64.450865, -17.141566 ], [ -64.449509, -17.141098 ], [ -64.448089, -17.140228 ], [ -64.447269, -17.139622 ], [ -64.446366, -17.13871 ], [ -64.44562, -17.137376 ], [ -64.445054, -17.136156 ], [ -64.444367, -17.134841 ], [ -64.443742, -17.133794 ], [ -64.442738, -17.132519 ], [ -64.441576, -17.131571 ], [ -64.440497, -17.130871 ], [ -64.439259, -17.130287 ], [ -64.437963, -17.129914 ], [ -64.436609, -17.129789 ], [ -64.435297, -17.129875 ], [ -64.434166, -17.130304 ], [ -64.433017, -17.130924 ], [ -64.431751, -17.131832 ], [ -64.431378, -17.132485 ], [ -64.430911, -17.133847 ], [ -64.430466, -17.135514 ], [ -64.430282, -17.137428 ], [ -64.430554, -17.139186 ], [ -64.431204, -17.140953 ], [ -64.431809, -17.142077 ], [ -64.432754, -17.143314 ], [ -64.433659, -17.144531 ], [ -64.434403, -17.145674 ], [ -64.435065, -17.147046 ], [ -64.435448, -17.148454 ], [ -64.435682, -17.149768 ], [ -64.435767, -17.151082 ], [ -64.435726, -17.152206 ], [ -64.435611, -17.153379 ], [ -64.435496, -17.154599 ], [ -64.435182, -17.155797 ], [ -64.434598, -17.156865 ], [ -64.432675, -17.158578 ], [ -64.431865, -17.159021 ], [ -64.431204, -17.159377 ], [ -64.430467, -17.15964 ], [ -64.429885, -17.1598 ], [ -64.429244, -17.159822 ], [ -64.428869, -17.15977 ], [ -64.428247, -17.159655 ], [ -64.427468, -17.159481 ], [ -64.42675, -17.159068 ], [ -64.426186, -17.158504 ], [ -64.425714, -17.15773 ], [ -64.425303, -17.156837 ], [ -64.425046, -17.155822 ], [ -64.424851, -17.154718 ], [ -64.424655, -17.153404 ], [ -64.424675, -17.151999 ], [ -64.42476, -17.150863 ], [ -64.425028, -17.149367 ], [ -64.425326, -17.147721 ], [ -64.425435, -17.146252 ], [ -64.425381, -17.145133 ], [ -64.425238, -17.143929 ], [ -64.424917, -17.142999 ], [ -64.424644, -17.142384 ], [ -64.424191, -17.141713 ], [ -64.423514, -17.140957 ], [ -64.42281, -17.14056 ], [ -64.422196, -17.140335 ], [ -64.421285, -17.140227 ], [ -64.420552, -17.140304 ], [ -64.419926, -17.14048 ], [ -64.419287, -17.140815 ], [ -64.418561, -17.141437 ], [ -64.41797, -17.142302 ], [ -64.417365, -17.143066 ], [ -64.41679, -17.144046 ], [ -64.416187, -17.145272 ], [ -64.41566, -17.14651 ], [ -64.415428, -17.147387 ], [ -64.415166, -17.14835 ], [ -64.414829, -17.149084 ], [ -64.414459, -17.149545 ], [ -64.413911, -17.150137 ], [ -64.413244, -17.150716 ], [ -64.41259, -17.151079 ], [ -64.411995, -17.15127 ], [ -64.411235, -17.151347 ], [ -64.410279, -17.151325 ], [ -64.409637, -17.151128 ], [ -64.409087, -17.15075 ], [ -64.408287, -17.150181 ], [ -64.407561, -17.149469 ], [ -64.406958, -17.148636 ], [ -64.406005, -17.147615 ], [ -64.405276, -17.146664 ], [ -64.404747, -17.145735 ], [ -64.404416, -17.144661 ], [ -64.404301, -17.143709 ], [ -64.404345, -17.143004 ], [ -64.40419, -17.142228 ], [ -64.403848, -17.141333 ], [ -64.403369, -17.14056 ], [ -64.402656, -17.139943 ], [ -64.402156, -17.139576 ], [ -64.401596, -17.139263 ], [ -64.400857, -17.138828 ], [ -64.40006, -17.138623 ], [ -64.398886, -17.138612 ], [ -64.397893, -17.138849 ], [ -64.396981, -17.139238 ], [ -64.396108, -17.139645 ], [ -64.395197, -17.140187 ], [ -64.394308, -17.140997 ], [ -64.393399, -17.141864 ], [ -64.392886, -17.142422 ], [ -64.391996, -17.143193 ], [ -64.391524, -17.143885 ], [ -64.391093, -17.144807 ], [ -64.390802, -17.145727 ], [ -64.390548, -17.146455 ], [ -64.390555, -17.147335 ], [ -64.390859, -17.148079 ], [ -64.391501, -17.148763 ], [ -64.392281, -17.14937 ], [ -64.393099, -17.149613 ], [ -64.394053, -17.149473 ], [ -64.395007, -17.14937 ], [ -64.395982, -17.149325 ], [ -64.396976, -17.14928 ], [ -64.398129, -17.1491 ], [ -64.399521, -17.149052 ], [ -64.400736, -17.149235 ], [ -64.401709, -17.149424 ], [ -64.402866, -17.149913 ], [ -64.403924, -17.150288 ], [ -64.40494, -17.150587 ], [ -64.405997, -17.150867 ], [ -64.406916, -17.1513 ], [ -64.407956, -17.152077 ], [ -64.408678, -17.152818 ], [ -64.409302, -17.153789 ], [ -64.409827, -17.154838 ], [ -64.410154, -17.155907 ], [ -64.410341, -17.157034 ], [ -64.410331, -17.158247 ], [ -64.410217, -17.159032 ], [ -64.409906, -17.159991 ], [ -64.409355, -17.160855 ], [ -64.408823, -17.161528 ], [ -64.408111, -17.16205 ], [ -64.40712, -17.162573 ], [ -64.406049, -17.163078 ], [ -64.405175, -17.163275 ], [ -64.404618, -17.163241 ], [ -64.404159, -17.163072 ], [ -64.403599, -17.162751 ], [ -64.403118, -17.162257 ], [ -64.402298, -17.16165 ], [ -64.401377, -17.16093 ], [ -64.400536, -17.160151 ], [ -64.399772, -17.159219 ], [ -64.39907, -17.158421 ], [ -64.398366, -17.15745 ], [ -64.397941, -17.156439 ], [ -64.397358, -17.155602 ], [ -64.396656, -17.15488 ], [ -64.395815, -17.154159 ], [ -64.394836, -17.153706 ], [ -64.393859, -17.153426 ], [ -64.392824, -17.153357 ], [ -64.39181, -17.153459 ], [ -64.390838, -17.153753 ], [ -64.390005, -17.154141 ], [ -64.389232, -17.154625 ], [ -64.388323, -17.155396 ], [ -64.387534, -17.15632 ], [ -64.386946, -17.157529 ], [ -64.386557, -17.158775 ], [ -64.386328, -17.160058 ], [ -64.386178, -17.16128 ], [ -64.386123, -17.161949 ], [ -64.386268, -17.162694 ], [ -64.386433, -17.163535 ], [ -64.38654, -17.164491 ], [ -64.386823, -17.165063 ], [ -64.387245, -17.165614 ], [ -64.387805, -17.165993 ], [ -64.388702, -17.166236 ], [ -64.38952, -17.166536 ], [ -64.390297, -17.166626 ], [ -64.390853, -17.166489 ], [ -64.391429, -17.16637 ], [ -64.392205, -17.166422 ], [ -64.393161, -17.166492 ], [ -64.394196, -17.166561 ], [ -64.395253, -17.166879 ], [ -64.396171, -17.167217 ], [ -64.39721, -17.167784 ], [ -64.39813, -17.168351 ], [ -64.398892, -17.169207 ], [ -64.399556, -17.170216 ], [ -64.399963, -17.171342 ], [ -64.40003, -17.172374 ], [ -64.399906, -17.173341 ], [ -64.399659, -17.174261 ], [ -64.39919, -17.17534 ], [ -64.3986, -17.176291 ], [ -64.398022, -17.176783 ], [ -64.397531, -17.177016 ], [ -64.396735, -17.177045 ], [ -64.39579, -17.177076 ], [ -64.394928, -17.176937 ], [ -64.39362, -17.176302 ], [ -64.392471, -17.17564 ], [ -64.391158, -17.174956 ], [ -64.389636, -17.174345 ], [ -64.388042, -17.174069 ], [ -64.38655, -17.174175 ], [ -64.385333, -17.174422 ], [ -64.384566, -17.174906 ], [ -64.38385, -17.175628 ], [ -64.383148, -17.176589 ], [ -64.382408, -17.177491 ], [ -64.381521, -17.178537 ], [ -64.381044, -17.179616 ], [ -64.380458, -17.181091 ], [ -64.3797, -17.182312 ], [ -64.378973, -17.183464 ], [ -64.378682, -17.184518 ], [ -64.378352, -17.185687 ], [ -64.377844, -17.186953 ], [ -64.377177, -17.188182 ], [ -64.376209, -17.189184 ], [ -64.375574, -17.189417 ], [ -64.3747, -17.189634 ], [ -64.374123, -17.189695 ], [ -64.373306, -17.189548 ], [ -64.372639, -17.189308 ], [ -64.371708, -17.188583 ], [ -64.370776, -17.187671 ], [ -64.369739, -17.186688 ], [ -64.368763, -17.185834 ], [ -64.367906, -17.185036 ], [ -64.367097, -17.184569 ], [ -64.365643, -17.184191 ], [ -64.364537, -17.183969 ], [ -64.363417, -17.183847 ], [ -64.362312, -17.183855 ], [ -64.361299, -17.18402 ], [ -64.3603, -17.18417 ], [ -64.350763, -17.196778 ], [ -64.350059, -17.196988 ], [ -64.348524, -17.197318 ], [ -64.347026, -17.197249 ], [ -64.345477, -17.196891 ], [ -64.343962, -17.196284 ], [ -64.343304, -17.196073 ], [ -64.342646, -17.195891 ], [ -64.342136, -17.195579 ], [ -64.341582, -17.195367 ], [ -64.340911, -17.195371 ], [ -64.34027, -17.195519 ], [ -64.339734, -17.195752 ], [ -64.339199, -17.196043 ], [ -64.338605, -17.19652 ], [ -64.33819, -17.196896 ], [ -64.337835, -17.197343 ], [ -64.337346, -17.197777 ], [ -64.3369, -17.198009 ], [ -64.336363, -17.198156 ], [ -64.335828, -17.198504 ], [ -64.335156, -17.199173 ], [ -64.334942, -17.199729 ], [ -64.334745, -17.200094 ], [ -64.334468, -17.200326 ], [ -64.334011, -17.200443 ], [ -64.333593, -17.200427 ], [ -64.333056, -17.200488 ], [ -64.33256, -17.200663 ], [ -64.332284, -17.200971 ], [ -64.332267, -17.201373 ], [ -64.332529, -17.201945 ], [ -64.332791, -17.202364 ], [ -64.333173, -17.202936 ], [ -64.333416, -17.203451 ], [ -64.333679, -17.204099 ], [ -64.333962, -17.204671 ], [ -64.334244, -17.205167 ], [ -64.334724, -17.205527 ], [ -64.335345, -17.206039 ], [ -64.335857, -17.206448 ], [ -64.33614, -17.206985 ], [ -64.336176, -17.207582 ], [ -64.336066, -17.208238 ], [ -64.335791, -17.208957 ], [ -64.335174, -17.209619 ], [ -64.334555, -17.210131 ], [ -64.334063, -17.210941 ], [ -64.333542, -17.211961 ], [ -64.333176, -17.21295 ], [ -64.332937, -17.214296 ], [ -64.333008, -17.215539 ], [ -64.333175, -17.217092 ], [ -64.33362, -17.218554 ], [ -64.334565, -17.220162 ], [ -64.335382, -17.221382 ], [ -64.336044, -17.222603 ], [ -64.336707, -17.224003 ], [ -64.337186, -17.22565 ], [ -64.337104, -17.227175 ], [ -64.336927, -17.22864 ], [ -64.336658, -17.230047 ], [ -64.336048, -17.231785 ], [ -64.335339, -17.232656 ], [ -64.333914, -17.233443 ], [ -64.332519, -17.23411 ], [ -64.331154, -17.234537 ], [ -64.329538, -17.234847 ], [ -64.328265, -17.235064 ], [ -64.32696, -17.235342 ], [ -64.325811, -17.235589 ], [ -64.324819, -17.235984 ], [ -64.323332, -17.236771 ], [ -64.321909, -17.237886 ], [ -64.321262, -17.238727 ], [ -64.320927, -17.239865 ], [ -64.321153, -17.240999 ], [ -64.321722, -17.242281 ], [ -64.322382, -17.243143 ], [ -64.323068, -17.243467 ], [ -64.324109, -17.243744 ], [ -64.325158, -17.244311 ], [ -64.326356, -17.244769 ], [ -64.327886, -17.244795 ], [ -64.329041, -17.244429 ], [ -64.330269, -17.243883 ], [ -64.331833, -17.243334 ], [ -64.333474, -17.24318 ], [ -64.334556, -17.243173 ], [ -64.335679, -17.24356 ], [ -64.336615, -17.244056 ], [ -64.337704, -17.244909 ], [ -64.338684, -17.246194 ], [ -64.339182, -17.247984 ], [ -64.339568, -17.249811 ], [ -64.339734, -17.252033 ], [ -64.339938, -17.254543 ], [ -64.339989, -17.256371 ], [ -64.34013, -17.258709 ], [ -64.340265, -17.260119 ], [ -64.340376, -17.261672 ], [ -64.340334, -17.26282 ], [ -64.340166, -17.263611 ], [ -64.339722, -17.264211 ], [ -64.339203, -17.264645 ], [ -64.338284, -17.264914 ], [ -64.337413, -17.264944 ], [ -64.336315, -17.264545 ], [ -64.335092, -17.264003 ], [ -64.334042, -17.263412 ], [ -64.332618, -17.262633 ], [ -64.331594, -17.262113 ], [ -64.330722, -17.261928 ], [ -64.329776, -17.261982 ], [ -64.328334, -17.262183 ], [ -64.32652, -17.262434 ], [ -64.32493, -17.262946 ], [ -64.323838, -17.263288 ], [ -64.322647, -17.263727 ], [ -64.321552, -17.263806 ], [ -64.320407, -17.263765 ], [ -64.319287, -17.263773 ], [ -64.317969, -17.263949 ], [ -64.316503, -17.264245 ], [ -64.315362, -17.264707 ], [ -64.314594, -17.265262 ], [ -64.313903, -17.266056 ], [ -64.313227, -17.266993 ], [ -64.312581, -17.268014 ], [ -64.312184, -17.269122 ], [ -64.312162, -17.270377 ], [ -64.312047, -17.271693 ], [ -64.311869, -17.27292 ], [ -64.311658, -17.273938 ], [ -64.311104, -17.274688 ], [ -64.310549, -17.27538 ], [ -64.3099, -17.275982 ], [ -64.309187, -17.276375 ], [ -64.308317, -17.27653 ], [ -64.307449, -17.276954 ], [ -64.306022, -17.277561 ], [ -64.304469, -17.2779 ], [ -64.303474, -17.277996 ], [ -64.302663, -17.277762 ], [ -64.301945, -17.277289 ], [ -64.301322, -17.276312 ], [ -64.301096, -17.275238 ], [ -64.301058, -17.274162 ], [ -64.301362, -17.273233 ], [ -64.301915, -17.272124 ], [ -64.3025, -17.271343 ], [ -64.303492, -17.270828 ], [ -64.304671, -17.270372 ], [ -64.305817, -17.269678 ], [ -64.307056, -17.268892 ], [ -64.30805, -17.267974 ], [ -64.309133, -17.2671 ], [ -64.310586, -17.265746 ], [ -64.311449, -17.264724 ], [ -64.312003, -17.263794 ], [ -64.31215, -17.262567 ], [ -64.31201, -17.261289 ], [ -64.311579, -17.26024 ], [ -64.3109, -17.25924 ], [ -64.310173, -17.258455 ], [ -64.309298, -17.257911 ], [ -64.308325, -17.257511 ], [ -64.307303, -17.257255 ], [ -64.306457, -17.257236 ], [ -64.305636, -17.257385 ], [ -64.304619, -17.257774 ], [ -64.303901, -17.258281 ], [ -64.302835, -17.25891 ], [ -64.302018, -17.259537 ], [ -64.301054, -17.26038 ], [ -64.300138, -17.261175 ], [ -64.298751, -17.262068 ], [ -64.297311, -17.262604 ], [ -64.295674, -17.263332 ], [ -64.294482, -17.263698 ], [ -64.293586, -17.26368 ], [ -64.291969, -17.263738 ], [ -64.290726, -17.263913 ], [ -64.288769, -17.264164 ], [ -64.286894, -17.263914 ], [ -64.285939, -17.264006 ], [ -64.285034, -17.264215 ], [ -64.28382, -17.264735 ], [ -64.283065, -17.265543 ], [ -64.282586, -17.266423 ], [ -64.28227, -17.267429 ], [ -64.282176, -17.268474 ], [ -64.282836, -17.270607 ], [ -64.283649, -17.272242 ], [ -64.284537, -17.274024 ], [ -64.284842, -17.274824 ], [ -64.28491, -17.27575 ], [ -64.284742, -17.277635 ], [ -64.284691, -17.279637 ], [ -64.284418, -17.281004 ], [ -64.283337, -17.282742 ], [ -64.282361, -17.283635 ], [ -64.28127, -17.284353 ], [ -64.280002, -17.284712 ], [ -64.27959, -17.284829 ], [ -64.277629, -17.284611 ], [ -64.276491, -17.284028 ], [ -64.2725, -17.284918 ], [ -64.26766, -17.285297 ], [ -64.26191, -17.285159 ], [ -64.259964, -17.285172 ], [ -64.258405, -17.285105 ], [ -64.256702, -17.284757 ], [ -64.254975, -17.283724 ], [ -64.253653, -17.282254 ], [ -64.252736, -17.28052 ], [ -64.25175, -17.275528 ], [ -64.250815, -17.273452 ], [ -64.249001, -17.271291 ], [ -64.24801, -17.270272 ], [ -64.247327, -17.26995 ], [ -64.246407, -17.270019 ], [ -64.242968, -17.271529 ], [ -64.241211, -17.272013 ], [ -64.239025, -17.271418 ], [ -64.237608, -17.270006 ], [ -64.236904, -17.267136 ], [ -64.235803, -17.264488 ], [ -64.234603, -17.263351 ], [ -64.23286, -17.263122 ], [ -64.231511, -17.263483 ], [ -64.230255, -17.264117 ], [ -64.229094, -17.265727 ], [ -64.228398, -17.267032 ], [ -64.228788, -17.268695 ], [ -64.229266, -17.269638 ], [ -64.229771, -17.271226 ], [ -64.229555, -17.272749 ], [ -64.228888, -17.274623 ], [ -64.228125, -17.275541 ], [ -64.226951, -17.27594 ], [ -64.225771, -17.275512 ], [ -64.22445, -17.274302 ], [ -64.223084, -17.27305 ], [ -64.221268, -17.272148 ], [ -64.219772, -17.271852 ], [ -64.218143, -17.271819 ], [ -64.217195, -17.272216 ], [ -64.216158, -17.272874 ], [ -64.215619, -17.273443 ], [ -64.215248, -17.273984 ], [ -64.215174, -17.274707 ], [ -64.215637, -17.276269 ], [ -64.217053, -17.278174 ], [ -64.21793, -17.280822 ], [ -64.218028, -17.281908 ], [ -64.217854, -17.282953 ], [ -64.217271, -17.283826 ], [ -64.216415, -17.284397 ], [ -64.21542, -17.284533 ], [ -64.213968, -17.28402 ], [ -64.21215, -17.282857 ], [ -64.210697, -17.282213 ], [ -64.208884, -17.281833 ], [ -64.207164, -17.2818 ], [ -64.205672, -17.282026 ], [ -64.202013, -17.283266 ], [ -64.198492, -17.284765 ], [ -64.196508, -17.285908 ], [ -64.19539, -17.287027 ], [ -64.195299, -17.287915 ], [ -64.195711, -17.288696 ], [ -64.196963, -17.289525 ], [ -64.199344, -17.290457 ], [ -64.201117, -17.291577 ], [ -64.20212, -17.292702 ], [ -64.202671, -17.293872 ], [ -64.202724, -17.295046 ], [ -64.202461, -17.296396 ], [ -64.201653, -17.297488 ], [ -64.200754, -17.29845 ], [ -64.199041, -17.299547 ], [ -64.198412, -17.300334 ], [ -64.197697, -17.301817 ], [ -64.19666, -17.302475 ], [ -64.195443, -17.303222 ], [ -64.194908, -17.304442 ], [ -64.195233, -17.305745 ], [ -64.195691, -17.306525 ], [ -64.197053, -17.307169 ], [ -64.198324, -17.307727 ], [ -64.199685, -17.308197 ], [ -64.200824, -17.309277 ], [ -64.202141, -17.309878 ], [ -64.203455, -17.310044 ], [ -64.204631, -17.309863 ], [ -64.205306, -17.309294 ], [ -64.205977, -17.308029 ], [ -64.206209, -17.306485 ], [ -64.206452, -17.304504 ], [ -64.207304, -17.303281 ], [ -64.208205, -17.302623 ], [ -64.209336, -17.302443 ], [ -64.210107, -17.302786 ], [ -64.210975, -17.303955 ], [ -64.211307, -17.304771 ], [ -64.210403, -17.30808 ], [ -64.208517, -17.310323 ], [ -64.20459, -17.312781 ], [ -64.202078, -17.315339 ], [ -64.200036, -17.31619 ], [ -64.196659, -17.316616 ], [ -64.194709, -17.31724 ], [ -64.192866, -17.318673 ], [ -64.192612, -17.319946 ], [ -64.192887, -17.321837 ], [ -64.193609, -17.323452 ], [ -64.194032, -17.32445 ], [ -64.194164, -17.327539 ], [ -64.193807, -17.329172 ], [ -64.193232, -17.330253 ], [ -64.191137, -17.331342 ], [ -64.189817, -17.3331 ], [ -64.189548, -17.334852 ], [ -64.188284, -17.337679 ], [ -64.188366, -17.338819 ], [ -64.188673, -17.339755 ], [ -64.189208, -17.340467 ], [ -64.190762, -17.34127 ], [ -64.192878, -17.341798 ], [ -64.194924, -17.342327 ], [ -64.19669, -17.343128 ], [ -64.199231, -17.344127 ], [ -64.200996, -17.344726 ], [ -64.201956, -17.346657 ], [ -64.202875, -17.348057 ], [ -64.203518, -17.349107 ], [ -64.204576, -17.350177 ], [ -64.206692, -17.352251 ], [ -64.207548, -17.354467 ], [ -64.209007, -17.355359 ], [ -64.210518, -17.355643 ], [ -64.211666, -17.357351 ], [ -64.212006, -17.359479 ], [ -64.211975, -17.36102 ], [ -64.212521, -17.362795 ], [ -64.213679, -17.363657 ], [ -64.215208, -17.364596 ], [ -64.215982, -17.365327 ], [ -64.216708, -17.36657 ], [ -64.217093, -17.367816 ], [ -64.217206, -17.369424 ], [ -64.217204, -17.3695 ], [ -64.217151, -17.371492 ], [ -64.217561, -17.37201 ], [ -64.219083, -17.371882 ], [ -64.21995, -17.37243 ], [ -64.220575, -17.373493 ], [ -64.221037, -17.374953 ], [ -64.221827, -17.376252 ], [ -64.222699, -17.377313 ], [ -64.223858, -17.378412 ], [ -64.225672, -17.378955 ], [ -64.226622, -17.379423 ], [ -64.227245, -17.380249 ], [ -64.228168, -17.38297 ], [ -64.228549, -17.384587 ], [ -64.228074, -17.387277 ], [ -64.228455, -17.389013 ], [ -64.228966, -17.389623 ], [ -64.229018, -17.389624 ], [ -64.230204, -17.390231 ], [ -64.230255, -17.390231 ], [ -64.231641, -17.391586 ], [ -64.232402, -17.393283 ], [ -64.23506, -17.394724 ], [ -64.236906, -17.395977 ], [ -64.238383, -17.396887 ], [ -64.238639, -17.397072 ], [ -64.240685, -17.398548 ], [ -64.243089, -17.400043 ], [ -64.246585, -17.401269 ], [ -64.248983, -17.401943 ], [ -64.251855, -17.402447 ], [ -64.253386, -17.403214 ], [ -64.25398, -17.403569 ], [ -64.25442, -17.404134 ], [ -64.254332, -17.404912 ], [ -64.253871, -17.405812 ], [ -64.253067, -17.406684 ], [ -64.252049, -17.408005 ], [ -64.251123, -17.409236 ], [ -64.250507, -17.410167 ], [ -64.250227, -17.410692 ], [ -64.249774, -17.411082 ], [ -64.24957, -17.411312 ], [ -64.249598, -17.411679 ], [ -64.249696, -17.412162 ], [ -64.249976, -17.412638 ], [ -64.250647, -17.41285 ], [ -64.251319, -17.412774 ], [ -64.252116, -17.412769 ], [ -64.252739, -17.412813 ], [ -64.253314, -17.413096 ], [ -64.253642, -17.413716 ], [ -64.253896, -17.41436 ], [ -64.254075, -17.415124 ], [ -64.254129, -17.415769 ], [ -64.254308, -17.416414 ], [ -64.25466, -17.416842 ], [ -64.255234, -17.417077 ], [ -64.255981, -17.417073 ], [ -64.256504, -17.416974 ], [ -64.257182, -17.416898 ], [ -64.25765, -17.417014 ], [ -64.257964, -17.417371 ], [ -64.258216, -17.417818 ], [ -64.258283, -17.418565 ], [ -64.258225, -17.419222 ], [ -64.257732, -17.419943 ], [ -64.257051, -17.420515 ], [ -64.2564, -17.420938 ], [ -64.255469, -17.421392 ], [ -64.255224, -17.421902 ], [ -64.255136, -17.422799 ], [ -64.254616, -17.424087 ], [ -64.253905, -17.425459 ], [ -64.255253, -17.426273 ], [ -64.256343, -17.426326 ], [ -64.257336, -17.425872 ], [ -64.258359, -17.425178 ], [ -64.259226, -17.424425 ], [ -64.259938, -17.423883 ], [ -64.260746, -17.423608 ], [ -64.262052, -17.423421 ], [ -64.263359, -17.423353 ], [ -64.264855, -17.423433 ], [ -64.267232, -17.423723 ], [ -64.269253, -17.424284 ], [ -64.271307, -17.424199 ], [ -64.273399, -17.424042 ], [ -64.275156, -17.424174 ], [ -64.277062, -17.424377 ], [ -64.279605, -17.424684 ], [ -64.281142, -17.425427 ], [ -64.282691, -17.427777 ], [ -64.284597, -17.429678 ], [ -64.287344, -17.430712 ], [ -64.289742, -17.431701 ], [ -64.291895, -17.433169 ], [ -64.293551, -17.43488 ], [ -64.295102, -17.435826 ], [ -64.296752, -17.436676 ], [ -64.298948, -17.437188 ], [ -64.300892, -17.437319 ], [ -64.302486, -17.437309 ], [ -64.304377, -17.436961 ], [ -64.306863, -17.436276 ], [ -64.309144, -17.434778 ], [ -64.311967, -17.432416 ], [ -64.315513, -17.429571 ], [ -64.317541, -17.427454 ], [ -64.318774, -17.42582 ], [ -64.320359, -17.424566 ], [ -64.321997, -17.423742 ], [ -64.323886, -17.423204 ], [ -64.326573, -17.42266 ], [ -64.329607, -17.422113 ], [ -64.331648, -17.421908 ], [ -64.333745, -17.422564 ], [ -64.3352, -17.423989 ], [ -64.336407, -17.425511 ], [ -64.337264, -17.426892 ], [ -64.338566, -17.42784 ], [ -64.340263, -17.428259 ], [ -64.341905, -17.428009 ], [ -64.344091, -17.427181 ], [ -64.345779, -17.426404 ], [ -64.347519, -17.425962 ], [ -64.349213, -17.425951 ], [ -64.350412, -17.426421 ], [ -64.351314, -17.42718 ], [ -64.352464, -17.42765 ], [ -64.353069, -17.42865 ], [ -64.353279, -17.430131 ], [ -64.353442, -17.431948 ], [ -64.353623, -17.432915 ], [ -64.35363, -17.433811 ], [ -64.354012, -17.434956 ], [ -64.354468, -17.436065 ], [ -64.355, -17.437245 ], [ -64.355529, -17.437995 ], [ -64.355915, -17.438487 ], [ -64.356316, -17.438795 ], [ -64.356739, -17.438816 ], [ -64.357087, -17.438646 ], [ -64.357383, -17.438238 ], [ -64.357551, -17.437448 ], [ -64.357571, -17.436754 ], [ -64.35779, -17.436059 ], [ -64.357909, -17.435317 ], [ -64.35803, -17.434862 ], [ -64.358226, -17.434335 ], [ -64.358548, -17.434165 ], [ -64.358922, -17.434163 ], [ -64.359198, -17.434496 ], [ -64.359401, -17.434996 ], [ -64.359456, -17.435618 ], [ -64.359587, -17.436549 ], [ -64.359543, -17.437243 ], [ -64.359647, -17.437864 ], [ -64.359923, -17.438197 ], [ -64.360423, -17.438456 ], [ -64.361123, -17.438738 ], [ -64.361798, -17.439045 ], [ -64.362324, -17.439424 ], [ -64.362651, -17.439947 ], [ -64.36283, -17.440496 ], [ -64.362934, -17.441117 ], [ -64.362888, -17.441643 ], [ -64.362642, -17.442076 ], [ -64.362095, -17.442223 ], [ -64.361571, -17.442059 ], [ -64.361048, -17.442063 ], [ -64.360649, -17.44197 ], [ -64.360298, -17.441733 ], [ -64.359775, -17.441665 ], [ -64.359152, -17.441669 ], [ -64.35858, -17.441864 ], [ -64.358134, -17.442082 ], [ -64.357887, -17.442419 ], [ -64.357666, -17.442851 ], [ -64.357546, -17.443402 ], [ -64.357604, -17.443961 ], [ -64.357708, -17.444515 ], [ -64.357851, -17.444992 ], [ -64.358013, -17.445316 ], [ -64.358354, -17.445543 ], [ -64.358931, -17.445539 ], [ -64.359608, -17.445362 ], [ -64.360244, -17.445167 ], [ -64.36092, -17.444914 ], [ -64.361317, -17.4447 ], [ -64.361633, -17.444392 ], [ -64.362031, -17.444294 ], [ -64.36249, -17.444348 ], [ -64.36283, -17.444518 ], [ -64.36313, -17.444745 ], [ -64.36345, -17.444858 ], [ -64.363967, -17.444701 ], [ -64.364583, -17.444468 ], [ -64.365079, -17.444101 ], [ -64.365456, -17.443907 ], [ -64.365973, -17.443769 ], [ -64.366512, -17.443842 ], [ -64.366992, -17.444126 ], [ -64.367433, -17.444486 ], [ -64.367794, -17.444771 ], [ -64.368293, -17.444901 ], [ -64.368931, -17.444993 ], [ -64.369651, -17.445236 ], [ -64.37035, -17.445499 ], [ -64.371051, -17.445953 ], [ -64.371633, -17.446428 ], [ -64.371996, -17.447018 ], [ -64.3722, -17.447686 ], [ -64.372244, -17.448298 ], [ -64.37223, -17.449063 ], [ -64.372157, -17.449886 ], [ -64.372304, -17.450937 ], [ -64.372681, -17.45183 ], [ -64.372925, -17.45244 ], [ -64.373208, -17.452993 ], [ -64.373669, -17.453258 ], [ -64.374426, -17.453329 ], [ -64.375145, -17.453458 ], [ -64.375922, -17.45351 ], [ -64.376522, -17.453678 ], [ -64.377082, -17.454018 ], [ -64.377604, -17.454512 ], [ -64.377907, -17.455065 ], [ -64.378032, -17.455733 ], [ -64.378729, -17.45599 ], [ -64.379552, -17.456104 ], [ -64.380551, -17.456432 ], [ -64.38135, -17.45669 ], [ -64.381974, -17.456948 ], [ -64.382648, -17.457015 ], [ -64.383445, -17.45701 ], [ -64.38479, -17.457072 ], [ -64.385563, -17.457115 ], [ -64.386557, -17.456773 ], [ -64.387427, -17.456504 ], [ -64.387899, -17.456333 ], [ -64.388745, -17.456255 ], [ -64.389492, -17.456202 ], [ -64.390364, -17.456196 ], [ -64.391185, -17.456047 ], [ -64.39183, -17.455708 ], [ -64.392449, -17.455154 ], [ -64.392994, -17.454767 ], [ -64.393688, -17.454284 ], [ -64.394306, -17.453682 ], [ -64.395049, -17.453175 ], [ -64.395511, -17.452785 ], [ -64.39592, -17.452423 ], [ -64.396101, -17.452025 ], [ -64.396384, -17.451605 ], [ -64.396693, -17.451232 ], [ -64.397064, -17.450907 ], [ -64.397349, -17.450678 ], [ -64.39777, -17.450412 ], [ -64.398168, -17.450253 ], [ -64.398665, -17.450118 ], [ -64.399126, -17.450115 ], [ -64.3995, -17.45022 ], [ -64.399864, -17.450516 ], [ -64.400177, -17.450789 ], [ -64.400417, -17.451158 ], [ -64.400507, -17.451564 ], [ -64.400448, -17.451959 ], [ -64.400376, -17.452366 ], [ -64.400266, -17.452701 ], [ -64.400244, -17.453048 ], [ -64.400383, -17.45331 ], [ -64.400697, -17.453607 ], [ -64.401034, -17.45376 ], [ -64.401372, -17.453913 ], [ -64.401746, -17.454042 ], [ -64.402133, -17.454075 ], [ -64.402593, -17.453928 ], [ -64.403107, -17.453757 ], [ -64.403517, -17.453623 ], [ -64.403952, -17.453536 ], [ -64.404376, -17.453593 ], [ -64.404924, -17.453565 ], [ -64.40551, -17.453585 ], [ -64.405958, -17.453594 ], [ -64.406383, -17.453758 ], [ -64.406571, -17.45396 ], [ -64.406723, -17.454222 ], [ -64.406738, -17.45458 ], [ -64.406553, -17.454869 ], [ -64.406193, -17.455063 ], [ -64.405735, -17.45542 ], [ -64.405438, -17.455661 ], [ -64.404992, -17.455927 ], [ -64.404509, -17.456337 ], [ -64.404164, -17.456841 ], [ -64.403832, -17.45737 ], [ -64.403649, -17.457849 ], [ -64.403403, -17.458293 ], [ -64.403169, -17.458618 ], [ -64.402762, -17.459137 ], [ -64.402417, -17.459606 ], [ -64.402009, -17.460003 ], [ -64.401575, -17.460245 ], [ -64.401166, -17.460595 ], [ -64.400858, -17.460992 ], [ -64.400551, -17.461532 ], [ -64.400244, -17.46212 ], [ -64.399899, -17.4626 ], [ -64.39969, -17.462972 ], [ -64.399471, -17.463352 ], [ -64.399334, -17.463668 ], [ -64.399217, -17.464013 ], [ -64.399199, -17.46432 ], [ -64.399332, -17.464682 ], [ -64.399564, -17.465054 ], [ -64.399835, -17.465348 ], [ -64.400107, -17.465767 ], [ -64.40052, -17.466271 ], [ -64.400831, -17.466575 ], [ -64.401142, -17.46686 ], [ -64.401423, -17.467164 ], [ -64.401704, -17.467334 ], [ -64.402064, -17.467494 ], [ -64.402482, -17.467491 ], [ -64.403069, -17.467315 ], [ -64.403476, -17.467178 ], [ -64.403824, -17.467003 ], [ -64.404281, -17.466866 ], [ -64.40464, -17.466835 ], [ -64.405008, -17.466842 ], [ -64.405318, -17.466907 ], [ -64.405538, -17.467087 ], [ -64.40576, -17.467353 ], [ -64.405851, -17.46762 ], [ -64.405854, -17.467917 ], [ -64.405776, -17.468128 ], [ -64.405638, -17.468358 ], [ -64.40561, -17.468607 ], [ -64.405702, -17.468891 ], [ -64.405823, -17.46912 ], [ -64.405995, -17.469406 ], [ -64.406226, -17.469653 ], [ -64.406477, -17.469928 ], [ -64.406618, -17.470128 ], [ -64.40665, -17.470424 ], [ -64.406593, -17.470817 ], [ -64.406427, -17.471235 ], [ -64.40632, -17.471599 ], [ -64.406243, -17.471906 ], [ -64.406246, -17.472241 ], [ -64.406409, -17.472699 ], [ -64.406551, -17.473023 ], [ -64.406563, -17.473319 ], [ -64.406545, -17.473644 ], [ -64.406318, -17.473923 ], [ -64.405972, -17.474194 ], [ -64.405684, -17.474435 ], [ -64.405427, -17.474704 ], [ -64.4052, -17.474964 ], [ -64.404963, -17.475224 ], [ -64.404786, -17.475493 ], [ -64.404649, -17.475819 ], [ -64.404543, -17.47627 ], [ -64.404476, -17.476748 ], [ -64.40435, -17.477189 ], [ -64.404204, -17.477661 ], [ -64.403978, -17.477987 ], [ -64.403751, -17.478362 ], [ -64.403645, -17.478736 ], [ -64.403589, -17.479281 ], [ -64.403622, -17.479689 ], [ -64.403555, -17.480052 ], [ -64.403428, -17.480321 ], [ -64.4033, -17.480552 ], [ -64.403242, -17.48081 ], [ -64.403175, -17.481145 ], [ -64.403217, -17.481499 ], [ -64.403311, -17.482015 ], [ -64.403224, -17.482341 ], [ -64.403067, -17.482657 ], [ -64.402869, -17.482898 ], [ -64.402622, -17.483167 ], [ -64.402375, -17.483475 ], [ -64.402187, -17.483654 ], [ -64.40206, -17.483933 ], [ -64.401972, -17.484201 ], [ -64.401964, -17.484478 ], [ -64.402007, -17.484803 ], [ -64.40204, -17.485214 ], [ -64.402073, -17.485664 ], [ -64.402057, -17.486132 ], [ -64.40193, -17.486506 ], [ -64.401753, -17.486861 ], [ -64.401407, -17.487166 ], [ -64.40116, -17.487493 ], [ -64.401013, -17.48781 ], [ -64.401006, -17.488192 ], [ -64.40112, -17.488717 ], [ -64.401233, -17.489176 ], [ -64.401237, -17.489644 ], [ -64.40121, -17.490094 ], [ -64.401124, -17.490498 ], [ -64.401097, -17.490881 ], [ -64.40113, -17.49133 ], [ -64.401173, -17.49176 ], [ -64.401166, -17.492133 ], [ -64.401059, -17.492478 ], [ -64.400922, -17.492872 ], [ -64.400736, -17.493188 ], [ -64.400569, -17.493517 ], [ -64.400452, -17.493843 ], [ -64.400463, -17.494101 ], [ -64.400585, -17.49433 ], [ -64.400816, -17.494567 ], [ -64.401126, -17.494747 ], [ -64.401466, -17.494897 ], [ -64.401686, -17.494982 ], [ -64.401966, -17.495142 ], [ -64.402217, -17.495294 ], [ -64.402378, -17.495474 ], [ -64.402569, -17.495693 ], [ -64.40273, -17.495902 ], [ -64.402873, -17.496056 ], [ -64.403001, -17.496221 ], [ -64.403129, -17.496342 ], [ -64.403294, -17.496405 ], [ -64.403474, -17.49644 ], [ -64.403698, -17.496416 ], [ -64.403914, -17.496365 ], [ -64.404078, -17.496285 ], [ -64.404272, -17.49619 ], [ -64.404398, -17.496096 ], [ -64.404584, -17.496001 ], [ -64.404864, -17.495842 ], [ -64.405147, -17.495703 ], [ -64.4054, -17.495558 ], [ -64.405587, -17.495492 ], [ -64.405855, -17.495447 ], [ -64.406087, -17.495438 ], [ -64.406326, -17.495465 ], [ -64.406626, -17.495557 ], [ -64.406926, -17.495676 ], [ -64.407174, -17.49584 ], [ -64.407362, -17.495982 ], [ -64.407513, -17.496174 ], [ -64.407619, -17.496403 ], [ -64.407644, -17.496632 ], [ -64.407555, -17.496841 ], [ -64.407407, -17.497 ], [ -64.407319, -17.49716 ], [ -64.407245, -17.497328 ], [ -64.407228, -17.497459 ], [ -64.40726, -17.497597 ], [ -64.407354, -17.497709 ], [ -64.407479, -17.497768 ], [ -64.407616, -17.497767 ], [ -64.407784, -17.497712 ], [ -64.407908, -17.497622 ], [ -64.408044, -17.497507 ], [ -64.408124, -17.497369 ], [ -64.408192, -17.497249 ], [ -64.408328, -17.497171 ], [ -64.408458, -17.497122 ], [ -64.408651, -17.497103 ], [ -64.408864, -17.497155 ], [ -64.409027, -17.497315 ], [ -64.409134, -17.497524 ], [ -64.409198, -17.497738 ], [ -64.409231, -17.497911 ], [ -64.409282, -17.498096 ], [ -64.409321, -17.498281 ], [ -64.409322, -17.498479 ], [ -64.409305, -17.498712 ], [ -64.409276, -17.499005 ], [ -64.409216, -17.49926 ], [ -64.409168, -17.499517 ], [ -64.409114, -17.499769 ], [ -64.409091, -17.500008 ], [ -64.409111, -17.500205 ], [ -64.409182, -17.500432 ], [ -64.409301, -17.500628 ], [ -64.409433, -17.500783 ], [ -64.409566, -17.500985 ], [ -64.409654, -17.50117 ], [ -64.409744, -17.501436 ], [ -64.409827, -17.501668 ], [ -64.409897, -17.501865 ], [ -64.409886, -17.502086 ], [ -64.409844, -17.502338 ], [ -64.409765, -17.502571 ], [ -64.409748, -17.502769 ], [ -64.409768, -17.502966 ], [ -64.4099, -17.503096 ], [ -64.410128, -17.503182 ], [ -64.410359, -17.503216 ], [ -64.410627, -17.503256 ], [ -64.410852, -17.503314 ], [ -64.411065, -17.50339 ], [ -64.411246, -17.503557 ], [ -64.411373, -17.503801 ], [ -64.411481, -17.504039 ], [ -64.411513, -17.50423 ], [ -64.41154, -17.504511 ], [ -64.411511, -17.504714 ], [ -64.4114, -17.504871 ], [ -64.411258, -17.505021 ], [ -64.410998, -17.505248 ], [ -64.410807, -17.505572 ], [ -64.41056, -17.505854 ], [ -64.41035, -17.506107 ], [ -64.410209, -17.506365 ], [ -64.41013, -17.506605 ], [ -64.410047, -17.506872 ], [ -64.410012, -17.507081 ], [ -64.410026, -17.507314 ], [ -64.410108, -17.507511 ], [ -64.410247, -17.507695 ], [ -64.410435, -17.507867 ], [ -64.410598, -17.50795 ], [ -64.410791, -17.50802 ], [ -64.410991, -17.508037 ], [ -64.411116, -17.508084 ], [ -64.411248, -17.50828 ], [ -64.4113, -17.508525 ], [ -64.411314, -17.50877 ], [ -64.411204, -17.509082 ], [ -64.4111, -17.509292 ], [ -64.410939, -17.509449 ], [ -64.41076, -17.509636 ], [ -64.410463, -17.509895 ], [ -64.410203, -17.510094 ], [ -64.41003, -17.510292 ], [ -64.409933, -17.510574 ], [ -64.40978, -17.51094 ], [ -64.409726, -17.511202 ], [ -64.409727, -17.511399 ], [ -64.409754, -17.511596 ], [ -64.409867, -17.511811 ], [ -64.409999, -17.511965 ], [ -64.410188, -17.512125 ], [ -64.410332, -17.512256 ], [ -64.41047, -17.512404 ], [ -64.410552, -17.512541 ], [ -64.410616, -17.512726 ], [ -64.410642, -17.512923 ], [ -64.410619, -17.513114 ], [ -64.410514, -17.513288 ], [ -64.410391, -17.513486 ], [ -64.41025, -17.513758 ], [ -64.410115, -17.513974 ], [ -64.41001, -17.514142 ], [ -64.409912, -17.514358 ], [ -64.409833, -17.514574 ], [ -64.409722, -17.514813 ], [ -64.409668, -17.514999 ], [ -64.409638, -17.515209 ], [ -64.409621, -17.515424 ], [ -64.409641, -17.515633 ], [ -64.409674, -17.515806 ], [ -64.409726, -17.516076 ], [ -64.409796, -17.516243 ], [ -64.409896, -17.516374 ], [ -64.410028, -17.516456 ], [ -64.410184, -17.516557 ], [ -64.410353, -17.516645 ], [ -64.410584, -17.516703 ], [ -64.410728, -17.516702 ], [ -64.410902, -17.516695 ], [ -64.411045, -17.516694 ], [ -64.411226, -17.516753 ], [ -64.411333, -17.516847 ], [ -64.411403, -17.517032 ], [ -64.411467, -17.517247 ], [ -64.411506, -17.517438 ], [ -64.411552, -17.517737 ], [ -64.411553, -17.517952 ], [ -64.411561, -17.518191 ], [ -64.411601, -17.518464 ], [ -64.411633, -17.518649 ], [ -64.41171, -17.518834 ], [ -64.411804, -17.518971 ], [ -64.41193, -17.519078 ], [ -64.412098, -17.51913 ], [ -64.41226, -17.519171 ], [ -64.412516, -17.519223 ], [ -64.412766, -17.519239 ], [ -64.412934, -17.519238 ], [ -64.413096, -17.51929 ], [ -64.413246, -17.519289 ], [ -64.413451, -17.519294 ], [ -64.413644, -17.519263 ], [ -64.413827, -17.519261 ], [ -64.413965, -17.519308 ], [ -64.414159, -17.519408 ], [ -64.41434, -17.519527 ], [ -64.414534, -17.519633 ], [ -64.414709, -17.519715 ], [ -64.414903, -17.519756 ], [ -64.415078, -17.519832 ], [ -64.415241, -17.519969 ], [ -64.415335, -17.520087 ], [ -64.415424, -17.52026 ], [ -64.415469, -17.520415 ], [ -64.415508, -17.520606 ], [ -64.415559, -17.520755 ], [ -64.40569, -17.540231 ], [ -64.421273, -17.569579 ], [ -64.425618, -17.60714 ], [ -64.415646, -17.633328 ], [ -64.465987, -17.635219 ], [ -64.477298, -17.623839 ], [ -64.483922, -17.619908 ], [ -64.495177, -17.609246 ], [ -64.4975, -17.606992 ], [ -64.499989, -17.605996 ], [ -64.503358, -17.606008 ], [ -64.505305, -17.606602 ], [ -64.507374, -17.607612 ], [ -64.509795, -17.607936 ], [ -64.512084, -17.606803 ], [ -64.51266, -17.606941 ], [ -64.513716, -17.607492 ], [ -64.514868, -17.607836 ], [ -64.51542, -17.608135 ], [ -64.515756, -17.608618 ], [ -64.515513, -17.609146 ], [ -64.515636, -17.609722 ], [ -64.515924, -17.610274 ], [ -64.516068, -17.611377 ], [ -64.516284, -17.613608 ], [ -64.516572, -17.614114 ], [ -64.518204, -17.614849 ], [ -64.519836, -17.615048 ], [ -64.521803, -17.615007 ], [ -64.522955, -17.615282 ], [ -64.523498, -17.615093 ], [ -64.524749, -17.613941 ], [ -64.525738, -17.613096 ], [ -64.528022, -17.612894 ], [ -64.529937, -17.612954 ], [ -64.530561, -17.613046 ], [ -64.531274, -17.613021 ], [ -64.531674, -17.612841 ], [ -64.532659, -17.611987 ], [ -64.533152, -17.611802 ], [ -64.533636, -17.611884 ], [ -64.534304, -17.611709 ], [ -64.534711, -17.610582 ], [ -64.535056, -17.610065 ], [ -64.53527, -17.609873 ], [ -64.535455, -17.609707 ], [ -64.535503, -17.609553 ], [ -64.53579, -17.608626 ], [ -64.536932, -17.608211 ], [ -64.537577, -17.607181 ], [ -64.537997, -17.606854 ], [ -64.538573, -17.606807 ], [ -64.539156, -17.606946 ], [ -64.539626, -17.606223 ], [ -64.540291, -17.605154 ], [ -64.540678, -17.60401 ], [ -64.541283, -17.603654 ], [ -64.541995, -17.603658 ], [ -64.542435, -17.603745 ], [ -64.543128, -17.603721 ], [ -64.54397, -17.603031 ], [ -64.544589, -17.60291 ], [ -64.545767, -17.60275 ], [ -64.546105, -17.602316 ], [ -64.546105, -17.601764 ], [ -64.546681, -17.601764 ], [ -64.547356, -17.602053 ], [ -64.547809, -17.602108 ], [ -64.547904, -17.601556 ], [ -64.547448, -17.600498 ], [ -64.548, -17.600268 ], [ -64.548528, -17.600589 ], [ -64.548864, -17.601095 ], [ -64.549842, -17.600971 ], [ -64.550903, -17.600219 ], [ -64.551425, -17.600356 ], [ -64.552516, -17.600367 ], [ -64.553594, -17.599487 ], [ -64.554379, -17.598467 ], [ -64.554773, -17.598374 ], [ -64.555202, -17.598461 ], [ -64.556085, -17.598835 ], [ -64.556634, -17.598954 ], [ -64.557812, -17.598948 ], [ -64.560354, -17.599218 ], [ -64.561987, -17.599612 ], [ -64.562603, -17.59941 ], [ -64.562856, -17.599111 ], [ -64.563546, -17.598966 ], [ -64.564698, -17.599126 ], [ -64.566151, -17.59816 ], [ -64.566617, -17.598044 ], [ -64.567241, -17.598112 ], [ -64.568205, -17.598543 ], [ -64.56832, -17.598594 ], [ -64.568896, -17.598662 ], [ -64.569496, -17.5988 ], [ -64.570038, -17.599159 ], [ -64.570888, -17.599994 ], [ -64.571513, -17.600983 ], [ -64.571537, -17.601581 ], [ -64.571609, -17.602779 ], [ -64.571754, -17.603351 ], [ -64.571754, -17.603903 ], [ -64.571648, -17.604666 ], [ -64.571641, -17.605618 ], [ -64.571755, -17.606571 ], [ -64.571941, -17.606855 ], [ -64.572336, -17.607456 ], [ -64.573148, -17.60841 ], [ -64.573437, -17.608618 ], [ -64.573628, -17.608731 ], [ -64.574204, -17.608685 ], [ -64.576238, -17.609093 ], [ -64.577541, -17.609098 ], [ -64.578331, -17.608933 ], [ -64.578874, -17.608656 ], [ -64.579357, -17.607948 ], [ -64.579977, -17.606841 ], [ -64.580346, -17.606633 ], [ -64.580513, -17.606539 ], [ -64.581055, -17.606599 ], [ -64.58335, -17.606008 ], [ -64.584446, -17.604351 ], [ -64.584998, -17.604074 ], [ -64.585644, -17.603933 ], [ -64.586005, -17.603544 ], [ -64.586628, -17.601842 ], [ -64.58682, -17.601266 ], [ -64.587203, -17.600829 ], [ -64.588726, -17.600564 ], [ -64.588913, -17.600553 ] ], [ [ -64.588726, -17.600564 ], [ -64.588433, -17.600612 ], [ -64.589366, -17.600054 ], [ -64.588726, -17.600564 ] ], [ [ -65.065364, -17.21814 ], [ -65.057252, -17.221392 ], [ -65.065364, -17.21814 ], [ -65.068836, -17.213522 ], [ -65.065364, -17.21814 ] ], [ [ -65.016449, -17.247806 ], [ -65.012901, -17.250994 ], [ -65.02353, -17.241443 ], [ -65.016449, -17.247806 ] ], [ [ -64.612065, -17.306739 ], [ -64.61205, -17.3082 ], [ -64.612053, -17.305928 ], [ -64.612065, -17.306739 ] ], [ [ -64.627145, -17.287074 ], [ -64.626965, -17.288345 ], [ -64.627036, -17.287746 ], [ -64.627145, -17.287074 ] ], [ [ -64.63093, -17.24912 ], [ -64.630187, -17.250118 ], [ -64.631767, -17.247991 ], [ -64.63093, -17.24912 ] ], [ [ -64.663541, -17.185555 ], [ -64.663964, -17.186211 ], [ -64.66368, -17.18578 ], [ -64.663541, -17.185555 ] ], [ [ -64.698249, -17.125748 ], [ -64.698206, -17.125816 ], [ -64.698323, -17.125607 ], [ -64.698249, -17.125748 ] ], [ [ -64.877015, -16.754228 ], [ -64.876319, -16.754668 ], [ -64.87528, -16.755834 ], [ -64.871492, -16.760898 ], [ -64.869943, -16.762042 ], [ -64.868098, -16.763018 ], [ -64.867265, -16.763247 ], [ -64.865717, -16.763477 ], [ -64.865241, -16.763477 ], [ -64.863799, -16.763359 ], [ -64.862683, -16.762961 ], [ -64.860585, -16.761991 ], [ -64.859979, -16.761418 ], [ -64.859693, -16.760579 ], [ -64.860557, -16.76173 ], [ -64.861465, -16.762275 ], [ -64.862521, -16.762711 ], [ -64.863857, -16.763044 ], [ -64.866623, -16.762673 ], [ -64.868975, -16.76196 ], [ -64.871016, -16.760855 ], [ -64.872489, -16.759458 ], [ -64.873652, -16.757768 ], [ -64.875117, -16.755531 ], [ -64.876671, -16.753788 ], [ -64.878327, -16.752785 ], [ -64.880119, -16.75246 ], [ -64.881886, -16.752753 ], [ -64.880407, -16.75333 ], [ -64.877812, -16.753932 ], [ -64.877015, -16.754228 ] ], [ [ -64.859643, -16.760513 ], [ -64.85897, -16.75882 ], [ -64.858461, -16.757046 ], [ -64.857749, -16.75559 ], [ -64.856251, -16.75339 ], [ -64.856233, -16.753374 ], [ -64.857408, -16.754213 ], [ -64.858272, -16.755651 ], [ -64.859615, -16.760352 ], [ -64.859693, -16.760579 ], [ -64.859643, -16.760513 ] ], [ [ -64.855343, -16.752737 ], [ -64.853812, -16.752193 ], [ -64.852436, -16.752089 ], [ -64.850839, -16.752441 ], [ -64.848703, -16.75405 ], [ -64.845301, -16.759092 ], [ -64.844572, -16.760133 ], [ -64.843663, -16.760634 ], [ -64.84202, -16.761178 ], [ -64.841169, -16.761153 ], [ -64.840197, -16.760637 ], [ -64.842219, -16.760644 ], [ -64.843114, -16.760598 ], [ -64.843898, -16.76018 ], [ -64.845296, -16.758745 ], [ -64.846849, -16.756423 ], [ -64.84772, -16.754865 ], [ -64.848821, -16.753306 ], [ -64.849831, -16.752601 ], [ -64.850812, -16.752245 ], [ -64.852012, -16.751965 ], [ -64.853488, -16.751873 ], [ -64.854926, -16.752176 ], [ -64.856233, -16.753374 ], [ -64.855343, -16.752737 ] ], [ [ -64.882051, -16.752688 ], [ -64.88369, -16.751517 ], [ -64.884686, -16.751074 ], [ -64.885835, -16.750919 ], [ -64.887187, -16.751099 ], [ -64.888694, -16.751765 ], [ -64.888959, -16.752051 ], [ -64.887113, -16.752365 ], [ -64.885198, -16.753231 ], [ -64.883845, -16.75329 ], [ -64.882238, -16.752811 ], [ -64.881886, -16.752753 ], [ -64.882051, -16.752688 ] ], [ [ -64.889033, -16.752038 ], [ -64.890321, -16.752644 ], [ -64.890897, -16.754183 ], [ -64.890433, -16.755885 ], [ -64.889962, -16.756686 ], [ -64.890188, -16.756136 ], [ -64.890379, -16.755219 ], [ -64.890422, -16.754496 ], [ -64.890334, -16.753942 ], [ -64.889756, -16.752912 ], [ -64.888959, -16.752051 ], [ -64.889033, -16.752038 ] ], [ [ -64.889553, -16.757684 ], [ -64.888236, -16.76107 ], [ -64.888095, -16.761986 ], [ -64.888053, -16.764018 ], [ -64.887614, -16.765826 ], [ -64.887376, -16.766572 ], [ -64.887257, -16.766858 ], [ -64.887079, -16.767604 ], [ -64.8869, -16.769211 ], [ -64.886542, -16.771334 ], [ -64.886304, -16.772883 ], [ -64.886428, -16.775543 ], [ -64.886899, -16.777072 ], [ -64.887315, -16.777875 ], [ -64.887672, -16.778219 ], [ -64.887731, -16.778334 ], [ -64.888089, -16.778506 ], [ -64.888327, -16.778678 ], [ -64.888624, -16.77885 ], [ -64.889338, -16.779194 ], [ -64.889488, -16.779244 ], [ -64.88878, -16.779214 ], [ -64.887654, -16.778761 ], [ -64.886764, -16.77792 ], [ -64.886111, -16.776691 ], [ -64.885535, -16.77523 ], [ -64.885782, -16.771831 ], [ -64.886306, -16.768043 ], [ -64.886681, -16.765492 ], [ -64.887452, -16.762397 ], [ -64.88815, -16.760075 ], [ -64.888697, -16.758603 ], [ -64.889566, -16.75736 ], [ -64.889962, -16.756686 ], [ -64.889553, -16.757684 ] ], [ [ -64.890303, -16.779277 ], [ -64.891664, -16.779111 ], [ -64.893341, -16.778555 ], [ -64.895172, -16.777303 ], [ -64.89644, -16.775902 ], [ -64.897467, -16.774348 ], [ -64.898165, -16.772103 ], [ -64.898211, -16.771812 ], [ -64.898211, -16.771899 ], [ -64.89792, -16.774212 ], [ -64.897193, -16.776151 ], [ -64.895347, -16.778287 ], [ -64.893719, -16.779379 ], [ -64.892669, -16.779485 ], [ -64.891619, -16.779447 ], [ -64.890869, -16.77955 ], [ -64.890211, -16.779481 ], [ -64.889488, -16.779244 ], [ -64.890303, -16.779277 ] ], [ [ -64.836338, -16.758112 ], [ -64.837136, -16.759045 ], [ -64.836365, -16.758207 ], [ -64.836075, -16.757891 ], [ -64.836338, -16.758112 ] ], [ [ -65.060829, -17.186443 ], [ -65.06133, -17.186737 ], [ -65.061389, -17.186809 ], [ -65.061275, -17.186793 ], [ -65.060483, -17.186457 ], [ -65.060829, -17.186443 ] ], [ [ -65.054036, -17.184933 ], [ -65.052894, -17.184522 ], [ -65.052497, -17.184328 ], [ -65.052135, -17.184075 ], [ -65.05182, -17.183766 ], [ -65.051443, -17.183295 ], [ -65.051211, -17.182916 ], [ -65.051063, -17.182594 ], [ -65.050964, -17.182306 ], [ -65.050888, -17.181961 ], [ -65.05086, -17.181616 ], [ -65.050855, -17.181248 ], [ -65.051121, -17.180476 ], [ -65.051321, -17.180187 ], [ -65.052098, -17.179195 ], [ -65.052403, -17.178699 ], [ -65.052578, -17.178296 ], [ -65.05267, -17.177996 ], [ -65.052802, -17.177098 ], [ -65.052878, -17.176442 ], [ -65.053001, -17.175785 ], [ -65.053211, -17.174804 ], [ -65.053368, -17.175139 ], [ -65.053398, -17.175541 ], [ -65.053355, -17.175932 ], [ -65.053309, -17.176105 ], [ -65.053241, -17.176324 ], [ -65.053172, -17.176544 ], [ -65.053079, -17.176763 ], [ -65.053007, -17.176983 ], [ -65.052924, -17.177549 ], [ -65.052893, -17.177757 ], [ -65.052875, -17.177881 ], [ -65.052861, -17.177925 ], [ -65.052919, -17.17826 ], [ -65.052933, -17.178432 ], [ -65.052937, -17.178731 ], [ -65.052894, -17.179042 ], [ -65.052884, -17.179192 ], [ -65.052888, -17.179514 ], [ -65.05289, -17.179651 ], [ -65.052856, -17.179801 ], [ -65.052835, -17.180066 ], [ -65.052911, -17.180341 ], [ -65.052973, -17.180524 ], [ -65.052987, -17.180697 ], [ -65.05299, -17.18088 ], [ -65.052994, -17.181179 ], [ -65.053056, -17.181397 ], [ -65.053181, -17.181764 ], [ -65.053136, -17.181994 ], [ -65.053079, -17.182236 ], [ -65.052987, -17.182502 ], [ -65.052989, -17.18264 ], [ -65.052968, -17.182893 ], [ -65.053021, -17.183249 ], [ -65.053095, -17.18342 ], [ -65.053133, -17.183558 ], [ -65.05317, -17.183638 ], [ -65.053267, -17.183786 ], [ -65.053376, -17.1839 ], [ -65.053389, -17.183934 ], [ -65.053449, -17.183968 ], [ -65.05351, -17.184025 ], [ -65.053606, -17.184069 ], [ -65.053714, -17.184068 ], [ -65.05375, -17.184091 ], [ -65.053822, -17.184113 ], [ -65.05393, -17.184134 ], [ -65.054098, -17.184213 ], [ -65.054231, -17.18428 ], [ -65.054388, -17.18437 ], [ -65.054557, -17.184518 ], [ -65.054726, -17.184631 ], [ -65.054945, -17.184881 ], [ -65.05503, -17.184983 ], [ -65.055449, -17.185036 ], [ -65.0558, -17.185285 ], [ -65.055924, -17.185352 ], [ -65.05586, -17.185353 ], [ -65.055309, -17.185309 ], [ -65.054036, -17.184933 ] ], [ [ -65.05311, -17.17459 ], [ -65.053036, -17.174395 ], [ -65.053033, -17.174211 ], [ -65.053043, -17.174039 ], [ -65.053065, -17.173866 ], [ -65.053111, -17.173796 ], [ -65.053166, -17.173624 ], [ -65.053167, -17.173724 ], [ -65.053222, -17.174276 ], [ -65.053228, -17.174725 ], [ -65.053211, -17.174804 ], [ -65.05311, -17.17459 ] ], [ [ -65.059674, -17.161172 ], [ -65.059677, -17.160964 ], [ -65.059645, -17.160699 ], [ -65.059648, -17.160434 ], [ -65.059691, -17.159998 ], [ -65.059891, -17.15938 ], [ -65.060162, -17.158868 ], [ -65.060809, -17.157949 ], [ -65.061203, -17.157244 ], [ -65.061511, -17.156583 ], [ -65.061795, -17.156025 ], [ -65.062261, -17.155194 ], [ -65.062469, -17.154876 ], [ -65.062713, -17.154605 ], [ -65.062847, -17.154401 ], [ -65.062765, -17.154284 ], [ -65.062564, -17.154107 ], [ -65.062342, -17.153791 ], [ -65.062267, -17.153564 ], [ -65.062664, -17.153965 ], [ -65.062982, -17.154144 ], [ -65.063021, -17.154513 ], [ -65.062814, -17.155174 ], [ -65.062721, -17.155539 ], [ -65.062484, -17.155936 ], [ -65.062302, -17.156552 ], [ -65.062157, -17.157088 ], [ -65.062112, -17.15796 ], [ -65.061806, -17.158488 ], [ -65.061571, -17.159132 ], [ -65.061472, -17.159347 ], [ -65.061054, -17.159935 ], [ -65.060811, -17.160376 ], [ -65.060643, -17.160889 ], [ -65.060569, -17.161439 ], [ -65.060216, -17.161729 ], [ -65.059707, -17.162017 ], [ -65.059409, -17.162196 ], [ -65.059556, -17.161814 ], [ -65.059645, -17.16147 ], [ -65.059674, -17.161172 ] ], [ [ -65.062142, -17.152681 ], [ -65.06204, -17.152299 ], [ -65.061853, -17.15203 ], [ -65.061452, -17.15163 ], [ -65.061289, -17.151293 ], [ -65.061174, -17.150968 ], [ -65.061172, -17.150277 ], [ -65.061164, -17.150126 ], [ -65.061318, -17.150455 ], [ -65.061551, -17.151184 ], [ -65.062195, -17.151703 ], [ -65.062385, -17.152201 ], [ -65.062386, -17.152661 ], [ -65.062259, -17.153539 ], [ -65.062227, -17.153443 ], [ -65.062197, -17.153074 ], [ -65.062142, -17.152681 ] ], [ [ -65.060982, -17.14974 ], [ -65.061041, -17.149548 ], [ -65.061063, -17.149595 ], [ -65.061153, -17.149943 ], [ -65.061164, -17.150126 ], [ -65.060982, -17.14974 ] ], [ [ -65.061812, -17.146389 ], [ -65.062284, -17.14663 ], [ -65.062565, -17.146672 ], [ -65.062995, -17.146566 ], [ -65.063205, -17.146463 ], [ -65.063528, -17.146145 ], [ -65.063524, -17.146065 ], [ -65.063661, -17.146174 ], [ -65.063837, -17.146385 ], [ -65.063799, -17.146534 ], [ -65.063627, -17.146864 ], [ -65.063336, -17.1471 ], [ -65.063167, -17.1472 ], [ -65.062904, -17.147252 ], [ -65.062569, -17.147245 ], [ -65.062128, -17.14712 ], [ -65.061771, -17.146963 ], [ -65.061522, -17.146819 ], [ -65.061151, -17.146834 ], [ -65.060908, -17.146903 ], [ -65.06089, -17.146506 ], [ -65.061396, -17.146323 ], [ -65.061812, -17.146389 ] ], [ [ -65.063247, -17.145843 ], [ -65.06287, -17.145478 ], [ -65.062518, -17.144998 ], [ -65.062417, -17.144535 ], [ -65.062614, -17.144148 ], [ -65.063121, -17.143814 ], [ -65.063783, -17.14354 ], [ -65.064191, -17.143434 ], [ -65.064563, -17.143419 ], [ -65.065292, -17.143458 ], [ -65.066189, -17.143477 ], [ -65.06662, -17.143463 ], [ -65.067028, -17.143368 ], [ -65.067186, -17.143211 ], [ -65.067432, -17.142721 ], [ -65.067569, -17.142378 ], [ -65.067594, -17.142264 ], [ -65.067578, -17.141768 ], [ -65.067491, -17.141145 ], [ -65.067367, -17.140589 ], [ -65.067219, -17.140102 ], [ -65.067024, -17.139546 ], [ -65.066936, -17.139014 ], [ -65.067051, -17.138475 ], [ -65.067334, -17.137975 ], [ -65.067651, -17.137521 ], [ -65.068211, -17.136877 ], [ -65.068443, -17.136525 ], [ -65.069078, -17.135755 ], [ -65.06932, -17.135155 ], [ -65.069004, -17.13468 ], [ -65.068502, -17.134267 ], [ -65.067802, -17.133748 ], [ -65.067654, -17.13325 ], [ -65.067539, -17.132096 ], [ -65.067347, -17.13132 ], [ -65.067032, -17.130726 ], [ -65.066585, -17.130267 ], [ -65.066265, -17.130019 ], [ -65.065862, -17.129757 ], [ -65.065673, -17.129614 ], [ -65.065521, -17.129392 ], [ -65.065358, -17.129044 ], [ -65.06527, -17.128558 ], [ -65.065303, -17.128248 ], [ -65.065719, -17.128828 ], [ -65.066145, -17.12901 ], [ -65.066588, -17.129433 ], [ -65.066866, -17.129784 ], [ -65.067237, -17.130611 ], [ -65.067552, -17.131205 ], [ -65.067978, -17.131849 ], [ -65.068591, -17.132898 ], [ -65.068811, -17.133576 ], [ -65.068995, -17.134187 ], [ -65.069209, -17.134565 ], [ -65.069525, -17.13504 ], [ -65.069283, -17.135641 ], [ -65.069019, -17.136365 ], [ -65.068391, -17.137222 ], [ -65.0679, -17.137636 ], [ -65.067538, -17.13786 ], [ -65.067256, -17.138361 ], [ -65.06714, -17.138899 ], [ -65.067228, -17.139431 ], [ -65.067424, -17.139988 ], [ -65.067572, -17.140474 ], [ -65.068007, -17.140936 ], [ -65.067782, -17.141653 ], [ -65.067799, -17.142149 ], [ -65.067637, -17.142606 ], [ -65.067607, -17.143152 ], [ -65.067259, -17.143666 ], [ -65.066586, -17.143639 ], [ -65.065983, -17.143543 ], [ -65.065788, -17.143482 ], [ -65.065716, -17.143574 ], [ -65.065185, -17.143622 ], [ -65.064593, -17.143536 ], [ -65.063681, -17.143733 ], [ -65.063058, -17.144282 ], [ -65.062799, -17.145126 ], [ -65.063286, -17.145688 ], [ -65.063514, -17.145862 ], [ -65.063524, -17.146065 ], [ -65.063247, -17.145843 ] ], [ [ -65.065165, -17.128058 ], [ -65.06549, -17.127491 ], [ -65.065868, -17.127143 ], [ -65.065934, -17.127076 ], [ -65.065459, -17.12786 ], [ -65.065311, -17.128167 ], [ -65.065303, -17.128248 ], [ -65.065165, -17.128058 ] ], [ [ -65.065962, -17.12703 ], [ -65.066183, -17.12662 ], [ -65.066235, -17.126322 ], [ -65.066215, -17.126057 ], [ -65.066028, -17.1258 ], [ -65.0656, -17.125595 ], [ -65.063895, -17.125178 ], [ -65.063313, -17.124923 ], [ -65.062684, -17.124541 ], [ -65.062105, -17.124091 ], [ -65.061669, -17.123645 ], [ -65.061554, -17.123308 ], [ -65.061583, -17.12294 ], [ -65.061829, -17.122531 ], [ -65.062059, -17.122329 ], [ -65.062866, -17.12192 ], [ -65.06318, -17.121708 ], [ -65.063411, -17.121494 ], [ -65.063775, -17.121122 ], [ -65.063913, -17.120956 ], [ -65.063653, -17.121593 ], [ -65.063451, -17.122036 ], [ -65.063296, -17.122431 ], [ -65.063323, -17.122665 ], [ -65.063374, -17.122829 ], [ -65.063328, -17.123134 ], [ -65.063751, -17.123879 ], [ -65.064469, -17.124997 ], [ -65.064787, -17.125134 ], [ -65.065328, -17.125527 ], [ -65.06581, -17.125626 ], [ -65.066303, -17.125511 ], [ -65.066776, -17.125683 ], [ -65.066591, -17.126402 ], [ -65.065934, -17.127076 ], [ -65.065962, -17.12703 ] ], [ [ -65.064149, -17.120375 ], [ -65.064581, -17.11995 ], [ -65.064494, -17.120182 ], [ -65.064177, -17.120636 ], [ -65.063913, -17.120956 ], [ -65.064149, -17.120375 ] ], [ [ -65.068484, -17.114811 ], [ -65.069108, -17.114686 ], [ -65.069639, -17.114398 ], [ -65.070002, -17.114083 ], [ -65.070247, -17.11372 ], [ -65.070335, -17.113388 ], [ -65.070352, -17.113032 ], [ -65.070108, -17.112554 ], [ -65.069779, -17.11219 ], [ -65.069376, -17.111928 ], [ -65.06877, -17.11165 ], [ -65.068234, -17.111455 ], [ -65.067256, -17.111284 ], [ -65.066253, -17.111182 ], [ -65.065752, -17.111067 ], [ -65.065264, -17.110907 ], [ -65.064801, -17.110667 ], [ -65.064338, -17.110403 ], [ -65.063996, -17.110039 ], [ -65.063764, -17.109551 ], [ -65.0637, -17.109043 ], [ -65.063814, -17.108642 ], [ -65.063843, -17.108596 ], [ -65.063823, -17.108896 ], [ -65.064063, -17.109832 ], [ -65.065127, -17.11074 ], [ -65.066887, -17.110987 ], [ -65.068223, -17.111028 ], [ -65.069352, -17.111249 ], [ -65.070189, -17.112141 ], [ -65.070609, -17.113023 ], [ -65.070715, -17.113576 ], [ -65.07043, -17.114477 ], [ -65.069811, -17.114923 ], [ -65.068933, -17.115155 ], [ -65.067711, -17.114875 ], [ -65.067535, -17.114752 ], [ -65.067683, -17.114782 ], [ -65.068137, -17.114826 ], [ -65.068484, -17.114811 ] ], [ [ -65.069869, -17.107587 ], [ -65.070005, -17.107336 ], [ -65.070093, -17.106993 ], [ -65.070099, -17.106601 ], [ -65.069849, -17.106504 ], [ -65.068697, -17.105995 ], [ -65.068185, -17.1058 ], [ -65.067674, -17.105582 ], [ -65.067269, -17.10547 ], [ -65.066908, -17.105336 ], [ -65.067298, -17.105388 ], [ -65.068025, -17.1055 ], [ -65.068708, -17.10539 ], [ -65.069219, -17.105493 ], [ -65.069634, -17.105594 ], [ -65.070337, -17.105747 ], [ -65.070614, -17.105889 ], [ -65.071054, -17.105993 ], [ -65.071397, -17.106411 ], [ -65.071402, -17.106869 ], [ -65.071344, -17.107328 ], [ -65.071084, -17.107607 ], [ -65.07035, -17.108001 ], [ -65.069371, -17.108034 ], [ -65.069171, -17.107994 ], [ -65.069278, -17.107988 ], [ -65.069674, -17.107836 ], [ -65.069869, -17.107587 ] ], [ [ -65.066748, -17.105314 ], [ -65.066243, -17.104823 ], [ -65.06613, -17.104542 ], [ -65.066332, -17.104885 ], [ -65.066841, -17.105311 ], [ -65.066908, -17.105336 ], [ -65.066748, -17.105314 ] ], [ [ -65.065982, -17.10429 ], [ -65.065824, -17.103654 ], [ -65.06583, -17.103262 ], [ -65.065926, -17.102378 ], [ -65.065886, -17.101836 ], [ -65.06556, -17.101337 ], [ -65.065597, -17.101334 ], [ -65.066454, -17.101446 ], [ -65.066797, -17.102074 ], [ -65.06649, -17.102882 ], [ -65.066103, -17.103597 ], [ -65.065987, -17.104185 ], [ -65.06613, -17.104542 ], [ -65.065982, -17.10429 ] ], [ [ -65.064689, -17.101394 ], [ -65.063485, -17.10131 ], [ -65.062194, -17.100913 ], [ -65.061816, -17.100462 ], [ -65.061899, -17.100529 ], [ -65.06235, -17.100712 ], [ -65.062828, -17.10078 ], [ -65.063389, -17.100838 ], [ -65.064525, -17.100851 ], [ -65.065145, -17.101002 ], [ -65.065535, -17.101299 ], [ -65.06556, -17.101337 ], [ -65.064689, -17.101394 ] ], [ [ -65.061462, -17.093531 ], [ -65.061824, -17.093528 ], [ -65.062279, -17.093827 ], [ -65.062555, -17.094302 ], [ -65.062501, -17.095322 ], [ -65.062714, -17.096386 ], [ -65.063169, -17.096686 ], [ -65.063622, -17.096855 ], [ -65.064119, -17.096807 ], [ -65.064476, -17.096455 ], [ -65.064776, -17.095863 ], [ -65.064789, -17.095906 ], [ -65.064887, -17.096575 ], [ -65.064833, -17.096977 ], [ -65.064588, -17.09734 ], [ -65.0642, -17.097724 ], [ -65.063767, -17.097921 ], [ -65.063419, -17.097972 ], [ -65.063181, -17.097874 ], [ -65.062887, -17.097534 ], [ -65.062678, -17.097138 ], [ -65.062296, -17.095437 ], [ -65.062042, -17.094798 ], [ -65.061785, -17.094355 ], [ -65.061539, -17.094039 ], [ -65.061266, -17.093895 ], [ -65.061052, -17.09381 ], [ -65.060718, -17.093803 ], [ -65.060741, -17.093764 ], [ -65.061145, -17.093491 ], [ -65.061462, -17.093531 ] ], [ [ -65.067665, -17.088933 ], [ -65.067207, -17.088393 ], [ -65.066806, -17.087981 ], [ -65.066001, -17.0874 ], [ -65.065693, -17.087243 ], [ -65.065289, -17.087074 ], [ -65.06517, -17.08703 ], [ -65.065897, -17.087129 ], [ -65.066206, -17.087285 ], [ -65.067364, -17.087866 ], [ -65.067776, -17.08834 ], [ -65.068142, -17.08877 ], [ -65.068175, -17.08925 ], [ -65.06844, -17.089901 ], [ -65.068307, -17.090329 ], [ -65.068236, -17.090016 ], [ -65.06797, -17.089365 ], [ -65.067665, -17.088933 ] ], [ [ -65.062426, -17.085734 ], [ -65.06194, -17.085389 ], [ -65.061643, -17.085279 ], [ -65.06144, -17.085252 ], [ -65.061069, -17.08529 ], [ -65.060733, -17.085363 ], [ -65.060362, -17.085378 ], [ -65.059755, -17.085169 ], [ -65.059365, -17.084816 ], [ -65.059122, -17.084292 ], [ -65.059093, -17.083819 ], [ -65.059194, -17.083476 ], [ -65.059514, -17.082827 ], [ -65.059748, -17.082385 ], [ -65.059719, -17.082712 ], [ -65.059398, -17.083361 ], [ -65.059298, -17.083705 ], [ -65.059327, -17.084177 ], [ -65.05957, -17.084701 ], [ -65.05996, -17.085054 ], [ -65.060567, -17.085263 ], [ -65.060938, -17.085248 ], [ -65.061273, -17.085175 ], [ -65.061645, -17.085137 ], [ -65.061848, -17.085164 ], [ -65.062145, -17.085274 ], [ -65.062864, -17.085435 ], [ -65.063547, -17.085906 ], [ -65.06403, -17.08642 ], [ -65.065007, -17.08697 ], [ -65.063825, -17.086535 ], [ -65.063066, -17.086139 ], [ -65.062426, -17.085734 ] ], [ [ -65.059785, -17.08198 ], [ -65.059813, -17.081785 ], [ -65.060343, -17.081108 ], [ -65.061104, -17.080276 ], [ -65.061602, -17.079897 ], [ -65.062176, -17.079393 ], [ -65.063116, -17.078541 ], [ -65.063392, -17.077526 ], [ -65.063315, -17.076754 ], [ -65.063159, -17.075809 ], [ -65.062991, -17.074898 ], [ -65.062984, -17.074232 ], [ -65.063049, -17.073522 ], [ -65.063234, -17.072779 ], [ -65.06351, -17.072234 ], [ -65.063906, -17.071198 ], [ -65.064011, -17.071008 ], [ -65.064003, -17.071076 ], [ -65.063875, -17.07166 ], [ -65.06369, -17.072082 ], [ -65.06354, -17.072471 ], [ -65.063402, -17.072905 ], [ -65.063299, -17.073421 ], [ -65.063255, -17.073996 ], [ -65.063329, -17.074665 ], [ -65.063427, -17.075324 ], [ -65.06362, -17.076007 ], [ -65.063789, -17.076736 ], [ -65.063825, -17.077566 ], [ -65.063769, -17.078117 ], [ -65.063582, -17.078654 ], [ -65.063301, -17.079005 ], [ -65.062866, -17.079364 ], [ -65.061368, -17.080357 ], [ -65.06092, -17.080739 ], [ -65.060507, -17.081167 ], [ -65.059834, -17.082223 ], [ -65.059748, -17.082385 ], [ -65.059785, -17.08198 ] ], [ [ -65.075001, -17.064842 ], [ -65.07522, -17.064536 ], [ -65.075601, -17.063877 ], [ -65.07582, -17.063582 ], [ -65.076195, -17.063279 ], [ -65.07657, -17.063022 ], [ -65.076776, -17.062897 ], [ -65.076775, -17.062907 ], [ -65.0764, -17.063164 ], [ -65.076065, -17.063704 ], [ -65.075662, -17.064012 ], [ -65.075425, -17.064421 ], [ -65.075205, -17.064727 ], [ -65.074638, -17.06537 ], [ -65.074094, -17.065245 ], [ -65.07386, -17.065083 ], [ -65.07416, -17.065089 ], [ -65.074651, -17.06503 ], [ -65.075001, -17.064842 ] ], [ [ -65.079666, -17.060602 ], [ -65.080159, -17.060417 ], [ -65.080641, -17.060208 ], [ -65.081244, -17.059818 ], [ -65.082479, -17.058774 ], [ -65.082989, -17.05829 ], [ -65.083438, -17.057828 ], [ -65.083804, -17.057341 ], [ -65.08417, -17.056819 ], [ -65.084561, -17.056205 ], [ -65.084881, -17.055591 ], [ -65.085141, -17.055009 ], [ -65.085304, -17.054471 ], [ -65.08542, -17.053898 ], [ -65.085488, -17.053335 ], [ -65.085517, -17.052127 ], [ -65.085476, -17.050837 ], [ -65.085522, -17.050193 ], [ -65.085673, -17.049632 ], [ -65.085942, -17.049258 ], [ -65.086143, -17.049148 ], [ -65.085878, -17.049517 ], [ -65.085726, -17.050078 ], [ -65.085681, -17.050722 ], [ -65.085722, -17.052012 ], [ -65.085693, -17.05322 ], [ -65.085625, -17.053783 ], [ -65.085509, -17.054356 ], [ -65.085345, -17.054894 ], [ -65.085086, -17.055476 ], [ -65.084766, -17.056091 ], [ -65.084375, -17.056704 ], [ -65.084008, -17.057226 ], [ -65.083642, -17.057713 ], [ -65.083193, -17.058175 ], [ -65.082684, -17.058659 ], [ -65.081449, -17.059704 ], [ -65.081041, -17.06022 ], [ -65.080369, -17.060705 ], [ -65.079919, -17.060884 ], [ -65.079335, -17.061194 ], [ -65.07884, -17.061329 ], [ -65.078408, -17.061409 ], [ -65.078678, -17.061145 ], [ -65.079101, -17.060843 ], [ -65.079666, -17.060602 ] ], [ [ -65.088493, -17.029597 ], [ -65.088896, -17.029245 ], [ -65.089458, -17.029022 ], [ -65.09027, -17.028927 ], [ -65.090995, -17.02918 ], [ -65.091856, -17.029432 ], [ -65.092515, -17.029672 ], [ -65.093756, -17.029673 ], [ -65.094527, -17.029926 ], [ -65.095298, -17.030265 ], [ -65.096973, -17.030552 ], [ -65.097697, -17.030675 ], [ -65.098375, -17.030755 ], [ -65.098874, -17.030924 ], [ -65.099248, -17.031209 ], [ -65.099956, -17.030984 ], [ -65.099788, -17.031087 ], [ -65.099043, -17.031324 ], [ -65.09872, -17.031363 ], [ -65.09823, -17.031341 ], [ -65.097717, -17.031261 ], [ -65.096919, -17.03106 ], [ -65.095085, -17.030537 ], [ -65.094359, -17.030303 ], [ -65.093621, -17.030091 ], [ -65.09231, -17.029786 ], [ -65.091666, -17.029658 ], [ -65.090974, -17.029551 ], [ -65.089947, -17.029459 ], [ -65.089612, -17.029475 ], [ -65.0893, -17.029607 ], [ -65.088889, -17.029886 ], [ -65.088451, -17.030429 ], [ -65.088083, -17.031031 ], [ -65.087953, -17.031363 ], [ -65.08783, -17.030864 ], [ -65.088048, -17.030209 ], [ -65.088493, -17.029597 ] ], [ [ -65.101003, -17.026438 ], [ -65.101004, -17.026444 ], [ -65.100992, -17.026426 ], [ -65.100968, -17.026367 ], [ -65.101003, -17.026438 ] ], [ [ -65.099576, -17.025007 ], [ -65.099212, -17.024837 ], [ -65.098803, -17.024537 ], [ -65.098122, -17.02424 ], [ -65.097577, -17.024028 ], [ -65.097495, -17.023982 ], [ -65.097666, -17.024041 ], [ -65.098071, -17.024165 ], [ -65.098868, -17.024378 ], [ -65.099462, -17.024644 ], [ -65.099877, -17.02494 ], [ -65.100231, -17.025224 ], [ -65.100467, -17.025471 ], [ -65.100713, -17.025833 ], [ -65.10075, -17.025912 ], [ -65.100305, -17.025608 ], [ -65.099985, -17.025263 ], [ -65.099576, -17.025007 ] ], [ [ -65.096417, -17.023611 ], [ -65.096179, -17.023514 ], [ -65.095835, -17.023288 ], [ -65.095564, -17.023017 ], [ -65.095355, -17.022644 ], [ -65.095194, -17.02218 ], [ -65.095142, -17.021615 ], [ -65.095149, -17.021189 ], [ -65.095181, -17.020591 ], [ -65.09519, -17.019969 ], [ -65.095166, -17.019186 ], [ -65.095029, -17.018723 ], [ -65.094714, -17.01814 ], [ -65.093778, -17.017613 ], [ -65.092873, -17.017329 ], [ -65.090739, -17.016903 ], [ -65.089829, -17.01654 ], [ -65.087716, -17.015697 ], [ -65.086687, -17.015368 ], [ -65.08626, -17.015136 ], [ -65.085741, -17.014695 ], [ -65.08614, -17.014934 ], [ -65.086822, -17.015318 ], [ -65.087729, -17.0157 ], [ -65.088183, -17.015869 ], [ -65.088952, -17.016035 ], [ -65.09004, -17.016328 ], [ -65.09167, -17.016702 ], [ -65.093299, -17.017033 ], [ -65.094433, -17.017412 ], [ -65.095432, -17.017923 ], [ -65.09571, -17.018572 ], [ -65.095715, -17.01905 ], [ -65.095769, -17.019788 ], [ -65.095551, -17.020486 ], [ -65.095353, -17.021074 ], [ -65.095347, -17.0215 ], [ -65.095568, -17.02205 ], [ -65.095754, -17.022526 ], [ -65.096075, -17.022914 ], [ -65.096384, -17.023399 ], [ -65.096621, -17.023496 ], [ -65.097495, -17.023982 ], [ -65.096417, -17.023611 ] ], [ [ -65.085025, -17.013732 ], [ -65.085089, -17.013815 ], [ -65.085592, -17.014563 ], [ -65.08528, -17.014264 ], [ -65.085041, -17.013805 ], [ -65.085025, -17.013732 ] ], [ [ -65.085533, -17.009678 ], [ -65.087599, -17.008022 ], [ -65.088653, -17.007579 ], [ -65.08945, -17.007232 ], [ -65.090316, -17.007192 ], [ -65.091183, -17.007276 ], [ -65.092247, -17.007851 ], [ -65.093636, -17.008731 ], [ -65.094536, -17.008969 ], [ -65.095435, -17.009052 ], [ -65.096429, -17.009073 ], [ -65.097227, -17.009169 ], [ -65.098166, -17.009159 ], [ -65.09874, -17.009203 ], [ -65.099282, -17.008982 ], [ -65.099543, -17.008467 ], [ -65.099576, -17.008799 ], [ -65.099584, -17.009538 ], [ -65.099273, -17.010019 ], [ -65.098869, -17.01024 ], [ -65.098373, -17.010332 ], [ -65.097605, -17.010253 ], [ -65.096426, -17.009874 ], [ -65.094887, -17.009499 ], [ -65.093796, -17.008946 ], [ -65.092477, -17.008047 ], [ -65.091206, -17.007495 ], [ -65.090302, -17.007417 ], [ -65.088905, -17.007649 ], [ -65.088234, -17.008221 ], [ -65.087384, -17.008968 ], [ -65.086308, -17.009718 ], [ -65.085096, -17.010382 ], [ -65.084718, -17.010916 ], [ -65.084729, -17.010744 ], [ -65.084917, -17.010301 ], [ -65.085533, -17.009678 ] ], [ [ -65.099474, -17.007757 ], [ -65.099377, -17.007193 ], [ -65.099004, -17.006111 ], [ -65.098401, -17.004683 ], [ -65.097662, -17.003622 ], [ -65.097386, -17.003214 ], [ -65.097299, -17.002937 ], [ -65.097338, -17.003003 ], [ -65.098301, -17.004141 ], [ -65.098695, -17.004512 ], [ -65.099284, -17.005592 ], [ -65.099413, -17.006358 ], [ -65.099555, -17.00759 ], [ -65.099634, -17.008287 ], [ -65.099543, -17.008467 ], [ -65.099474, -17.007757 ] ], [ [ -65.097041, -17.002514 ], [ -65.096962, -17.001975 ], [ -65.096837, -17.001474 ], [ -65.097104, -17.00232 ], [ -65.097299, -17.002937 ], [ -65.097041, -17.002514 ] ], [ [ -65.096833, -17.001459 ], [ -65.096834, -17.001461 ], [ -65.096837, -17.001474 ], [ -65.096833, -17.001459 ] ], [ [ -65.095261, -17.000235 ], [ -65.095971, -17.000532 ], [ -65.096113, -17.000671 ], [ -65.095802, -17.000465 ], [ -65.095126, -17.000208 ], [ -65.095261, -17.000235 ] ], [ [ -65.091126, -16.998896 ], [ -65.091081, -16.998895 ], [ -65.091045, -16.998888 ], [ -65.091126, -16.998896 ] ], [ [ -65.081434, -16.989815 ], [ -65.08205, -16.989398 ], [ -65.082704, -16.988793 ], [ -65.08363, -16.988261 ], [ -65.084787, -16.987539 ], [ -65.086024, -16.987115 ], [ -65.087147, -16.986805 ], [ -65.088078, -16.986683 ], [ -65.088778, -16.986863 ], [ -65.089479, -16.987043 ], [ -65.090285, -16.987245 ], [ -65.089937, -16.987344 ], [ -65.088981, -16.987641 ], [ -65.088121, -16.987939 ], [ -65.087381, -16.98819 ], [ -65.086713, -16.988235 ], [ -65.08614, -16.988188 ], [ -65.085108, -16.988311 ], [ -65.084994, -16.988324 ], [ -65.084636, -16.988369 ], [ -65.084206, -16.988507 ], [ -65.083633, -16.988759 ], [ -65.082534, -16.989446 ], [ -65.08208, -16.989718 ], [ -65.08196, -16.98979 ], [ -65.081458, -16.990019 ], [ -65.080837, -16.990386 ], [ -65.080383, -16.99073 ], [ -65.080114, -16.990988 ], [ -65.080182, -16.990762 ], [ -65.080796, -16.990083 ], [ -65.081434, -16.989815 ] ], [ [ -65.093276, -16.986256 ], [ -65.093153, -16.98566 ], [ -65.092913, -16.985102 ], [ -65.09248, -16.984546 ], [ -65.09189, -16.983879 ], [ -65.091168, -16.983551 ], [ -65.090351, -16.983372 ], [ -65.089729, -16.983304 ], [ -65.088991, -16.983311 ], [ -65.088059, -16.983246 ], [ -65.087281, -16.983142 ], [ -65.086577, -16.982664 ], [ -65.08591, -16.981998 ], [ -65.085595, -16.98159 ], [ -65.085087, -16.981334 ], [ -65.084466, -16.981377 ], [ -65.08404, -16.981457 ], [ -65.083537, -16.981648 ], [ -65.082961, -16.982177 ], [ -65.082615, -16.98248 ], [ -65.082114, -16.982859 ], [ -65.081574, -16.983163 ], [ -65.080952, -16.983132 ], [ -65.080561, -16.982874 ], [ -65.080287, -16.98269 ], [ -65.080011, -16.982282 ], [ -65.079811, -16.981761 ], [ -65.079808, -16.9815 ], [ -65.079841, -16.980939 ], [ -65.07995, -16.980265 ], [ -65.080215, -16.979627 ], [ -65.080387, -16.979364 ], [ -65.080733, -16.979099 ], [ -65.081235, -16.978795 ], [ -65.081699, -16.978641 ], [ -65.081849, -16.978191 ], [ -65.081765, -16.977594 ], [ -65.081485, -16.976812 ], [ -65.081013, -16.976257 ], [ -65.080348, -16.97589 ], [ -65.079416, -16.975825 ], [ -65.078251, -16.975799 ], [ -65.077472, -16.97562 ], [ -65.077078, -16.975064 ], [ -65.076994, -16.974467 ], [ -65.07699, -16.974131 ], [ -65.077295, -16.973642 ], [ -65.077601, -16.973153 ], [ -65.078139, -16.972662 ], [ -65.07887, -16.972094 ], [ -65.079373, -16.971939 ], [ -65.079878, -16.971934 ], [ -65.080423, -16.972041 ], [ -65.080928, -16.972148 ], [ -65.081281, -16.972443 ], [ -65.081754, -16.973111 ], [ -65.081953, -16.973557 ], [ -65.082114, -16.974004 ], [ -65.082274, -16.97445 ], [ -65.082742, -16.97467 ], [ -65.08313, -16.974629 ], [ -65.08363, -16.97425 ], [ -65.08436, -16.973495 ], [ -65.085051, -16.972778 ], [ -65.085591, -16.972474 ], [ -65.085977, -16.97232 ], [ -65.086561, -16.972464 ], [ -65.087073, -16.973094 ], [ -65.087233, -16.97354 ], [ -65.087241, -16.974213 ], [ -65.08713, -16.974774 ], [ -65.086907, -16.975636 ], [ -65.087148, -16.976381 ], [ -65.087698, -16.976898 ], [ -65.088398, -16.977003 ], [ -65.089017, -16.976885 ], [ -65.089555, -16.976319 ], [ -65.089757, -16.975894 ], [ -65.089718, -16.97645 ], [ -65.089622, -16.977185 ], [ -65.089572, -16.977989 ], [ -65.089571, -16.978633 ], [ -65.08957, -16.979115 ], [ -65.089593, -16.979552 ], [ -65.089735, -16.980242 ], [ -65.090116, -16.980725 ], [ -65.090617, -16.981071 ], [ -65.091523, -16.981302 ], [ -65.09166, -16.981326 ], [ -65.092835, -16.981534 ], [ -65.093384, -16.981627 ], [ -65.094124, -16.981789 ], [ -65.094426, -16.981832 ], [ -65.094935, -16.981905 ], [ -65.095746, -16.982068 ], [ -65.096438, -16.982344 ], [ -65.09701, -16.982667 ], [ -65.097439, -16.983174 ], [ -65.097843, -16.983772 ], [ -65.09797, -16.984181 ], [ -65.098057, -16.984462 ], [ -65.098056, -16.984829 ], [ -65.098126, -16.985772 ], [ -65.098006, -16.986323 ], [ -65.097265, -16.986851 ], [ -65.096548, -16.987217 ], [ -65.095951, -16.987446 ], [ -65.095354, -16.987606 ], [ -65.094489, -16.987605 ], [ -65.094423, -16.987604 ], [ -65.093612, -16.987442 ], [ -65.092999, -16.987308 ], [ -65.093207, -16.987042 ], [ -65.09328, -16.98663 ], [ -65.093276, -16.986256 ] ], [ [ -65.089767, -16.975737 ], [ -65.089731, -16.975231 ], [ -65.089721, -16.975094 ], [ -65.089484, -16.974312 ], [ -65.089107, -16.973536 ], [ -65.089254, -16.973707 ], [ -65.08961, -16.974338 ], [ -65.089773, -16.974972 ], [ -65.089858, -16.975681 ], [ -65.089757, -16.975894 ], [ -65.089767, -16.975737 ] ], [ [ -65.088389, -16.972707 ], [ -65.087605, -16.972042 ], [ -65.086975, -16.971272 ], [ -65.08746, -16.971757 ], [ -65.088151, -16.972425 ], [ -65.088699, -16.972977 ], [ -65.089103, -16.97353 ], [ -65.089107, -16.973536 ], [ -65.088389, -16.972707 ] ], [ [ -65.086769, -16.971066 ], [ -65.086365, -16.97056 ], [ -65.086104, -16.970107 ], [ -65.086483, -16.970671 ], [ -65.086975, -16.971272 ], [ -65.086769, -16.971066 ] ], [ [ -65.08299, -16.963683 ], [ -65.082286, -16.963204 ], [ -65.082124, -16.962811 ], [ -65.082393, -16.963107 ], [ -65.083156, -16.963476 ], [ -65.083824, -16.963776 ], [ -65.084444, -16.963983 ], [ -65.084845, -16.964178 ], [ -65.084969, -16.964237 ], [ -65.085374, -16.964537 ], [ -65.08551, -16.964695 ], [ -65.085017, -16.964409 ], [ -65.084003, -16.964009 ], [ -65.08299, -16.963683 ] ], [ [ -65.082124, -16.959133 ], [ -65.08224, -16.957967 ], [ -65.082138, -16.957325 ], [ -65.08219, -16.957429 ], [ -65.082355, -16.958303 ], [ -65.08233, -16.959107 ], [ -65.082185, -16.959728 ], [ -65.082041, -16.960302 ], [ -65.081944, -16.960807 ], [ -65.081872, -16.961451 ], [ -65.081854, -16.961711 ], [ -65.081799, -16.961341 ], [ -65.081982, -16.960293 ], [ -65.082124, -16.959133 ] ], [ [ -65.082095, -16.95724 ], [ -65.081881, -16.956808 ], [ -65.081714, -16.956601 ], [ -65.081623, -16.956454 ], [ -65.081739, -16.956513 ], [ -65.08211, -16.957151 ], [ -65.082138, -16.957325 ], [ -65.082095, -16.95724 ] ], [ [ -65.081344, -16.952658 ], [ -65.081333, -16.952722 ], [ -65.081158, -16.953308 ], [ -65.081006, -16.953393 ], [ -65.081028, -16.953359 ], [ -65.081292, -16.952808 ], [ -65.081344, -16.952658 ] ], [ [ -65.08151, -16.951676 ], [ -65.081509, -16.951705 ], [ -65.081484, -16.952257 ], [ -65.081344, -16.952658 ], [ -65.08151, -16.951676 ] ], [ [ -65.081774, -16.94869 ], [ -65.082133, -16.948277 ], [ -65.082578, -16.948003 ], [ -65.082572, -16.948043 ], [ -65.08255, -16.948132 ], [ -65.082522, -16.948219 ], [ -65.082487, -16.948304 ], [ -65.082446, -16.948387 ], [ -65.082398, -16.948466 ], [ -65.081944, -16.948649 ], [ -65.081633, -16.949108 ], [ -65.08156, -16.949912 ], [ -65.081558, -16.950878 ], [ -65.081556, -16.950913 ], [ -65.081545, -16.949918 ], [ -65.081596, -16.949042 ], [ -65.081774, -16.94869 ] ], [ [ -65.075993, -16.933818 ], [ -65.075484, -16.93311 ], [ -65.079649, -16.936755 ], [ -65.079486, -16.938092 ], [ -65.078608, -16.937221 ], [ -65.077455, -16.935773 ], [ -65.075993, -16.933818 ] ], [ [ -65.075119, -16.93279 ], [ -65.072755, -16.929515 ], [ -65.069096, -16.926713 ], [ -65.06841, -16.925952 ], [ -65.068043, -16.92515 ], [ -65.067874, -16.924307 ], [ -65.068247, -16.92306 ], [ -65.069035, -16.921068 ], [ -65.070773, -16.918909 ], [ -65.070309, -16.920157 ], [ -65.069957, -16.922641 ], [ -65.069976, -16.924392 ], [ -65.070061, -16.925194 ], [ -65.070681, -16.926502 ], [ -65.071838, -16.928241 ], [ -65.073914, -16.93092 ], [ -65.075484, -16.93311 ], [ -65.075119, -16.93279 ] ], [ [ -65.071045, -16.918179 ], [ -65.072615, -16.91612 ], [ -65.074498, -16.915006 ], [ -65.075782, -16.914628 ], [ -65.077219, -16.914322 ], [ -65.078431, -16.914236 ], [ -65.07965, -16.914735 ], [ -65.080945, -16.915378 ], [ -65.082255, -16.916303 ], [ -65.081448, -16.915962 ], [ -65.080018, -16.915677 ], [ -65.079721, -16.915505 ], [ -65.078708, -16.915105 ], [ -65.077457, -16.915049 ], [ -65.075864, -16.914975 ], [ -65.074083, -16.915667 ], [ -65.073367, -16.916305 ], [ -65.071335, -16.918212 ], [ -65.070773, -16.918909 ], [ -65.071045, -16.918179 ] ], [ [ -65.087966, -16.919612 ], [ -65.088122, -16.919759 ], [ -65.086966, -16.919242 ], [ -65.084229, -16.917869 ], [ -65.083123, -16.916775 ], [ -65.084226, -16.917315 ], [ -65.086209, -16.91839 ], [ -65.087966, -16.919612 ] ], [ [ -65.089201, -16.920241 ], [ -65.089766, -16.920493 ], [ -65.090343, -16.921158 ], [ -65.091822, -16.923215 ], [ -65.09272, -16.924009 ], [ -65.09195, -16.923439 ], [ -65.089575, -16.921128 ], [ -65.088122, -16.919759 ], [ -65.089201, -16.920241 ] ], [ [ -65.09298, -16.924201 ], [ -65.092844, -16.924118 ], [ -65.09272, -16.924009 ], [ -65.09298, -16.924201 ] ], [ [ -65.110869, -16.925124 ], [ -65.111561, -16.923406 ], [ -65.11166, -16.921695 ], [ -65.111404, -16.919987 ], [ -65.110797, -16.918625 ], [ -65.110079, -16.917948 ], [ -65.108526, -16.916824 ], [ -65.106494, -16.915135 ], [ -65.103746, -16.912997 ], [ -65.103471, -16.912807 ], [ -65.104643, -16.912863 ], [ -65.108419, -16.912811 ], [ -65.111081, -16.913107 ], [ -65.112543, -16.913678 ], [ -65.113445, -16.914378 ], [ -65.113829, -16.915432 ], [ -65.11437, -16.918534 ], [ -65.11405, -16.921279 ], [ -65.113601, -16.923356 ], [ -65.112417, -16.925014 ], [ -65.11073, -16.926313 ], [ -65.108201, -16.927373 ], [ -65.105673, -16.927765 ], [ -65.104847, -16.927961 ], [ -65.106512, -16.927449 ], [ -65.109579, -16.926277 ], [ -65.110869, -16.925124 ] ], [ [ -65.102333, -16.912753 ], [ -65.100861, -16.912431 ], [ -65.098967, -16.911912 ], [ -65.097345, -16.910784 ], [ -65.095926, -16.909378 ], [ -65.093537, -16.907228 ], [ -65.095642, -16.908519 ], [ -65.100165, -16.910525 ], [ -65.103471, -16.912807 ], [ -65.102333, -16.912753 ] ], [ [ -65.091054, -16.904781 ], [ -65.089428, -16.903276 ], [ -65.088776, -16.902384 ], [ -65.091054, -16.904781 ] ], [ [ -65.07453, -16.88739 ], [ -65.07234, -16.886408 ], [ -65.07109, -16.884779 ], [ -65.070976, -16.882956 ], [ -65.071715, -16.881215 ], [ -65.073308, -16.879648 ], [ -65.064742, -16.873876 ], [ -65.060828, -16.868447 ], [ -65.061245, -16.868536 ], [ -65.062426, -16.868419 ], [ -65.064121, -16.868384 ], [ -65.065466, -16.868524 ], [ -65.067249, -16.869044 ], [ -65.068849, -16.869769 ], [ -65.069979, -16.870775 ], [ -65.071044, -16.872245 ], [ -65.072114, -16.874187 ], [ -65.0729, -16.875728 ], [ -65.07375, -16.87673 ], [ -65.07481, -16.877729 ], [ -65.076009, -16.878592 ], [ -65.077273, -16.879051 ], [ -65.079165, -16.879436 ], [ -65.081197, -16.879752 ], [ -65.083995, -16.879858 ], [ -65.085677, -16.880177 ], [ -65.087006, -16.880998 ], [ -65.087796, -16.882021 ], [ -65.088086, -16.882961 ], [ -65.088313, -16.884581 ], [ -65.088124, -16.886401 ], [ -65.087654, -16.888224 ], [ -65.087317, -16.889372 ], [ -65.085947, -16.892012 ], [ -65.085538, -16.892905 ], [ -65.085341, -16.894385 ], [ -65.085342, -16.895418 ], [ -65.085401, -16.895647 ], [ -65.085402, -16.89645 ], [ -65.085581, -16.897139 ], [ -65.086119, -16.898515 ], [ -65.086894, -16.899604 ], [ -65.087549, -16.900464 ], [ -65.088504, -16.902011 ], [ -65.088776, -16.902384 ], [ -65.07453, -16.88739 ] ], [ [ -65.060283, -16.86833 ], [ -65.058997, -16.867696 ], [ -65.057609, -16.866509 ], [ -65.056446, -16.865412 ], [ -65.05583, -16.864587 ], [ -65.05397, -16.861148 ], [ -65.05352, -16.860303 ], [ -65.05368, -16.860508 ], [ -65.055605, -16.863316 ], [ -65.056953, -16.865401 ], [ -65.058202, -16.866939 ], [ -65.058966, -16.86757 ], [ -65.060775, -16.868373 ], [ -65.060828, -16.868447 ], [ -65.060283, -16.86833 ] ], [ [ -65.052684, -16.859234 ], [ -65.052961, -16.859495 ], [ -65.053448, -16.860168 ], [ -65.05352, -16.860303 ], [ -65.052684, -16.859234 ] ], [ [ -65.046422, -16.855107 ], [ -65.045559, -16.854112 ], [ -65.044783, -16.852478 ], [ -65.04458, -16.851203 ], [ -65.044563, -16.849652 ], [ -65.044649, -16.848831 ], [ -65.045203, -16.847457 ], [ -65.045944, -16.845899 ], [ -65.047346, -16.844152 ], [ -65.049424, -16.843583 ], [ -65.051694, -16.843287 ], [ -65.054445, -16.843625 ], [ -65.055404, -16.844033 ], [ -65.054366, -16.843723 ], [ -65.052156, -16.843515 ], [ -65.050938, -16.843483 ], [ -65.048881, -16.843899 ], [ -65.047766, -16.84426 ], [ -65.046997, -16.844779 ], [ -65.046232, -16.845729 ], [ -65.045753, -16.846676 ], [ -65.045194, -16.847742 ], [ -65.044878, -16.848727 ], [ -65.044767, -16.849749 ], [ -65.044811, -16.851124 ], [ -65.045041, -16.852515 ], [ -65.045419, -16.853532 ], [ -65.046207, -16.854781 ], [ -65.047236, -16.855634 ], [ -65.048221, -16.856253 ], [ -65.049616, -16.857024 ], [ -65.050437, -16.857487 ], [ -65.051638, -16.858369 ], [ -65.051704, -16.858421 ], [ -65.050333, -16.857622 ], [ -65.047856, -16.85637 ], [ -65.046422, -16.855107 ] ], [ [ -65.055512, -16.844065 ], [ -65.055628, -16.844128 ], [ -65.055404, -16.844033 ], [ -65.055512, -16.844065 ] ], [ [ -65.057585, -16.844961 ], [ -65.058659, -16.845786 ], [ -65.058239, -16.845547 ], [ -65.055628, -16.844128 ], [ -65.057585, -16.844961 ] ], [ [ -65.063906, -16.847093 ], [ -65.064562, -16.846807 ], [ -65.063986, -16.847082 ], [ -65.063906, -16.847093 ] ], [ [ -65.065162, -16.846521 ], [ -65.06504, -16.846579 ], [ -65.066894, -16.845016 ], [ -65.066415, -16.845487 ], [ -65.065162, -16.846521 ] ], [ [ -65.06965, -16.839458 ], [ -65.070064, -16.837577 ], [ -65.070008, -16.838363 ], [ -65.069615, -16.839741 ], [ -65.068585, -16.84254 ], [ -65.068043, -16.843787 ], [ -65.067101, -16.844813 ], [ -65.066978, -16.844934 ], [ -65.067707, -16.843765 ], [ -65.068822, -16.841747 ], [ -65.06965, -16.839458 ] ], [ [ -65.070078, -16.83738 ], [ -65.070145, -16.835966 ], [ -65.07017, -16.834513 ], [ -65.070159, -16.833571 ], [ -65.070014, -16.832625 ], [ -65.069953, -16.831764 ], [ -65.069416, -16.829585 ], [ -65.069177, -16.828954 ], [ -65.069058, -16.828782 ], [ -65.06876, -16.828266 ], [ -65.068343, -16.827635 ], [ -65.067926, -16.82712 ], [ -65.066615, -16.825859 ], [ -65.065484, -16.825057 ], [ -65.065008, -16.824828 ], [ -65.063936, -16.82437 ], [ -65.0634, -16.824314 ], [ -65.062627, -16.824314 ], [ -65.061912, -16.824373 ], [ -65.060841, -16.824431 ], [ -65.060068, -16.824662 ], [ -65.058877, -16.824892 ], [ -65.058164, -16.825237 ], [ -65.056616, -16.825354 ], [ -65.056112, -16.825354 ], [ -65.056601, -16.825214 ], [ -65.058347, -16.824522 ], [ -65.060044, -16.824022 ], [ -65.061346, -16.823913 ], [ -65.06305, -16.823992 ], [ -65.064757, -16.824361 ], [ -65.06677, -16.825209 ], [ -65.068186, -16.826449 ], [ -65.069201, -16.827693 ], [ -65.069917, -16.829037 ], [ -65.070237, -16.830867 ], [ -65.07046, -16.832891 ], [ -65.070479, -16.834627 ], [ -65.070393, -16.835979 ], [ -65.070203, -16.836946 ], [ -65.070064, -16.837577 ], [ -65.070078, -16.83738 ] ], [ [ -65.054504, -16.825814 ], [ -65.052501, -16.825931 ], [ -65.050996, -16.825753 ], [ -65.049587, -16.825092 ], [ -65.047865, -16.823372 ], [ -65.047248, -16.821834 ], [ -65.046628, -16.820104 ], [ -65.046509, -16.818368 ], [ -65.046591, -16.81663 ], [ -65.046568, -16.814508 ], [ -65.046533, -16.814338 ], [ -65.046963, -16.815052 ], [ -65.047182, -16.816424 ], [ -65.04708, -16.817798 ], [ -65.047049, -16.819292 ], [ -65.047269, -16.820782 ], [ -65.047734, -16.82227 ], [ -65.048137, -16.823113 ], [ -65.048688, -16.823792 ], [ -65.049674, -16.824489 ], [ -65.050827, -16.825001 ], [ -65.05164, -16.825333 ], [ -65.052633, -16.825359 ], [ -65.053557, -16.825392 ], [ -65.054454, -16.825383 ], [ -65.055485, -16.825355 ], [ -65.056112, -16.825354 ], [ -65.054504, -16.825814 ] ], [ [ -65.046257, -16.813881 ], [ -65.045718, -16.813061 ], [ -65.044851, -16.812049 ], [ -65.044028, -16.811311 ], [ -65.043099, -16.810823 ], [ -65.04202, -16.810388 ], [ -65.040044, -16.810025 ], [ -65.038811, -16.810124 ], [ -65.038632, -16.810124 ], [ -65.037442, -16.810355 ], [ -65.037026, -16.810528 ], [ -65.036431, -16.8107 ], [ -65.035717, -16.810988 ], [ -65.035181, -16.811161 ], [ -65.034884, -16.811276 ], [ -65.034348, -16.811448 ], [ -65.032684, -16.81199 ], [ -65.031211, -16.81228 ], [ -65.030515, -16.812436 ], [ -65.032309, -16.811369 ], [ -65.035403, -16.810277 ], [ -65.037599, -16.80958 ], [ -65.040001, -16.809363 ], [ -65.042507, -16.809531 ], [ -65.043917, -16.810192 ], [ -65.045431, -16.811239 ], [ -65.046251, -16.812967 ], [ -65.046533, -16.814338 ], [ -65.046257, -16.813881 ] ], [ [ -65.012567, -16.805966 ], [ -65.011879, -16.807228 ], [ -65.011896, -16.808868 ], [ -65.012112, -16.810313 ], [ -65.012732, -16.81214 ], [ -65.013394, -16.813587 ], [ -65.012547, -16.81228 ], [ -65.011888, -16.811282 ], [ -65.011524, -16.810089 ], [ -65.01132, -16.808761 ], [ -65.011401, -16.80743 ], [ -65.011677, -16.806464 ], [ -65.01238, -16.805449 ], [ -65.013038, -16.804617 ], [ -65.013746, -16.804059 ], [ -65.015075, -16.803634 ], [ -65.016027, -16.803624 ], [ -65.016671, -16.803727 ], [ -65.015249, -16.803817 ], [ -65.013856, -16.804699 ], [ -65.012567, -16.805966 ] ], [ [ -65.013757, -16.814148 ], [ -65.014244, -16.815107 ], [ -65.014373, -16.815655 ], [ -65.013655, -16.814157 ], [ -65.013394, -16.813587 ], [ -65.013757, -16.814148 ] ], [ [ -64.99584, -16.820332 ], [ -64.994186, -16.820011 ], [ -64.993131, -16.819588 ], [ -64.99265, -16.81929 ], [ -64.994629, -16.819746 ], [ -64.99613, -16.819635 ], [ -64.998234, -16.819615 ], [ -64.999939, -16.819791 ], [ -65.000377, -16.819854 ], [ -65.000072, -16.819971 ], [ -64.998941, -16.820254 ], [ -64.99584, -16.820332 ] ], [ [ -64.985583, -16.802092 ], [ -64.983976, -16.801634 ], [ -64.983441, -16.801635 ], [ -64.982687, -16.801546 ], [ -64.981984, -16.801657 ], [ -64.980789, -16.801806 ], [ -64.979991, -16.802102 ], [ -64.978998, -16.802835 ], [ -64.978355, -16.803515 ], [ -64.977616, -16.804583 ], [ -64.976882, -16.806228 ], [ -64.976794, -16.807385 ], [ -64.976804, -16.808301 ], [ -64.976866, -16.809457 ], [ -64.976838, -16.811221 ], [ -64.976541, -16.812311 ], [ -64.976125, -16.813517 ], [ -64.975634, -16.81511 ], [ -64.974579, -16.817706 ], [ -64.974281, -16.818165 ], [ -64.973805, -16.819141 ], [ -64.973449, -16.819715 ], [ -64.973032, -16.820117 ], [ -64.972556, -16.820634 ], [ -64.971247, -16.821839 ], [ -64.970652, -16.822184 ], [ -64.970354, -16.822242 ], [ -64.969164, -16.822243 ], [ -64.96845, -16.822186 ], [ -64.968033, -16.822071 ], [ -64.967259, -16.822072 ], [ -64.966724, -16.821957 ], [ -64.966419, -16.82186 ], [ -64.967449, -16.821745 ], [ -64.968945, -16.821055 ], [ -64.970842, -16.820458 ], [ -64.972628, -16.818801 ], [ -64.974603, -16.815984 ], [ -64.975677, -16.813272 ], [ -64.976058, -16.811434 ], [ -64.976554, -16.810947 ], [ -64.976687, -16.809306 ], [ -64.976368, -16.807475 ], [ -64.976447, -16.805448 ], [ -64.976833, -16.803997 ], [ -64.978325, -16.803018 ], [ -64.979419, -16.802235 ], [ -64.980916, -16.801642 ], [ -64.983214, -16.801137 ], [ -64.985019, -16.801313 ], [ -64.986732, -16.802261 ], [ -64.987254, -16.803144 ], [ -64.986714, -16.802722 ], [ -64.986238, -16.802436 ], [ -64.985583, -16.802092 ] ], [ [ -64.965547, -16.821956 ], [ -64.96414, -16.821487 ], [ -64.963026, -16.82034 ], [ -64.962415, -16.819381 ], [ -64.962203, -16.818225 ], [ -64.961924, -16.81543 ], [ -64.962007, -16.813788 ], [ -64.962395, -16.81253 ], [ -64.96308, -16.81098 ], [ -64.96316, -16.809049 ], [ -64.96304, -16.807121 ], [ -64.962846, -16.805737 ], [ -64.96378, -16.806734 ], [ -64.963839, -16.807553 ], [ -64.963846, -16.808276 ], [ -64.96337, -16.810593 ], [ -64.963182, -16.8118 ], [ -64.962902, -16.813778 ], [ -64.962675, -16.816108 ], [ -64.962615, -16.816739 ], [ -64.962616, -16.817312 ], [ -64.962675, -16.818058 ], [ -64.962914, -16.819091 ], [ -64.963092, -16.819665 ], [ -64.963509, -16.820238 ], [ -64.964105, -16.820754 ], [ -64.964343, -16.820983 ], [ -64.965057, -16.821327 ], [ -64.965652, -16.821556 ], [ -64.966009, -16.821728 ], [ -64.966419, -16.82186 ], [ -64.965547, -16.821956 ] ], [ [ -64.949429, -16.798566 ], [ -64.949511, -16.796828 ], [ -64.949698, -16.795475 ], [ -64.950087, -16.79441 ], [ -64.950775, -16.793053 ], [ -64.951567, -16.792177 ], [ -64.952961, -16.791295 ], [ -64.954857, -16.790602 ], [ -64.956452, -16.789911 ], [ -64.958945, -16.788729 ], [ -64.960744, -16.788326 ], [ -64.962236, -16.787347 ], [ -64.96418, -16.78646 ], [ -64.965124, -16.784676 ], [ -64.965112, -16.783518 ], [ -64.965045, -16.783058 ], [ -64.965344, -16.783676 ], [ -64.965395, -16.785012 ], [ -64.965214, -16.785605 ], [ -64.964773, -16.786477 ], [ -64.964131, -16.78735 ], [ -64.963307, -16.788049 ], [ -64.962771, -16.788451 ], [ -64.961819, -16.789026 ], [ -64.960867, -16.789485 ], [ -64.959737, -16.789945 ], [ -64.957372, -16.790521 ], [ -64.955666, -16.791146 ], [ -64.954622, -16.791734 ], [ -64.953677, -16.792321 ], [ -64.952587, -16.793295 ], [ -64.951548, -16.794414 ], [ -64.95061, -16.795627 ], [ -64.949951, -16.796904 ], [ -64.949687, -16.798339 ], [ -64.949701, -16.799736 ], [ -64.950011, -16.800697 ], [ -64.950103, -16.800846 ], [ -64.94985, -16.800588 ], [ -64.949538, -16.799433 ], [ -64.949429, -16.798566 ] ], [ [ -64.964833, -16.782621 ], [ -64.964427, -16.782095 ], [ -64.963871, -16.781474 ], [ -64.963126, -16.780763 ], [ -64.962769, -16.780533 ], [ -64.962055, -16.77996 ], [ -64.961579, -16.779731 ], [ -64.960091, -16.778929 ], [ -64.959318, -16.778757 ], [ -64.957711, -16.778241 ], [ -64.955271, -16.777899 ], [ -64.953664, -16.777727 ], [ -64.952712, -16.777728 ], [ -64.951727, -16.777686 ], [ -64.948876, -16.777713 ], [ -64.946478, -16.778025 ], [ -64.94518, -16.778278 ], [ -64.944183, -16.778625 ], [ -64.942294, -16.779799 ], [ -64.940756, -16.781018 ], [ -64.939963, -16.781749 ], [ -64.938671, -16.78258 ], [ -64.937026, -16.783174 ], [ -64.935877, -16.783281 ], [ -64.934677, -16.783292 ], [ -64.933376, -16.783256 ], [ -64.931421, -16.782939 ], [ -64.930317, -16.782562 ], [ -64.929109, -16.781802 ], [ -64.927988, -16.780694 ], [ -64.926985, -16.779509 ], [ -64.926223, -16.778408 ], [ -64.926092, -16.778187 ], [ -64.927246, -16.779321 ], [ -64.92963, -16.781383 ], [ -64.931163, -16.782372 ], [ -64.933253, -16.78297 ], [ -64.935016, -16.783031 ], [ -64.936375, -16.782709 ], [ -64.938693, -16.78207 ], [ -64.940917, -16.780196 ], [ -64.942745, -16.778712 ], [ -64.944498, -16.777692 ], [ -64.945774, -16.77714 ], [ -64.948094, -16.776732 ], [ -64.949136, -16.776799 ], [ -64.951821, -16.776851 ], [ -64.953905, -16.776909 ], [ -64.955671, -16.777201 ], [ -64.95816, -16.77764 ], [ -64.960414, -16.778699 ], [ -64.962589, -16.779759 ], [ -64.964362, -16.780746 ], [ -64.964853, -16.781745 ], [ -64.965045, -16.783058 ], [ -64.964833, -16.782621 ] ], [ [ -64.925222, -16.777333 ], [ -64.924093, -16.776572 ], [ -64.92232, -16.775585 ], [ -64.920871, -16.774903 ], [ -64.920003, -16.774835 ], [ -64.920349, -16.774802 ], [ -64.921387, -16.77495 ], [ -64.922591, -16.775372 ], [ -64.923646, -16.775796 ], [ -64.924552, -16.776318 ], [ -64.92546, -16.777129 ], [ -64.926092, -16.778187 ], [ -64.925222, -16.777333 ] ], [ [ -64.905444, -16.774798 ], [ -64.905377, -16.774684 ], [ -64.905442, -16.77461 ], [ -64.905444, -16.774798 ] ], [ [ -64.905435, -16.773889 ], [ -64.90591, -16.773267 ], [ -64.906461, -16.772258 ], [ -64.907166, -16.77063 ], [ -64.908429, -16.768766 ], [ -64.910333, -16.766818 ], [ -64.911286, -16.76596 ], [ -64.911749, -16.765046 ], [ -64.911692, -16.765865 ], [ -64.911103, -16.767027 ], [ -64.910264, -16.768095 ], [ -64.909548, -16.769114 ], [ -64.907986, -16.770429 ], [ -64.907273, -16.772003 ], [ -64.906218, -16.773722 ], [ -64.905442, -16.77461 ], [ -64.905435, -16.773889 ] ], [ [ -64.91018, -16.758094 ], [ -64.909993, -16.757694 ], [ -64.910112, -16.75788 ], [ -64.91018, -16.758094 ] ], [ [ -64.907933, -16.755106 ], [ -64.908211, -16.75538 ], [ -64.907731, -16.755031 ], [ -64.907612, -16.75496 ], [ -64.907933, -16.755106 ] ], [ [ -64.905234, -16.754043 ], [ -64.904989, -16.75403 ], [ -64.905172, -16.754023 ], [ -64.905234, -16.754043 ] ], [ [ -64.903422, -16.754087 ], [ -64.901874, -16.754391 ], [ -64.90023, -16.755032 ], [ -64.899087, -16.755766 ], [ -64.898395, -16.756639 ], [ -64.897606, -16.757755 ], [ -64.897167, -16.758819 ], [ -64.896929, -16.760074 ], [ -64.897115, -16.762132 ], [ -64.897195, -16.763298 ], [ -64.897908, -16.766856 ], [ -64.898146, -16.767601 ], [ -64.898206, -16.768175 ], [ -64.898206, -16.768261 ], [ -64.89804, -16.76755 ], [ -64.897221, -16.765704 ], [ -64.896323, -16.764092 ], [ -64.895905, -16.76232 ], [ -64.896042, -16.760003 ], [ -64.896347, -16.758456 ], [ -64.897131, -16.756673 ], [ -64.89816, -16.755429 ], [ -64.899273, -16.754492 ], [ -64.901189, -16.753857 ], [ -64.902953, -16.753918 ], [ -64.904989, -16.75403 ], [ -64.903422, -16.754087 ] ] ] ] } }
]
}
