{
"type": "FeatureCollection",
"name": "CHAPARE",
"crs": { "type": "name", "properties": { "name": "urn:ogc:def:crs:OGC:1.3:CRS84" } },
"bbox": [ -66.800029, -17.507163, -64.722997, -15.702382 ],                                                                        
"features": [
{ "type": "Feature", "properties": { "NOMBRE": "Chapare", "NIVEL": "Provincias", "PROVINCIA": "", "REGION": "Tropico", "DEPARTAMENTO": "Cochabamba" }, "bbox": [ -66.800029, -17.507163, -64.722997, -15.702382 ], "geometry": { "type": "MultiPolygon", "coordinates": [ [ [ [ -65.778402, -17.356528 ], [ -65.778909, -17.356686 ], [ -65.779223, -17.356822 ], [ -65.779513, -17.35697 ], [ -65.77973, -17.357049 ], [ -65.780043, -17.357105 ], [ -65.780562, -17.357263 ], [ -65.780792, -17.357377 ], [ -65.781082, -17.357583 ], [ -65.781241, -17.357812 ], [ -65.781427, -17.358248 ], [ -65.78149, -17.358558 ], [ -65.781556, -17.359018 ], [ -65.781668, -17.359329 ], [ -65.781865, -17.359742 ], [ -65.782109, -17.360109 ], [ -65.782389, -17.360406 ], [ -65.782583, -17.360543 ], [ -65.782825, -17.360645 ], [ -65.783138, -17.36069 ], [ -65.78327, -17.360689 ], [ -65.783486, -17.360653 ], [ -65.783893, -17.360559 ], [ -65.784299, -17.360303 ], [ -65.784465, -17.360164 ], [ -65.784797, -17.359748 ], [ -65.78495, -17.359505 ], [ -65.785266, -17.358836 ], [ -65.785337, -17.35872 ], [ -65.785479, -17.358547 ], [ -65.785646, -17.358396 ], [ -65.785908, -17.358222 ], [ -65.7861, -17.358198 ], [ -65.786281, -17.358266 ], [ -65.786342, -17.358369 ], [ -65.78637, -17.358634 ], [ -65.786298, -17.359069 ], [ -65.786147, -17.359518 ], [ -65.786007, -17.359853 ], [ -65.785807, -17.360188 ], [ -65.785535, -17.360523 ], [ -65.785298, -17.360766 ], [ -65.784988, -17.36101 ], [ -65.784107, -17.361625 ], [ -65.783799, -17.361961 ], [ -65.783622, -17.362261 ], [ -65.783532, -17.362511 ], [ -65.783532, -17.362529 ], [ -65.783844, -17.362504 ], [ -65.784597, -17.3622 ], [ -65.785266, -17.36184 ], [ -65.785564, -17.361631 ], [ -65.785874, -17.361445 ], [ -65.78616, -17.361248 ], [ -65.786602, -17.360992 ], [ -65.787487, -17.360653 ], [ -65.788493, -17.360371 ], [ -65.788781, -17.360346 ], [ -65.789094, -17.360391 ], [ -65.789311, -17.36047 ], [ -65.789445, -17.36063 ], [ -65.789446, -17.360734 ], [ -65.789429, -17.360763 ], [ -65.78943, -17.360832 ], [ -65.789324, -17.361017 ], [ -65.789136, -17.361283 ], [ -65.788863, -17.361607 ], [ -65.788484, -17.362 ], [ -65.787866, -17.36251 ], [ -65.787651, -17.36265 ], [ -65.787307, -17.362997 ], [ -65.787178, -17.363228 ], [ -65.787026, -17.363562 ], [ -65.786922, -17.363943 ], [ -65.78676, -17.364438 ], [ -65.78655, -17.3649 ], [ -65.786432, -17.365085 ], [ -65.786127, -17.36565 ], [ -65.786034, -17.365939 ], [ -65.786016, -17.366 ], [ -65.785966, -17.366163 ], [ -65.785946, -17.366508 ], [ -65.786103, -17.366576 ], [ -65.786429, -17.366667 ], [ -65.786933, -17.366687 ], [ -65.787197, -17.366639 ], [ -65.787413, -17.366569 ], [ -65.787808, -17.366474 ], [ -65.788312, -17.366426 ], [ -65.78883, -17.366515 ], [ -65.789108, -17.366686 ], [ -65.789351, -17.366926 ], [ -65.789609, -17.36735 ], [ -65.78973, -17.367476 ], [ -65.79007, -17.367762 ], [ -65.79036, -17.367898 ], [ -65.790721, -17.367919 ], [ -65.7909, -17.367815 ], [ -65.791019, -17.367676 ], [ -65.791148, -17.367445 ], [ -65.791217, -17.367214 ], [ -65.791262, -17.366949 ], [ -65.79132, -17.366765 ], [ -65.791474, -17.366545 ], [ -65.791616, -17.366383 ], [ -65.791796, -17.366325 ], [ -65.792024, -17.366323 ], [ -65.792253, -17.366357 ], [ -65.792554, -17.366447 ], [ -65.792734, -17.366446 ], [ -65.792902, -17.366422 ], [ -65.793489, -17.366292 ], [ -65.793801, -17.366198 ], [ -65.794065, -17.366162 ], [ -65.79433, -17.36623 ], [ -65.794366, -17.366275 ], [ -65.794392, -17.366402 ], [ -65.794333, -17.366517 ], [ -65.794061, -17.366853 ], [ -65.793859, -17.367038 ], [ -65.793586, -17.367339 ], [ -65.793468, -17.367547 ], [ -65.793435, -17.367777 ], [ -65.793438, -17.368065 ], [ -65.793463, -17.368133 ], [ -65.793548, -17.368202 ], [ -65.795585, -17.367741 ], [ -65.79592, -17.367567 ], [ -65.796, -17.367244 ], [ -65.798496, -17.366491 ], [ -65.801053, -17.369352 ], [ -65.807706, -17.379332 ], [ -65.810101, -17.381022 ], [ -65.829937, -17.390444 ], [ -65.830421, -17.390771 ], [ -65.830868, -17.390952 ], [ -65.8314, -17.39119 ], [ -65.831931, -17.391371 ], [ -65.832171, -17.391416 ], [ -65.832616, -17.39139 ], [ -65.833097, -17.391399 ], [ -65.833733, -17.391384 ], [ -65.83437, -17.391403 ], [ -65.835235, -17.391351 ], [ -65.83598, -17.39137 ], [ -65.836665, -17.391343 ], [ -65.837506, -17.391338 ], [ -65.838288, -17.391437 ], [ -65.838988, -17.391674 ], [ -65.839448, -17.39189 ], [ -65.840315, -17.392069 ], [ -65.842081, -17.392058 ], [ -65.843067, -17.39211 ], [ -65.843971, -17.392288 ], [ -65.844802, -17.392421 ], [ -65.845368, -17.39259 ], [ -65.845719, -17.392761 ], [ -65.846298, -17.392976 ], [ -65.847202, -17.393178 ], [ -65.848154, -17.393345 ], [ -65.849188, -17.393419 ], [ -65.850016, -17.393345 ], [ -65.850772, -17.393259 ], [ -65.851746, -17.393254 ], [ -65.852721, -17.39342 ], [ -65.853699, -17.393771 ], [ -65.854665, -17.394191 ], [ -65.856008, -17.394885 ], [ -65.856672, -17.395157 ], [ -65.857444, -17.395405 ], [ -65.859192, -17.39582 ], [ -65.86077, -17.396133 ], [ -65.862058, -17.396366 ], [ -65.863312, -17.396669 ], [ -65.864049, -17.397021 ], [ -65.86491, -17.397592 ], [ -65.866244, -17.398619 ], [ -65.866995, -17.399109 ], [ -65.867672, -17.39945 ], [ -65.868325, -17.399757 ], [ -65.869134, -17.400074 ], [ -65.869832, -17.400185 ], [ -65.87147, -17.400405 ], [ -65.871975, -17.400494 ], [ -65.872457, -17.400548 ], [ -65.872914, -17.400568 ], [ -65.873431, -17.400611 ], [ -65.874153, -17.40071 ], [ -65.875081, -17.400935 ], [ -65.875722, -17.401207 ], [ -65.877123, -17.401807 ], [ -65.878538, -17.402717 ], [ -65.879348, -17.404015 ], [ -65.879309, -17.404026 ], [ -65.879329, -17.40406 ], [ -65.864177, -17.408351 ], [ -65.853879, -17.409455 ], [ -65.861112, -17.42009 ], [ -65.861074, -17.420093 ], [ -65.861104, -17.420138 ], [ -65.848235, -17.421068 ], [ -65.845026, -17.430926 ], [ -65.855378, -17.439316 ], [ -65.859466, -17.457565 ], [ -65.859496, -17.457537 ], [ -65.877181, -17.443799 ], [ -65.888091, -17.444618 ], [ -65.891071, -17.451169 ], [ -65.907477, -17.46131 ], [ -65.919648, -17.464504 ], [ -65.936954, -17.465324 ], [ -65.937852, -17.4657 ], [ -65.939482, -17.467026 ], [ -65.939645, -17.468323 ], [ -65.939317, -17.470215 ], [ -65.939386, -17.472112 ], [ -65.93978, -17.473013 ], [ -65.941445, -17.474326 ], [ -65.942913, -17.475931 ], [ -65.946071, -17.479416 ], [ -65.950186, -17.478004 ], [ -65.952816, -17.476504 ], [ -65.970677, -17.485693 ], [ -65.972463, -17.490738 ], [ -65.975365, -17.492376 ], [ -65.975999, -17.4932 ], [ -65.976332, -17.495233 ], [ -65.976286, -17.496602 ], [ -65.975772, -17.497964 ], [ -65.982217, -17.500407 ], [ -65.986102, -17.500464 ], [ -65.98706, -17.50001 ], [ -65.98798, -17.499412 ], [ -65.989567, -17.498411 ], [ -65.991128, -17.4982 ], [ -65.992797, -17.498917 ], [ -66.00161, -17.503599 ], [ -66.002394, -17.503967 ], [ -66.01844, -17.507163 ], [ -66.019952, -17.503639 ], [ -66.021614, -17.498793 ], [ -66.035215, -17.496128 ], [ -66.043811, -17.497383 ], [ -66.056622, -17.494574 ], [ -66.065415, -17.487496 ], [ -66.066991, -17.480786 ], [ -66.06833, -17.475008 ], [ -66.072544, -17.473556 ], [ -66.072679, -17.473511 ], [ -66.072625, -17.472995 ], [ -66.072266, -17.464504 ], [ -66.072248, -17.464096 ], [ -66.072379, -17.463948 ], [ -66.076577, -17.459161 ], [ -66.079492, -17.455837 ], [ -66.079563, -17.455602 ], [ -66.080185, -17.455139 ], [ -66.080994, -17.454502 ], [ -66.081921, -17.454221 ], [ -66.083034, -17.453824 ], [ -66.084063, -17.452865 ], [ -66.084258, -17.452219 ], [ -66.084332, -17.451453 ], [ -66.085146, -17.450521 ], [ -66.085905, -17.449175 ], [ -66.086404, -17.44871 ], [ -66.086794, -17.447359 ], [ -66.087241, -17.446303 ], [ -66.087699, -17.444599 ], [ -66.087663, -17.443005 ], [ -66.087734, -17.442357 ], [ -66.088241, -17.441421 ], [ -66.08905, -17.440784 ], [ -66.08986, -17.440146 ], [ -66.090821, -17.4396 ], [ -66.091199, -17.439015 ], [ -66.091404, -17.43772 ], [ -66.091725, -17.43684 ], [ -66.092234, -17.435785 ], [ -66.092617, -17.434906 ], [ -66.092695, -17.433845 ], [ -66.093501, -17.433384 ], [ -66.094364, -17.43322 ], [ -66.095231, -17.43282 ], [ -66.096276, -17.432835 ], [ -66.097406, -17.433294 ], [ -66.098328, -17.433307 ], [ -66.099067, -17.4332 ], [ -66.099524, -17.432989 ], [ -66.101588, -17.426613 ], [ -66.10181, -17.426403 ], [ -66.102237, -17.425999 ], [ -66.104728, -17.423643 ], [ -66.105038, -17.422932 ], [ -66.105118, -17.421753 ], [ -66.105688, -17.420699 ], [ -66.106635, -17.419061 ], [ -66.107386, -17.418245 ], [ -66.108627, -17.417496 ], [ -66.109625, -17.416567 ], [ -66.110251, -17.415868 ], [ -66.111433, -17.414941 ], [ -66.112184, -17.414067 ], [ -66.113245, -17.413079 ], [ -66.114052, -17.412559 ], [ -66.114788, -17.412629 ], [ -66.116561, -17.412412 ], [ -66.117871, -17.40906 ], [ -66.119528, -17.40482 ], [ -66.126984, -17.389773 ], [ -66.127401, -17.389486 ], [ -66.129669, -17.387922 ], [ -66.135104, -17.384176 ], [ -66.134981, -17.38398 ], [ -66.131896, -17.379058 ], [ -66.131825, -17.374891 ], [ -66.133077, -17.373665 ], [ -66.133541, -17.37321 ], [ -66.13039, -17.358202 ], [ -66.130369, -17.357993 ], [ -66.128275, -17.337095 ], [ -66.127255, -17.331354 ], [ -66.122095, -17.316148 ], [ -66.12273, -17.313876 ], [ -66.122803, -17.313616 ], [ -66.123007, -17.313286 ], [ -66.125079, -17.309941 ], [ -66.125538, -17.307858 ], [ -66.125809, -17.30663 ], [ -66.125795, -17.306327 ], [ -66.125736, -17.305057 ], [ -66.125952, -17.303857 ], [ -66.12604, -17.303372 ], [ -66.126281, -17.302031 ], [ -66.12708, -17.300802 ], [ -66.127276, -17.298894 ], [ -66.127221, -17.298561 ], [ -66.126697, -17.295397 ], [ -66.126791, -17.294944 ], [ -66.127297, -17.2925 ], [ -66.126978, -17.291209 ], [ -66.12676, -17.290326 ], [ -66.126837, -17.289888 ], [ -66.127025, -17.288818 ], [ -66.127112, -17.288326 ], [ -66.127836, -17.286499 ], [ -66.128803, -17.28542 ], [ -66.129256, -17.28523 ], [ -66.129868, -17.284973 ], [ -66.137755, -17.283813 ], [ -66.15611, -17.278166 ], [ -66.143698, -17.260243 ], [ -66.138264, -17.251367 ], [ -66.147122, -17.246187 ], [ -66.147612, -17.245864 ], [ -66.159312, -17.239775 ], [ -66.179528, -17.229656 ], [ -66.190334, -17.225564 ], [ -66.169187, -17.211925 ], [ -66.16023, -17.206065 ], [ -66.149531, -17.192537 ], [ -66.151986, -17.171811 ], [ -66.152405, -17.167949 ], [ -66.125163, -17.156694 ], [ -66.105687, -17.156722 ], [ -66.106049, -17.156553 ], [ -66.106216, -17.156415 ], [ -66.106847, -17.155979 ], [ -66.106847, -17.155956 ], [ -66.107489, -17.155474 ], [ -66.10787, -17.155107 ], [ -66.108286, -17.154648 ], [ -66.10862, -17.154338 ], [ -66.109738, -17.153466 ], [ -66.110345, -17.153053 ], [ -66.111237, -17.152284 ], [ -66.112701, -17.150918 ], [ -66.112998, -17.150677 ], [ -66.113831, -17.149885 ], [ -66.114593, -17.149012 ], [ -66.114652, -17.148874 ], [ -66.114938, -17.148403 ], [ -66.115163, -17.14784 ], [ -66.115484, -17.146932 ], [ -66.115996, -17.145943 ], [ -66.116555, -17.145335 ], [ -66.116817, -17.145128 ], [ -66.117186, -17.144887 ], [ -66.118042, -17.144452 ], [ -66.11834, -17.144246 ], [ -66.118542, -17.143981 ], [ -66.118542, -17.143935 ], [ -66.118661, -17.143705 ], [ -66.118768, -17.143383 ], [ -66.118911, -17.143131 ], [ -66.119172, -17.142878 ], [ -66.119446, -17.142695 ], [ -66.119648, -17.142592 ], [ -66.120267, -17.142409 ], [ -66.12066, -17.14226 ], [ -66.121778, -17.140928 ], [ -66.122194, -17.140561 ], [ -66.123265, -17.139734 ], [ -66.124253, -17.139035 ], [ -66.124431, -17.138863 ], [ -66.124598, -17.138472 ], [ -66.125109, -17.136919 ], [ -66.125228, -17.136678 ], [ -66.125299, -17.136586 ], [ -66.125453, -17.136299 ], [ -66.126, -17.135425 ], [ -66.126297, -17.134367 ], [ -66.126404, -17.133781 ], [ -66.126594, -17.13316 ], [ -66.126666, -17.133033 ], [ -66.126701, -17.132895 ], [ -66.126773, -17.132792 ], [ -66.12682, -17.132642 ], [ -66.127117, -17.132079 ], [ -66.127438, -17.131332 ], [ -66.127474, -17.131171 ], [ -66.127498, -17.13086 ], [ -66.127474, -17.130515 ], [ -66.127426, -17.130285 ], [ -66.127223, -17.129651 ], [ -66.126937, -17.128949 ], [ -66.126842, -17.12858 ], [ -66.126841, -17.128039 ], [ -66.12696, -17.12774 ], [ -66.127745, -17.126833 ], [ -66.128174, -17.126397 ], [ -66.128352, -17.126075 ], [ -66.128411, -17.125695 ], [ -66.128411, -17.125166 ], [ -66.128351, -17.12474 ], [ -66.128172, -17.124164 ], [ -66.128172, -17.123854 ], [ -66.128279, -17.123497 ], [ -66.128303, -17.123497 ], [ -66.128505, -17.123152 ], [ -66.128552, -17.123003 ], [ -66.128576, -17.122807 ], [ -66.128504, -17.12237 ], [ -66.128445, -17.122255 ], [ -66.128171, -17.121932 ], [ -66.128123, -17.121805 ], [ -66.128123, -17.121552 ], [ -66.128147, -17.121402 ], [ -66.128218, -17.12123 ], [ -66.128194, -17.120781 ], [ -66.128075, -17.120643 ], [ -66.128063, -17.120585 ], [ -66.127694, -17.12032 ], [ -66.127492, -17.120112 ], [ -66.127408, -17.119939 ], [ -66.127396, -17.119732 ], [ -66.127491, -17.118927 ], [ -66.127491, -17.118443 ], [ -66.127443, -17.117949 ], [ -66.1273, -17.11743 ], [ -66.126954, -17.116498 ], [ -66.126835, -17.116002 ], [ -66.126253, -17.114988 ], [ -66.12584, -17.114492 ], [ -66.124072, -17.11233 ], [ -66.123023, -17.110781 ], [ -66.122618, -17.110239 ], [ -66.122487, -17.109997 ], [ -66.122059, -17.109628 ], [ -66.121511, -17.109051 ], [ -66.121321, -17.10889 ], [ -66.120594, -17.108474 ], [ -66.120047, -17.108116 ], [ -66.119856, -17.108023 ], [ -66.119452, -17.107884 ], [ -66.119261, -17.107861 ], [ -66.118916, -17.10786 ], [ -66.118654, -17.107917 ], [ -66.118178, -17.108089 ], [ -66.118012, -17.108088 ], [ -66.117738, -17.10803 ], [ -66.117464, -17.107926 ], [ -66.117226, -17.107753 ], [ -66.117, -17.107522 ], [ -66.116809, -17.10728 ], [ -66.116559, -17.106773 ], [ -66.116499, -17.106554 ], [ -66.116345, -17.106174 ], [ -66.116202, -17.105737 ], [ -66.116106, -17.105518 ], [ -66.11582, -17.105206 ], [ -66.113975, -17.103706 ], [ -66.113797, -17.103487 ], [ -66.113058, -17.102714 ], [ -66.112796, -17.10261 ], [ -66.11213, -17.102424 ], [ -66.11144, -17.102262 ], [ -66.110583, -17.101892 ], [ -66.110225, -17.101396 ], [ -66.109856, -17.10082 ], [ -66.109642, -17.100543 ], [ -66.109404, -17.100301 ], [ -66.108892, -17.1 ], [ -66.108582, -17.09977 ], [ -66.108035, -17.099124 ], [ -66.107844, -17.098836 ], [ -66.107808, -17.098709 ], [ -66.107558, -17.098214 ], [ -66.107391, -17.097695 ], [ -66.10732, -17.097212 ], [ -66.107189, -17.096556 ], [ -66.107081, -17.096337 ], [ -66.106927, -17.096175 ], [ -66.106224, -17.095736 ], [ -66.105998, -17.09554 ], [ -66.105748, -17.095275 ], [ -66.105391, -17.094768 ], [ -66.105284, -17.094526 ], [ -66.105283, -17.09402 ], [ -66.105343, -17.093709 ], [ -66.105366, -17.093122 ], [ -66.105247, -17.09288 ], [ -66.105116, -17.092696 ], [ -66.104985, -17.092661 ], [ -66.104783, -17.092661 ], [ -66.104485, -17.092706 ], [ -66.104176, -17.092797 ], [ -66.103938, -17.092774 ], [ -66.103772, -17.092716 ], [ -66.103605, -17.0926 ], [ -66.103426, -17.092266 ], [ -66.103307, -17.091921 ], [ -66.103259, -17.091564 ], [ -66.103235, -17.091138 ], [ -66.103068, -17.090677 ], [ -66.102866, -17.09047 ], [ -66.102033, -17.0898 ], [ -66.101985, -17.0898 ], [ -66.101902, -17.08965 ], [ -66.101878, -17.08965 ], [ -66.101866, -17.089098 ], [ -66.101902, -17.088925 ], [ -66.101925, -17.088431 ], [ -66.101877, -17.088235 ], [ -66.10177, -17.08797 ], [ -66.101603, -17.087705 ], [ -66.101449, -17.087509 ], [ -66.101425, -17.087509 ], [ -66.101092, -17.087174 ], [ -66.100604, -17.086759 ], [ -66.100092, -17.086447 ], [ -66.099271, -17.086111 ], [ -66.099009, -17.08595 ], [ -66.098104, -17.085487 ], [ -66.097985, -17.085395 ], [ -66.097902, -17.085372 ], [ -66.097497, -17.085026 ], [ -66.097295, -17.084795 ], [ -66.096866, -17.084196 ], [ -66.096402, -17.083596 ], [ -66.096009, -17.083146 ], [ -66.095509, -17.082478 ], [ -66.095259, -17.081936 ], [ -66.095068, -17.081706 ], [ -66.094405, -17.080791 ], [ -66.094324, -17.080177 ], [ -66.094452, -17.079741 ], [ -66.094805, -17.079185 ], [ -66.09496, -17.07899 ], [ -66.095424, -17.078669 ], [ -66.095686, -17.078623 ], [ -66.095828, -17.078623 ], [ -66.096376, -17.078533 ], [ -66.096542, -17.078476 ], [ -66.097006, -17.078419 ], [ -66.097768, -17.078409 ], [ -66.098018, -17.078352 ], [ -66.098148, -17.078169 ], [ -66.098255, -17.077939 ], [ -66.098457, -17.077329 ], [ -66.098778, -17.076778 ], [ -66.099004, -17.076525 ], [ -66.099278, -17.076365 ], [ -66.099671, -17.076239 ], [ -66.100063, -17.075814 ], [ -66.100622, -17.074883 ], [ -66.100883, -17.074366 ], [ -66.101073, -17.073814 ], [ -66.101394, -17.072434 ], [ -66.101584, -17.071813 ], [ -66.101584, -17.070778 ], [ -66.101524, -17.070075 ], [ -66.101464, -17.06988 ], [ -66.10144, -17.069546 ], [ -66.101452, -17.068971 ], [ -66.101416, -17.068844 ], [ -66.10138, -17.068533 ], [ -66.101333, -17.068337 ], [ -66.101166, -17.06798 ], [ -66.100999, -17.06775 ], [ -66.100821, -17.067439 ], [ -66.100142, -17.066666 ], [ -66.100142, -17.06662 ], [ -66.099987, -17.066366 ], [ -66.09994, -17.066194 ], [ -66.099832, -17.06594 ], [ -66.099832, -17.065664 ], [ -66.099796, -17.065445 ], [ -66.099665, -17.065215 ], [ -66.099689, -17.064559 ], [ -66.099974, -17.063616 ], [ -66.099974, -17.063455 ], [ -66.099855, -17.063029 ], [ -66.099866, -17.062603 ], [ -66.099352, -17.061316 ], [ -66.099233, -17.061109 ], [ -66.099239, -17.060727 ], [ -66.099426, -17.060466 ], [ -66.099604, -17.060313 ], [ -66.099949, -17.060083 ], [ -66.100424, -17.059889 ], [ -66.100698, -17.059855 ], [ -66.100912, -17.059855 ], [ -66.10115, -17.059706 ], [ -66.101495, -17.059442 ], [ -66.102399, -17.058512 ], [ -66.102434, -17.058513 ], [ -66.102553, -17.058444 ], [ -66.10316, -17.05772 ], [ -66.103445, -17.057456 ], [ -66.103731, -17.05725 ], [ -66.10423, -17.056825 ], [ -66.104444, -17.056595 ], [ -66.10467, -17.056308 ], [ -66.104836, -17.055998 ], [ -66.10505, -17.055377 ], [ -66.105228, -17.054641 ], [ -66.105276, -17.05425 ], [ -66.105252, -17.053686 ], [ -66.105097, -17.053214 ], [ -66.104894, -17.052765 ], [ -66.104846, -17.052212 ], [ -66.105048, -17.051729 ], [ -66.10531, -17.051396 ], [ -66.105595, -17.051167 ], [ -66.105869, -17.051006 ], [ -66.106226, -17.050834 ], [ -66.106582, -17.050697 ], [ -66.108593, -17.05008 ], [ -66.109092, -17.049886 ], [ -66.11027, -17.049325 ], [ -66.110472, -17.049199 ], [ -66.110567, -17.049164 ], [ -66.111007, -17.048866 ], [ -66.111423, -17.048533 ], [ -66.11184, -17.048097 ], [ -66.112262, -17.047314 ], [ -66.112945, -17.046235 ], [ -66.113182, -17.045534 ], [ -66.113325, -17.045246 ], [ -66.113693, -17.0442 ], [ -66.114038, -17.043441 ], [ -66.11424, -17.043108 ], [ -66.114418, -17.042867 ], [ -66.114608, -17.042695 ], [ -66.11487, -17.042523 ], [ -66.115334, -17.042282 ], [ -66.115536, -17.042133 ], [ -66.115667, -17.041914 ], [ -66.115678, -17.041638 ], [ -66.115595, -17.040994 ], [ -66.115594, -17.040361 ], [ -66.115903, -17.039637 ], [ -66.115915, -17.039326 ], [ -66.11582, -17.039049 ], [ -66.115713, -17.038877 ], [ -66.115141, -17.038242 ], [ -66.115046, -17.037943 ], [ -66.115046, -17.03769 ], [ -66.115141, -17.037448 ], [ -66.115378, -17.036989 ], [ -66.115545, -17.036724 ], [ -66.115854, -17.036391 ], [ -66.116306, -17.036001 ], [ -66.116555, -17.035668 ], [ -66.116769, -17.035081 ], [ -66.116935, -17.034426 ], [ -66.117054, -17.034115 ], [ -66.117137, -17.033724 ], [ -66.117244, -17.033425 ], [ -66.117434, -17.032701 ], [ -66.117552, -17.032149 ], [ -66.11779, -17.031735 ], [ -66.117992, -17.031586 ], [ -66.118349, -17.031403 ], [ -66.118753, -17.031277 ], [ -66.119443, -17.030979 ], [ -66.119574, -17.03083 ], [ -66.119931, -17.030278 ], [ -66.119978, -17.030163 ], [ -66.12018, -17.029876 ], [ -66.120454, -17.029612 ], [ -66.120632, -17.029348 ], [ -66.120881, -17.028796 ], [ -66.121464, -17.028061 ], [ -66.121654, -17.027704 ], [ -66.121784, -17.027405 ], [ -66.122164, -17.026348 ], [ -66.122426, -17.025888 ], [ -66.122604, -17.025773 ], [ -66.123175, -17.025521 ], [ -66.123484, -17.025246 ], [ -66.123662, -17.024947 ], [ -66.123829, -17.024499 ], [ -66.123947, -17.024004 ], [ -66.123947, -17.023831 ], [ -66.124078, -17.023406 ], [ -66.124161, -17.023256 ], [ -66.124506, -17.0229 ], [ -66.125231, -17.022235 ], [ -66.126098, -17.021097 ], [ -66.127347, -17.019673 ], [ -66.127786, -17.01911 ], [ -66.128226, -17.018651 ], [ -66.128464, -17.018341 ], [ -66.128796, -17.017766 ], [ -66.128998, -17.01749 ], [ -66.129462, -17.017008 ], [ -66.130104, -17.016595 ], [ -66.130734, -17.016274 ], [ -66.131008, -17.016091 ], [ -66.131424, -17.015723 ], [ -66.131757, -17.015344 ], [ -66.132006, -17.014999 ], [ -66.13222, -17.014758 ], [ -66.132506, -17.014563 ], [ -66.133076, -17.014265 ], [ -66.133385, -17.014047 ], [ -66.134824, -17.012566 ], [ -66.135085, -17.012325 ], [ -66.135965, -17.011417 ], [ -66.136297, -17.010912 ], [ -66.136428, -17.010544 ], [ -66.136428, -17.010371 ], [ -66.136558, -17.009577 ], [ -66.136736, -17.00906 ], [ -66.136772, -17.008899 ], [ -66.136926, -17.008543 ], [ -66.137199, -17.00814 ], [ -66.137449, -17.007819 ], [ -66.138103, -17.007199 ], [ -66.138495, -17.006889 ], [ -66.138828, -17.006717 ], [ -66.139827, -17.006546 ], [ -66.140624, -17.006318 ], [ -66.142169, -17.005538 ], [ -66.142645, -17.005344 ], [ -66.142907, -17.005275 ], [ -66.14299, -17.005229 ], [ -66.143228, -17.005161 ], [ -66.143822, -17.004828 ], [ -66.144417, -17.0046 ], [ -66.144904, -17.00437 ], [ -66.145261, -17.004302 ], [ -66.146141, -17.004269 ], [ -66.146308, -17.004166 ], [ -66.146528, -17.003809 ], [ -66.14673, -17.003517 ], [ -66.146788, -17.003317 ], [ -66.146857, -17.003235 ], [ -66.146878, -17.003177 ], [ -66.146912, -17.003118 ], [ -66.146958, -17.003059 ], [ -66.146991, -17.002989 ], [ -66.147009, -17.002959 ], [ -66.14706, -17.002907 ], [ -66.147208, -17.00273 ], [ -66.14723, -17.002683 ], [ -66.147334, -17.002577 ], [ -66.147414, -17.002471 ], [ -66.147442, -17.002441 ], [ -66.147504, -17.002383 ], [ -66.147541, -17.002352 ], [ -66.147599, -17.002316 ], [ -66.147704, -17.002232 ], [ -66.147817, -17.002153 ], [ -66.147863, -17.002135 ], [ -66.147902, -17.002111 ], [ -66.147984, -17.002081 ], [ -66.148043, -17.002037 ], [ -66.148105, -17.00199 ], [ -66.148147, -17.001954 ], [ -66.14824, -17.001893 ], [ -66.148344, -17.001798 ], [ -66.148368, -17.001786 ], [ -66.148402, -17.001739 ], [ -66.148437, -17.001715 ], [ -66.148633, -17.001513 ], [ -66.148771, -17.001394 ], [ -66.148863, -17.001288 ], [ -66.14899, -17.001158 ], [ -66.149037, -17.001133 ], [ -66.149072, -17.001132 ], [ -66.149119, -17.001108 ], [ -66.14945, -17.001005 ], [ -66.149521, -17.001003 ], [ -66.149616, -17.000977 ], [ -66.149702, -17.000962 ], [ -66.149915, -17.000923 ], [ -66.14996, -17.00092 ], [ -66.150127, -17.000915 ], [ -66.150257, -17.000876 ], [ -66.15041, -17.000814 ], [ -66.150679, -17.000667 ], [ -66.15079, -17.000468 ], [ -66.150824, -17.000387 ], [ -66.150869, -17.000305 ], [ -66.150913, -17.000201 ], [ -66.15098, -17.000072 ], [ -66.151014, -17.000025 ], [ -66.151058, -16.999932 ], [ -66.1511, -16.999863 ], [ -66.151288, -16.999684 ], [ -66.151393, -16.999623 ], [ -66.151475, -16.999563 ], [ -66.151556, -16.999514 ], [ -66.151626, -16.999455 ], [ -66.15172, -16.999417 ], [ -66.151848, -16.999321 ], [ -66.15186, -16.999321 ], [ -66.152021, -16.999167 ], [ -66.152404, -16.998844 ], [ -66.152589, -16.998678 ], [ -66.152669, -16.998583 ], [ -66.152773, -16.9985 ], [ -66.1529, -16.998381 ], [ -66.153153, -16.998109 ], [ -66.153496, -16.997696 ], [ -66.153517, -16.997626 ], [ -66.153574, -16.997556 ], [ -66.153675, -16.997369 ], [ -66.153743, -16.997263 ], [ -66.153899, -16.99696 ], [ -66.153968, -16.996889 ], [ -66.154093, -16.996712 ], [ -66.154277, -16.996523 ], [ -66.154403, -16.99637 ], [ -66.154587, -16.996169 ], [ -66.154723, -16.995992 ], [ -66.154885, -16.995826 ], [ -66.155101, -16.995555 ], [ -66.155169, -16.99545 ], [ -66.155261, -16.995343 ], [ -66.155351, -16.995203 ], [ -66.15535, -16.995157 ], [ -66.155383, -16.995098 ], [ -66.15543, -16.995062 ], [ -66.155486, -16.994969 ], [ -66.155623, -16.994792 ], [ -66.155713, -16.994629 ], [ -66.155809, -16.994339 ], [ -66.155807, -16.994281 ], [ -66.15584, -16.9942 ], [ -66.155858, -16.994038 ], [ -66.155903, -16.993957 ], [ -66.156085, -16.993721 ], [ -66.156199, -16.993557 ], [ -66.156372, -16.993402 ], [ -66.156618, -16.993268 ], [ -66.156712, -16.993231 ], [ -66.15689, -16.99319 ], [ -66.156961, -16.993165 ], [ -66.157151, -16.993148 ], [ -66.157195, -16.993043 ], [ -66.157218, -16.993019 ], [ -66.157258, -16.992823 ], [ -66.157315, -16.992729 ], [ -66.157313, -16.992672 ], [ -66.157368, -16.992544 ], [ -66.157367, -16.992521 ], [ -66.157388, -16.99244 ], [ -66.157417, -16.992267 ], [ -66.157429, -16.992266 ], [ -66.157428, -16.99222 ], [ -66.157503, -16.992 ], [ -66.157534, -16.991873 ], [ -66.157631, -16.991582 ], [ -66.157672, -16.991397 ], [ -66.157668, -16.991283 ], [ -66.157624, -16.991066 ], [ -66.157621, -16.990963 ], [ -66.157595, -16.990918 ], [ -66.157568, -16.990815 ], [ -66.157555, -16.990471 ], [ -66.157594, -16.990217 ], [ -66.157654, -16.989917 ], [ -66.15792, -16.989335 ], [ -66.157965, -16.989276 ], [ -66.158134, -16.988983 ], [ -66.158144, -16.988949 ], [ -66.158156, -16.988948 ], [ -66.158282, -16.988783 ], [ -66.158351, -16.988724 ], [ -66.158407, -16.98863 ], [ -66.158762, -16.988205 ], [ -66.158807, -16.988135 ], [ -66.158841, -16.988065 ], [ -66.158932, -16.987947 ], [ -66.158987, -16.987819 ], [ -66.159021, -16.987772 ], [ -66.159054, -16.987702 ], [ -66.159202, -16.987503 ], [ -66.159214, -16.987502 ], [ -66.15926, -16.987443 ], [ -66.159491, -16.987229 ], [ -66.159536, -16.98717 ], [ -66.159687, -16.987051 ], [ -66.159746, -16.987026 ], [ -66.159804, -16.986978 ], [ -66.159921, -16.986928 ], [ -66.160016, -16.986892 ], [ -66.160314, -16.986881 ], [ -66.160422, -16.986901 ], [ -66.160493, -16.986899 ], [ -66.16059, -16.98693 ], [ -66.16065, -16.986928 ], [ -66.160746, -16.986948 ], [ -66.160925, -16.986942 ], [ -66.16096, -16.98693 ], [ -66.16102, -16.986928 ], [ -66.161043, -16.986904 ], [ -66.161101, -16.986879 ], [ -66.161136, -16.986855 ], [ -66.161242, -16.986806 ], [ -66.161269, -16.986788 ], [ -66.161634, -16.986426 ], [ -66.161855, -16.98627 ], [ -66.162017, -16.986127 ], [ -66.16218, -16.986007 ], [ -66.162342, -16.985875 ], [ -66.162424, -16.985827 ], [ -66.162483, -16.985802 ], [ -66.162622, -16.985694 ], [ -66.162657, -16.985681 ], [ -66.162739, -16.985621 ], [ -66.162962, -16.985511 ], [ -66.163078, -16.985427 ], [ -66.163218, -16.985353 ], [ -66.163568, -16.985124 ], [ -66.163661, -16.985052 ], [ -66.163765, -16.984957 ], [ -66.163902, -16.98478 ], [ -66.163958, -16.984687 ], [ -66.164004, -16.984639 ], [ -66.164127, -16.984394 ], [ -66.164171, -16.98429 ], [ -66.164169, -16.984244 ], [ -66.164203, -16.984197 ], [ -66.164281, -16.984045 ], [ -66.164302, -16.983953 ], [ -66.164358, -16.98387 ], [ -66.164357, -16.983836 ], [ -66.164402, -16.983754 ], [ -66.164456, -16.983603 ], [ -66.164479, -16.983579 ], [ -66.164524, -16.983498 ], [ -66.164644, -16.983195 ], [ -66.164679, -16.983171 ], [ -66.164701, -16.983125 ], [ -66.164747, -16.983077 ], [ -66.164872, -16.982901 ], [ -66.16493, -16.982842 ], [ -66.164929, -16.98283 ], [ -66.164988, -16.982805 ], [ -66.165022, -16.982758 ], [ -66.165116, -16.98271 ], [ -66.16529, -16.982578 ], [ -66.165477, -16.982457 ], [ -66.165605, -16.982384 ], [ -66.166001, -16.982119 ], [ -66.166141, -16.982011 ], [ -66.166324, -16.98181 ], [ -66.166324, -16.981787 ], [ -66.166347, -16.981763 ], [ -66.166458, -16.981541 ], [ -66.16651, -16.981333 ], [ -66.166547, -16.981033 ], [ -66.166588, -16.98086 ], [ -66.166612, -16.980538 ], [ -66.166643, -16.980387 ], [ -66.166651, -16.980284 ], [ -66.166713, -16.980029 ], [ -66.166769, -16.979924 ], [ -66.166802, -16.979843 ], [ -66.166858, -16.979738 ], [ -66.166913, -16.97961 ], [ -66.167, -16.979366 ], [ -66.167029, -16.979181 ], [ -66.167041, -16.979181 ], [ -66.167031, -16.978906 ], [ -66.167043, -16.978905 ], [ -66.167076, -16.978847 ], [ -66.16712, -16.978731 ], [ -66.167151, -16.978615 ], [ -66.167218, -16.978475 ], [ -66.16725, -16.978382 ], [ -66.167317, -16.978242 ], [ -66.167348, -16.978126 ], [ -66.167415, -16.977998 ], [ -66.167458, -16.97787 ], [ -66.167505, -16.977823 ], [ -66.167607, -16.977693 ], [ -66.167758, -16.977562 ], [ -66.167862, -16.97749 ], [ -66.168015, -16.977405 ], [ -66.168237, -16.977294 ], [ -66.168307, -16.977234 ], [ -66.168377, -16.977209 ], [ -66.168412, -16.977185 ], [ -66.168471, -16.97716 ], [ -66.168494, -16.977137 ], [ -66.168564, -16.9771 ], [ -66.168784, -16.976898 ], [ -66.168852, -16.976815 ], [ -66.168908, -16.976699 ], [ -66.16894, -16.976583 ], [ -66.168945, -16.97641 ], [ -66.168979, -16.976363 ], [ -66.168976, -16.976283 ], [ -66.168985, -16.976179 ], [ -66.168977, -16.975962 ], [ -66.168997, -16.975858 ], [ -66.169005, -16.975766 ], [ -66.169038, -16.975673 ], [ -66.169163, -16.975496 ], [ -66.169196, -16.975426 ], [ -66.169265, -16.975367 ], [ -66.169288, -16.975332 ], [ -66.169461, -16.975177 ], [ -66.169772, -16.974845 ], [ -66.169783, -16.974822 ], [ -66.170081, -16.974503 ], [ -66.170127, -16.974432 ], [ -66.170196, -16.974361 ], [ -66.170241, -16.974302 ], [ -66.17041, -16.97401 ], [ -66.170474, -16.973824 ], [ -66.170472, -16.973767 ], [ -66.170513, -16.97357 ], [ -66.170517, -16.973341 ], [ -66.170553, -16.973018 ], [ -66.170594, -16.972856 ], [ -66.170641, -16.97282 ], [ -66.170663, -16.972785 ], [ -66.170955, -16.972603 ], [ -66.171002, -16.972567 ], [ -66.17113, -16.972494 ], [ -66.171213, -16.972457 ], [ -66.171365, -16.972372 ], [ -66.171446, -16.972312 ], [ -66.171563, -16.972251 ], [ -66.171668, -16.972179 ], [ -66.171829, -16.972024 ], [ -66.171922, -16.971952 ], [ -66.172014, -16.971846 ], [ -66.172116, -16.971705 ], [ -66.172206, -16.971553 ], [ -66.172261, -16.971413 ], [ -66.172294, -16.971355 ], [ -66.172304, -16.971297 ], [ -66.172369, -16.9711 ], [ -66.172367, -16.971066 ], [ -66.172398, -16.970927 ], [ -66.172389, -16.970686 ], [ -66.172423, -16.970616 ], [ -66.172416, -16.970421 ], [ -66.172439, -16.970397 ], [ -66.172488, -16.970109 ], [ -66.172485, -16.97004 ], [ -66.17253, -16.969947 ], [ -66.172598, -16.969864 ], [ -66.172655, -16.96977 ], [ -66.1727, -16.969712 ], [ -66.173047, -16.969413 ], [ -66.173164, -16.969341 ], [ -66.17328, -16.969245 ], [ -66.173432, -16.969149 ], [ -66.173547, -16.969053 ], [ -66.173676, -16.96898 ], [ -66.173792, -16.968896 ], [ -66.173944, -16.968799 ], [ -66.174014, -16.96874 ], [ -66.174025, -16.968739 ], [ -66.174095, -16.968691 ], [ -66.174292, -16.968524 ], [ -66.174316, -16.968523 ], [ -66.174339, -16.968511 ], [ -66.174385, -16.968464 ], [ -66.174978, -16.968008 ], [ -66.175094, -16.967936 ], [ -66.175211, -16.967852 ], [ -66.175304, -16.967803 ], [ -66.175409, -16.96773 ], [ -66.175795, -16.9675 ], [ -66.175993, -16.967367 ], [ -66.176156, -16.96727 ], [ -66.176471, -16.967065 ], [ -66.176787, -16.966905 ], [ -66.177137, -16.966676 ], [ -66.177149, -16.966676 ], [ -66.177242, -16.966615 ], [ -66.177695, -16.966268 ], [ -66.178041, -16.965935 ], [ -66.178247, -16.965699 ], [ -66.178338, -16.96557 ], [ -66.17844, -16.965406 ], [ -66.178493, -16.965232 ], [ -66.178527, -16.965173 ], [ -66.178548, -16.965115 ], [ -66.178579, -16.964977 ], [ -66.178601, -16.96493 ], [ -66.178633, -16.964814 ], [ -66.178629, -16.964711 ], [ -66.178684, -16.964583 ], [ -66.178703, -16.964456 ], [ -66.178726, -16.964421 ], [ -66.178772, -16.964385 ], [ -66.178817, -16.964303 ], [ -66.178989, -16.964091 ], [ -66.179, -16.96409 ], [ -66.178999, -16.964056 ], [ -66.179068, -16.963985 ], [ -66.179068, -16.963974 ], [ -66.17908, -16.963973 ], [ -66.179103, -16.963949 ], [ -66.179209, -16.963912 ], [ -66.179302, -16.963851 ], [ -66.17942, -16.963801 ], [ -66.179595, -16.963704 ], [ -66.179831, -16.963628 ], [ -66.17996, -16.963566 ], [ -66.18009, -16.963539 ], [ -66.180185, -16.963501 ], [ -66.180812, -16.963355 ], [ -66.181416, -16.963244 ], [ -66.18157, -16.963204 ], [ -66.181724, -16.963176 ], [ -66.182268, -16.963021 ], [ -66.182421, -16.962959 ], [ -66.18286, -16.962887 ], [ -66.18313, -16.962787 ], [ -66.183295, -16.962713 ], [ -66.183447, -16.962627 ], [ -66.183678, -16.962425 ], [ -66.183828, -16.962271 ], [ -66.183874, -16.962235 ], [ -66.183975, -16.962048 ], [ -66.184021, -16.962 ], [ -66.18402, -16.961977 ], [ -66.184032, -16.961977 ], [ -66.184077, -16.961895 ], [ -66.184109, -16.961814 ], [ -66.184166, -16.96172 ], [ -66.184285, -16.961395 ], [ -66.184326, -16.961198 ], [ -66.18438, -16.961059 ], [ -66.184386, -16.960898 ], [ -66.184418, -16.960782 ], [ -66.184462, -16.960677 ], [ -66.184481, -16.96055 ], [ -66.184525, -16.960434 ], [ -66.184569, -16.960352 ], [ -66.184613, -16.960236 ], [ -66.184682, -16.960154 ], [ -66.184844, -16.960022 ], [ -66.184891, -16.959998 ], [ -66.184949, -16.95995 ], [ -66.185065, -16.959877 ], [ -66.185216, -16.959758 ], [ -66.185356, -16.959661 ], [ -66.185529, -16.959506 ], [ -66.185714, -16.959328 ], [ -66.185931, -16.959057 ], [ -66.185975, -16.958964 ], [ -66.186032, -16.958882 ], [ -66.186076, -16.958789 ], [ -66.186184, -16.958487 ], [ -66.186227, -16.958347 ], [ -66.186325, -16.95808 ], [ -66.186363, -16.957815 ], [ -66.186346, -16.957356 ], [ -66.186315, -16.957151 ], [ -66.186302, -16.957128 ], [ -66.186293, -16.956876 ], [ -66.186312, -16.956749 ], [ -66.186305, -16.956565 ], [ -66.186323, -16.956404 ], [ -66.18633, -16.956255 ], [ -66.186349, -16.956116 ], [ -66.18641, -16.95585 ], [ -66.186465, -16.955722 ], [ -66.186487, -16.955653 ], [ -66.186578, -16.955523 ], [ -66.186622, -16.95543 ], [ -66.186701, -16.955313 ], [ -66.1867, -16.95529 ], [ -66.186746, -16.955231 ], [ -66.186781, -16.955207 ], [ -66.186872, -16.955078 ], [ -66.187135, -16.954771 ], [ -66.187261, -16.95464 ], [ -66.187295, -16.95457 ], [ -66.18734, -16.954512 ], [ -66.187385, -16.95443 ], [ -66.18742, -16.954394 ], [ -66.187419, -16.954383 ], [ -66.187533, -16.95423 ], [ -66.187577, -16.954125 ], [ -66.187645, -16.954031 ], [ -66.187723, -16.953891 ], [ -66.187815, -16.953773 ], [ -66.187857, -16.953634 ], [ -66.187938, -16.953562 ], [ -66.187971, -16.953469 ], [ -66.188207, -16.953072 ], [ -66.188264, -16.953001 ], [ -66.188308, -16.952908 ], [ -66.188399, -16.952767 ], [ -66.188397, -16.952721 ], [ -66.188442, -16.952651 ], [ -66.18844, -16.952605 ], [ -66.188509, -16.952534 ], [ -66.188655, -16.952276 ], [ -66.188691, -16.952275 ], [ -66.18869, -16.952264 ], [ -66.188725, -16.952228 ], [ -66.188818, -16.952156 ], [ -66.188875, -16.952097 ], [ -66.188899, -16.952096 ], [ -66.189062, -16.951988 ], [ -66.189133, -16.951963 ], [ -66.189169, -16.951961 ], [ -66.189239, -16.951936 ], [ -66.189323, -16.951933 ], [ -66.189523, -16.95187 ], [ -66.189583, -16.951868 ], [ -66.18969, -16.951841 ], [ -66.189748, -16.951816 ], [ -66.189879, -16.951789 ], [ -66.190114, -16.951701 ], [ -66.190255, -16.951628 ], [ -66.190431, -16.951553 ], [ -66.190524, -16.951493 ], [ -66.190618, -16.951444 ], [ -66.190711, -16.951384 ], [ -66.191023, -16.951087 ], [ -66.191136, -16.950934 ], [ -66.191158, -16.950864 ], [ -66.191257, -16.950643 ], [ -66.191339, -16.950284 ], [ -66.191404, -16.950087 ], [ -66.191413, -16.950006 ], [ -66.191456, -16.949879 ], [ -66.191504, -16.949556 ], [ -66.191526, -16.949498 ], [ -66.191525, -16.949475 ], [ -66.191568, -16.949358 ], [ -66.191599, -16.94922 ], [ -66.191633, -16.949184 ], [ -66.191667, -16.949114 ], [ -66.191691, -16.949113 ], [ -66.19169, -16.949102 ], [ -66.191759, -16.949031 ], [ -66.19177, -16.949007 ], [ -66.191921, -16.948888 ], [ -66.192274, -16.94875 ], [ -66.19244, -16.94871 ], [ -66.192924, -16.948568 ], [ -66.193018, -16.948531 ], [ -66.193089, -16.948517 ], [ -66.193195, -16.948479 ], [ -66.1933, -16.948407 ], [ -66.193323, -16.948383 ], [ -66.193405, -16.948335 ], [ -66.193602, -16.948179 ], [ -66.194063, -16.947728 ], [ -66.194131, -16.947646 ], [ -66.194235, -16.947539 ], [ -66.194316, -16.947467 ], [ -66.194684, -16.9471 ], [ -66.194741, -16.947029 ], [ -66.194845, -16.946922 ], [ -66.194901, -16.946829 ], [ -66.195004, -16.946699 ], [ -66.195162, -16.946453 ], [ -66.19523, -16.946359 ], [ -66.195331, -16.946183 ], [ -66.195397, -16.946032 ], [ -66.195519, -16.945787 ], [ -66.195563, -16.945682 ], [ -66.195665, -16.94553 ], [ -66.1958, -16.945296 ], [ -66.195858, -16.945248 ], [ -66.195948, -16.945096 ], [ -66.19604, -16.945001 ], [ -66.196073, -16.944931 ], [ -66.196119, -16.944872 ], [ -66.196163, -16.94479 ], [ -66.196232, -16.944696 ], [ -66.19631, -16.944544 ], [ -66.19632, -16.944498 ], [ -66.196365, -16.944439 ], [ -66.196375, -16.944382 ], [ -66.196407, -16.944277 ], [ -66.196441, -16.944219 ], [ -66.196461, -16.944126 ], [ -66.196495, -16.944068 ], [ -66.196625, -16.943708 ], [ -66.196646, -16.943615 ], [ -66.196744, -16.943382 ], [ -66.196845, -16.943184 ], [ -66.196914, -16.943124 ], [ -66.197062, -16.942924 ], [ -66.197074, -16.942924 ], [ -66.197409, -16.942626 ], [ -66.197616, -16.942413 ], [ -66.197683, -16.942284 ], [ -66.197682, -16.94225 ], [ -66.197704, -16.942215 ], [ -66.197781, -16.942017 ], [ -66.19778, -16.941994 ], [ -66.197813, -16.941936 ], [ -66.197813, -16.941913 ], [ -66.197888, -16.941692 ], [ -66.197886, -16.941646 ], [ -66.197909, -16.941611 ], [ -66.197908, -16.941577 ], [ -66.197941, -16.941518 ], [ -66.19805, -16.941228 ], [ -66.198096, -16.941169 ], [ -66.19814, -16.941064 ], [ -66.198218, -16.940924 ], [ -66.198273, -16.940796 ], [ -66.198352, -16.940678 ], [ -66.198408, -16.940562 ], [ -66.198475, -16.940445 ], [ -66.198589, -16.940292 ], [ -66.198657, -16.940186 ], [ -66.19877, -16.940034 ], [ -66.198838, -16.939928 ], [ -66.198999, -16.939751 ], [ -66.199289, -16.939535 ], [ -66.199441, -16.939449 ], [ -66.199571, -16.939411 ], [ -66.199653, -16.939374 ], [ -66.199782, -16.939301 ], [ -66.199876, -16.939275 ], [ -66.200029, -16.939212 ], [ -66.200536, -16.939047 ], [ -66.200655, -16.93902 ], [ -66.200784, -16.93897 ], [ -66.200902, -16.938943 ], [ -66.201126, -16.938855 ], [ -66.201197, -16.938842 ], [ -66.201279, -16.938793 ], [ -66.201373, -16.938756 ], [ -66.201478, -16.938683 ], [ -66.201595, -16.938622 ], [ -66.201711, -16.938538 ], [ -66.20221, -16.938143 ], [ -66.202209, -16.938132 ], [ -66.202256, -16.938096 ], [ -66.202623, -16.937705 ], [ -66.202669, -16.937635 ], [ -66.20276, -16.937528 ], [ -66.202839, -16.937399 ], [ -66.202973, -16.937143 ], [ -66.203136, -16.936701 ], [ -66.203148, -16.936701 ], [ -66.203147, -16.936678 ], [ -66.203535, -16.935884 ], [ -66.203581, -16.935814 ], [ -66.203625, -16.935721 ], [ -66.203884, -16.935299 ], [ -66.203964, -16.935205 ], [ -66.203996, -16.9351 ], [ -66.204245, -16.934725 ], [ -66.204348, -16.934595 ], [ -66.204573, -16.934244 ], [ -66.204868, -16.933821 ], [ -66.204949, -16.933738 ], [ -66.205028, -16.933632 ], [ -66.205434, -16.933297 ], [ -66.205562, -16.933213 ], [ -66.205655, -16.933141 ], [ -66.20611, -16.932851 ], [ -66.206551, -16.932526 ], [ -66.206644, -16.932443 ], [ -66.206783, -16.932335 ], [ -66.206967, -16.932157 ], [ -66.207128, -16.931968 ], [ -66.207409, -16.931511 ], [ -66.20752, -16.93129 ], [ -66.207552, -16.931185 ], [ -66.207619, -16.931057 ], [ -66.207739, -16.930732 ], [ -66.207781, -16.930592 ], [ -66.207801, -16.930477 ], [ -66.207823, -16.930419 ], [ -66.20783, -16.930292 ], [ -66.207851, -16.9302 ], [ -66.207849, -16.930165 ], [ -66.208023, -16.929701 ], [ -66.208192, -16.929431 ], [ -66.208329, -16.929243 ], [ -66.20842, -16.929137 ], [ -66.208534, -16.928972 ], [ -66.2086, -16.928844 ], [ -66.20868, -16.928726 ], [ -66.208746, -16.928587 ], [ -66.208822, -16.928377 ], [ -66.208841, -16.928239 ], [ -66.208883, -16.928088 ], [ -66.208881, -16.92802 ], [ -66.208902, -16.92795 ], [ -66.2089, -16.927893 ], [ -66.208991, -16.927442 ], [ -66.209033, -16.927303 ], [ -66.209073, -16.927072 ], [ -66.209116, -16.926967 ], [ -66.209147, -16.926817 ], [ -66.209201, -16.926678 ], [ -66.209243, -16.926515 ], [ -66.209342, -16.926271 ], [ -66.209374, -16.926167 ], [ -66.209474, -16.925968 ], [ -66.209609, -16.925746 ], [ -66.209666, -16.925675 ], [ -66.209908, -16.925449 ], [ -66.210024, -16.925354 ], [ -66.210082, -16.925317 ], [ -66.210153, -16.925292 ], [ -66.210211, -16.925256 ], [ -66.210423, -16.925157 ], [ -66.210587, -16.925094 ], [ -66.210681, -16.925045 ], [ -66.210799, -16.924996 ], [ -66.210857, -16.924959 ], [ -66.210928, -16.924934 ], [ -66.211009, -16.924885 ], [ -66.211563, -16.924351 ], [ -66.211745, -16.924115 ], [ -66.211902, -16.923835 ], [ -66.211901, -16.923823 ], [ -66.211925, -16.923811 ], [ -66.211958, -16.923741 ], [ -66.212038, -16.923647 ], [ -66.212037, -16.923612 ], [ -66.212104, -16.923495 ], [ -66.212195, -16.923366 ], [ -66.212283, -16.92318 ], [ -66.212543, -16.922769 ], [ -66.212669, -16.922627 ], [ -66.212931, -16.922286 ], [ -66.213208, -16.922025 ], [ -66.213301, -16.921964 ], [ -66.21337, -16.921904 ], [ -66.213452, -16.921856 ], [ -66.213476, -16.921855 ], [ -66.213535, -16.92183 ], [ -66.213559, -16.921829 ], [ -66.213629, -16.921804 ], [ -66.2137, -16.92179 ], [ -66.214094, -16.921778 ], [ -66.214226, -16.921808 ], [ -66.214393, -16.921802 ], [ -66.214669, -16.921839 ], [ -66.214847, -16.921834 ], [ -66.214919, -16.92182 ], [ -66.215109, -16.921814 ], [ -66.215263, -16.921774 ], [ -66.215333, -16.921738 ], [ -66.21552, -16.921577 ], [ -66.215669, -16.921451 ], [ -66.215668, -16.921428 ], [ -66.215785, -16.921356 ], [ -66.215795, -16.921321 ], [ -66.215842, -16.921296 ], [ -66.215899, -16.921226 ], [ -66.215981, -16.921177 ], [ -66.216085, -16.921093 ], [ -66.216143, -16.921034 ], [ -66.216282, -16.920938 ], [ -66.216365, -16.920912 ], [ -66.216589, -16.920824 ], [ -66.216754, -16.920773 ], [ -66.216897, -16.920769 ], [ -66.217228, -16.920689 ], [ -66.217323, -16.920674 ], [ -66.217429, -16.920625 ], [ -66.217476, -16.920623 ], [ -66.217485, -16.920614 ], [ -66.217787, -16.920087 ], [ -66.21779, -16.920074 ], [ -66.217835, -16.920003 ], [ -66.217789, -16.919571 ], [ -66.220417, -16.917385 ], [ -66.221744, -16.915263 ], [ -66.22226, -16.91496 ], [ -66.222916, -16.91475 ], [ -66.223508, -16.914394 ], [ -66.224293, -16.913712 ], [ -66.22492, -16.912936 ], [ -66.225811, -16.912382 ], [ -66.226971, -16.910188 ], [ -66.228118, -16.908817 ], [ -66.228097, -16.907618 ], [ -66.228696, -16.90654 ], [ -66.229954, -16.905658 ], [ -66.231866, -16.904695 ], [ -66.232329, -16.903834 ], [ -66.232278, -16.902663 ], [ -66.233257, -16.900378 ], [ -66.234722, -16.898642 ], [ -66.236435, -16.895956 ], [ -66.238127, -16.895073 ], [ -66.240385, -16.894488 ], [ -66.242508, -16.893999 ], [ -66.24382, -16.893823 ], [ -66.246645, -16.891208 ], [ -66.249999, -16.889215 ], [ -66.250512, -16.888542 ], [ -66.2523, -16.888016 ], [ -66.25444, -16.886298 ], [ -66.256399, -16.885548 ], [ -66.257062, -16.884412 ], [ -66.257476, -16.885073 ], [ -66.258312, -16.885343 ], [ -66.25986, -16.885267 ], [ -66.262685, -16.88524 ], [ -66.264136, -16.884903 ], [ -66.265938, -16.883469 ], [ -66.270101, -16.881581 ], [ -66.273222, -16.879336 ], [ -66.289215, -16.857339 ], [ -66.290137, -16.85663 ], [ -66.290978, -16.857049 ], [ -66.291973, -16.858098 ], [ -66.292919, -16.857985 ], [ -66.294363, -16.85725 ], [ -66.295708, -16.856546 ], [ -66.296207, -16.8558 ], [ -66.296287, -16.854765 ], [ -66.296348, -16.852788 ], [ -66.296035, -16.851874 ], [ -66.29566, -16.850739 ], [ -66.296098, -16.849741 ], [ -66.298004, -16.848553 ], [ -66.299238, -16.847934 ], [ -66.300523, -16.847678 ], [ -66.3014, -16.846981 ], [ -66.302225, -16.845921 ], [ -66.302746, -16.845074 ], [ -66.302515, -16.844072 ], [ -66.302416, -16.843072 ], [ -66.302726, -16.842476 ], [ -66.303639, -16.841925 ], [ -66.303833, -16.841309 ], [ -66.303979, -16.840567 ], [ -66.304265, -16.840174 ], [ -66.305131, -16.840001 ], [ -66.306195, -16.839337 ], [ -66.307808, -16.838402 ], [ -66.308429, -16.837424 ], [ -66.308675, -16.835887 ], [ -66.30898, -16.834894 ], [ -66.30953, -16.833956 ], [ -66.310947, -16.833243 ], [ -66.311547, -16.832662 ], [ -66.311652, -16.831772 ], [ -66.311377, -16.830324 ], [ -66.311645, -16.828347 ], [ -66.311008, -16.826571 ], [ -66.310953, -16.824963 ], [ -66.311167, -16.823491 ], [ -66.311246, -16.822089 ], [ -66.311312, -16.820831 ], [ -66.311512, -16.820201 ], [ -66.311974, -16.819489 ], [ -66.311937, -16.818818 ], [ -66.311529, -16.818143 ], [ -66.311244, -16.817022 ], [ -66.311345, -16.816398 ], [ -66.31173, -16.81542 ], [ -66.310948, -16.81331 ], [ -66.311528, -16.812015 ], [ -66.31285, -16.810273 ], [ -66.312473, -16.808275 ], [ -66.311741, -16.805569 ], [ -66.310848, -16.802743 ], [ -66.309421, -16.799774 ], [ -66.309379, -16.79745 ], [ -66.308368, -16.794314 ], [ -66.308558, -16.791558 ], [ -66.306872, -16.788268 ], [ -66.305764, -16.782996 ], [ -66.303385, -16.781142 ], [ -66.302762, -16.780477 ], [ -66.30242, -16.77944 ], [ -66.302049, -16.77893 ], [ -66.300293, -16.777696 ], [ -66.29919, -16.777302 ], [ -66.297614, -16.777281 ], [ -66.297101, -16.776989 ], [ -66.29556, -16.776162 ], [ -66.294824, -16.775986 ], [ -66.293817, -16.776319 ], [ -66.293077, -16.776672 ], [ -66.29188, -16.776623 ], [ -66.290807, -16.776329 ], [ -66.289873, -16.775789 ], [ -66.289405, -16.775074 ], [ -66.288813, -16.774571 ], [ -66.287582, -16.774522 ], [ -66.286768, -16.774049 ], [ -66.285777, -16.772543 ], [ -66.285551, -16.771774 ], [ -66.284969, -16.771186 ], [ -66.28259, -16.771155 ], [ -66.28124, -16.770795 ], [ -66.279213, -16.770087 ], [ -66.278658, -16.769659 ], [ -66.278296, -16.768873 ], [ -66.278224, -16.76809 ], [ -66.277701, -16.766841 ], [ -66.276587, -16.766246 ], [ -66.276039, -16.765377 ], [ -66.275588, -16.76489 ], [ -66.273793, -16.764025 ], [ -66.272653, -16.762886 ], [ -66.271033, -16.761366 ], [ -66.270217, -16.760988 ], [ -66.267842, -16.761013 ], [ -66.266672, -16.760856 ], [ -66.264248, -16.760202 ], [ -66.262959, -16.760157 ], [ -66.261416, -16.760473 ], [ -66.260276, -16.760419 ], [ -66.258978, -16.760107 ], [ -66.257768, -16.760699 ], [ -66.256913, -16.760688 ], [ -66.256219, -16.760836 ], [ -66.255542, -16.76118 ], [ -66.254701, -16.76162 ], [ -66.254388, -16.762146 ], [ -66.253529, -16.762468 ], [ -66.2517, -16.762904 ], [ -66.250522, -16.762888 ], [ -66.249045, -16.7632 ], [ -66.248099, -16.763471 ], [ -66.247528, -16.763725 ], [ -66.246809, -16.764265 ], [ -66.246061, -16.764817 ], [ -66.245257, -16.765246 ], [ -66.244789, -16.765756 ], [ -66.244564, -16.766031 ], [ -66.244308, -16.766275 ], [ -66.242916, -16.766789 ], [ -66.241889, -16.767145 ], [ -66.240639, -16.767797 ], [ -66.240182, -16.767843 ], [ -66.238517, -16.768155 ], [ -66.237359, -16.768756 ], [ -66.236162, -16.769489 ], [ -66.234896, -16.771056 ], [ -66.234231, -16.772051 ], [ -66.233707, -16.772594 ], [ -66.23342, -16.772786 ], [ -66.233167, -16.772764 ], [ -66.231315, -16.772317 ], [ -66.230119, -16.772241 ], [ -66.229264, -16.772001 ], [ -66.228473, -16.77171 ], [ -66.227505, -16.771519 ], [ -66.22658, -16.771595 ], [ -66.224521, -16.771185 ], [ -66.223261, -16.770612 ], [ -66.220782, -16.770616 ], [ -66.217794, -16.770001 ], [ -66.216957, -16.769935 ], [ -66.216178, -16.770109 ], [ -66.215803, -16.770446 ], [ -66.215614, -16.770518 ], [ -66.214782, -16.770662 ], [ -66.214266, -16.770716 ], [ -66.214088, -16.77069 ], [ -66.212638, -16.770242 ], [ -66.211462, -16.770076 ], [ -66.210811, -16.770123 ], [ -66.208998, -16.770857 ], [ -66.207307, -16.771862 ], [ -66.20575, -16.772404 ], [ -66.204159, -16.773558 ], [ -66.203219, -16.773594 ], [ -66.199924, -16.773157 ], [ -66.197027, -16.772631 ], [ -66.195368, -16.772219 ], [ -66.194489, -16.772054 ], [ -66.193874, -16.772211 ], [ -66.193426, -16.772736 ], [ -66.192674, -16.773311 ], [ -66.190966, -16.77387 ], [ -66.188227, -16.774545 ], [ -66.186969, -16.774894 ], [ -66.184723, -16.773914 ], [ -66.183742, -16.773707 ], [ -66.181902, -16.77256 ], [ -66.18082, -16.77175 ], [ -66.179493, -16.770191 ], [ -66.178137, -16.768711 ], [ -66.176963, -16.768004 ], [ -66.175067, -16.76766 ], [ -66.174689, -16.767123 ], [ -66.175012, -16.765773 ], [ -66.174619, -16.764412 ], [ -66.173197, -16.763676 ], [ -66.170885, -16.763511 ], [ -66.167226, -16.763228 ], [ -66.169126, -16.759356 ], [ -66.171023, -16.755415 ], [ -66.171272, -16.753393 ], [ -66.170677, -16.752203 ], [ -66.170554, -16.750939 ], [ -66.170416, -16.749936 ], [ -66.169057, -16.74767 ], [ -66.168896, -16.746545 ], [ -66.169585, -16.744503 ], [ -66.169369, -16.740999 ], [ -66.169861, -16.73743 ], [ -66.170253, -16.736439 ], [ -66.171089, -16.736205 ], [ -66.172736, -16.735916 ], [ -66.173809, -16.735328 ], [ -66.174383, -16.73402 ], [ -66.174303, -16.733171 ], [ -66.174158, -16.732031 ], [ -66.174411, -16.730607 ], [ -66.175122, -16.729457 ], [ -66.175575, -16.728337 ], [ -66.175495, -16.726806 ], [ -66.175038, -16.725722 ], [ -66.174017, -16.724639 ], [ -66.173814, -16.724137 ], [ -66.173825, -16.723822 ], [ -66.173984, -16.723146 ], [ -66.174189, -16.723009 ], [ -66.174085, -16.721326 ], [ -66.173116, -16.719133 ], [ -66.17211, -16.717282 ], [ -66.172006, -16.715599 ], [ -66.17273, -16.714644 ], [ -66.172876, -16.713525 ], [ -66.17181, -16.711849 ], [ -66.17029, -16.709624 ], [ -66.17031, -16.708263 ], [ -66.17152, -16.706619 ], [ -66.172782, -16.705221 ], [ -66.173391, -16.702235 ], [ -66.17449, -16.701379 ], [ -66.174906, -16.700785 ], [ -66.17533, -16.699634 ], [ -66.175299, -16.698827 ], [ -66.174963, -16.69688 ], [ -66.175141, -16.694776 ], [ -66.176633, -16.691501 ], [ -66.176695, -16.689668 ], [ -66.177285, -16.687909 ], [ -66.178177, -16.687072 ], [ -66.178734, -16.684703 ], [ -66.179486, -16.683474 ], [ -66.180164, -16.68309 ], [ -66.180912, -16.682137 ], [ -66.18148, -16.680946 ], [ -66.181589, -16.679641 ], [ -66.181367, -16.678835 ], [ -66.18088, -16.678283 ], [ -66.180098, -16.677669 ], [ -66.179937, -16.676586 ], [ -66.179342, -16.675335 ], [ -66.177627, -16.674156 ], [ -66.177281, -16.673551 ], [ -66.177334, -16.672952 ], [ -66.178059, -16.671998 ], [ -66.177942, -16.670862 ], [ -66.177129, -16.670251 ], [ -66.174989, -16.668663 ], [ -66.173693, -16.668107 ], [ -66.172377, -16.666831 ], [ -66.172151, -16.666438 ], [ -66.172119, -16.66533 ], [ -66.173106, -16.663666 ], [ -66.174789, -16.66321 ], [ -66.176854, -16.66219 ], [ -66.179206, -16.660545 ], [ -66.180375, -16.658629 ], [ -66.179761, -16.656637 ], [ -66.179533, -16.65465 ], [ -66.179869, -16.652175 ], [ -66.179507, -16.6506 ], [ -66.17828, -16.64955 ], [ -66.178007, -16.647728 ], [ -66.179444, -16.644789 ], [ -66.18032, -16.642552 ], [ -66.180287, -16.641356 ], [ -66.179866, -16.639676 ], [ -66.180304, -16.637934 ], [ -66.182308, -16.634735 ], [ -66.184362, -16.633739 ], [ -66.186632, -16.629126 ], [ -66.189846, -16.626966 ], [ -66.190513, -16.620364 ], [ -66.190964, -16.618416 ], [ -66.189356, -16.617301 ], [ -66.188251, -16.615354 ], [ -66.188255, -16.612512 ], [ -66.188753, -16.611302 ], [ -66.188982, -16.610015 ], [ -66.189049, -16.609003 ], [ -66.188541, -16.607807 ], [ -66.188608, -16.605547 ], [ -66.188703, -16.604461 ], [ -66.187304, -16.601784 ], [ -66.186305, -16.601033 ], [ -66.184389, -16.600239 ], [ -66.182814, -16.599095 ], [ -66.180043, -16.598172 ], [ -66.177478, -16.597783 ], [ -66.174972, -16.597542 ], [ -66.172655, -16.597009 ], [ -66.170577, -16.595037 ], [ -66.169153, -16.595051 ], [ -66.168225, -16.594435 ], [ -66.16713, -16.593349 ], [ -66.165938, -16.591792 ], [ -66.165737, -16.590614 ], [ -66.165881, -16.589008 ], [ -66.165729, -16.588463 ], [ -66.164516, -16.587574 ], [ -66.163684, -16.586807 ], [ -66.163219, -16.585638 ], [ -66.162844, -16.585206 ], [ -66.161249, -16.58437 ], [ -66.160137, -16.58325 ], [ -66.159155, -16.577859 ], [ -66.157291, -16.575886 ], [ -66.15637, -16.574095 ], [ -66.15405, -16.571713 ], [ -66.152169, -16.570281 ], [ -66.151308, -16.569635 ], [ -66.15068, -16.568803 ], [ -66.149374, -16.568184 ], [ -66.148399, -16.567413 ], [ -66.147142, -16.566005 ], [ -66.146414, -16.564256 ], [ -66.144939, -16.562118 ], [ -66.142966, -16.560384 ], [ -66.140491, -16.559061 ], [ -66.113714, -16.534419 ], [ -66.289454, -16.360771 ], [ -66.308457, -16.357095 ], [ -66.337176, -16.334285 ], [ -66.367435, -16.32174 ], [ -66.379172, -16.284656 ], [ -66.401303, -16.258681 ], [ -66.446498, -16.259168 ], [ -66.488051, -16.227707 ], [ -66.50015, -16.135569 ], [ -66.484567, -16.086256 ], [ -66.615125, -15.955427 ], [ -66.713369, -15.891057 ], [ -66.77293, -15.838212 ], [ -66.787098, -15.808162 ], [ -66.800029, -15.77819 ], [ -66.796886, -15.776277 ], [ -66.796113, -15.776816 ], [ -66.79156, -15.781349 ], [ -66.790648, -15.78181 ], [ -66.789391, -15.782241 ], [ -66.788356, -15.782237 ], [ -66.787931, -15.782043 ], [ -66.788025, -15.780891 ], [ -66.787813, -15.779818 ], [ -66.787022, -15.77968 ], [ -66.786588, -15.779877 ], [ -66.786751, -15.780832 ], [ -66.786528, -15.781207 ], [ -66.785924, -15.7817 ], [ -66.785269, -15.781774 ], [ -66.784984, -15.782299 ], [ -66.784528, -15.782307 ], [ -66.784205, -15.782022 ], [ -66.783934, -15.78211 ], [ -66.783569, -15.78274 ], [ -66.783145, -15.783007 ], [ -66.781749, -15.782979 ], [ -66.781152, -15.782626 ], [ -66.780952, -15.782152 ], [ -66.781044, -15.781146 ], [ -66.780762, -15.779634 ], [ -66.780314, -15.779417 ], [ -66.77988, -15.779604 ], [ -66.779206, -15.780587 ], [ -66.778041, -15.781503 ], [ -66.777096, -15.781676 ], [ -66.776003, -15.782592 ], [ -66.775232, -15.782569 ], [ -66.77423, -15.783572 ], [ -66.773631, -15.783609 ], [ -66.77296, -15.785501 ], [ -66.772046, -15.785509 ], [ -66.771377, -15.786276 ], [ -66.770178, -15.786199 ], [ -66.769598, -15.786699 ], [ -66.769493, -15.788741 ], [ -66.766461, -15.791526 ], [ -66.765522, -15.791593 ], [ -66.764238, -15.792829 ], [ -66.763943, -15.793796 ], [ -66.763404, -15.794178 ], [ -66.76217, -15.794029 ], [ -66.76044, -15.793705 ], [ -66.759747, -15.794448 ], [ -66.759646, -15.795996 ], [ -66.757179, -15.795431 ], [ -66.756627, -15.796459 ], [ -66.754666, -15.798005 ], [ -66.753671, -15.797921 ], [ -66.752891, -15.798137 ], [ -66.752566, -15.799521 ], [ -66.752574, -15.80047 ], [ -66.751318, -15.80159 ], [ -66.749472, -15.802598 ], [ -66.748373, -15.802516 ], [ -66.747273, -15.802383 ], [ -66.747035, -15.800818 ], [ -66.746311, -15.800379 ], [ -66.745409, -15.800492 ], [ -66.743719, -15.79956 ], [ -66.743381, -15.7982 ], [ -66.742646, -15.79801 ], [ -66.74069, -15.800011 ], [ -66.739445, -15.80014 ], [ -66.738802, -15.801091 ], [ -66.737478, -15.801186 ], [ -66.736344, -15.802065 ], [ -66.735208, -15.804646 ], [ -66.733694, -15.805339 ], [ -66.732639, -15.805646 ], [ -66.731317, -15.807212 ], [ -66.730178, -15.807839 ], [ -66.729174, -15.807198 ], [ -66.728555, -15.807665 ], [ -66.72773, -15.808286 ], [ -66.72679, -15.808302 ], [ -66.726236, -15.807617 ], [ -66.726599, -15.806433 ], [ -66.726478, -15.805575 ], [ -66.725844, -15.805181 ], [ -66.724489, -15.805148 ], [ -66.723795, -15.805131 ], [ -66.722229, -15.805805 ], [ -66.721625, -15.805153 ], [ -66.721238, -15.801971 ], [ -66.720505, -15.801882 ], [ -66.719631, -15.802707 ], [ -66.718901, -15.804174 ], [ -66.71838, -15.806139 ], [ -66.719034, -15.80717 ], [ -66.719205, -15.807977 ], [ -66.718697, -15.808745 ], [ -66.718174, -15.808754 ], [ -66.718153, -15.80759 ], [ -66.71746, -15.806843 ], [ -66.71494, -15.806228 ], [ -66.714145, -15.805635 ], [ -66.713763, -15.804781 ], [ -66.713837, -15.80311 ], [ -66.714489, -15.80158 ], [ -66.714161, -15.800776 ], [ -66.714089, -15.799715 ], [ -66.714335, -15.798901 ], [ -66.715214, -15.79838 ], [ -66.716262, -15.798395 ], [ -66.717322, -15.79875 ], [ -66.717694, -15.799653 ], [ -66.718281, -15.800301 ], [ -66.718708, -15.799947 ], [ -66.718986, -15.798429 ], [ -66.719584, -15.797243 ], [ -66.721953, -15.79533 ], [ -66.72488, -15.794779 ], [ -66.725234, -15.794089 ], [ -66.725055, -15.793505 ], [ -66.724159, -15.793065 ], [ -66.723985, -15.792157 ], [ -66.72418, -15.791344 ], [ -66.72473, -15.791039 ], [ -66.725847, -15.791063 ], [ -66.7267, -15.790375 ], [ -66.72671, -15.789682 ], [ -66.726046, -15.787669 ], [ -66.726293, -15.786906 ], [ -66.728141, -15.785052 ], [ -66.728118, -15.783838 ], [ -66.727687, -15.783087 ], [ -66.726842, -15.782646 ], [ -66.725435, -15.782822 ], [ -66.7246, -15.782886 ], [ -66.724015, -15.78234 ], [ -66.724206, -15.781375 ], [ -66.72558, -15.78087 ], [ -66.726162, -15.780486 ], [ -66.726474, -15.779666 ], [ -66.726348, -15.778454 ], [ -66.725654, -15.777656 ], [ -66.725568, -15.776922 ], [ -66.724792, -15.776175 ], [ -66.724527, -15.776018 ], [ -66.723688, -15.775919 ], [ -66.722185, -15.776603 ], [ -66.721402, -15.776616 ], [ -66.720692, -15.776019 ], [ -66.720231, -15.775472 ], [ -66.719848, -15.774517 ], [ -66.719221, -15.774528 ], [ -66.718366, -15.776364 ], [ -66.717749, -15.776881 ], [ -66.7167, -15.776696 ], [ -66.715498, -15.776666 ], [ -66.715067, -15.775965 ], [ -66.715046, -15.774802 ], [ -66.715756, -15.773626 ], [ -66.71735, -15.772232 ], [ -66.720148, -15.770919 ], [ -66.721118, -15.76978 ], [ -66.721407, -15.768317 ], [ -66.721338, -15.767407 ], [ -66.720909, -15.766949 ], [ -66.720444, -15.766754 ], [ -66.719719, -15.766888 ], [ -66.717473, -15.767473 ], [ -66.714076, -15.767481 ], [ -66.712403, -15.767459 ], [ -66.711873, -15.767012 ], [ -66.711707, -15.766509 ], [ -66.711902, -15.765747 ], [ -66.713855, -15.763942 ], [ -66.713869, -15.763172 ], [ -66.713212, -15.763093 ], [ -66.713197, -15.762233 ], [ -66.712718, -15.761786 ], [ -66.711978, -15.761292 ], [ -66.711188, -15.760952 ], [ -66.710803, -15.759896 ], [ -66.71022, -15.75945 ], [ -66.710505, -15.757877 ], [ -66.710283, -15.757172 ], [ -66.708836, -15.755172 ], [ -66.708351, -15.754371 ], [ -66.707619, -15.754333 ], [ -66.706478, -15.754808 ], [ -66.705815, -15.75573 ], [ -66.70504, -15.756199 ], [ -66.704358, -15.756058 ], [ -66.703824, -15.75541 ], [ -66.703549, -15.754655 ], [ -66.703738, -15.753589 ], [ -66.704017, -15.751909 ], [ -66.703747, -15.75116 ], [ -66.702642, -15.751075 ], [ -66.701824, -15.75175 ], [ -66.701039, -15.751712 ], [ -66.699816, -15.7505 ], [ -66.698814, -15.75003 ], [ -66.69782, -15.749945 ], [ -66.697012, -15.750714 ], [ -66.696343, -15.750826 ], [ -66.695747, -15.750429 ], [ -66.695398, -15.749702 ], [ -66.695465, -15.748317 ], [ -66.696718, -15.745981 ], [ -66.698894, -15.743052 ], [ -66.698882, -15.742401 ], [ -66.698538, -15.741959 ], [ -66.697818, -15.741686 ], [ -66.695627, -15.741438 ], [ -66.694739, -15.741209 ], [ -66.69415, -15.740858 ], [ -66.694427, -15.7388 ], [ -66.695128, -15.73795 ], [ -66.69617, -15.737632 ], [ -66.698567, -15.737547 ], [ -66.700427, -15.737822 ], [ -66.701056, -15.737592 ], [ -66.701493, -15.736752 ], [ -66.701382, -15.735615 ], [ -66.700872, -15.734923 ], [ -66.699814, -15.734535 ], [ -66.698418, -15.734307 ], [ -66.698181, -15.733741 ], [ -66.698918, -15.733351 ], [ -66.699457, -15.732698 ], [ -66.700504, -15.732124 ], [ -66.701285, -15.730479 ], [ -66.701234, -15.729921 ], [ -66.7005, -15.729364 ], [ -66.700213, -15.728536 ], [ -66.700331, -15.727526 ], [ -66.700996, -15.72677 ], [ -66.70198, -15.726184 ], [ -66.703769, -15.726177 ], [ -66.70515, -15.726349 ], [ -66.705448, -15.725336 ], [ -66.708345, -15.722921 ], [ -66.708644, -15.721952 ], [ -66.709536, -15.721235 ], [ -66.710842, -15.720906 ], [ -66.712159, -15.721191 ], [ -66.713984, -15.719538 ], [ -66.714447, -15.717646 ], [ -66.717566, -15.715008 ], [ -66.718426, -15.715037 ], [ -66.719259, -15.714032 ], [ -66.719561, -15.712927 ], [ -66.719349, -15.712331 ], [ -66.718451, -15.712346 ], [ -66.718091, -15.712127 ], [ -66.718051, -15.711572 ], [ -66.719002, -15.710282 ], [ -66.719807, -15.710268 ], [ -66.719893, -15.709877 ], [ -66.719712, -15.70844 ], [ -66.720059, -15.707985 ], [ -66.720697, -15.707284 ], [ -66.720814, -15.706937 ], [ -66.720675, -15.70668 ], [ -66.720355, -15.706435 ], [ -66.719505, -15.706436 ], [ -66.718732, -15.705623 ], [ -66.718077, -15.705303 ], [ -66.718074, -15.704342 ], [ -66.717899, -15.703933 ], [ -66.716941, -15.702956 ], [ -66.716658, -15.702382 ], [ -66.714648, -15.702591 ], [ -66.713024, -15.703602 ], [ -66.712232, -15.703942 ], [ -66.71011, -15.706118 ], [ -66.70645, -15.707875 ], [ -66.705823, -15.7099 ], [ -66.703561, -15.710181 ], [ -66.677802, -15.732044 ], [ -66.669512, -15.738768 ], [ -66.667501, -15.740283 ], [ -66.662532, -15.744151 ], [ -66.655137, -15.750349 ], [ -66.651685, -15.752797 ], [ -66.651295, -15.753999 ], [ -66.650381, -15.754611 ], [ -66.648956, -15.755432 ], [ -66.647, -15.756364 ], [ -66.643967, -15.758204 ], [ -66.643483, -15.759905 ], [ -66.6343, -15.769718 ], [ -66.632664, -15.770244 ], [ -66.628162, -15.777289 ], [ -66.625826, -15.778922 ], [ -66.624844, -15.781527 ], [ -66.623215, -15.782451 ], [ -66.619703, -15.787389 ], [ -66.617707, -15.790808 ], [ -66.616684, -15.791144 ], [ -66.616112, -15.793643 ], [ -66.614785, -15.795348 ], [ -66.614732, -15.797052 ], [ -66.614399, -15.801439 ], [ -66.614115, -15.802838 ], [ -66.612713, -15.804952 ], [ -66.61444, -15.809524 ], [ -66.614064, -15.811522 ], [ -66.613041, -15.811838 ], [ -66.613922, -15.81511 ], [ -66.612334, -15.815452 ], [ -66.609973, -15.814598 ], [ -66.608709, -15.812926 ], [ -66.604661, -15.815626 ], [ -66.601373, -15.814625 ], [ -66.598136, -15.81645 ], [ -66.596154, -15.816914 ], [ -66.595538, -15.813666 ], [ -66.594481, -15.813248 ], [ -66.593055, -15.813199 ], [ -66.592209, -15.811979 ], [ -66.591319, -15.812574 ], [ -66.589971, -15.812669 ], [ -66.588987, -15.812177 ], [ -66.588594, -15.811167 ], [ -66.587087, -15.810756 ], [ -66.586388, -15.809388 ], [ -66.585139, -15.810861 ], [ -66.584241, -15.811582 ], [ -66.583426, -15.811543 ], [ -66.582426, -15.810107 ], [ -66.581402, -15.807292 ], [ -66.580264, -15.806585 ], [ -66.578806, -15.806225 ], [ -66.577659, -15.806023 ], [ -66.576747, -15.806982 ], [ -66.576368, -15.806266 ], [ -66.576657, -15.805375 ], [ -66.575801, -15.804356 ], [ -66.574953, -15.80453 ], [ -66.575447, -15.805912 ], [ -66.574356, -15.806286 ], [ -66.573365, -15.805025 ], [ -66.572566, -15.804451 ], [ -66.571608, -15.804351 ], [ -66.568965, -15.805723 ], [ -66.567901, -15.807415 ], [ -66.566177, -15.807614 ], [ -66.564968, -15.808225 ], [ -66.564374, -15.80912 ], [ -66.563131, -15.809062 ], [ -66.562994, -15.808626 ], [ -66.562596, -15.807673 ], [ -66.561809, -15.806284 ], [ -66.560497, -15.805346 ], [ -66.559198, -15.805146 ], [ -66.558296, -15.805899 ], [ -66.558093, -15.807378 ], [ -66.557643, -15.807754 ], [ -66.55725, -15.807097 ], [ -66.557309, -15.806136 ], [ -66.556466, -15.805855 ], [ -66.555551, -15.80587 ], [ -66.555039, -15.807059 ], [ -66.555599, -15.808923 ], [ -66.557602, -15.809821 ], [ -66.558823, -15.809875 ], [ -66.558644, -15.810583 ], [ -66.557848, -15.810777 ], [ -66.557002, -15.810348 ], [ -66.556167, -15.810583 ], [ -66.554597, -15.812306 ], [ -66.553184, -15.813341 ], [ -66.552011, -15.812644 ], [ -66.551538, -15.811766 ], [ -66.551521, -15.810807 ], [ -66.550466, -15.811488 ], [ -66.549472, -15.811283 ], [ -66.549597, -15.809731 ], [ -66.54915, -15.80966 ], [ -66.548484, -15.810647 ], [ -66.547977, -15.810522 ], [ -66.547535, -15.810146 ], [ -66.547956, -15.809296 ], [ -66.547633, -15.808918 ], [ -66.54696, -15.808967 ], [ -66.546132, -15.809134 ], [ -66.544652, -15.810766 ], [ -66.544062, -15.810778 ], [ -66.54342, -15.810328 ], [ -66.542732, -15.809458 ], [ -66.542098, -15.80943 ], [ -66.541506, -15.809551 ], [ -66.540933, -15.808487 ], [ -66.540327, -15.807807 ], [ -66.539852, -15.807814 ], [ -66.539333, -15.807554 ], [ -66.539432, -15.806441 ], [ -66.539227, -15.806023 ], [ -66.538831, -15.805991 ], [ -66.53816, -15.807048 ], [ -66.537738, -15.806929 ], [ -66.537651, -15.80647 ], [ -66.537371, -15.806321 ], [ -66.536855, -15.806215 ], [ -66.536434, -15.806648 ], [ -66.535871, -15.806576 ], [ -66.535705, -15.806118 ], [ -66.535692, -15.80539 ], [ -66.535445, -15.804858 ], [ -66.53475, -15.804682 ], [ -66.533809, -15.805168 ], [ -66.533134, -15.805264 ], [ -66.532808, -15.804837 ], [ -66.532545, -15.803497 ], [ -66.531892, -15.803463 ], [ -66.530927, -15.804775 ], [ -66.530354, -15.804784 ], [ -66.529994, -15.804266 ], [ -66.530299, -15.803489 ], [ -66.529975, -15.803155 ], [ -66.529558, -15.802977 ], [ -66.528709, -15.80367 ], [ -66.527694, -15.803902 ], [ -66.526865, -15.803885 ], [ -66.526198, -15.80405 ], [ -66.525639, -15.804892 ], [ -66.52481, -15.804813 ], [ -66.52343, -15.80428 ], [ -66.52302, -15.804533 ], [ -66.521605, -15.807487 ], [ -66.520473, -15.80837 ], [ -66.520029, -15.808469 ], [ -66.519636, -15.807828 ], [ -66.519802, -15.806406 ], [ -66.519574, -15.806101 ], [ -66.519127, -15.806047 ], [ -66.518663, -15.806887 ], [ -66.518348, -15.807077 ], [ -66.517896, -15.806745 ], [ -66.51772, -15.805761 ], [ -66.51727, -15.805552 ], [ -66.516675, -15.806148 ], [ -66.516731, -15.807182 ], [ -66.51616, -15.807986 ], [ -66.515367, -15.808172 ], [ -66.513937, -15.80801 ], [ -66.512786, -15.80758 ], [ -66.511055, -15.806399 ], [ -66.509954, -15.806048 ], [ -66.509292, -15.806243 ], [ -66.509069, -15.806783 ], [ -66.509606, -15.807896 ], [ -66.508953, -15.808682 ], [ -66.508654, -15.807866 ], [ -66.507461, -15.807701 ], [ -66.506945, -15.808259 ], [ -66.507199, -15.809041 ], [ -66.508161, -15.80967 ], [ -66.508077, -15.810316 ], [ -66.506848, -15.81089 ], [ -66.505697, -15.810217 ], [ -66.504868, -15.811166 ], [ -66.503515, -15.81062 ], [ -66.502665, -15.811003 ], [ -66.501109, -15.811811 ], [ -66.50035, -15.811915 ], [ -66.49992, -15.812743 ], [ -66.500991, -15.813241 ], [ -66.501047, -15.813746 ], [ -66.500325, -15.81424 ], [ -66.499386, -15.813957 ], [ -66.498243, -15.813884 ], [ -66.498495, -15.815488 ], [ -66.498758, -15.816179 ], [ -66.497837, -15.816756 ], [ -66.496552, -15.817918 ], [ -66.495688, -15.817518 ], [ -66.494483, -15.81938 ], [ -66.49317, -15.820392 ], [ -66.492429, -15.82018 ], [ -66.491671, -15.821365 ], [ -66.49102, -15.821274 ], [ -66.491001, -15.820159 ], [ -66.490579, -15.819764 ], [ -66.48823, -15.819802 ], [ -66.486806, -15.820093 ], [ -66.486588, -15.82081 ], [ -66.487375, -15.82102 ], [ -66.487388, -15.821555 ], [ -66.488027, -15.821411 ], [ -66.488568, -15.820733 ], [ -66.489216, -15.820857 ], [ -66.489319, -15.821524 ], [ -66.488449, -15.821806 ], [ -66.487912, -15.823604 ], [ -66.487281, -15.823564 ], [ -66.486025, -15.822871 ], [ -66.485661, -15.823149 ], [ -66.485921, -15.823837 ], [ -66.485687, -15.824665 ], [ -66.485233, -15.825074 ], [ -66.484406, -15.825221 ], [ -66.484373, -15.82598 ], [ -66.484728, -15.826724 ], [ -66.484114, -15.82701 ], [ -66.483652, -15.827464 ], [ -66.483207, -15.828363 ], [ -66.482287, -15.828467 ], [ -66.481697, -15.829012 ], [ -66.481847, -15.829678 ], [ -66.482386, -15.830382 ], [ -66.484626, -15.830526 ], [ -66.486591, -15.832234 ], [ -66.486339, -15.832951 ], [ -66.483531, -15.833804 ], [ -66.482571, -15.834266 ], [ -66.482354, -15.835072 ], [ -66.482598, -15.835827 ], [ -66.483024, -15.836489 ], [ -66.483036, -15.837203 ], [ -66.482401, -15.837793 ], [ -66.482412, -15.838435 ], [ -66.484258, -15.838628 ], [ -66.484899, -15.83835 ], [ -66.485571, -15.837416 ], [ -66.486236, -15.837368 ], [ -66.48583, -15.838203 ], [ -66.484843, -15.839547 ], [ -66.484533, -15.840852 ], [ -66.48429, -15.841806 ], [ -66.483973, -15.842278 ], [ -66.483142, -15.842983 ], [ -66.482936, -15.843627 ], [ -66.482945, -15.845117 ], [ -66.482645, -15.845699 ], [ -66.48203, -15.846109 ], [ -66.481408, -15.846448 ], [ -66.480549, -15.846697 ], [ -66.479764, -15.846986 ], [ -66.478774, -15.847349 ], [ -66.478218, -15.847593 ], [ -66.477849, -15.847852 ], [ -66.477745, -15.848324 ], [ -66.477922, -15.848864 ], [ -66.478432, -15.849181 ], [ -66.478777, -15.849718 ], [ -66.478879, -15.850223 ], [ -66.478473, -15.851075 ], [ -66.477923, -15.851292 ], [ -66.477319, -15.851235 ], [ -66.476505, -15.850698 ], [ -66.47583, -15.850021 ], [ -66.475624, -15.849061 ], [ -66.4757, -15.847217 ], [ -66.475267, -15.846801 ], [ -66.474642, -15.846802 ], [ -66.473222, -15.847144 ], [ -66.472477, -15.847007 ], [ -66.471607, -15.846787 ], [ -66.47084, -15.846295 ], [ -66.470592, -15.845612 ], [ -66.469821, -15.844845 ], [ -66.469486, -15.844249 ], [ -66.46923, -15.843525 ], [ -66.468409, -15.84338 ], [ -66.467576, -15.843577 ], [ -66.467053, -15.843754 ], [ -66.465717, -15.844389 ], [ -66.464944, -15.844946 ], [ -66.464044, -15.844914 ], [ -66.463327, -15.844559 ], [ -66.462983, -15.843831 ], [ -66.462875, -15.843007 ], [ -66.462428, -15.841822 ], [ -66.46174, -15.840366 ], [ -66.461648, -15.837709 ], [ -66.462129, -15.835363 ], [ -66.461739, -15.834723 ], [ -66.461157, -15.834385 ], [ -66.460623, -15.834166 ], [ -66.460275, -15.833936 ], [ -66.45938, -15.833916 ], [ -66.458838, -15.833725 ], [ -66.457361, -15.833439 ], [ -66.45538, -15.83341 ], [ -66.454563, -15.833283 ], [ -66.45436, -15.832507 ], [ -66.454397, -15.83191 ], [ -66.455097, -15.831303 ], [ -66.455322, -15.830566 ], [ -66.455185, -15.829845 ], [ -66.454809, -15.829595 ], [ -66.454108, -15.829459 ], [ -66.453131, -15.829867 ], [ -66.451693, -15.831217 ], [ -66.448513, -15.831224 ], [ -66.446458, -15.830948 ], [ -66.446036, -15.830393 ], [ -66.444138, -15.830148 ], [ -66.443273, -15.829663 ], [ -66.441892, -15.828991 ], [ -66.440942, -15.828784 ], [ -66.439583, -15.829581 ], [ -66.43511, -15.831208 ], [ -66.433318, -15.831695 ], [ -66.430623, -15.831921 ], [ -66.427689, -15.832105 ], [ -66.425082, -15.831963 ], [ -66.423844, -15.83157 ], [ -66.421334, -15.831609 ], [ -66.414894, -15.831665 ], [ -66.413763, -15.831958 ], [ -66.412067, -15.832535 ], [ -66.410604, -15.832833 ], [ -66.409138, -15.832994 ], [ -66.407652, -15.832886 ], [ -66.406037, -15.832424 ], [ -66.404669, -15.832026 ], [ -66.402156, -15.83182 ], [ -66.39961, -15.832456 ], [ -66.398022, -15.833571 ], [ -66.395472, -15.835432 ], [ -66.394241, -15.835785 ], [ -66.392943, -15.835925 ], [ -66.391489, -15.835918 ], [ -66.390553, -15.835483 ], [ -66.389732, -15.834478 ], [ -66.388828, -15.834102 ], [ -66.387435, -15.834164 ], [ -66.386142, -15.834504 ], [ -66.385345, -15.834966 ], [ -66.384556, -15.83584 ], [ -66.384075, -15.836723 ], [ -66.384041, -15.838401 ], [ -66.384427, -15.839294 ], [ -66.384994, -15.839854 ], [ -66.385899, -15.840349 ], [ -66.387417, -15.840415 ], [ -66.388402, -15.84013 ], [ -66.389327, -15.839906 ], [ -66.390256, -15.839952 ], [ -66.391223, -15.840386 ], [ -66.391762, -15.841156 ], [ -66.392089, -15.8422 ], [ -66.392298, -15.843634 ], [ -66.391945, -15.845014 ], [ -66.391159, -15.846064 ], [ -66.390611, -15.846287 ], [ -66.389707, -15.84646 ], [ -66.388828, -15.846495 ], [ -66.386837, -15.846476 ], [ -66.385147, -15.846261 ], [ -66.384426, -15.846386 ], [ -66.383871, -15.846762 ], [ -66.382895, -15.847616 ], [ -66.381532, -15.849405 ], [ -66.379943, -15.850628 ], [ -66.378992, -15.851122 ], [ -66.377974, -15.851348 ], [ -66.375869, -15.851291 ], [ -66.374872, -15.850917 ], [ -66.37378, -15.850365 ], [ -66.37257, -15.850204 ], [ -66.371799, -15.850366 ], [ -66.371095, -15.850826 ], [ -66.369635, -15.852407 ], [ -66.368915, -15.853766 ], [ -66.368654, -15.854819 ], [ -66.368735, -15.855986 ], [ -66.369149, -15.856638 ], [ -66.37019, -15.857246 ], [ -66.371724, -15.858774 ], [ -66.372415, -15.859504 ], [ -66.372729, -15.860231 ], [ -66.372868, -15.861052 ], [ -66.372303, -15.862296 ], [ -66.37091, -15.863968 ], [ -66.370159, -15.864393 ], [ -66.369278, -15.864733 ], [ -66.367861, -15.864822 ], [ -66.366646, -15.864332 ], [ -66.365449, -15.863136 ], [ -66.364592, -15.862874 ], [ -66.363644, -15.862889 ], [ -66.362514, -15.863274 ], [ -66.361627, -15.864067 ], [ -66.361078, -15.865268 ], [ -66.360871, -15.867059 ], [ -66.361129, -15.868393 ], [ -66.362222, -15.870063 ], [ -66.362776, -15.871202 ], [ -66.363046, -15.871886 ], [ -66.363181, -15.872697 ], [ -66.362953, -15.873366 ], [ -66.36226, -15.87364 ], [ -66.360332, -15.874541 ], [ -66.359582, -15.875011 ], [ -66.3596, -15.875558 ], [ -66.360189, -15.876236 ], [ -66.361171, -15.876546 ], [ -66.361651, -15.876905 ], [ -66.361977, -15.877941 ], [ -66.361865, -15.879573 ], [ -66.361469, -15.880209 ], [ -66.360627, -15.88091 ], [ -66.360213, -15.88165 ], [ -66.360085, -15.882477 ], [ -66.360274, -15.883245 ], [ -66.36058, -15.883753 ], [ -66.36097, -15.884435 ], [ -66.361164, -15.88478 ], [ -66.361072, -15.885262 ], [ -66.36076, -15.886043 ], [ -66.360342, -15.886554 ], [ -66.359531, -15.886808 ], [ -66.35811, -15.886558 ], [ -66.35723, -15.886628 ], [ -66.356942, -15.887249 ], [ -66.356431, -15.887807 ], [ -66.355867, -15.888091 ], [ -66.354822, -15.888066 ], [ -66.353886, -15.887861 ], [ -66.353213, -15.88804 ], [ -66.352815, -15.888453 ], [ -66.352226, -15.88856 ], [ -66.351487, -15.888584 ], [ -66.350518, -15.888909 ], [ -66.349924, -15.889696 ], [ -66.349688, -15.890779 ], [ -66.349115, -15.891657 ], [ -66.34901, -15.892797 ], [ -66.349251, -15.894261 ], [ -66.349865, -15.896222 ], [ -66.350025, -15.897567 ], [ -66.349909, -15.898475 ], [ -66.349579, -15.899169 ], [ -66.346874, -15.902147 ], [ -66.345402, -15.903009 ], [ -66.3442, -15.903342 ], [ -66.342965, -15.903541 ], [ -66.342228, -15.903912 ], [ -66.341527, -15.904552 ], [ -66.341202, -15.905486 ], [ -66.341067, -15.906686 ], [ -66.34124, -15.907822 ], [ -66.34175, -15.908713 ], [ -66.342535, -15.90939 ], [ -66.343395, -15.90981 ], [ -66.344762, -15.909905 ], [ -66.345899, -15.909888 ], [ -66.34703, -15.909503 ], [ -66.347873, -15.908894 ], [ -66.348918, -15.908093 ], [ -66.3497, -15.907674 ], [ -66.350221, -15.90762 ], [ -66.350886, -15.907908 ], [ -66.351463, -15.908204 ], [ -66.352088, -15.908783 ], [ -66.352241, -15.909422 ], [ -66.352253, -15.910156 ], [ -66.352075, -15.910846 ], [ -66.351395, -15.911589 ], [ -66.3506, -15.912185 ], [ -66.349559, -15.912876 ], [ -66.348799, -15.913711 ], [ -66.348482, -15.914279 ], [ -66.348261, -15.914858 ], [ -66.348301, -15.915397 ], [ -66.348169, -15.917405 ], [ -66.347891, -15.918019 ], [ -66.347209, -15.918679 ], [ -66.345922, -15.919448 ], [ -66.344905, -15.919764 ], [ -66.344285, -15.919713 ], [ -66.34267, -15.919379 ], [ -66.3414, -15.919339 ], [ -66.340382, -15.919594 ], [ -66.339648, -15.920115 ], [ -66.338573, -15.920986 ], [ -66.337632, -15.921794 ], [ -66.335883, -15.922749 ], [ -66.334588, -15.923069 ], [ -66.333051, -15.922992 ], [ -66.332455, -15.923252 ], [ -66.331936, -15.923709 ], [ -66.331544, -15.924344 ], [ -66.331499, -15.925364 ], [ -66.331668, -15.92626 ], [ -66.332174, -15.926881 ], [ -66.33283, -15.927261 ], [ -66.333547, -15.927519 ], [ -66.334413, -15.927476 ], [ -66.335615, -15.927128 ], [ -66.337401, -15.926561 ], [ -66.338365, -15.926397 ], [ -66.340528, -15.926512 ], [ -66.341491, -15.926722 ], [ -66.342491, -15.927276 ], [ -66.343496, -15.928159 ], [ -66.344255, -15.929106 ], [ -66.344866, -15.930474 ], [ -66.345031, -15.931101 ], [ -66.344916, -15.931642 ], [ -66.344572, -15.932198 ], [ -66.342015, -15.934084 ], [ -66.340635, -15.934884 ], [ -66.340209, -15.93531 ], [ -66.339848, -15.935975 ], [ -66.339588, -15.937087 ], [ -66.339326, -15.939938 ], [ -66.339933, -15.942954 ], [ -66.33985, -15.943525 ], [ -66.339446, -15.944068 ], [ -66.339035, -15.944439 ], [ -66.338507, -15.944675 ], [ -66.337734, -15.944816 ], [ -66.337029, -15.945216 ], [ -66.335961, -15.946161 ], [ -66.335039, -15.946625 ], [ -66.333417, -15.947789 ], [ -66.332045, -15.949038 ], [ -66.3308, -15.950555 ], [ -66.330292, -15.951405 ], [ -66.329863, -15.951918 ], [ -66.329373, -15.952255 ], [ -66.328541, -15.952508 ], [ -66.32727, -15.952637 ], [ -66.325516, -15.952569 ], [ -66.322889, -15.952497 ], [ -66.321825, -15.952761 ], [ -66.320751, -15.953347 ], [ -66.319714, -15.954292 ], [ -66.318539, -15.954788 ], [ -66.317553, -15.955353 ], [ -66.316882, -15.955933 ], [ -66.316359, -15.957172 ], [ -66.316464, -15.958259 ], [ -66.316856, -15.959078 ], [ -66.316805, -15.959761 ], [ -66.317491, -15.960214 ], [ -66.318158, -15.960388 ], [ -66.318913, -15.960238 ], [ -66.319526, -15.960046 ], [ -66.320325, -15.959621 ], [ -66.321315, -15.959284 ], [ -66.322048, -15.959208 ], [ -66.32305, -15.959393 ], [ -66.323698, -15.959483 ], [ -66.324743, -15.96024 ], [ -66.325564, -15.961144 ], [ -66.326314, -15.962039 ], [ -66.326468, -15.962516 ], [ -66.326835, -15.962967 ], [ -66.326988, -15.964149 ], [ -66.326886, -15.965115 ], [ -66.326586, -15.965668 ], [ -66.326023, -15.965998 ], [ -66.325129, -15.966378 ], [ -66.323994, -15.966789 ], [ -66.322342, -15.967114 ], [ -66.321753, -15.967173 ], [ -66.321199, -15.967361 ], [ -66.320771, -15.967697 ], [ -66.320562, -15.96815 ], [ -66.320541, -15.968779 ], [ -66.320772, -15.969615 ], [ -66.322115, -15.972301 ], [ -66.322286, -15.973156 ], [ -66.322138, -15.973578 ], [ -66.321679, -15.973915 ], [ -66.320815, -15.974138 ], [ -66.319982, -15.974331 ], [ -66.318498, -15.974443 ], [ -66.317845, -15.974304 ], [ -66.316846, -15.97384 ], [ -66.316097, -15.973525 ], [ -66.31498, -15.973329 ], [ -66.313709, -15.973289 ], [ -66.312922, -15.973445 ], [ -66.312169, -15.973777 ], [ -66.311132, -15.974114 ], [ -66.310093, -15.97436 ], [ -66.309009, -15.974743 ], [ -66.308345, -15.974707 ], [ -66.307929, -15.974691 ], [ -66.307476, -15.974673 ], [ -66.306794, -15.974594 ], [ -66.306107, -15.974305 ], [ -66.305169, -15.97372 ], [ -66.304676, -15.973487 ], [ -66.303892, -15.97329 ], [ -66.303056, -15.973303 ], [ -66.302285, -15.973525 ], [ -66.30155, -15.974015 ], [ -66.301064, -15.974622 ], [ -66.30083, -15.975404 ], [ -66.300749, -15.976185 ], [ -66.300978, -15.9769 ], [ -66.301545, -15.977461 ], [ -66.302596, -15.977825 ], [ -66.303519, -15.978129 ], [ -66.304333, -15.978621 ], [ -66.305385, -15.979201 ], [ -66.306064, -15.980107 ], [ -66.306462, -15.981248 ], [ -66.306527, -15.982347 ], [ -66.306436, -15.983027 ], [ -66.306219, -15.983625 ], [ -66.305758, -15.98456 ], [ -66.304776, -15.9854 ], [ -66.304125, -15.98619 ], [ -66.30323, -15.987128 ], [ -66.30268, -15.987679 ], [ -66.30191, -15.987922 ], [ -66.300794, -15.988259 ], [ -66.299802, -15.988503 ], [ -66.298337, -15.988755 ], [ -66.29615, -15.988802 ], [ -66.295063, -15.989142 ], [ -66.29439, -15.989612 ], [ -66.293667, -15.990156 ], [ -66.293204, -15.990851 ], [ -66.292982, -15.991772 ], [ -66.292854, -15.992599 ], [ -66.293015, -15.993743 ], [ -66.293357, -15.99438 ], [ -66.293703, -15.995245 ], [ -66.293957, -15.996296 ], [ -66.29381, -15.996874 ], [ -66.294161, -15.997468 ], [ -66.295016, -15.997769 ], [ -66.295993, -15.997739 ], [ -66.296927, -15.996937 ], [ -66.297537, -15.996447 ], [ -66.298282, -15.995667 ], [ -66.299384, -15.994901 ], [ -66.300242, -15.994318 ], [ -66.301045, -15.994186 ], [ -66.30154, -15.994178 ], [ -66.302151, -15.994438 ], [ -66.302691, -15.995007 ], [ -66.303021, -15.995684 ], [ -66.303183, -15.996415 ], [ -66.303137, -15.99709 ], [ -66.302992, -15.997691 ], [ -66.302722, -15.998235 ], [ -66.302389, -15.998719 ], [ -66.301839, -15.999147 ], [ -66.301071, -15.999518 ], [ -66.300269, -15.999741 ], [ -66.297825, -16.000011 ], [ -66.296275, -16.000011 ], [ -66.294598, -15.999558 ], [ -66.293421, -15.999239 ], [ -66.292476, -15.998474 ], [ -66.291871, -15.999171 ], [ -66.291117, -15.999458 ], [ -66.290266, -15.999608 ], [ -66.288555, -16.001544 ], [ -66.287889, -16.002075 ], [ -66.286992, -16.002272 ], [ -66.285776, -16.00182 ], [ -66.285028, -16.001064 ], [ -66.284585, -16.000013 ], [ -66.284573, -15.999329 ], [ -66.284745, -15.998272 ], [ -66.285012, -15.997213 ], [ -66.285043, -15.996567 ], [ -66.28461, -15.995797 ], [ -66.284077, -15.995072 ], [ -66.283552, -15.994851 ], [ -66.282745, -15.994771 ], [ -66.282056, -15.994028 ], [ -66.28134, -15.993829 ], [ -66.280382, -15.993146 ], [ -66.279504, -15.992832 ], [ -66.278531, -15.992709 ], [ -66.277668, -15.992776 ], [ -66.277051, -15.992966 ], [ -66.276533, -15.993453 ], [ -66.276366, -15.994594 ], [ -66.276485, -15.995122 ], [ -66.2773, -15.995789 ], [ -66.277631, -15.996418 ], [ -66.277742, -15.997238 ], [ -66.277605, -15.999587 ], [ -66.277769, -16.000894 ], [ -66.278113, -16.002331 ], [ -66.278321, -16.004216 ], [ -66.278528, -16.005803 ], [ -66.2793, -16.00739 ], [ -66.280379, -16.008728 ], [ -66.28156, -16.00957 ], [ -66.282946, -16.010015 ], [ -66.284742, -16.010211 ], [ -66.286691, -16.00996 ], [ -66.288075, -16.009759 ], [ -66.28931, -16.010002 ], [ -66.289817, -16.010495 ], [ -66.290046, -16.011231 ], [ -66.289907, -16.011959 ], [ -66.289542, -16.01227 ], [ -66.288668, -16.012676 ], [ -66.286542, -16.013284 ], [ -66.284183, -16.013833 ], [ -66.281568, -16.014432 ], [ -66.280268, -16.014568 ], [ -66.279237, -16.014878 ], [ -66.277949, -16.015707 ], [ -66.276391, -16.017416 ], [ -66.275125, -16.018567 ], [ -66.273829, -16.019454 ], [ -66.272393, -16.02025 ], [ -66.271163, -16.020599 ], [ -66.269778, -16.020601 ], [ -66.26829, -16.020603 ], [ -66.266597, -16.020406 ], [ -66.265108, -16.019962 ], [ -66.263814, -16.019154 ], [ -66.262489, -16.017832 ], [ -66.261718, -16.016493 ], [ -66.260843, -16.014907 ], [ -66.260468, -16.014152 ], [ -66.25981, -16.013168 ], [ -66.25886, -16.012789 ], [ -66.257734, -16.012616 ], [ -66.256297, -16.012599 ], [ -66.255212, -16.012982 ], [ -66.254228, -16.013685 ], [ -66.253544, -16.014455 ], [ -66.253165, -16.015352 ], [ -66.252906, -16.016315 ], [ -66.252772, -16.017746 ], [ -66.252584, -16.018971 ], [ -66.251852, -16.019494 ], [ -66.250768, -16.019607 ], [ -66.249151, -16.019106 ], [ -66.247874, -16.01822 ], [ -66.246588, -16.01737 ], [ -66.2455, -16.016759 ], [ -66.244237, -16.015814 ], [ -66.244059, -16.01459 ], [ -66.243893, -16.013614 ], [ -66.243794, -16.012725 ], [ -66.243668, -16.01097 ], [ -66.243393, -16.008627 ], [ -66.242724, -16.006495 ], [ -66.242107, -16.005553 ], [ -66.241286, -16.005008 ], [ -66.240157, -16.00491 ], [ -66.238926, -16.005209 ], [ -66.237645, -16.005856 ], [ -66.236979, -16.006799 ], [ -66.236621, -16.007891 ], [ -66.236316, -16.009628 ], [ -66.236369, -16.011265 ], [ -66.236473, -16.012704 ], [ -66.23668, -16.013944 ], [ -66.236989, -16.014886 ], [ -66.237408, -16.016202 ], [ -66.237659, -16.017366 ], [ -66.237302, -16.018905 ], [ -66.236944, -16.019699 ], [ -66.235728, -16.020431 ], [ -66.234254, -16.020664 ], [ -66.232712, -16.021165 ], [ -66.232382, -16.022532 ], [ -66.232845, -16.023872 ], [ -66.233718, -16.025012 ], [ -66.234694, -16.025904 ], [ -66.235669, -16.02625 ], [ -66.237016, -16.026516 ], [ -66.237846, -16.027204 ], [ -66.238, -16.027564 ], [ -66.238229, -16.028814 ], [ -66.238209, -16.029706 ], [ -66.238028, -16.03074 ], [ -66.237813, -16.031501 ], [ -66.237496, -16.031991 ], [ -66.237083, -16.032485 ], [ -66.235331, -16.033394 ], [ -66.234447, -16.033495 ], [ -66.23337, -16.033695 ], [ -66.23255, -16.034043 ], [ -66.229116, -16.037173 ], [ -66.228501, -16.038017 ], [ -66.228502, -16.038662 ], [ -66.228964, -16.039158 ], [ -66.229786, -16.039901 ], [ -66.230608, -16.040545 ], [ -66.230996, -16.04187 ], [ -66.230875, -16.042492 ], [ -66.23037, -16.042755 ], [ -66.229533, -16.04258 ], [ -66.228711, -16.041788 ], [ -66.227154, -16.040702 ], [ -66.225939, -16.040302 ], [ -66.223168, -16.040305 ], [ -66.220398, -16.040904 ], [ -66.21855, -16.040161 ], [ -66.217472, -16.038972 ], [ -66.215723, -16.036509 ], [ -66.215165, -16.036457 ], [ -66.214185, -16.036495 ], [ -66.212904, -16.037885 ], [ -66.211827, -16.037886 ], [ -66.211262, -16.037192 ], [ -66.210953, -16.03625 ], [ -66.210845, -16.035486 ], [ -66.210527, -16.03533 ], [ -66.210131, -16.035137 ], [ -66.209207, -16.03516 ], [ -66.208233, -16.035707 ], [ -66.207123, -16.036378 ], [ -66.20649, -16.0368 ], [ -66.205464, -16.037195 ], [ -66.20407, -16.037492 ], [ -66.202626, -16.037745 ], [ -66.200335, -16.038299 ], [ -66.198614, -16.038812 ], [ -66.195667, -16.039341 ], [ -66.194436, -16.039739 ], [ -66.192795, -16.040188 ], [ -66.191461, -16.040586 ], [ -66.189974, -16.041083 ], [ -66.187768, -16.04173 ], [ -66.185717, -16.042526 ], [ -66.183255, -16.043421 ], [ -66.181409, -16.044068 ], [ -66.179203, -16.045062 ], [ -66.17669, -16.046107 ], [ -66.174895, -16.046753 ], [ -66.173049, -16.047449 ], [ -66.171612, -16.047947 ], [ -66.169766, -16.048544 ], [ -66.168124, -16.048793 ], [ -66.166944, -16.048844 ], [ -66.165815, -16.048894 ], [ -66.164533, -16.048846 ], [ -66.163044, -16.048648 ], [ -66.161608, -16.048302 ], [ -66.159811, -16.047808 ], [ -66.158374, -16.047064 ], [ -66.156936, -16.045776 ], [ -66.156114, -16.044486 ], [ -66.155395, -16.042998 ], [ -66.154829, -16.041014 ], [ -66.154501, -16.038779 ], [ -66.154444, -16.038226 ], [ -66.153799, -16.037289 ], [ -66.15326, -16.036549 ], [ -66.151952, -16.036055 ], [ -66.150669, -16.036105 ], [ -66.148976, -16.036206 ], [ -66.147642, -16.036455 ], [ -66.146206, -16.037002 ], [ -66.144822, -16.037846 ], [ -66.143745, -16.03874 ], [ -66.142874, -16.039882 ], [ -66.142054, -16.041321 ], [ -66.141535, -16.043143 ], [ -66.140519, -16.046581 ], [ -66.140161, -16.048269 ], [ -66.140004, -16.049186 ], [ -66.139393, -16.050998 ], [ -66.139086, -16.051842 ], [ -66.138419, -16.052834 ], [ -66.13724, -16.053728 ], [ -66.136214, -16.054076 ], [ -66.135239, -16.053879 ], [ -66.134264, -16.053234 ], [ -66.133002, -16.051581 ], [ -66.131317, -16.049262 ], [ -66.129421, -16.04731 ], [ -66.128241, -16.045194 ], [ -66.127821, -16.04423 ], [ -66.12775, -16.042441 ], [ -66.128019, -16.041428 ], [ -66.12862, -16.040456 ], [ -66.130023, -16.039197 ], [ -66.131071, -16.038577 ], [ -66.13359, -16.037773 ], [ -66.134428, -16.037323 ], [ -66.134952, -16.036759 ], [ -66.135049, -16.036097 ], [ -66.134987, -16.035227 ], [ -66.134641, -16.034314 ], [ -66.133917, -16.0335 ], [ -66.133226, -16.032697 ], [ -66.132246, -16.032267 ], [ -66.130432, -16.031991 ], [ -66.129112, -16.032515 ], [ -66.128292, -16.033145 ], [ -66.127014, -16.035142 ], [ -66.126047, -16.036405 ], [ -66.124936, -16.038037 ], [ -66.124141, -16.0388 ], [ -66.12346, -16.039455 ], [ -66.122472, -16.040518 ], [ -66.120663, -16.04178 ], [ -66.119372, -16.042575 ], [ -66.118518, -16.042881 ], [ -66.117213, -16.042963 ], [ -66.115656, -16.042597 ], [ -66.114645, -16.041702 ], [ -66.114181, -16.040482 ], [ -66.114096, -16.039139 ], [ -66.114432, -16.037958 ], [ -66.115063, -16.037144 ], [ -66.115989, -16.036411 ], [ -66.117713, -16.0347 ], [ -66.118638, -16.033479 ], [ -66.119941, -16.030629 ], [ -66.120991, -16.028309 ], [ -66.122696, -16.024199 ], [ -66.123471, -16.022609 ], [ -66.12389, -16.020777 ], [ -66.123829, -16.019069 ], [ -66.123242, -16.017925 ], [ -66.12242, -16.016883 ], [ -66.121509, -16.016254 ], [ -66.12032, -16.015996 ], [ -66.118756, -16.016064 ], [ -66.117857, -16.016169 ], [ -66.115728, -16.016521 ], [ -66.113457, -16.017323 ], [ -66.112698, -16.018042 ], [ -66.112087, -16.018895 ], [ -66.1118, -16.020257 ], [ -66.111736, -16.022037 ], [ -66.112051, -16.024004 ], [ -66.112586, -16.025647 ], [ -66.113235, -16.026968 ], [ -66.113748, -16.028129 ], [ -66.113924, -16.028865 ], [ -66.113658, -16.029759 ], [ -66.112508, -16.030919 ], [ -66.111662, -16.03142 ], [ -66.109765, -16.032567 ], [ -66.108127, -16.033967 ], [ -66.106729, -16.035398 ], [ -66.1063, -16.03575 ], [ -66.104708, -16.036722 ], [ -66.103486, -16.037428 ], [ -66.10183, -16.037635 ], [ -66.10046, -16.03747 ], [ -66.099069, -16.036987 ], [ -66.098115, -16.036634 ], [ -66.097015, -16.036054 ], [ -66.095953, -16.035148 ], [ -66.095178, -16.033787 ], [ -66.094775, -16.032311 ], [ -66.094985, -16.030968 ], [ -66.095658, -16.029869 ], [ -66.096583, -16.028769 ], [ -66.097719, -16.028077 ], [ -66.099529, -16.027751 ], [ -66.100824, -16.027495 ], [ -66.101506, -16.026976 ], [ -66.10179, -16.026196 ], [ -66.101926, -16.0249 ], [ -66.10176, -16.024039 ], [ -66.10078, -16.022639 ], [ -66.09926, -16.021713 ], [ -66.098172, -16.020887 ], [ -66.097101, -16.020093 ], [ -66.095122, -16.017828 ], [ -66.094033, -16.017437 ], [ -66.092746, -16.017542 ], [ -66.091899, -16.017967 ], [ -66.091058, -16.018758 ], [ -66.090645, -16.019696 ], [ -66.090393, -16.020714 ], [ -66.090459, -16.022986 ], [ -66.089916, -16.024654 ], [ -66.088855, -16.026021 ], [ -66.086892, -16.028449 ], [ -66.086301, -16.030109 ], [ -66.086274, -16.031704 ], [ -66.086592, -16.033897 ], [ -66.087815, -16.036003 ], [ -66.088413, -16.037921 ], [ -66.088383, -16.039022 ], [ -66.087807, -16.039731 ], [ -66.08627, -16.040428 ], [ -66.08485, -16.040474 ], [ -66.083708, -16.040328 ], [ -66.082753, -16.039883 ], [ -66.081854, -16.039266 ], [ -66.081378, -16.038452 ], [ -66.081388, -16.037472 ], [ -66.081603, -16.036047 ], [ -66.081901, -16.034622 ], [ -66.082277, -16.03309 ], [ -66.082401, -16.032226 ], [ -66.082096, -16.031133 ], [ -66.081795, -16.030036 ], [ -66.081165, -16.029174 ], [ -66.078571, -16.026523 ], [ -66.077067, -16.024784 ], [ -66.076533, -16.024012 ], [ -66.076138, -16.022963 ], [ -66.07586, -16.021138 ], [ -66.075916, -16.017784 ], [ -66.075666, -16.016811 ], [ -66.075211, -16.016132 ], [ -66.074464, -16.015833 ], [ -66.073786, -16.016065 ], [ -66.073047, -16.016775 ], [ -66.072499, -16.017558 ], [ -66.072275, -16.018139 ], [ -66.072356, -16.019527 ], [ -66.072561, -16.020867 ], [ -66.072453, -16.021956 ], [ -66.072003, -16.02279 ], [ -66.071405, -16.023822 ], [ -66.070753, -16.024237 ], [ -66.070049, -16.024938 ], [ -66.069033, -16.025245 ], [ -66.067693, -16.025399 ], [ -66.066521, -16.025281 ], [ -66.064546, -16.025251 ], [ -66.062169, -16.02492 ], [ -66.060347, -16.024501 ], [ -66.059022, -16.023942 ], [ -66.057969, -16.022851 ], [ -66.057604, -16.021312 ], [ -66.057503, -16.019739 ], [ -66.057914, -16.017997 ], [ -66.058367, -16.01633 ], [ -66.05904, -16.015394 ], [ -66.059352, -16.013883 ], [ -66.059697, -16.011564 ], [ -66.059412, -16.010015 ], [ -66.058495, -16.009003 ], [ -66.057807, -16.008243 ], [ -66.05683, -16.007831 ], [ -66.0553, -16.007502 ], [ -66.053918, -16.007483 ], [ -66.051882, -16.00776 ], [ -66.050464, -16.008093 ], [ -66.049026, -16.00794 ], [ -66.047912, -16.007789 ], [ -66.046928, -16.007599 ], [ -66.045967, -16.007374 ], [ -66.04427, -16.007272 ], [ -66.043268, -16.007337 ], [ -66.041968, -16.007319 ], [ -66.040827, -16.007563 ], [ -66.039329, -16.007835 ], [ -66.038144, -16.008729 ], [ -66.037146, -16.009613 ], [ -66.036382, -16.010549 ], [ -66.035335, -16.012526 ], [ -66.034591, -16.013487 ], [ -66.034062, -16.014058 ], [ -66.033206, -16.014272 ], [ -66.032339, -16.014088 ], [ -66.031516, -16.013509 ], [ -66.030973, -16.012827 ], [ -66.030827, -16.011649 ], [ -66.030699, -16.009929 ], [ -66.030664, -16.007554 ], [ -66.030143, -16.007155 ], [ -66.029436, -16.007146 ], [ -66.028827, -16.007553 ], [ -66.028383, -16.008154 ], [ -66.028796, -16.009615 ], [ -66.029273, -16.011666 ], [ -66.029123, -16.013346 ], [ -66.028732, -16.013899 ], [ -66.01852, -16.022057 ], [ -66.017572, -16.0233 ], [ -66.017126, -16.024044 ], [ -66.016994, -16.025033 ], [ -66.017217, -16.026749 ], [ -66.017648, -16.028317 ], [ -66.018567, -16.02982 ], [ -66.019136, -16.030702 ], [ -66.01966, -16.03169 ], [ -66.019727, -16.032768 ], [ -66.019318, -16.033757 ], [ -66.018754, -16.034087 ], [ -66.017935, -16.034076 ], [ -66.017015, -16.033591 ], [ -66.015521, -16.032382 ], [ -66.01401, -16.030199 ], [ -66.013185, -16.029266 ], [ -66.01205, -16.028249 ], [ -66.011123, -16.027474 ], [ -66.009868, -16.026559 ], [ -66.007787, -16.024905 ], [ -66.006084, -16.023904 ], [ -66.00465, -16.023285 ], [ -66.003807, -16.022854 ], [ -66.003056, -16.022175 ], [ -66.002331, -16.0213 ], [ -66.001876, -16.02001 ], [ -66.001937, -16.019269 ], [ -66.0024, -16.018292 ], [ -66.003073, -16.017641 ], [ -66.003842, -16.0169 ], [ -66.005363, -16.016534 ], [ -66.008622, -16.016236 ], [ -66.009728, -16.015902 ], [ -66.010431, -16.015462 ], [ -66.010727, -16.014696 ], [ -66.010531, -16.013896 ], [ -66.010064, -16.013568 ], [ -66.009229, -16.013404 ], [ -66.008502, -16.013566 ], [ -66.007752, -16.013862 ], [ -66.004868, -16.014032 ], [ -66.003846, -16.013751 ], [ -66.00323, -16.013415 ], [ -66.002818, -16.013076 ], [ -66.000757, -16.011769 ], [ -65.999224, -16.010568 ], [ -65.997326, -16.009758 ], [ -65.995899, -16.009581 ], [ -65.994386, -16.009689 ], [ -65.992903, -16.009967 ], [ -65.991852, -16.010635 ], [ -65.990935, -16.011028 ], [ -65.98998, -16.01126 ], [ -65.989159, -16.011348 ], [ -65.988187, -16.010968 ], [ -65.987414, -16.01029 ], [ -65.986742, -16.00961 ], [ -65.984611, -16.00654 ], [ -65.983632, -16.005717 ], [ -65.98226, -16.005184 ], [ -65.980879, -16.005313 ], [ -65.979306, -16.005581 ], [ -65.977985, -16.005697 ], [ -65.977215, -16.005216 ], [ -65.976591, -16.00429 ], [ -65.976475, -16.003357 ], [ -65.976873, -16.002711 ], [ -65.977428, -16.002409 ], [ -65.978338, -16.002051 ], [ -65.97974, -16.002004 ], [ -65.981629, -16.001841 ], [ -65.982646, -16.001368 ], [ -65.98321, -16.000653 ], [ -65.98319, -15.99937 ], [ -65.982967, -15.997598 ], [ -65.983244, -15.996719 ], [ -65.983983, -15.996408 ], [ -65.984937, -15.996304 ], [ -65.986275, -15.996769 ], [ -65.98721, -15.997139 ], [ -65.988294, -15.997528 ], [ -65.989466, -15.997568 ], [ -65.989879, -15.997363 ], [ -65.990353, -15.996843 ], [ -65.990476, -15.996275 ], [ -65.990495, -15.995648 ], [ -65.990428, -15.995035 ], [ -65.990345, -15.993997 ], [ -65.990483, -15.992888 ], [ -65.990465, -15.991662 ], [ -65.990677, -15.990433 ], [ -65.991034, -15.989285 ], [ -65.991347, -15.988589 ], [ -65.991851, -15.988019 ], [ -65.992277, -15.987567 ], [ -65.992731, -15.987115 ], [ -65.993388, -15.986715 ], [ -65.994249, -15.986453 ], [ -65.995226, -15.9863 ], [ -65.996582, -15.98614 ], [ -65.997873, -15.98604 ], [ -65.99862, -15.98589 ], [ -65.999239, -15.985656 ], [ -65.999699, -15.985203 ], [ -66.000085, -15.984752 ], [ -66.00018, -15.984196 ], [ -66.000115, -15.983695 ], [ -65.999907, -15.983307 ], [ -65.99941, -15.982813 ], [ -65.998914, -15.982401 ], [ -65.998189, -15.982105 ], [ -65.997408, -15.981921 ], [ -65.996658, -15.98182 ], [ -65.995392, -15.981949 ], [ -65.993865, -15.98197 ], [ -65.992106, -15.981883 ], [ -65.990712, -15.981317 ], [ -65.989377, -15.980555 ], [ -65.9888, -15.979933 ], [ -65.988327, -15.97976 ], [ -65.987844, -15.980158 ], [ -65.987726, -15.980729 ], [ -65.987813, -15.981943 ], [ -65.987887, -15.983001 ], [ -65.987999, -15.984231 ], [ -65.987957, -15.985788 ], [ -65.987681, -15.986903 ], [ -65.987092, -15.987654 ], [ -65.986684, -15.988185 ], [ -65.985895, -15.988576 ], [ -65.984945, -15.9887 ], [ -65.984021, -15.988574 ], [ -65.983005, -15.988031 ], [ -65.981748, -15.986849 ], [ -65.980494, -15.985835 ], [ -65.97965, -15.985262 ], [ -65.978669, -15.984863 ], [ -65.977884, -15.984701 ], [ -65.976524, -15.984357 ], [ -65.975311, -15.984123 ], [ -65.974353, -15.983691 ], [ -65.973481, -15.983173 ], [ -65.972953, -15.982567 ], [ -65.972539, -15.98182 ], [ -65.972375, -15.980457 ], [ -65.972453, -15.979445 ], [ -65.972679, -15.978621 ], [ -65.972804, -15.977614 ], [ -65.972698, -15.976996 ], [ -65.972339, -15.975748 ], [ -65.97223, -15.974549 ], [ -65.972217, -15.973657 ], [ -65.97235, -15.972931 ], [ -65.972771, -15.972172 ], [ -65.973422, -15.971383 ], [ -65.974362, -15.970673 ], [ -65.975158, -15.969937 ], [ -65.97598, -15.969006 ], [ -65.976458, -15.968219 ], [ -65.976551, -15.967227 ], [ -65.976258, -15.966382 ], [ -65.975758, -15.965692 ], [ -65.975309, -15.965169 ], [ -65.974422, -15.96493 ], [ -65.973385, -15.965 ], [ -65.972406, -15.965433 ], [ -65.971004, -15.967005 ], [ -65.970493, -15.968099 ], [ -65.970261, -15.969087 ], [ -65.969793, -15.969537 ], [ -65.968846, -15.96983 ], [ -65.967605, -15.969679 ], [ -65.966294, -15.968666 ], [ -65.965129, -15.967818 ], [ -65.963968, -15.967276 ], [ -65.962661, -15.966569 ], [ -65.962423, -15.966057 ], [ -65.96244, -15.965248 ], [ -65.962911, -15.963988 ], [ -65.964173, -15.961657 ], [ -65.964728, -15.960725 ], [ -65.966041, -15.95927 ], [ -65.967692, -15.957922 ], [ -65.969234, -15.957015 ], [ -65.970814, -15.956743 ], [ -65.972119, -15.956962 ], [ -65.973161, -15.957602 ], [ -65.974154, -15.958508 ], [ -65.974744, -15.959448 ], [ -65.975102, -15.960251 ], [ -65.975259, -15.961169 ], [ -65.97519, -15.962313 ], [ -65.975405, -15.963258 ], [ -65.975847, -15.963865 ], [ -65.976342, -15.964248 ], [ -65.977035, -15.96435 ], [ -65.97755, -15.964064 ], [ -65.977917, -15.963557 ], [ -65.978103, -15.963054 ], [ -65.978025, -15.962137 ], [ -65.977766, -15.961488 ], [ -65.977183, -15.960724 ], [ -65.975901, -15.956367 ], [ -65.975272, -15.954228 ], [ -65.974886, -15.953481 ], [ -65.974328, -15.952708 ], [ -65.973628, -15.952132 ], [ -65.972756, -15.951643 ], [ -65.971887, -15.95132 ], [ -65.970962, -15.951138 ], [ -65.969839, -15.951181 ], [ -65.96895, -15.951444 ], [ -65.967806, -15.95199 ], [ -65.966777, -15.952589 ], [ -65.965809, -15.952807 ], [ -65.964905, -15.952615 ], [ -65.963976, -15.952126 ], [ -65.963097, -15.95119 ], [ -65.962322, -15.949389 ], [ -65.961794, -15.948342 ], [ -65.961355, -15.947853 ], [ -65.960763, -15.947236 ], [ -65.959483, -15.946418 ], [ -65.957962, -15.94485 ], [ -65.957518, -15.944047 ], [ -65.957187, -15.943048 ], [ -65.957116, -15.942129 ], [ -65.957219, -15.94132 ], [ -65.959438, -15.938185 ], [ -65.960381, -15.937201 ], [ -65.960843, -15.936834 ], [ -65.961048, -15.936338 ], [ -65.961091, -15.935789 ], [ -65.960996, -15.935233 ], [ -65.960643, -15.934764 ], [ -65.960264, -15.934462 ], [ -65.95957, -15.934221 ], [ -65.958875, -15.934035 ], [ -65.95827, -15.933988 ], [ -65.95755, -15.934054 ], [ -65.956892, -15.934314 ], [ -65.956297, -15.934794 ], [ -65.955698, -15.935417 ], [ -65.954839, -15.935819 ], [ -65.95392, -15.935999 ], [ -65.953115, -15.936094 ], [ -65.952421, -15.935936 ], [ -65.951809, -15.935442 ], [ -65.951281, -15.934781 ], [ -65.951064, -15.933752 ], [ -65.950994, -15.932889 ], [ -65.951504, -15.93187 ], [ -65.952432, -15.930768 ], [ -65.952869, -15.930122 ], [ -65.953526, -15.928757 ], [ -65.953917, -15.927887 ], [ -65.954531, -15.926597 ], [ -65.954832, -15.92545 ], [ -65.955018, -15.924388 ], [ -65.955061, -15.923439 ], [ -65.954894, -15.922904 ], [ -65.95447, -15.922388 ], [ -65.95403, -15.921837 ], [ -65.95339, -15.921427 ], [ -65.952521, -15.921077 ], [ -65.951537, -15.920812 ], [ -65.950637, -15.920614 ], [ -65.94961, -15.920521 ], [ -65.948795, -15.920586 ], [ -65.947937, -15.920833 ], [ -65.947108, -15.92129 ], [ -65.946511, -15.921856 ], [ -65.945894, -15.922497 ], [ -65.945264, -15.923239 ], [ -65.944929, -15.923996 ], [ -65.944683, -15.924891 ], [ -65.944582, -15.925869 ], [ -65.944807, -15.927454 ], [ -65.94506, -15.92904 ], [ -65.945482, -15.930316 ], [ -65.945937, -15.931843 ], [ -65.946044, -15.932555 ], [ -65.945838, -15.93335 ], [ -65.945612, -15.933687 ], [ -65.944982, -15.933919 ], [ -65.94426, -15.933845 ], [ -65.943623, -15.933631 ], [ -65.942951, -15.932943 ], [ -65.942271, -15.931754 ], [ -65.941767, -15.930813 ], [ -65.94098, -15.930155 ], [ -65.940279, -15.929523 ], [ -65.939348, -15.928895 ], [ -65.938819, -15.928177 ], [ -65.938521, -15.927457 ], [ -65.938332, -15.926372 ], [ -65.938402, -15.925228 ], [ -65.93873, -15.924053 ], [ -65.939374, -15.92279 ], [ -65.940646, -15.9213 ], [ -65.941522, -15.920347 ], [ -65.942618, -15.91957 ], [ -65.943603, -15.918617 ], [ -65.944026, -15.91813 ], [ -65.944292, -15.91744 ], [ -65.944282, -15.916771 ], [ -65.944184, -15.915964 ], [ -65.943945, -15.915354 ], [ -65.94339, -15.914832 ], [ -65.942633, -15.914341 ], [ -65.941506, -15.914049 ], [ -65.938389, -15.913924 ], [ -65.936517, -15.913815 ], [ -65.935715, -15.913989 ], [ -65.934492, -15.914464 ], [ -65.933655, -15.914965 ], [ -65.933004, -15.915754 ], [ -65.932047, -15.916913 ], [ -65.931298, -15.917338 ], [ -65.930408, -15.917518 ], [ -65.929053, -15.917452 ], [ -65.92827, -15.917101 ], [ -65.927831, -15.916605 ], [ -65.927328, -15.915748 ], [ -65.926907, -15.914471 ], [ -65.926452, -15.912888 ], [ -65.926057, -15.912265 ], [ -65.925343, -15.9119 ], [ -65.924505, -15.911716 ], [ -65.923351, -15.911936 ], [ -65.922875, -15.912546 ], [ -65.922611, -15.91425 ], [ -65.922094, -15.91632 ], [ -65.921564, -15.917554 ], [ -65.920669, -15.919406 ], [ -65.91906, -15.921714 ], [ -65.917541, -15.924058 ], [ -65.916647, -15.925025 ], [ -65.915778, -15.9258 ], [ -65.914693, -15.926484 ], [ -65.913748, -15.926915 ], [ -65.912484, -15.927155 ], [ -65.911678, -15.927221 ], [ -65.911131, -15.927201 ], [ -65.910407, -15.92696 ], [ -65.910049, -15.926742 ], [ -65.909723, -15.926206 ], [ -65.909635, -15.925353 ], [ -65.909852, -15.924403 ], [ -65.910124, -15.923312 ], [ -65.910167, -15.92228 ], [ -65.910098, -15.9215 ], [ -65.909714, -15.920836 ], [ -65.909102, -15.920399 ], [ -65.908434, -15.920017 ], [ -65.907451, -15.91978 ], [ -65.903527, -15.919331 ], [ -65.900379, -15.918816 ], [ -65.898501, -15.918632 ], [ -65.897142, -15.918232 ], [ -65.896358, -15.917852 ], [ -65.895804, -15.917358 ], [ -65.895307, -15.916835 ], [ -65.895094, -15.916085 ], [ -65.895022, -15.915082 ], [ -65.895155, -15.9143 ], [ -65.895635, -15.913683 ], [ -65.896087, -15.913191 ], [ -65.89657, -15.912836 ], [ -65.897465, -15.912652 ], [ -65.899109, -15.912769 ], [ -65.900541, -15.912988 ], [ -65.901793, -15.913152 ], [ -65.902628, -15.913085 ], [ -65.904148, -15.912687 ], [ -65.904921, -15.912273 ], [ -65.905529, -15.911679 ], [ -65.905824, -15.910979 ], [ -65.905874, -15.910448 ], [ -65.905635, -15.909838 ], [ -65.905138, -15.909371 ], [ -65.904356, -15.909075 ], [ -65.903461, -15.90892 ], [ -65.89879, -15.90862 ], [ -65.898124, -15.908406 ], [ -65.897542, -15.907996 ], [ -65.896985, -15.907306 ], [ -65.896802, -15.906612 ], [ -65.896876, -15.905705 ], [ -65.897684, -15.90433 ], [ -65.898648, -15.902782 ], [ -65.89926, -15.90124 ], [ -65.899337, -15.900556 ], [ -65.900436, -15.898528 ], [ -65.901244, -15.896935 ], [ -65.901578, -15.896178 ], [ -65.901486, -15.895733 ], [ -65.901134, -15.895292 ], [ -65.900555, -15.895104 ], [ -65.899709, -15.895241 ], [ -65.898779, -15.895797 ], [ -65.897843, -15.896841 ], [ -65.896908, -15.897941 ], [ -65.89635, -15.899147 ], [ -65.895266, -15.903761 ], [ -65.8947, -15.904466 ], [ -65.894005, -15.904935 ], [ -65.892984, -15.905297 ], [ -65.891775, -15.905369 ], [ -65.889178, -15.905041 ], [ -65.887644, -15.904588 ], [ -65.886219, -15.903631 ], [ -65.88575, -15.90308 ], [ -65.885427, -15.902638 ], [ -65.885129, -15.901946 ], [ -65.884886, -15.901085 ], [ -65.884344, -15.897412 ], [ -65.884242, -15.897059 ], [ -65.883811, -15.89636 ], [ -65.880689, -15.893586 ], [ -65.880308, -15.893117 ], [ -65.880155, -15.892478 ], [ -65.880241, -15.891431 ], [ -65.881111, -15.889803 ], [ -65.881275, -15.889188 ], [ -65.881159, -15.888731 ], [ -65.880592, -15.887803 ], [ -65.879576, -15.887231 ], [ -65.878855, -15.887157 ], [ -65.877449, -15.88751 ], [ -65.876192, -15.888307 ], [ -65.874414, -15.889185 ], [ -65.872841, -15.889606 ], [ -65.870364, -15.889639 ], [ -65.86728, -15.889485 ], [ -65.864707, -15.88885 ], [ -65.86378, -15.888472 ], [ -65.863138, -15.887923 ], [ -65.862611, -15.887289 ], [ -65.862283, -15.886541 ], [ -65.862122, -15.885302 ], [ -65.862101, -15.883825 ], [ -65.862406, -15.882957 ], [ -65.863021, -15.881694 ], [ -65.865397, -15.878568 ], [ -65.865774, -15.877783 ], [ -65.865851, -15.877085 ], [ -65.865812, -15.876333 ], [ -65.865571, -15.875583 ], [ -65.864842, -15.874952 ], [ -65.864116, -15.874543 ], [ -65.863279, -15.874443 ], [ -65.862531, -15.874536 ], [ -65.861775, -15.874823 ], [ -65.860935, -15.876023 ], [ -65.860289, -15.876852 ], [ -65.859294, -15.877813 ], [ -65.858492, -15.87813 ], [ -65.857516, -15.878366 ], [ -65.85669, -15.87899 ], [ -65.85613, -15.880141 ], [ -65.855694, -15.881771 ], [ -65.853395, -15.884789 ], [ -65.852926, -15.885514 ], [ -65.852816, -15.886178 ], [ -65.852898, -15.886731 ], [ -65.853253, -15.887113 ], [ -65.853819, -15.887146 ], [ -65.854699, -15.886906 ], [ -65.855513, -15.886409 ], [ -65.856584, -15.886255 ], [ -65.857227, -15.886454 ], [ -65.85781, -15.88692 ], [ -65.85805, -15.887614 ], [ -65.857973, -15.888312 ], [ -65.857668, -15.889153 ], [ -65.856417, -15.890816 ], [ -65.856231, -15.89143 ], [ -65.85624, -15.892071 ], [ -65.857533, -15.895873 ], [ -65.85757, -15.896486 ], [ -65.857444, -15.897133 ], [ -65.856952, -15.897553 ], [ -65.856058, -15.897509 ], [ -65.855594, -15.897264 ], [ -65.854596, -15.89594 ], [ -65.852789, -15.894458 ], [ -65.852122, -15.89416 ], [ -65.849832, -15.893131 ], [ -65.849336, -15.892719 ], [ -65.848984, -15.892222 ], [ -65.848744, -15.891584 ], [ -65.848529, -15.890639 ], [ -65.848345, -15.889805 ], [ -65.848141, -15.889257 ], [ -65.847695, -15.888699 ], [ -65.846439, -15.888101 ], [ -65.84564, -15.888001 ], [ -65.844951, -15.888177 ], [ -65.843246, -15.889789 ], [ -65.842741, -15.890045 ], [ -65.84204, -15.890056 ], [ -65.841461, -15.889868 ], [ -65.841023, -15.889456 ], [ -65.840726, -15.888846 ], [ -65.840716, -15.888094 ], [ -65.841079, -15.887308 ], [ -65.842725, -15.886255 ], [ -65.845461, -15.883914 ], [ -65.845575, -15.883346 ], [ -65.845363, -15.882652 ], [ -65.844781, -15.882186 ], [ -65.843679, -15.881484 ], [ -65.842839, -15.881319 ], [ -65.841809, -15.881807 ], [ -65.839416, -15.883734 ], [ -65.838435, -15.88524 ], [ -65.838121, -15.885853 ], [ -65.838, -15.886608 ], [ -65.838, -15.887488 ], [ -65.838362, -15.888654 ], [ -65.838979, -15.88951 ], [ -65.843709, -15.894048 ], [ -65.844611, -15.894677 ], [ -65.845508, -15.894972 ], [ -65.846473, -15.895065 ], [ -65.847442, -15.895239 ], [ -65.848547, -15.895857 ], [ -65.849068, -15.896152 ], [ -65.849389, -15.896454 ], [ -65.849741, -15.896951 ], [ -65.85004, -15.897672 ], [ -65.850078, -15.898341 ], [ -65.849973, -15.899067 ], [ -65.849568, -15.899817 ], [ -65.848259, -15.900449 ], [ -65.847547, -15.90047 ], [ -65.84705, -15.900193 ], [ -65.846523, -15.899587 ], [ -65.846283, -15.898893 ], [ -65.846377, -15.897555 ], [ -65.846169, -15.896943 ], [ -65.845855, -15.896383 ], [ -65.845062, -15.896002 ], [ -65.844242, -15.895756 ], [ -65.842984, -15.895786 ], [ -65.841579, -15.896195 ], [ -65.840916, -15.896204 ], [ -65.840161, -15.895795 ], [ -65.839515, -15.894884 ], [ -65.838178, -15.892002 ], [ -65.836568, -15.890183 ], [ -65.835176, -15.889477 ], [ -65.834649, -15.888912 ], [ -65.834032, -15.888056 ], [ -65.833881, -15.887528 ], [ -65.833856, -15.885772 ], [ -65.834304, -15.884846 ], [ -65.835048, -15.882383 ], [ -65.835068, -15.88177 ], [ -65.834888, -15.881243 ], [ -65.834564, -15.880773 ], [ -65.833978, -15.88054 ], [ -65.833409, -15.880593 ], [ -65.83298, -15.880794 ], [ -65.832525, -15.88119 ], [ -65.832128, -15.882 ], [ -65.831698, -15.883877 ], [ -65.831172, -15.885361 ], [ -65.830721, -15.88612 ], [ -65.829728, -15.887192 ], [ -65.829161, -15.88764 ], [ -65.828956, -15.888142 ], [ -65.828871, -15.891776 ], [ -65.828679, -15.892531 ], [ -65.828362, -15.892918 ], [ -65.827769, -15.893246 ], [ -65.826846, -15.893252 ], [ -65.826122, -15.892983 ], [ -65.825539, -15.892516 ], [ -65.824982, -15.891799 ], [ -65.824825, -15.890881 ], [ -65.824977, -15.88995 ], [ -65.825459, -15.889279 ], [ -65.825748, -15.888468 ], [ -65.825873, -15.88755 ], [ -65.825693, -15.886994 ], [ -65.825292, -15.886716 ], [ -65.824447, -15.886509 ], [ -65.823843, -15.886572 ], [ -65.823444, -15.886829 ], [ -65.823015, -15.887818 ], [ -65.822992, -15.888379 ], [ -65.823214, -15.888922 ], [ -65.823179, -15.89032 ], [ -65.822699, -15.891243 ], [ -65.822304, -15.891862 ], [ -65.821759, -15.892305 ], [ -65.820902, -15.892577 ], [ -65.819838, -15.892702 ], [ -65.81871, -15.892382 ], [ -65.81726, -15.891705 ], [ -65.816593, -15.891393 ], [ -65.816018, -15.891442 ], [ -65.815359, -15.891673 ], [ -65.813411, -15.893501 ], [ -65.812795, -15.893742 ], [ -65.812104, -15.893751 ], [ -65.811467, -15.893564 ], [ -65.811116, -15.89315 ], [ -65.810668, -15.892013 ], [ -65.81054, -15.891067 ], [ -65.810598, -15.889059 ], [ -65.810963, -15.888357 ], [ -65.811445, -15.887766 ], [ -65.812045, -15.887423 ], [ -65.812846, -15.887078 ], [ -65.813765, -15.88701 ], [ -65.817035, -15.886955 ], [ -65.818387, -15.886561 ], [ -65.818911, -15.886135 ], [ -65.819049, -15.885659 ], [ -65.818899, -15.885271 ], [ -65.817181, -15.884193 ], [ -65.816835, -15.883876 ], [ -65.815531, -15.883308 ], [ -65.815069, -15.883212 ], [ -65.813947, -15.883328 ], [ -65.813004, -15.88387 ], [ -65.809783, -15.886338 ], [ -65.809442, -15.886677 ], [ -65.80884, -15.886907 ], [ -65.807173, -15.887055 ], [ -65.80654, -15.887244 ], [ -65.806197, -15.887444 ], [ -65.80577, -15.887812 ], [ -65.805545, -15.888177 ], [ -65.80558, -15.888622 ], [ -65.805989, -15.889035 ], [ -65.806684, -15.889277 ], [ -65.807471, -15.889964 ], [ -65.807857, -15.890823 ], [ -65.808339, -15.892322 ], [ -65.808681, -15.894102 ], [ -65.809625, -15.897136 ], [ -65.809761, -15.897993 ], [ -65.809697, -15.898828 ], [ -65.809533, -15.899472 ], [ -65.809301, -15.899888 ], [ -65.808706, -15.900371 ], [ -65.808136, -15.900521 ], [ -65.80733, -15.900532 ], [ -65.80655, -15.900403 ], [ -65.805333, -15.899917 ], [ -65.804435, -15.89951 ], [ -65.80281, -15.898667 ], [ -65.801033, -15.897268 ], [ -65.799537, -15.895308 ], [ -65.796985, -15.892024 ], [ -65.796745, -15.891358 ], [ -65.796607, -15.889659 ], [ -65.796537, -15.888795 ], [ -65.796384, -15.888128 ], [ -65.796062, -15.887798 ], [ -65.795525, -15.887737 ], [ -65.79468, -15.887844 ], [ -65.794194, -15.888101 ], [ -65.793452, -15.888584 ], [ -65.792763, -15.888761 ], [ -65.792393, -15.889072 ], [ -65.791827, -15.889832 ], [ -65.790965, -15.889983 ], [ -65.79045, -15.89024 ], [ -65.789937, -15.890665 ], [ -65.789303, -15.89059 ], [ -65.788404, -15.890155 ], [ -65.78758, -15.889309 ], [ -65.787122, -15.88914 ], [ -65.785941, -15.889128 ], [ -65.785313, -15.889526 ], [ -65.784548, -15.890512 ], [ -65.784035, -15.890687 ], [ -65.783607, -15.891183 ], [ -65.783505, -15.892031 ], [ -65.782977, -15.892454 ], [ -65.782612, -15.893063 ], [ -65.782492, -15.893884 ], [ -65.782485, -15.895473 ], [ -65.782323, -15.895914 ], [ -65.781948, -15.896232 ], [ -65.779932, -15.896314 ], [ -65.779207, -15.895961 ], [ -65.77779, -15.895533 ], [ -65.77721, -15.895234 ], [ -65.776111, -15.894941 ], [ -65.775673, -15.894529 ], [ -65.775118, -15.893754 ], [ -65.77475, -15.892897 ], [ -65.774667, -15.890499 ], [ -65.774123, -15.889976 ], [ -65.771718, -15.889729 ], [ -65.770536, -15.88966 ], [ -65.768841, -15.889961 ], [ -65.767608, -15.890423 ], [ -65.76641, -15.891274 ], [ -65.766071, -15.891725 ], [ -65.765853, -15.892964 ], [ -65.765952, -15.893566 ], [ -65.76616, -15.894038 ], [ -65.766633, -15.89444 ], [ -65.767434, -15.894752 ], [ -65.768626, -15.894577 ], [ -65.769384, -15.893829 ], [ -65.769985, -15.89357 ], [ -65.770717, -15.893636 ], [ -65.771169, -15.893813 ], [ -65.771292, -15.894362 ], [ -65.771242, -15.89492 ], [ -65.770568, -15.89547 ], [ -65.767546, -15.896362 ], [ -65.76585, -15.896634 ], [ -65.764003, -15.896435 ], [ -65.762873, -15.895975 ], [ -65.762232, -15.895426 ], [ -65.761232, -15.894238 ], [ -65.760817, -15.894225 ], [ -65.760491, -15.894528 ], [ -65.760297, -15.895033 ], [ -65.760363, -15.895645 ], [ -65.76236, -15.898435 ], [ -65.76497, -15.901803 ], [ -65.766545, -15.903205 ], [ -65.766755, -15.903843 ], [ -65.766645, -15.904263 ], [ -65.766046, -15.904689 ], [ -65.765143, -15.905055 ], [ -65.764182, -15.90527 ], [ -65.763259, -15.905254 ], [ -65.762623, -15.905095 ], [ -65.761781, -15.904548 ], [ -65.75984, -15.901702 ], [ -65.759304, -15.901356 ], [ -65.758537, -15.901164 ], [ -65.757845, -15.901169 ], [ -65.757042, -15.901403 ], [ -65.75621, -15.901848 ], [ -65.755627, -15.902436 ], [ -65.754625, -15.904501 ], [ -65.754069, -15.90526 ], [ -65.753367, -15.905578 ], [ -65.752691, -15.905584 ], [ -65.751937, -15.905259 ], [ -65.751154, -15.904823 ], [ -65.749845, -15.904027 ], [ -65.74932, -15.90332 ], [ -65.748216, -15.902009 ], [ -65.747773, -15.901764 ], [ -65.747188, -15.90182 ], [ -65.746651, -15.902093 ], [ -65.746201, -15.902935 ], [ -65.746063, -15.905502 ], [ -65.745808, -15.905811 ], [ -65.745409, -15.906095 ], [ -65.744606, -15.906384 ], [ -65.743771, -15.906423 ], [ -65.742383, -15.905113 ], [ -65.741413, -15.904641 ], [ -65.740693, -15.904622 ], [ -65.740174, -15.904601 ], [ -65.739686, -15.904466 ], [ -65.739045, -15.904225 ], [ -65.738407, -15.903898 ], [ -65.73779, -15.90324 ], [ -65.737186, -15.903105 ], [ -65.7367, -15.903362 ], [ -65.736421, -15.904063 ], [ -65.736479, -15.904433 ], [ -65.737239, -15.904861 ], [ -65.73857, -15.90529 ], [ -65.739964, -15.906081 ], [ -65.740425, -15.906575 ], [ -65.740554, -15.907103 ], [ -65.7407, -15.90843 ], [ -65.740567, -15.910227 ], [ -65.740867, -15.91106 ], [ -65.741916, -15.911967 ], [ -65.742528, -15.912461 ], [ -65.744726, -15.91313 ], [ -65.745566, -15.91344 ], [ -65.746094, -15.913892 ], [ -65.746395, -15.914465 ], [ -65.74653, -15.915147 ], [ -65.746473, -15.916565 ], [ -65.74608, -15.917322 ], [ -65.744623, -15.91906 ], [ -65.744238, -15.919576 ], [ -65.743962, -15.9205 ], [ -65.744046, -15.922408 ], [ -65.743708, -15.923026 ], [ -65.743252, -15.923394 ], [ -65.741783, -15.923437 ], [ -65.741037, -15.923618 ], [ -65.740668, -15.924054 ], [ -65.740438, -15.924751 ], [ -65.740633, -15.925728 ], [ -65.740815, -15.926339 ], [ -65.741343, -15.927029 ], [ -65.742335, -15.927964 ], [ -65.744795, -15.928742 ], [ -65.745465, -15.929318 ], [ -65.745767, -15.930076 ], [ -65.745865, -15.930924 ], [ -65.745705, -15.931603 ], [ -65.745338, -15.932472 ], [ -65.745196, -15.932807 ], [ -65.744744, -15.93351 ], [ -65.744131, -15.933852 ], [ -65.743195, -15.934003 ], [ -65.741867, -15.933797 ], [ -65.74097, -15.93353 ], [ -65.740069, -15.932984 ], [ -65.739576, -15.932711 ], [ -65.738263, -15.931501 ], [ -65.738103, -15.931096 ], [ -65.737995, -15.929944 ], [ -65.738158, -15.929439 ], [ -65.738568, -15.9289 ], [ -65.738701, -15.928457 ], [ -65.738673, -15.927929 ], [ -65.73826, -15.927068 ], [ -65.737707, -15.926629 ], [ -65.736377, -15.926311 ], [ -65.735626, -15.926209 ], [ -65.734185, -15.926144 ], [ -65.733581, -15.926235 ], [ -65.733125, -15.926503 ], [ -65.733047, -15.92689 ], [ -65.73308, -15.929327 ], [ -65.733115, -15.930451 ], [ -65.733446, -15.931172 ], [ -65.734206, -15.931971 ], [ -65.734702, -15.932411 ], [ -65.734999, -15.933076 ], [ -65.734805, -15.933608 ], [ -65.734435, -15.933947 ], [ -65.733938, -15.93413 ], [ -65.732851, -15.934023 ], [ -65.731287, -15.933458 ], [ -65.730503, -15.932966 ], [ -65.729566, -15.93189 ], [ -65.72879, -15.929639 ], [ -65.7285, -15.929163 ], [ -65.727996, -15.928732 ], [ -65.726889, -15.927798 ], [ -65.725466, -15.927035 ], [ -65.722951, -15.92637 ], [ -65.72237, -15.926071 ], [ -65.721817, -15.925631 ], [ -65.721525, -15.925177 ], [ -65.721538, -15.924157 ], [ -65.721815, -15.923345 ], [ -65.722327, -15.922865 ], [ -65.723017, -15.922717 ], [ -65.724426, -15.92256 ], [ -65.724882, -15.922163 ], [ -65.725135, -15.921547 ], [ -65.725318, -15.920841 ], [ -65.725101, -15.920013 ], [ -65.724702, -15.919517 ], [ -65.724208, -15.919189 ], [ -65.723485, -15.918975 ], [ -65.72224, -15.918545 ], [ -65.720855, -15.918304 ], [ -65.7193, -15.918442 ], [ -65.71812, -15.918513 ], [ -65.717569, -15.918269 ], [ -65.716986, -15.917802 ], [ -65.716428, -15.917029 ], [ -65.716129, -15.91539 ], [ -65.71613, -15.914719 ], [ -65.716309, -15.913959 ], [ -65.716122, -15.91352 ], [ -65.715801, -15.913189 ], [ -65.715326, -15.913066 ], [ -65.714447, -15.913234 ], [ -65.712784, -15.913868 ], [ -65.711982, -15.914157 ], [ -65.709438, -15.915558 ], [ -65.709098, -15.916117 ], [ -65.707784, -15.916942 ], [ -65.707211, -15.917228 ], [ -65.705575, -15.917695 ], [ -65.704225, -15.91799 ], [ -65.702818, -15.918371 ], [ -65.701903, -15.918856 ], [ -65.701219, -15.91945 ], [ -65.700596, -15.920266 ], [ -65.700116, -15.921183 ], [ -65.700085, -15.922062 ], [ -65.70011, -15.92267 ], [ -65.700289, -15.923142 ], [ -65.700987, -15.923663 ], [ -65.702026, -15.923761 ], [ -65.702316, -15.923925 ], [ -65.703018, -15.924725 ], [ -65.704694, -15.925066 ], [ -65.706856, -15.925095 ], [ -65.70741, -15.925267 ], [ -65.707699, -15.925698 ], [ -65.707705, -15.926116 ], [ -65.707424, -15.926677 ], [ -65.707055, -15.927044 ], [ -65.706284, -15.927556 ], [ -65.704333, -15.928221 ], [ -65.702874, -15.92902 ], [ -65.702068, -15.929086 ], [ -65.70129, -15.92904 ], [ -65.700537, -15.928743 ], [ -65.699838, -15.92825 ], [ -65.699138, -15.927617 ], [ -65.698318, -15.926568 ], [ -65.697287, -15.924936 ], [ -65.696918, -15.923876 ], [ -65.696657, -15.923048 ], [ -65.696678, -15.922462 ], [ -65.696901, -15.921902 ], [ -65.697409, -15.921087 ], [ -65.697775, -15.920497 ], [ -65.697856, -15.920022 ], [ -65.697729, -15.91946 ], [ -65.697381, -15.919024 ], [ -65.696803, -15.918864 ], [ -65.69611, -15.918789 ], [ -65.695623, -15.91899 ], [ -65.695311, -15.919329 ], [ -65.694918, -15.9198 ], [ -65.694808, -15.920232 ], [ -65.694698, -15.92115 ], [ -65.694805, -15.92221 ], [ -65.695005, -15.923089 ], [ -65.695273, -15.924007 ], [ -65.695239, -15.92493 ], [ -65.694946, -15.925636 ], [ -65.694397, -15.926165 ], [ -65.693777, -15.92627 ], [ -65.692901, -15.926162 ], [ -65.692318, -15.925738 ], [ -65.691647, -15.92548 ], [ -65.691011, -15.925349 ], [ -65.689772, -15.925337 ], [ -65.689, -15.925736 ], [ -65.688367, -15.925828 ], [ -65.687872, -15.925472 ], [ -65.687648, -15.924459 ], [ -65.68754, -15.923717 ], [ -65.687323, -15.922516 ], [ -65.687179, -15.921315 ], [ -65.687459, -15.92043 ], [ -65.688022, -15.919364 ], [ -65.688502, -15.918689 ], [ -65.688931, -15.918345 ], [ -65.689645, -15.917978 ], [ -65.690845, -15.917789 ], [ -65.691374, -15.917832 ], [ -65.692734, -15.917625 ], [ -65.693382, -15.917318 ], [ -65.693955, -15.91706 ], [ -65.694238, -15.916666 ], [ -65.69429, -15.916275 ], [ -65.693973, -15.915943 ], [ -65.693104, -15.915871 ], [ -65.69207, -15.916107 ], [ -65.690897, -15.916735 ], [ -65.689804, -15.916916 ], [ -65.688131, -15.916742 ], [ -65.687057, -15.916198 ], [ -65.685952, -15.915375 ], [ -65.6851, -15.914159 ], [ -65.684711, -15.913012 ], [ -65.684457, -15.912094 ], [ -65.684203, -15.911211 ], [ -65.683765, -15.909429 ], [ -65.683297, -15.908605 ], [ -65.682769, -15.907887 ], [ -65.681808, -15.907118 ], [ -65.681034, -15.906463 ], [ -65.680104, -15.90559 ], [ -65.679534, -15.904695 ], [ -65.679335, -15.903902 ], [ -65.679425, -15.90327 ], [ -65.679476, -15.902909 ], [ -65.679899, -15.902207 ], [ -65.680383, -15.901755 ], [ -65.680665, -15.901277 ], [ -65.680629, -15.90072 ], [ -65.68005, -15.900483 ], [ -65.679476, -15.900734 ], [ -65.678792, -15.901272 ], [ -65.678277, -15.901558 ], [ -65.676693, -15.901577 ], [ -65.676149, -15.901863 ], [ -65.675954, -15.902501 ], [ -65.676121, -15.902907 ], [ -65.676568, -15.903586 ], [ -65.676885, -15.904117 ], [ -65.677069, -15.904973 ], [ -65.67687, -15.906231 ], [ -65.676057, -15.907179 ], [ -65.675074, -15.907703 ], [ -65.673812, -15.908137 ], [ -65.669203, -15.90822 ], [ -65.66837, -15.908428 ], [ -65.667825, -15.908546 ], [ -65.667134, -15.90861 ], [ -65.66667, -15.908365 ], [ -65.666562, -15.907931 ], [ -65.667059, -15.907301 ], [ -65.668851, -15.905522 ], [ -65.669101, -15.904878 ], [ -65.669493, -15.903953 ], [ -65.669371, -15.90324 ], [ -65.6691, -15.902895 ], [ -65.668691, -15.901961 ], [ -65.668627, -15.901458 ], [ -65.668731, -15.900812 ], [ -65.669003, -15.900605 ], [ -65.669505, -15.900523 ], [ -65.670717, -15.900703 ], [ -65.671222, -15.900748 ], [ -65.671808, -15.900411 ], [ -65.671816, -15.89988 ], [ -65.671277, -15.89947 ], [ -65.670438, -15.899201 ], [ -65.669312, -15.898992 ], [ -65.668327, -15.898538 ], [ -65.667425, -15.897928 ], [ -65.666356, -15.897718 ], [ -65.665753, -15.897809 ], [ -65.664695, -15.898408 ], [ -65.664331, -15.899221 ], [ -65.664229, -15.900137 ], [ -65.66438, -15.900736 ], [ -65.664823, -15.902312 ], [ -65.665029, -15.904119 ], [ -65.664761, -15.905628 ], [ -65.664478, -15.906022 ], [ -65.663755, -15.90632 ], [ -65.66276, -15.906824 ], [ -65.661533, -15.907731 ], [ -65.661024, -15.90849 ], [ -65.660816, -15.910194 ], [ -65.660382, -15.910728 ], [ -65.659972, -15.91098 ], [ -65.659191, -15.910942 ], [ -65.658671, -15.910473 ], [ -65.658118, -15.907665 ], [ -65.657451, -15.906188 ], [ -65.656337, -15.904854 ], [ -65.655074, -15.904096 ], [ -65.653699, -15.903517 ], [ -65.651132, -15.903477 ], [ -65.650537, -15.90326 ], [ -65.650203, -15.902899 ], [ -65.650018, -15.902287 ], [ -65.650354, -15.90164 ], [ -65.65084, -15.900596 ], [ -65.651104, -15.899433 ], [ -65.651143, -15.897609 ], [ -65.65081, -15.896277 ], [ -65.650005, -15.894856 ], [ -65.64952, -15.894022 ], [ -65.648532, -15.893337 ], [ -65.647924, -15.893149 ], [ -65.647376, -15.893128 ], [ -65.646686, -15.893248 ], [ -65.646115, -15.893618 ], [ -65.645433, -15.894323 ], [ -65.644438, -15.895339 ], [ -65.643594, -15.896606 ], [ -65.643239, -15.897705 ], [ -65.642985, -15.898842 ], [ -65.642731, -15.899235 ], [ -65.642215, -15.899381 ], [ -65.641435, -15.899223 ], [ -65.639584, -15.898716 ], [ -65.638252, -15.898175 ], [ -65.637378, -15.897461 ], [ -65.637113, -15.897018 ], [ -65.637094, -15.895046 ], [ -65.63693, -15.894381 ], [ -65.63658, -15.893678 ], [ -65.635914, -15.893436 ], [ -65.635312, -15.89338 ], [ -65.634734, -15.89356 ], [ -65.634165, -15.89407 ], [ -65.63393, -15.894766 ], [ -65.633816, -15.896082 ], [ -65.633533, -15.896448 ], [ -65.633218, -15.896436 ], [ -65.631996, -15.895686 ], [ -65.631378, -15.894662 ], [ -65.631357, -15.894021 ], [ -65.631646, -15.89337 ], [ -65.632999, -15.890822 ], [ -65.633002, -15.890265 ], [ -65.632795, -15.889461 ], [ -65.632484, -15.888877 ], [ -65.632045, -15.888522 ], [ -65.631423, -15.888286 ], [ -65.630689, -15.88823 ], [ -65.630086, -15.888376 ], [ -65.629562, -15.889094 ], [ -65.627738, -15.891388 ], [ -65.627162, -15.89173 ], [ -65.626557, -15.891737 ], [ -65.62511, -15.891225 ], [ -65.623453, -15.890102 ], [ -65.623072, -15.889605 ], [ -65.622939, -15.888572 ], [ -65.622954, -15.887847 ], [ -65.623145, -15.887327 ], [ -65.625013, -15.885956 ], [ -65.625383, -15.885617 ], [ -65.625437, -15.885078 ], [ -65.625192, -15.884253 ], [ -65.62464, -15.883842 ], [ -65.623858, -15.883517 ], [ -65.622821, -15.883529 ], [ -65.622187, -15.883509 ], [ -65.621843, -15.883249 ], [ -65.621738, -15.882752 ], [ -65.62197, -15.882169 ], [ -65.623659, -15.879337 ], [ -65.623852, -15.878421 ], [ -65.623832, -15.877718 ], [ -65.623436, -15.877065 ], [ -65.622732, -15.876644 ], [ -65.62198, -15.876458 ], [ -65.621045, -15.875968 ], [ -65.620865, -15.87564 ], [ -65.620896, -15.875049 ], [ -65.621118, -15.874405 ], [ -65.621602, -15.873953 ], [ -65.623703, -15.873816 ], [ -65.624495, -15.873469 ], [ -65.625035, -15.873026 ], [ -65.62554, -15.872403 ], [ -65.625954, -15.871865 ], [ -65.627071, -15.871405 ], [ -65.628232, -15.871273 ], [ -65.628679, -15.870995 ], [ -65.628837, -15.870458 ], [ -65.628548, -15.869798 ], [ -65.628139, -15.869357 ], [ -65.627586, -15.868889 ], [ -65.626777, -15.868704 ], [ -65.624991, -15.868698 ], [ -65.624039, -15.86857 ], [ -65.623446, -15.868438 ], [ -65.621649, -15.868655 ], [ -65.620354, -15.86881 ], [ -65.619459, -15.868625 ], [ -65.618393, -15.867959 ], [ -65.618233, -15.867413 ], [ -65.618314, -15.866938 ], [ -65.618624, -15.866433 ], [ -65.619053, -15.866204 ], [ -65.620578, -15.866019 ], [ -65.621065, -15.865873 ], [ -65.621234, -15.865537 ], [ -65.620995, -15.865292 ], [ -65.619727, -15.86483 ], [ -65.619014, -15.864474 ], [ -65.618031, -15.863243 ], [ -65.617512, -15.862342 ], [ -65.617168, -15.862006 ], [ -65.616781, -15.861994 ], [ -65.616552, -15.862164 ], [ -65.616375, -15.862731 ], [ -65.616859, -15.865841 ], [ -65.616754, -15.866595 ], [ -65.616415, -15.867157 ], [ -65.615991, -15.867416 ], [ -65.615683, -15.867446 ], [ -65.615228, -15.867453 ], [ -65.614941, -15.867188 ], [ -65.61423, -15.866691 ], [ -65.613488, -15.86597 ], [ -65.612152, -15.86442 ], [ -65.611003, -15.862473 ], [ -65.610202, -15.861153 ], [ -65.609561, -15.860575 ], [ -65.608835, -15.860201 ], [ -65.608148, -15.859961 ], [ -65.607306, -15.859933 ], [ -65.6063, -15.860169 ], [ -65.60504, -15.860713 ], [ -65.603492, -15.86129 ], [ -65.602043, -15.862281 ], [ -65.601001, -15.862519 ], [ -65.598642, -15.862714 ], [ -65.598064, -15.862554 ], [ -65.597728, -15.862187 ], [ -65.597106, -15.862036 ], [ -65.596677, -15.862236 ], [ -65.596336, -15.862603 ], [ -65.59611, -15.863196 ], [ -65.596365, -15.863778 ], [ -65.597019, -15.864212 ], [ -65.597942, -15.86434 ], [ -65.599328, -15.864574 ], [ -65.60063, -15.865033 ], [ -65.601723, -15.865583 ], [ -65.603173, -15.866407 ], [ -65.603617, -15.866837 ], [ -65.603778, -15.867427 ], [ -65.603367, -15.867966 ], [ -65.602586, -15.867965 ], [ -65.601694, -15.867855 ], [ -65.599725, -15.866554 ], [ -65.599258, -15.866262 ], [ -65.598714, -15.866087 ], [ -65.59753, -15.865906 ], [ -65.594822, -15.865883 ], [ -65.59407, -15.865669 ], [ -65.593272, -15.865102 ], [ -65.592788, -15.864485 ], [ -65.592165, -15.864398 ], [ -65.59175, -15.864584 ], [ -65.591574, -15.865047 ], [ -65.591722, -15.865913 ], [ -65.591915, -15.866576 ], [ -65.591816, -15.867203 ], [ -65.591467, -15.867547 ], [ -65.590797, -15.867509 ], [ -65.590054, -15.867328 ], [ -65.589497, -15.866931 ], [ -65.589126, -15.86621 ], [ -65.589091, -15.865274 ], [ -65.589242, -15.864374 ], [ -65.589764, -15.863548 ], [ -65.590287, -15.863153 ], [ -65.592222, -15.862005 ], [ -65.592819, -15.861394 ], [ -65.592932, -15.860674 ], [ -65.592562, -15.859845 ], [ -65.591231, -15.858802 ], [ -65.589926, -15.85768 ], [ -65.588164, -15.856566 ], [ -65.586888, -15.855884 ], [ -65.58596, -15.855421 ], [ -65.585006, -15.855126 ], [ -65.58417, -15.855108 ], [ -65.583481, -15.855256 ], [ -65.582851, -15.855542 ], [ -65.582453, -15.855965 ], [ -65.58226, -15.856444 ], [ -65.582285, -15.856864 ], [ -65.58234, -15.857269 ], [ -65.582637, -15.858368 ], [ -65.582762, -15.859662 ], [ -65.582682, -15.860231 ], [ -65.582327, -15.860986 ], [ -65.581921, -15.861588 ], [ -65.581102, -15.86209 ], [ -65.580097, -15.862232 ], [ -65.579279, -15.862158 ], [ -65.578181, -15.862123 ], [ -65.576735, -15.861638 ], [ -65.575343, -15.860929 ], [ -65.573873, -15.859727 ], [ -65.57324, -15.859488 ], [ -65.57254, -15.859518 ], [ -65.571929, -15.859771 ], [ -65.571444, -15.860139 ], [ -65.570899, -15.860711 ], [ -65.570787, -15.861205 ], [ -65.571105, -15.861793 ], [ -65.573384, -15.863211 ], [ -65.573899, -15.86375 ], [ -65.574107, -15.864388 ], [ -65.574226, -15.864976 ], [ -65.574098, -15.865543 ], [ -65.573608, -15.86604 ], [ -65.573137, -15.866249 ], [ -65.571943, -15.866391 ], [ -65.570976, -15.866281 ], [ -65.570063, -15.866393 ], [ -65.569366, -15.866661 ], [ -65.568709, -15.867059 ], [ -65.567882, -15.867766 ], [ -65.567057, -15.868584 ], [ -65.566192, -15.86994 ], [ -65.565793, -15.871109 ], [ -65.565396, -15.871615 ], [ -65.565005, -15.871681 ], [ -65.564472, -15.871459 ], [ -65.564093, -15.871157 ], [ -65.563906, -15.870708 ], [ -65.563993, -15.870071 ], [ -65.564158, -15.869399 ], [ -65.564554, -15.868818 ], [ -65.565863, -15.867595 ], [ -65.566769, -15.866329 ], [ -65.567461, -15.86455 ], [ -65.56786, -15.86307 ], [ -65.5685, -15.861959 ], [ -65.569125, -15.860809 ], [ -65.570156, -15.858883 ], [ -65.570626, -15.85791 ], [ -65.570851, -15.857007 ], [ -65.570647, -15.856259 ], [ -65.570093, -15.855861 ], [ -65.569514, -15.855589 ], [ -65.568937, -15.855568 ], [ -65.568163, -15.855801 ], [ -65.567363, -15.856368 ], [ -65.566679, -15.856961 ], [ -65.566198, -15.857608 ], [ -65.565555, -15.859054 ], [ -65.565355, -15.859701 ], [ -65.564925, -15.860428 ], [ -65.564546, -15.861068 ], [ -65.564056, -15.86137 ], [ -65.563289, -15.861476 ], [ -65.562396, -15.861366 ], [ -65.561356, -15.860968 ], [ -65.5608, -15.860139 ], [ -65.560704, -15.859284 ], [ -65.560968, -15.858646 ], [ -65.561619, -15.857746 ], [ -65.561635, -15.857134 ], [ -65.561393, -15.856599 ], [ -65.560649, -15.856196 ], [ -65.558887, -15.855827 ], [ -65.558284, -15.855945 ], [ -65.557856, -15.856285 ], [ -65.557691, -15.856873 ], [ -65.557616, -15.857942 ], [ -65.557919, -15.858957 ], [ -65.559788, -15.860975 ], [ -65.560261, -15.861403 ], [ -65.56055, -15.862053 ], [ -65.560727, -15.864644 ], [ -65.561616, -15.867189 ], [ -65.561839, -15.868907 ], [ -65.561856, -15.869933 ], [ -65.561632, -15.8704 ], [ -65.56085, -15.870507 ], [ -65.56033, -15.870146 ], [ -65.559997, -15.869497 ], [ -65.559553, -15.868596 ], [ -65.559257, -15.867695 ], [ -65.558772, -15.866784 ], [ -65.558244, -15.865929 ], [ -65.557502, -15.864766 ], [ -65.556713, -15.863911 ], [ -65.555922, -15.862805 ], [ -65.555163, -15.862061 ], [ -65.554264, -15.861542 ], [ -65.553053, -15.861472 ], [ -65.550949, -15.861386 ], [ -65.550437, -15.861096 ], [ -65.549959, -15.860561 ], [ -65.54976, -15.859915 ], [ -65.549823, -15.858889 ], [ -65.550134, -15.858412 ], [ -65.550734, -15.858014 ], [ -65.551968, -15.857693 ], [ -65.554548, -15.857296 ], [ -65.555215, -15.857013 ], [ -65.555757, -15.856561 ], [ -65.555865, -15.856058 ], [ -65.555659, -15.855642 ], [ -65.554992, -15.855343 ], [ -65.553858, -15.855383 ], [ -65.552435, -15.855903 ], [ -65.551287, -15.856195 ], [ -65.548581, -15.856311 ], [ -65.547811, -15.856534 ], [ -65.545315, -15.857799 ], [ -65.543826, -15.858514 ], [ -65.542219, -15.859035 ], [ -65.539771, -15.859063 ], [ -65.538297, -15.858634 ], [ -65.537428, -15.858254 ], [ -65.536382, -15.857542 ], [ -65.535779, -15.856663 ], [ -65.535433, -15.855345 ], [ -65.535115, -15.854322 ], [ -65.534691, -15.853658 ], [ -65.534197, -15.853301 ], [ -65.53359, -15.853113 ], [ -65.533045, -15.853287 ], [ -65.532532, -15.853767 ], [ -65.532167, -15.854496 ], [ -65.531741, -15.855003 ], [ -65.531199, -15.855407 ], [ -65.530234, -15.855457 ], [ -65.529627, -15.8552 ], [ -65.528148, -15.853316 ], [ -65.527562, -15.85257 ], [ -65.527127, -15.852352 ], [ -65.526753, -15.852356 ], [ -65.526381, -15.852556 ], [ -65.52627, -15.85292 ], [ -65.526222, -15.853433 ], [ -65.526564, -15.854142 ], [ -65.527679, -15.85535 ], [ -65.528921, -15.856558 ], [ -65.529909, -15.857395 ], [ -65.530419, -15.857891 ], [ -65.530759, -15.858531 ], [ -65.530862, -15.859437 ], [ -65.530764, -15.860148 ], [ -65.530412, -15.86058 ], [ -65.529613, -15.860887 ], [ -65.529138, -15.86092 ], [ -65.528457, -15.860687 ], [ -65.526737, -15.860035 ], [ -65.526361, -15.859592 ], [ -65.525456, -15.857541 ], [ -65.524752, -15.856788 ], [ -65.524091, -15.85572 ], [ -65.52285, -15.852688 ], [ -65.52233, -15.851798 ], [ -65.521628, -15.851179 ], [ -65.520697, -15.850787 ], [ -65.519675, -15.850485 ], [ -65.518466, -15.850007 ], [ -65.517627, -15.849568 ], [ -65.51694, -15.848879 ], [ -65.516782, -15.848173 ], [ -65.516775, -15.847403 ], [ -65.517194, -15.846894 ], [ -65.517549, -15.846357 ], [ -65.518207, -15.84562 ], [ -65.518324, -15.84497 ], [ -65.51787, -15.844617 ], [ -65.517112, -15.84481 ], [ -65.513266, -15.847357 ], [ -65.512601, -15.847624 ], [ -65.512022, -15.847606 ], [ -65.511527, -15.847248 ], [ -65.511426, -15.846633 ], [ -65.511515, -15.845593 ], [ -65.510591, -15.843678 ], [ -65.510493, -15.842989 ], [ -65.510573, -15.842211 ], [ -65.511012, -15.841689 ], [ -65.513147, -15.841089 ], [ -65.514103, -15.840908 ], [ -65.514635, -15.840627 ], [ -65.514863, -15.840264 ], [ -65.514878, -15.839639 ], [ -65.514282, -15.839451 ], [ -65.512991, -15.839552 ], [ -65.509747, -15.840283 ], [ -65.508995, -15.840763 ], [ -65.508778, -15.84124 ], [ -65.508922, -15.842058 ], [ -65.509241, -15.842615 ], [ -65.509405, -15.843245 ], [ -65.50917, -15.84404 ], [ -65.508024, -15.845088 ], [ -65.504439, -15.847114 ], [ -65.503375, -15.847601 ], [ -65.50253, -15.847697 ], [ -65.501858, -15.847446 ], [ -65.500591, -15.84548 ], [ -65.500439, -15.844356 ], [ -65.500797, -15.843624 ], [ -65.502154, -15.842525 ], [ -65.502865, -15.842344 ], [ -65.503064, -15.84179 ], [ -65.502805, -15.841137 ], [ -65.502311, -15.840797 ], [ -65.501062, -15.840682 ], [ -65.499807, -15.840136 ], [ -65.496521, -15.837413 ], [ -65.495714, -15.837077 ], [ -65.494546, -15.836271 ], [ -65.49436, -15.835626 ], [ -65.494885, -15.834843 ], [ -65.495767, -15.8341 ], [ -65.499277, -15.833283 ], [ -65.503189, -15.832977 ], [ -65.503903, -15.832582 ], [ -65.50403, -15.83202 ], [ -65.503919, -15.831416 ], [ -65.500864, -15.82826 ], [ -65.499791, -15.82797 ], [ -65.499383, -15.827371 ], [ -65.498755, -15.827076 ], [ -65.497457, -15.826617 ], [ -65.496382, -15.826112 ], [ -65.495751, -15.825558 ], [ -65.495118, -15.824832 ], [ -65.494435, -15.823589 ], [ -65.494106, -15.822212 ], [ -65.494119, -15.819623 ], [ -65.494107, -15.818718 ], [ -65.493978, -15.818165 ], [ -65.493515, -15.817603 ], [ -65.492934, -15.81748 ], [ -65.492224, -15.817704 ], [ -65.491739, -15.818184 ], [ -65.491257, -15.818794 ], [ -65.490768, -15.818929 ], [ -65.490275, -15.818675 ], [ -65.490044, -15.818031 ], [ -65.490169, -15.817339 ], [ -65.490828, -15.816555 ], [ -65.490996, -15.81569 ], [ -65.490809, -15.815002 ], [ -65.490398, -15.814187 ], [ -65.490477, -15.813324 ], [ -65.490908, -15.812197 ], [ -65.491705, -15.811713 ], [ -65.492816, -15.811485 ], [ -65.494425, -15.811941 ], [ -65.495987, -15.812096 ], [ -65.497769, -15.812075 ], [ -65.498746, -15.811805 ], [ -65.501571, -15.809615 ], [ -65.502235, -15.809306 ], [ -65.504907, -15.809146 ], [ -65.505349, -15.808839 ], [ -65.505474, -15.80819 ], [ -65.505376, -15.807415 ], [ -65.505054, -15.806599 ], [ -65.503612, -15.805278 ], [ -65.501862, -15.804306 ], [ -65.500655, -15.804018 ], [ -65.499453, -15.804032 ], [ -65.498743, -15.804299 ], [ -65.497999, -15.805429 ], [ -65.497698, -15.806295 ], [ -65.496648, -15.80786 ], [ -65.494444, -15.809827 ], [ -65.493869, -15.810136 ], [ -65.493244, -15.8101 ], [ -65.492616, -15.809762 ], [ -65.492207, -15.809119 ], [ -65.492455, -15.803853 ], [ -65.492823, -15.801582 ], [ -65.493422, -15.800399 ], [ -65.493996, -15.799705 ], [ -65.494888, -15.798778 ], [ -65.495279, -15.797954 ], [ -65.495789, -15.79592 ], [ -65.495779, -15.795144 ], [ -65.495502, -15.794371 ], [ -65.494987, -15.794011 ], [ -65.494072, -15.793999 ], [ -65.492828, -15.794272 ], [ -65.490475, -15.794989 ], [ -65.489185, -15.795176 ], [ -65.487534, -15.79498 ], [ -65.486507, -15.794776 ], [ -65.484725, -15.794796 ], [ -65.484231, -15.794457 ], [ -65.484002, -15.793985 ], [ -65.484128, -15.793293 ], [ -65.485094, -15.79216 ], [ -65.485264, -15.791511 ], [ -65.485122, -15.790779 ], [ -65.484483, -15.789536 ], [ -65.48322, -15.788256 ], [ -65.482456, -15.787747 ], [ -65.481202, -15.7872 ], [ -65.47995, -15.78687 ], [ -65.478075, -15.786503 ], [ -65.477492, -15.786207 ], [ -65.477261, -15.78552 ], [ -65.477565, -15.784912 ], [ -65.478492, -15.784212 ], [ -65.479689, -15.783723 ], [ -65.480358, -15.783509 ], [ -65.481291, -15.783487 ], [ -65.481821, -15.783181 ], [ -65.481813, -15.782491 ], [ -65.48145, -15.781978 ], [ -65.480862, -15.781251 ], [ -65.480497, -15.780522 ], [ -65.480168, -15.779102 ], [ -65.480095, -15.776816 ], [ -65.4803, -15.775347 ], [ -65.480738, -15.774738 ], [ -65.482013, -15.773343 ], [ -65.482274, -15.772822 ], [ -65.482223, -15.772262 ], [ -65.481772, -15.771793 ], [ -65.481012, -15.771629 ], [ -65.471611, -15.771563 ], [ -65.470694, -15.77176 ], [ -65.469482, -15.772395 ], [ -65.468522, -15.772655 ], [ -65.467688, -15.772602 ], [ -65.466781, -15.771929 ], [ -65.465999, -15.770943 ], [ -65.46547, -15.769644 ], [ -65.465388, -15.768216 ], [ -65.465624, -15.766473 ], [ -65.466124, -15.765411 ], [ -65.466167, -15.764674 ], [ -65.466165, -15.763484 ], [ -65.46545, -15.762684 ], [ -65.464548, -15.762383 ], [ -65.463459, -15.762582 ], [ -65.462965, -15.763349 ], [ -65.46233, -15.76477 ], [ -65.461319, -15.766087 ], [ -65.460048, -15.767095 ], [ -65.458897, -15.767481 ], [ -65.457739, -15.767184 ], [ -65.456637, -15.766264 ], [ -65.455865, -15.765546 ], [ -65.455144, -15.764913 ], [ -65.454307, -15.764674 ], [ -65.453598, -15.764434 ], [ -65.452766, -15.764567 ], [ -65.451943, -15.765509 ], [ -65.451308, -15.766137 ], [ -65.450538, -15.766084 ], [ -65.449953, -15.765469 ], [ -65.449482, -15.763672 ], [ -65.44889, -15.762498 ], [ -65.447916, -15.761515 ], [ -65.446883, -15.761029 ], [ -65.446558, -15.76066 ], [ -65.446678, -15.759975 ], [ -65.447535, -15.758892 ], [ -65.447876, -15.758221 ], [ -65.447546, -15.757417 ], [ -65.446519, -15.757026 ], [ -65.445812, -15.757374 ], [ -65.444723, -15.757511 ], [ -65.443632, -15.757461 ], [ -65.442533, -15.756852 ], [ -65.442134, -15.755675 ], [ -65.441491, -15.754942 ], [ -65.440712, -15.754821 ], [ -65.439839, -15.755529 ], [ -65.439768, -15.756385 ], [ -65.439973, -15.757378 ], [ -65.43979, -15.758188 ], [ -65.439155, -15.758754 ], [ -65.438192, -15.758765 ], [ -65.43735, -15.758091 ], [ -65.436891, -15.757288 ], [ -65.436623, -15.756296 ], [ -65.437056, -15.754986 ], [ -65.437359, -15.753491 ], [ -65.43791, -15.751248 ], [ -65.438917, -15.749621 ], [ -65.440753, -15.747487 ], [ -65.440998, -15.746552 ], [ -65.440859, -15.745621 ], [ -65.440275, -15.745069 ], [ -65.439379, -15.745327 ], [ -65.438303, -15.746582 ], [ -65.437288, -15.747526 ], [ -65.435775, -15.748095 ], [ -65.433833, -15.748435 ], [ -65.432163, -15.748267 ], [ -65.431195, -15.74778 ], [ -65.430482, -15.747229 ], [ -65.43028, -15.746423 ], [ -65.43091, -15.745422 ], [ -65.432197, -15.745266 ], [ -65.433149, -15.744838 ], [ -65.434417, -15.74358 ], [ -65.434471, -15.74271 ], [ -65.433949, -15.74197 ], [ -65.432717, -15.741733 ], [ -65.431781, -15.74232 ], [ -65.430426, -15.743687 ], [ -65.429432, -15.745252 ], [ -65.428178, -15.747752 ], [ -65.427353, -15.748507 ], [ -65.426264, -15.748643 ], [ -65.424459, -15.74798 ], [ -65.422068, -15.746577 ], [ -65.421673, -15.745773 ], [ -65.421407, -15.744968 ], [ -65.42178, -15.74397 ], [ -65.422607, -15.743582 ], [ -65.423419, -15.743325 ], [ -65.425791, -15.741253 ], [ -65.426573, -15.740906 ], [ -65.427282, -15.740271 ], [ -65.427755, -15.739118 ], [ -65.427422, -15.738127 ], [ -65.426766, -15.737353 ], [ -65.425782, -15.736969 ], [ -65.424455, -15.736855 ], [ -65.423024, -15.737564 ], [ -65.422085, -15.738492 ], [ -65.420532, -15.741498 ], [ -65.420033, -15.742746 ], [ -65.419334, -15.743313 ], [ -65.418374, -15.743511 ], [ -65.416768, -15.743404 ], [ -65.415738, -15.743105 ], [ -65.4147, -15.742184 ], [ -65.413266, -15.740273 ], [ -65.409191, -15.736877 ], [ -65.408645, -15.734793 ], [ -65.408248, -15.733741 ], [ -65.407641, -15.733318 ], [ -65.406835, -15.733632 ], [ -65.40627, -15.734695 ], [ -65.405901, -15.736066 ], [ -65.406048, -15.737681 ], [ -65.406697, -15.738295 ], [ -65.407724, -15.738284 ], [ -65.408941, -15.738146 ], [ -65.409768, -15.738512 ], [ -65.410494, -15.739185 ], [ -65.410699, -15.740302 ], [ -65.410387, -15.741051 ], [ -65.407838, -15.742571 ], [ -65.406942, -15.742705 ], [ -65.405653, -15.742284 ], [ -65.404865, -15.74166 ], [ -65.403961, -15.740252 ], [ -65.403293, -15.738022 ], [ -65.403038, -15.731659 ], [ -65.402753, -15.730321 ], [ -65.402226, -15.729146 ], [ -65.401126, -15.72835 ], [ -65.399904, -15.728115 ], [ -65.39888, -15.728375 ], [ -65.39791, -15.729551 ], [ -65.396288, -15.731697 ], [ -65.395524, -15.732203 ], [ -65.394369, -15.732153 ], [ -65.393341, -15.73204 ], [ -65.392574, -15.73236 ], [ -65.391432, -15.733429 ], [ -65.390727, -15.733561 ], [ -65.38944, -15.733202 ], [ -65.388853, -15.7324 ], [ -65.388648, -15.731346 ], [ -65.388755, -15.729542 ], [ -65.388298, -15.728864 ], [ -65.387204, -15.728565 ], [ -65.385979, -15.728081 ], [ -65.384816, -15.72741 ], [ -65.383853, -15.726608 ], [ -65.272646, -15.738465 ], [ -65.177824, -15.74853 ], [ -64.95177, -15.772356 ], [ -64.825829, -15.785527 ], [ -64.778182, -15.790491 ], [ -64.729899, -15.802008 ], [ -64.729439, -15.803181 ], [ -64.729266, -15.804925 ], [ -64.728988, -15.807079 ], [ -64.728906, -15.809136 ], [ -64.728825, -15.811203 ], [ -64.728992, -15.813449 ], [ -64.72941, -15.816124 ], [ -64.730274, -15.818938 ], [ -64.730938, -15.821515 ], [ -64.731846, -15.823708 ], [ -64.732949, -15.825707 ], [ -64.734199, -15.82739 ], [ -64.736788, -15.829808 ], [ -64.738532, -15.831516 ], [ -64.740029, -15.833369 ], [ -64.741477, -15.835079 ], [ -64.742529, -15.836888 ], [ -64.743338, -15.838985 ], [ -64.743912, -15.84116 ], [ -64.743934, -15.843742 ], [ -64.743918, -15.846145 ], [ -64.743974, -15.848333 ], [ -64.744173, -15.849945 ], [ -64.744631, -15.851483 ], [ -64.745349, -15.853163 ], [ -64.746253, -15.854842 ], [ -64.747372, -15.856551 ], [ -64.748311, -15.857978 ], [ -64.749435, -15.859512 ], [ -64.750339, -15.861226 ], [ -64.750908, -15.862692 ], [ -64.751364, -15.864051 ], [ -64.75145, -15.865413 ], [ -64.751129, -15.866814 ], [ -64.750805, -15.868001 ], [ -64.750259, -15.869117 ], [ -64.749379, -15.870164 ], [ -64.748497, -15.870996 ], [ -64.747354, -15.871687 ], [ -64.746284, -15.872269 ], [ -64.74477, -15.872784 ], [ -64.743252, -15.873004 ], [ -64.741254, -15.873307 ], [ -64.739701, -15.87375 ], [ -64.737704, -15.874196 ], [ -64.735968, -15.874891 ], [ -64.733865, -15.875877 ], [ -64.732317, -15.876893 ], [ -64.730772, -15.878304 ], [ -64.729636, -15.879784 ], [ -64.728723, -15.881369 ], [ -64.727997, -15.883133 ], [ -64.727495, -15.885073 ], [ -64.727029, -15.886913 ], [ -64.726344, -15.889143 ], [ -64.725324, -15.891231 ], [ -64.724264, -15.892961 ], [ -64.723426, -15.894617 ], [ -64.722997, -15.896486 ], [ -64.723161, -15.898314 ], [ -64.723692, -15.899744 ], [ -64.724631, -15.901279 ], [ -64.725827, -15.902417 ], [ -64.727166, -15.903016 ], [ -64.728576, -15.903148 ], [ -64.730018, -15.902814 ], [ -64.731199, -15.902159 ], [ -64.732228, -15.901182 ], [ -64.733439, -15.899738 ], [ -64.734425, -15.898044 ], [ -64.735597, -15.896457 ], [ -64.73677, -15.894977 ], [ -64.738166, -15.893531 ], [ -64.739822, -15.892119 ], [ -64.741112, -15.891248 ], [ -64.742329, -15.890664 ], [ -64.743774, -15.890545 ], [ -64.745059, -15.890922 ], [ -64.746104, -15.891738 ], [ -64.746746, -15.893096 ], [ -64.746909, -15.894816 ], [ -64.74655, -15.896182 ], [ -64.745858, -15.897586 ], [ -64.744539, -15.899354 ], [ -64.74259, -15.901128 ], [ -64.740971, -15.902432 ], [ -64.739348, -15.903363 ], [ -64.737686, -15.904022 ], [ -64.736395, -15.90475 ], [ -64.735106, -15.905693 ], [ -64.733708, -15.906923 ], [ -64.732569, -15.908116 ], [ -64.73169, -15.909342 ], [ -64.730922, -15.910568 ], [ -64.730158, -15.912152 ], [ -64.72954, -15.913556 ], [ -64.729366, -15.914884 ], [ -64.729378, -15.916355 ], [ -64.729613, -15.917823 ], [ -64.730295, -15.919568 ], [ -64.731457, -15.921065 ], [ -64.733058, -15.921841 ], [ -64.734877, -15.922257 ], [ -64.737175, -15.922274 ], [ -64.739509, -15.922076 ], [ -64.741692, -15.921664 ], [ -64.744139, -15.921752 ], [ -64.745959, -15.922168 ], [ -64.747746, -15.923086 ], [ -64.749425, -15.924363 ], [ -64.750585, -15.925609 ], [ -64.751379, -15.927396 ], [ -64.752324, -15.929504 ], [ -64.752927, -15.93207 ], [ -64.753284, -15.934793 ], [ -64.753753, -15.937622 ], [ -64.754441, -15.939948 ], [ -64.757127, -15.944341 ], [ -64.75969, -15.947474 ], [ -64.760205, -15.947756 ], [ -64.760926, -15.948369 ], [ -64.761214, -15.94855 ], [ -64.761695, -15.948936 ], [ -64.762418, -15.949595 ], [ -64.763093, -15.950278 ], [ -64.763992, -15.951915 ], [ -64.764017, -15.952032 ], [ -64.764464, -15.954105 ], [ -64.764492, -15.956558 ], [ -64.764558, -15.957827 ], [ -64.764527, -15.958888 ], [ -64.764539, -15.959765 ], [ -64.764646, -15.960525 ], [ -64.764719, -15.960889 ], [ -64.765007, -15.960922 ], [ -64.76592, -15.960611 ], [ -64.767296, -15.959608 ], [ -64.768393, -15.95888 ], [ -64.768954, -15.958529 ], [ -64.769722, -15.958374 ], [ -64.770646, -15.958391 ], [ -64.771239, -15.958733 ], [ -64.77181, -15.959497 ], [ -64.772075, -15.960461 ], [ -64.772159, -15.961304 ], [ -64.771911, -15.962248 ], [ -64.771833, -15.962412 ], [ -64.77216, -15.962547 ], [ -64.77274, -15.963186 ], [ -64.772994, -15.964313 ], [ -64.772846, -15.965561 ], [ -64.772463, -15.96695 ], [ -64.771885, -15.968019 ], [ -64.771396, -15.968741 ], [ -64.770906, -15.969324 ], [ -64.770535, -15.969952 ], [ -64.770263, -15.97081 ], [ -64.770206, -15.971779 ], [ -64.770255, -15.972294 ], [ -64.77029, -15.972655 ], [ -64.770516, -15.973483 ], [ -64.77081, -15.974079 ], [ -64.771294, -15.974695 ], [ -64.772207, -15.975329 ], [ -64.774147, -15.976364 ], [ -64.775104, -15.976836 ], [ -64.775825, -15.97738 ], [ -64.776545, -15.977832 ], [ -64.777337, -15.978375 ], [ -64.778128, -15.978849 ], [ -64.779131, -15.979159 ], [ -64.779893, -15.979287 ], [ -64.780558, -15.979255 ], [ -64.780794, -15.97916 ], [ -64.781168, -15.978739 ], [ -64.781398, -15.978182 ], [ -64.782087, -15.976627 ], [ -64.782405, -15.975631 ], [ -64.782684, -15.975166 ], [ -64.782917, -15.974886 ], [ -64.783247, -15.97472 ], [ -64.783934, -15.974549 ], [ -64.784094, -15.974531 ], [ -64.784622, -15.974471 ], [ -64.784647, -15.974563 ], [ -64.784989, -15.975204 ], [ -64.785215, -15.976032 ], [ -64.785353, -15.977276 ], [ -64.785303, -15.97873 ], [ -64.785109, -15.980071 ], [ -64.784866, -15.981343 ], [ -64.784865, -15.981355 ], [ -64.78546, -15.982869 ], [ -64.786117, -15.984392 ], [ -64.786832, -15.985802 ], [ -64.787367, -15.986703 ], [ -64.787517, -15.987846 ], [ -64.787802, -15.989182 ], [ -64.787414, -15.990821 ], [ -64.787856, -15.992216 ], [ -64.787989, -15.99316 ], [ -64.787956, -15.99413 ], [ -64.787829, -15.995239 ], [ -64.787563, -15.996488 ], [ -64.787198, -15.997508 ], [ -64.786989, -15.99788 ], [ -64.786571, -15.998486 ], [ -64.786198, -15.998975 ], [ -64.785754, -15.999489 ], [ -64.785553, -15.999767 ], [ -64.785625, -16.000167 ], [ -64.784674, -16.001249 ], [ -64.783543, -16.002055 ], [ -64.783464, -16.002127 ], [ -64.782971, -16.002526 ], [ -64.782477, -16.002878 ], [ -64.781391, -16.003377 ], [ -64.781248, -16.003379 ], [ -64.780917, -16.003499 ], [ -64.780277, -16.0036 ], [ -64.779663, -16.003816 ], [ -64.77941, -16.004132 ], [ -64.779188, -16.004318 ], [ -64.778878, -16.004591 ], [ -64.778465, -16.004934 ], [ -64.777533, -16.005573 ], [ -64.776854, -16.005896 ], [ -64.774716, -16.008373 ], [ -64.774668, -16.008742 ], [ -64.774692, -16.009563 ], [ -64.77484, -16.010222 ], [ -64.775, -16.011222 ], [ -64.775192, -16.012832 ], [ -64.775279, -16.014125 ], [ -64.77526, -16.014882 ], [ -64.775291, -16.01593 ], [ -64.775407, -16.016194 ], [ -64.775593, -16.016455 ], [ -64.775825, -16.01668 ], [ -64.775982, -16.01678 ], [ -64.77615, -16.016834 ], [ -64.776411, -16.016829 ], [ -64.776683, -16.016801 ], [ -64.776966, -16.016727 ], [ -64.777498, -16.016298 ], [ -64.777787, -16.015929 ], [ -64.778897, -16.01424 ], [ -64.779095, -16.013939 ], [ -64.779445, -16.013324 ], [ -64.780182, -16.012126 ], [ -64.780604, -16.011509 ], [ -64.781096, -16.01089 ], [ -64.781487, -16.010446 ], [ -64.781937, -16.009978 ], [ -64.782319, -16.009637 ], [ -64.782949, -16.009235 ], [ -64.783334, -16.00902 ], [ -64.783757, -16.008863 ], [ -64.784276, -16.008726 ], [ -64.784843, -16.008635 ], [ -64.785604, -16.008631 ], [ -64.786485, -16.008729 ], [ -64.787442, -16.008951 ], [ -64.788268, -16.009176 ], [ -64.788988, -16.009438 ], [ -64.789542, -16.00968 ], [ -64.790099, -16.010048 ], [ -64.790608, -16.010417 ], [ -64.791048, -16.010822 ], [ -64.791488, -16.011261 ], [ -64.792261, -16.012108 ], [ -64.79273, -16.012719 ], [ -64.79325, -16.013433 ], [ -64.793561, -16.013896 ], [ -64.793784, -16.014226 ], [ -64.794222, -16.014999 ], [ -64.7947, -16.015908 ], [ -64.795067, -16.016682 ], [ -64.795095, -16.016732 ], [ -64.79543, -16.017318 ], [ -64.795815, -16.017885 ], [ -64.79611, -16.018247 ], [ -64.796587, -16.018697 ], [ -64.797426, -16.019393 ], [ -64.797862, -16.019672 ], [ -64.798299, -16.019996 ], [ -64.798559, -16.020347 ], [ -64.79881, -16.020825 ], [ -64.798961, -16.021362 ], [ -64.798983, -16.021442 ], [ -64.798998, -16.02197 ], [ -64.798974, -16.022361 ], [ -64.798884, -16.022535 ], [ -64.798702, -16.022803 ], [ -64.798082, -16.023561 ], [ -64.797362, -16.024518 ], [ -64.797125, -16.024936 ], [ -64.796885, -16.025251 ], [ -64.796653, -16.02545 ], [ -64.796358, -16.025525 ], [ -64.795408, -16.025544 ], [ -64.794921, -16.02553 ], [ -64.794384, -16.025461 ], [ -64.793835, -16.025345 ], [ -64.793202, -16.025242 ], [ -64.792603, -16.025082 ], [ -64.791874, -16.024924 ], [ -64.791183, -16.024846 ], [ -64.790471, -16.024859 ], [ -64.790164, -16.024923 ], [ -64.789941, -16.025008 ], [ -64.789214, -16.025344 ], [ -64.788676, -16.02563 ], [ -64.787469, -16.026205 ], [ -64.78679, -16.026551 ], [ -64.783343, -16.028503 ], [ -64.782827, -16.028743 ], [ -64.782346, -16.028924 ], [ -64.781485, -16.029136 ], [ -64.78099, -16.029284 ], [ -64.780403, -16.029525 ], [ -64.779667, -16.029953 ], [ -64.778922, -16.030473 ], [ -64.777755, -16.031174 ], [ -64.777358, -16.031434 ], [ -64.777246, -16.031643 ], [ -64.777149, -16.032001 ], [ -64.777168, -16.032655 ], [ -64.77737, -16.03349 ], [ -64.777549, -16.0339 ], [ -64.777896, -16.03441 ], [ -64.778128, -16.034624 ], [ -64.778587, -16.034879 ], [ -64.779008, -16.035055 ], [ -64.779527, -16.035332 ], [ -64.780092, -16.035574 ], [ -64.780246, -16.035649 ], [ -64.780658, -16.03585 ], [ -64.781648, -16.036405 ], [ -64.782517, -16.036847 ], [ -64.782786, -16.037041 ], [ -64.783232, -16.037362 ], [ -64.783562, -16.037677 ], [ -64.783932, -16.038118 ], [ -64.784242, -16.038583 ], [ -64.784476, -16.039267 ], [ -64.784589, -16.039885 ], [ -64.78467, -16.040619 ], [ -64.784824, -16.041443 ], [ -64.784864, -16.043223 ], [ -64.784847, -16.043441 ], [ -64.783389, -16.046054 ], [ -64.782351, -16.047916 ], [ -64.781426, -16.049574 ], [ -64.776973, -16.054956 ], [ -64.776569, -16.05578 ], [ -64.775882, -16.058711 ], [ -64.775734, -16.059748 ], [ -64.775614, -16.060922 ], [ -64.775466, -16.061947 ], [ -64.775197, -16.062906 ], [ -64.774795, -16.06381 ], [ -64.774358, -16.064726 ], [ -64.773947, -16.065699 ], [ -64.773605, -16.066613 ], [ -64.77329, -16.067618 ], [ -64.773037, -16.068715 ], [ -64.7727, -16.069813 ], [ -64.772367, -16.071025 ], [ -64.771953, -16.072286 ], [ -64.771428, -16.073445 ], [ -64.770841, -16.074524 ], [ -64.770383, -16.075521 ], [ -64.769944, -16.076345 ], [ -64.769668, -16.077063 ], [ -64.769496, -16.077698 ], [ -64.769423, -16.078458 ], [ -64.769501, -16.079088 ], [ -64.769635, -16.079625 ], [ -64.76987, -16.079931 ], [ -64.770109, -16.079995 ], [ -64.7705, -16.079964 ], [ -64.771019, -16.079828 ], [ -64.771376, -16.079641 ], [ -64.771476, -16.079589 ], [ -64.772396, -16.078951 ], [ -64.772662, -16.078716 ], [ -64.772918, -16.078516 ], [ -64.773222, -16.078338 ], [ -64.773338, -16.078287 ], [ -64.773468, -16.078229 ], [ -64.77395, -16.078059 ], [ -64.774365, -16.078028 ], [ -64.774844, -16.078157 ], [ -64.77511, -16.078312 ], [ -64.775366, -16.078644 ], [ -64.775765, -16.078988 ], [ -64.776051, -16.07984 ], [ -64.775981, -16.080524 ], [ -64.776014, -16.081403 ], [ -64.775977, -16.081789 ], [ -64.776025, -16.082797 ], [ -64.77601, -16.083096 ], [ -64.776055, -16.083721 ], [ -64.776088, -16.083929 ], [ -64.776093, -16.083933 ], [ -64.776146, -16.084105 ], [ -64.776551, -16.084947 ], [ -64.776887, -16.085491 ], [ -64.777185, -16.085934 ], [ -64.777203, -16.086102 ], [ -64.777449, -16.086373 ], [ -64.778189, -16.087075 ], [ -64.779598, -16.088204 ], [ -64.780029, -16.088452 ], [ -64.780362, -16.0886 ], [ -64.780903, -16.088777 ], [ -64.781465, -16.088848 ], [ -64.782214, -16.088868 ], [ -64.783327, -16.088743 ], [ -64.784272, -16.088552 ], [ -64.784685, -16.088452 ], [ -64.785384, -16.088392 ], [ -64.785571, -16.088382 ], [ -64.786689, -16.088321 ], [ -64.787317, -16.088251 ], [ -64.787827, -16.088241 ], [ -64.788207, -16.088211 ], [ -64.788564, -16.088227 ], [ -64.788625, -16.088232 ], [ -64.788957, -16.088265 ], [ -64.789412, -16.088371 ], [ -64.789904, -16.088568 ], [ -64.790424, -16.088856 ], [ -64.790934, -16.089248 ], [ -64.791409, -16.089641 ], [ -64.792227, -16.090465 ], [ -64.793735, -16.091985 ], [ -64.794679, -16.092977 ], [ -64.795169, -16.093461 ], [ -64.795559, -16.093798 ], [ -64.796044, -16.094145 ], [ -64.796372, -16.094316 ], [ -64.796744, -16.09451 ], [ -64.797684, -16.094974 ], [ -64.797781, -16.095041 ], [ -64.798218, -16.095343 ], [ -64.798548, -16.095647 ], [ -64.798769, -16.095895 ], [ -64.798856, -16.096043 ], [ -64.798972, -16.096362 ], [ -64.799007, -16.096584 ], [ -64.799016, -16.096648 ], [ -64.798946, -16.097086 ], [ -64.79889, -16.097191 ], [ -64.79881, -16.097296 ], [ -64.798378, -16.09758 ], [ -64.798231, -16.097649 ], [ -64.798169, -16.097719 ], [ -64.797973, -16.097803 ], [ -64.797969, -16.097806 ], [ -64.797964, -16.097807 ], [ -64.79759, -16.097968 ], [ -64.797447, -16.097957 ], [ -64.79738, -16.097978 ], [ -64.79706, -16.098019 ], [ -64.796704, -16.098026 ], [ -64.796132, -16.097957 ], [ -64.795713, -16.097873 ], [ -64.795426, -16.097799 ], [ -64.794838, -16.097592 ], [ -64.794201, -16.09734 ], [ -64.793899, -16.097185 ], [ -64.793635, -16.09711 ], [ -64.79337, -16.096989 ], [ -64.791616, -16.096311 ], [ -64.790261, -16.095876 ], [ -64.789453, -16.095863 ], [ -64.788215, -16.095995 ], [ -64.787028, -16.096176 ], [ -64.786221, -16.096403 ], [ -64.785089, -16.097023 ], [ -64.784414, -16.097932 ], [ -64.783967, -16.098839 ], [ -64.783809, -16.099534 ], [ -64.783809, -16.099589 ], [ -64.783872, -16.100104 ], [ -64.783983, -16.100642 ], [ -64.784333, -16.101658 ], [ -64.78455, -16.102182 ], [ -64.784779, -16.102671 ], [ -64.784967, -16.103012 ], [ -64.785362, -16.103533 ], [ -64.786181, -16.104298 ], [ -64.786631, -16.104657 ], [ -64.787517, -16.105283 ], [ -64.787916, -16.105539 ], [ -64.78835, -16.105749 ], [ -64.78881, -16.106027 ], [ -64.789329, -16.106315 ], [ -64.78999, -16.106567 ], [ -64.790638, -16.106784 ], [ -64.791393, -16.106999 ], [ -64.792206, -16.107167 ], [ -64.793056, -16.10738 ], [ -64.795268, -16.107865 ], [ -64.796127, -16.107974 ], [ -64.796135, -16.107975 ], [ -64.797485, -16.108097 ], [ -64.797938, -16.108122 ], [ -64.798437, -16.108112 ], [ -64.798886, -16.108035 ], [ -64.799299, -16.107935 ], [ -64.799722, -16.107777 ], [ -64.799909, -16.10767 ], [ -64.799954, -16.107618 ], [ -64.799989, -16.107576 ], [ -64.800034, -16.107472 ], [ -64.80003, -16.107346 ], [ -64.799672, -16.106882 ], [ -64.79918, -16.106317 ], [ -64.798907, -16.105898 ], [ -64.798568, -16.105295 ], [ -64.798361, -16.104725 ], [ -64.798199, -16.104051 ], [ -64.798083, -16.103341 ], [ -64.798077, -16.103142 ], [ -64.797806, -16.102495 ], [ -64.797565, -16.100934 ], [ -64.797886, -16.100077 ], [ -64.798559, -16.098972 ], [ -64.799792, -16.098303 ], [ -64.801029, -16.098072 ], [ -64.802193, -16.09816 ], [ -64.802853, -16.098497 ], [ -64.8033, -16.099 ], [ -64.803533, -16.09956 ], [ -64.803538, -16.10017 ], [ -64.803495, -16.101001 ], [ -64.803512, -16.101451 ], [ -64.80368, -16.102105 ], [ -64.803768, -16.102677 ], [ -64.80383, -16.103584 ], [ -64.803821, -16.104112 ], [ -64.803799, -16.104496 ], [ -64.80391, -16.104978 ], [ -64.80407, -16.105807 ], [ -64.804204, -16.10666 ], [ -64.80434, -16.107709 ], [ -64.804452, -16.108905 ], [ -64.804439, -16.110248 ], [ -64.804448, -16.111249 ], [ -64.804383, -16.11252 ], [ -64.804317, -16.11357 ], [ -64.8044, -16.114351 ], [ -64.80461, -16.115253 ], [ -64.804846, -16.11613 ], [ -64.805232, -16.116908 ], [ -64.806026, -16.118063 ], [ -64.806434, -16.118474 ], [ -64.807473, -16.11871 ], [ -64.808709, -16.118308 ], [ -64.809656, -16.116713 ], [ -64.809665, -16.116638 ], [ -64.809693, -16.116334 ], [ -64.80968, -16.115898 ], [ -64.809619, -16.115428 ], [ -64.809521, -16.114936 ], [ -64.809207, -16.113943 ], [ -64.808967, -16.113465 ], [ -64.808726, -16.112941 ], [ -64.808486, -16.112463 ], [ -64.808244, -16.111894 ], [ -64.807954, -16.111314 ], [ -64.807467, -16.110106 ], [ -64.80731, -16.109615 ], [ -64.807161, -16.108997 ], [ -64.807105, -16.108309 ], [ -64.807085, -16.107609 ], [ -64.807107, -16.106736 ], [ -64.807117, -16.106661 ], [ -64.807196, -16.106125 ], [ -64.807688, -16.10507 ], [ -64.808006, -16.104581 ], [ -64.808465, -16.104032 ], [ -64.808711, -16.103798 ], [ -64.808847, -16.103669 ], [ -64.809334, -16.10328 ], [ -64.809781, -16.10311 ], [ -64.810288, -16.102974 ], [ -64.810787, -16.102964 ], [ -64.811288, -16.103023 ], [ -64.811767, -16.103152 ], [ -64.812529, -16.103607 ], [ -64.813282, -16.104167 ], [ -64.813818, -16.104627 ], [ -64.814457, -16.105256 ], [ -64.815062, -16.105759 ], [ -64.815857, -16.106221 ], [ -64.816318, -16.106852 ], [ -64.816679, -16.107606 ], [ -64.816876, -16.108101 ], [ -64.816965, -16.108218 ], [ -64.817263, -16.108637 ], [ -64.817762, -16.109432 ], [ -64.818022, -16.109817 ], [ -64.818268, -16.110295 ], [ -64.818643, -16.110794 ], [ -64.818689, -16.110952 ], [ -64.819688, -16.112062 ], [ -64.8203, -16.112569 ], [ -64.820962, -16.113052 ], [ -64.821546, -16.11334 ], [ -64.822536, -16.113723 ], [ -64.823524, -16.113909 ], [ -64.824816, -16.114167 ], [ -64.826108, -16.114351 ], [ -64.827322, -16.114439 ], [ -64.828561, -16.114404 ], [ -64.82973, -16.114318 ], [ -64.829776, -16.114306 ], [ -64.830296, -16.114215 ], [ -64.830889, -16.11418 ], [ -64.831519, -16.114168 ], [ -64.831579, -16.114207 ], [ -64.832106, -16.114552 ], [ -64.832477, -16.11462 ], [ -64.833204, -16.114479 ], [ -64.833823, -16.114524 ], [ -64.83456, -16.114532 ], [ -64.835248, -16.114507 ], [ -64.835865, -16.114449 ], [ -64.837183, -16.114423 ], [ -64.837578, -16.11445 ], [ -64.837826, -16.114468 ], [ -64.838216, -16.114531 ], [ -64.839448, -16.114676 ], [ -64.841246, -16.114954 ], [ -64.842967, -16.115085 ], [ -64.844003, -16.115052 ], [ -64.845546, -16.115014 ], [ -64.847012, -16.114977 ], [ -64.847923, -16.115018 ], [ -64.848861, -16.11523 ], [ -64.849598, -16.115663 ], [ -64.850108, -16.116049 ], [ -64.850441, -16.116535 ], [ -64.850464, -16.116599 ], [ -64.850687, -16.117003 ], [ -64.850846, -16.117563 ], [ -64.850881, -16.117941 ], [ -64.850811, -16.118368 ], [ -64.85054, -16.118878 ], [ -64.850188, -16.119414 ], [ -64.849761, -16.119847 ], [ -64.849365, -16.120119 ], [ -64.848991, -16.120345 ], [ -64.847407, -16.121445 ], [ -64.84687, -16.121754 ], [ -64.845907, -16.122153 ], [ -64.845401, -16.122323 ], [ -64.844964, -16.122401 ], [ -64.844478, -16.122445 ], [ -64.843755, -16.122328 ], [ -64.843161, -16.122361 ], [ -64.842097, -16.122175 ], [ -64.840929, -16.121721 ], [ -64.840115, -16.121239 ], [ -64.839641, -16.120852 ], [ -64.837361, -16.119657 ], [ -64.836129, -16.118993 ], [ -64.835419, -16.118708 ], [ -64.8347, -16.118493 ], [ -64.834209, -16.118376 ], [ -64.833767, -16.118293 ], [ -64.833243, -16.118246 ], [ -64.832965, -16.118255 ], [ -64.832258, -16.118277 ], [ -64.831985, -16.118317 ], [ -64.831681, -16.118472 ], [ -64.831437, -16.118649 ], [ -64.831207, -16.118918 ], [ -64.831014, -16.11922 ], [ -64.831007, -16.119241 ], [ -64.830905, -16.119567 ], [ -64.83087, -16.119993 ], [ -64.830894, -16.120395 ], [ -64.830951, -16.120715 ], [ -64.831176, -16.121492 ], [ -64.831611, -16.122551 ], [ -64.831684, -16.122685 ], [ -64.832, -16.123267 ], [ -64.832212, -16.123608 ], [ -64.832645, -16.124174 ], [ -64.833063, -16.124636 ], [ -64.833395, -16.125043 ], [ -64.833729, -16.125485 ], [ -64.833978, -16.12587 ], [ -64.834083, -16.12606 ], [ -64.834167, -16.126211 ], [ -64.834689, -16.127005 ], [ -64.835876, -16.128555 ], [ -64.836075, -16.128779 ], [ -64.836676, -16.12912 ], [ -64.837515, -16.129577 ], [ -64.838705, -16.129688 ], [ -64.840525, -16.129599 ], [ -64.841914, -16.129368 ], [ -64.843026, -16.129334 ], [ -64.844244, -16.129738 ], [ -64.845211, -16.13034 ], [ -64.845549, -16.131351 ], [ -64.845673, -16.131554 ], [ -64.845888, -16.131997 ], [ -64.8461, -16.132717 ], [ -64.846112, -16.133131 ], [ -64.8462, -16.133433 ], [ -64.846053, -16.134224 ], [ -64.84604, -16.134326 ], [ -64.845876, -16.1348 ], [ -64.845699, -16.135252 ], [ -64.845509, -16.135646 ], [ -64.845164, -16.136457 ], [ -64.845044, -16.136816 ], [ -64.84497, -16.137139 ], [ -64.844912, -16.137576 ], [ -64.84493, -16.138173 ], [ -64.844962, -16.138471 ], [ -64.845047, -16.138941 ], [ -64.845072, -16.139044 ], [ -64.845356, -16.13941 ], [ -64.846122, -16.140112 ], [ -64.84689, -16.140408 ], [ -64.847835, -16.140557 ], [ -64.84911, -16.140525 ], [ -64.850469, -16.139708 ], [ -64.852404, -16.138372 ], [ -64.853863, -16.137505 ], [ -64.85497, -16.136909 ], [ -64.855954, -16.136632 ], [ -64.856737, -16.136503 ], [ -64.857875, -16.136517 ], [ -64.858888, -16.13668 ], [ -64.860258, -16.137132 ], [ -64.860947, -16.13776 ], [ -64.86151, -16.138439 ], [ -64.861741, -16.139179 ], [ -64.861774, -16.139238 ], [ -64.86184, -16.13933 ], [ -64.86229, -16.140079 ], [ -64.86268, -16.140795 ], [ -64.862997, -16.141489 ], [ -64.863279, -16.142173 ], [ -64.863488, -16.1428 ], [ -64.863649, -16.143429 ], [ -64.863743, -16.144208 ], [ -64.863785, -16.144827 ], [ -64.86377, -16.145494 ], [ -64.863694, -16.146162 ], [ -64.863537, -16.146888 ], [ -64.863274, -16.14764 ], [ -64.862928, -16.148382 ], [ -64.862519, -16.149034 ], [ -64.862191, -16.149592 ], [ -64.861744, -16.150152 ], [ -64.861283, -16.150644 ], [ -64.860693, -16.151172 ], [ -64.860087, -16.151693 ], [ -64.85929, -16.152653 ], [ -64.858264, -16.153761 ], [ -64.856382, -16.155413 ], [ -64.85523, -16.156644 ], [ -64.854281, -16.157996 ], [ -64.853684, -16.1591 ], [ -64.853165, -16.160398 ], [ -64.852771, -16.161476 ], [ -64.85258, -16.162699 ], [ -64.85265, -16.163806 ], [ -64.852613, -16.164668 ], [ -64.852528, -16.165398 ], [ -64.85258, -16.166016 ], [ -64.852633, -16.166855 ], [ -64.852731, -16.167584 ], [ -64.852759, -16.16777 ], [ -64.852961, -16.168259 ], [ -64.853236, -16.168724 ], [ -64.853493, -16.169035 ], [ -64.853856, -16.169365 ], [ -64.854669, -16.169676 ], [ -64.855404, -16.169816 ], [ -64.856542, -16.169806 ], [ -64.857728, -16.169527 ], [ -64.859467, -16.168804 ], [ -64.861555, -16.167564 ], [ -64.862436, -16.167068 ], [ -64.863645, -16.166496 ], [ -64.865155, -16.165701 ], [ -64.867019, -16.164879 ], [ -64.869187, -16.164006 ], [ -64.870599, -16.163578 ], [ -64.87215, -16.163312 ], [ -64.873568, -16.163446 ], [ -64.874035, -16.163587 ], [ -64.874206, -16.163584 ], [ -64.874575, -16.163599 ], [ -64.874875, -16.163685 ], [ -64.875211, -16.163816 ], [ -64.875483, -16.163985 ], [ -64.876182, -16.164351 ], [ -64.876945, -16.164808 ], [ -64.87743, -16.165341 ], [ -64.877967, -16.165947 ], [ -64.878253, -16.166701 ], [ -64.878488, -16.16753 ], [ -64.878494, -16.168189 ], [ -64.8783, -16.169021 ], [ -64.878229, -16.169226 ], [ -64.878226, -16.169281 ], [ -64.878118, -16.170053 ], [ -64.878053, -16.170261 ], [ -64.877959, -16.170688 ], [ -64.878288, -16.171203 ], [ -64.878291, -16.171583 ], [ -64.88002, -16.172318 ], [ -64.881057, -16.172321 ], [ -64.882251, -16.173453 ], [ -64.884225, -16.173816 ], [ -64.884633, -16.175336 ], [ -64.886221, -16.176465 ], [ -64.887414, -16.177597 ], [ -64.887417, -16.177978 ], [ -64.887812, -16.177975 ], [ -64.887816, -16.177979 ], [ -64.888607, -16.178729 ], [ -64.888611, -16.17911 ], [ -64.889406, -16.179865 ], [ -64.891879, -16.180852 ], [ -64.893041, -16.181898 ], [ -64.893314, -16.183066 ], [ -64.893422, -16.183749 ], [ -64.893684, -16.184772 ], [ -64.894126, -16.185965 ], [ -64.894439, -16.186963 ], [ -64.894777, -16.187937 ], [ -64.895042, -16.189204 ], [ -64.895096, -16.189625 ], [ -64.895235, -16.190894 ], [ -64.895395, -16.191747 ], [ -64.895606, -16.192673 ], [ -64.89577, -16.193942 ], [ -64.896051, -16.195528 ], [ -64.896679, -16.197542 ], [ -64.897248, -16.200173 ], [ -64.897497, -16.201466 ], [ -64.897517, -16.201604 ], [ -64.897663, -16.202619 ], [ -64.897772, -16.203679 ], [ -64.898021, -16.204867 ], [ -64.89833, -16.206114 ], [ -64.898627, -16.207396 ], [ -64.898816, -16.208664 ], [ -64.898843, -16.209002 ], [ -64.898922, -16.209989 ], [ -64.898911, -16.211047 ], [ -64.898807, -16.21185 ], [ -64.898693, -16.212481 ], [ -64.898594, -16.212905 ], [ -64.89848, -16.21357 ], [ -64.89879, -16.214657 ], [ -64.899011, -16.215235 ], [ -64.899359, -16.216069 ], [ -64.900202, -16.217578 ], [ -64.90049, -16.21856 ], [ -64.900728, -16.219737 ], [ -64.900353, -16.220095 ], [ -64.900381, -16.22082 ], [ -64.900386, -16.221308 ], [ -64.900189, -16.221896 ], [ -64.899839, -16.222388 ], [ -64.899807, -16.222419 ], [ -64.899617, -16.22348 ], [ -64.898491, -16.224003 ], [ -64.897439, -16.22432 ], [ -64.896136, -16.224736 ], [ -64.894772, -16.225267 ], [ -64.891783, -16.22622 ], [ -64.89011, -16.226653 ], [ -64.888544, -16.227203 ], [ -64.886999, -16.227938 ], [ -64.885549, -16.22872 ], [ -64.884313, -16.229551 ], [ -64.883366, -16.230253 ], [ -64.883161, -16.230472 ], [ -64.883116, -16.230522 ], [ -64.882373, -16.231669 ], [ -64.882202, -16.23233 ], [ -64.882006, -16.233064 ], [ -64.881915, -16.233772 ], [ -64.881937, -16.234551 ], [ -64.882166, -16.235464 ], [ -64.882515, -16.236263 ], [ -64.882878, -16.23689 ], [ -64.883253, -16.237436 ], [ -64.884011, -16.237978 ], [ -64.884828, -16.238485 ], [ -64.885575, -16.238773 ], [ -64.886421, -16.238821 ], [ -64.887196, -16.238742 ], [ -64.888161, -16.238528 ], [ -64.889468, -16.23798 ], [ -64.890954, -16.237258 ], [ -64.891502, -16.237043 ], [ -64.891792, -16.236883 ], [ -64.892534, -16.236538 ], [ -64.893287, -16.236331 ], [ -64.894051, -16.236263 ], [ -64.894932, -16.236357 ], [ -64.895237, -16.236417 ], [ -64.895835, -16.236533 ], [ -64.896898, -16.236817 ], [ -64.897071, -16.236863 ], [ -64.8975, -16.236939 ], [ -64.897929, -16.236946 ], [ -64.898394, -16.236873 ], [ -64.898669, -16.236774 ], [ -64.898826, -16.236615 ], [ -64.89902, -16.236227 ], [ -64.899266, -16.235506 ], [ -64.89955, -16.234533 ], [ -64.89992, -16.233377 ], [ -64.900312, -16.232291 ], [ -64.900801, -16.231148 ], [ -64.901156, -16.230188 ], [ -64.901876, -16.2286 ], [ -64.902169, -16.227915 ], [ -64.903071, -16.225905 ], [ -64.90347, -16.225394 ], [ -64.904143, -16.224783 ], [ -64.904816, -16.224288 ], [ -64.905858, -16.223752 ], [ -64.906912, -16.223263 ], [ -64.9091, -16.222469 ], [ -64.910714, -16.221954 ], [ -64.911551, -16.221738 ], [ -64.912422, -16.221567 ], [ -64.913639, -16.22146 ], [ -64.914913, -16.221515 ], [ -64.916342, -16.221641 ], [ -64.918141, -16.221681 ], [ -64.918343, -16.221765 ], [ -64.918637, -16.222115 ], [ -64.919259, -16.223056 ], [ -64.919631, -16.223936 ], [ -64.919776, -16.224905 ], [ -64.919748, -16.225297 ], [ -64.919804, -16.226215 ], [ -64.919761, -16.226996 ], [ -64.919593, -16.227852 ], [ -64.919298, -16.228832 ], [ -64.919128, -16.229566 ], [ -64.91901, -16.230397 ], [ -64.918844, -16.231546 ], [ -64.918758, -16.231961 ], [ -64.918655, -16.233203 ], [ -64.918634, -16.235192 ], [ -64.91865, -16.236009 ], [ -64.918605, -16.237042 ], [ -64.918746, -16.237976 ], [ -64.918958, -16.239 ], [ -64.919324, -16.240193 ], [ -64.919664, -16.241313 ], [ -64.919879, -16.242606 ], [ -64.920119, -16.243849 ], [ -64.920285, -16.245288 ], [ -64.920653, -16.24675 ], [ -64.921094, -16.247839 ], [ -64.921268, -16.248048 ], [ -64.922226, -16.248799 ], [ -64.923328, -16.249426 ], [ -64.924194, -16.249808 ], [ -64.925013, -16.250131 ], [ -64.925951, -16.250468 ], [ -64.92887, -16.25171 ], [ -64.92951, -16.252065 ], [ -64.929841, -16.252347 ], [ -64.930147, -16.252685 ], [ -64.930475, -16.253265 ], [ -64.930778, -16.253891 ], [ -64.930923, -16.254871 ], [ -64.930856, -16.255629 ], [ -64.930599, -16.256292 ], [ -64.930272, -16.256793 ], [ -64.930091, -16.256994 ], [ -64.92973, -16.257394 ], [ -64.928237, -16.258831 ], [ -64.927769, -16.259181 ], [ -64.927326, -16.259427 ], [ -64.925937, -16.259991 ], [ -64.925219, -16.260325 ], [ -64.924452, -16.260727 ], [ -64.924316, -16.260832 ], [ -64.923719, -16.261291 ], [ -64.922467, -16.262513 ], [ -64.922022, -16.262978 ], [ -64.9216, -16.263466 ], [ -64.921224, -16.264012 ], [ -64.920897, -16.264605 ], [ -64.920605, -16.265187 ], [ -64.920336, -16.265861 ], [ -64.920077, -16.266651 ], [ -64.919888, -16.267648 ], [ -64.919774, -16.268547 ], [ -64.91959, -16.26999 ], [ -64.919544, -16.271013 ], [ -64.919558, -16.271945 ], [ -64.919644, -16.272878 ], [ -64.919769, -16.27349 ], [ -64.92, -16.274275 ], [ -64.920256, -16.274809 ], [ -64.920749, -16.27548 ], [ -64.921068, -16.275914 ], [ -64.921741, -16.276534 ], [ -64.922674, -16.277249 ], [ -64.923148, -16.277544 ], [ -64.923886, -16.278001 ], [ -64.924726, -16.278482 ], [ -64.925592, -16.279085 ], [ -64.926436, -16.279907 ], [ -64.926874, -16.280758 ], [ -64.926918, -16.280979 ], [ -64.926928, -16.280998 ], [ -64.926931, -16.281044 ], [ -64.92698, -16.281758 ], [ -64.926866, -16.282355 ], [ -64.926669, -16.283053 ], [ -64.926436, -16.283671 ], [ -64.926263, -16.284231 ], [ -64.926269, -16.284807 ], [ -64.926323, -16.285394 ], [ -64.926471, -16.28611 ], [ -64.926829, -16.287254 ], [ -64.927015, -16.287682 ], [ -64.927226, -16.288019 ], [ -64.927555, -16.288473 ], [ -64.927803, -16.288776 ], [ -64.928074, -16.289022 ], [ -64.928703, -16.289308 ], [ -64.929095, -16.289418 ], [ -64.929738, -16.289508 ], [ -64.931156, -16.289576 ], [ -64.931598, -16.289503 ], [ -64.93198, -16.289417 ], [ -64.932268, -16.289272 ], [ -64.932556, -16.289081 ], [ -64.932736, -16.288911 ], [ -64.933744, -16.287543 ], [ -64.9338, -16.287467 ], [ -64.934041, -16.287183 ], [ -64.934435, -16.286771 ], [ -64.934874, -16.286057 ], [ -64.935724, -16.285048 ], [ -64.936526, -16.284186 ], [ -64.937581, -16.28337 ], [ -64.938662, -16.282604 ], [ -64.939595, -16.282253 ], [ -64.940206, -16.28205 ], [ -64.940387, -16.281946 ], [ -64.94083, -16.281758 ], [ -64.941225, -16.281637 ], [ -64.941774, -16.281554 ], [ -64.942323, -16.281516 ], [ -64.94299, -16.281504 ], [ -64.943598, -16.281513 ], [ -64.94411, -16.281579 ], [ -64.944407, -16.281653 ], [ -64.944882, -16.28189 ], [ -64.945272, -16.282161 ], [ -64.945816, -16.282606 ], [ -64.946217, -16.283004 ], [ -64.946429, -16.283283 ], [ -64.946604, -16.283619 ], [ -64.94672, -16.283955 ], [ -64.946765, -16.284289 ], [ -64.946737, -16.284691 ], [ -64.946624, -16.285195 ], [ -64.946428, -16.285733 ], [ -64.946161, -16.2862 ], [ -64.945847, -16.286598 ], [ -64.945582, -16.286881 ], [ -64.94533, -16.287096 ], [ -64.944701, -16.287545 ], [ -64.944298, -16.288093 ], [ -64.94342, -16.28898 ], [ -64.943112, -16.289342 ], [ -64.943029, -16.289521 ], [ -64.942784, -16.290162 ], [ -64.942575, -16.290814 ], [ -64.942277, -16.292005 ], [ -64.942076, -16.292945 ], [ -64.942049, -16.293336 ], [ -64.94201, -16.293623 ], [ -64.941982, -16.294014 ], [ -64.941969, -16.295336 ], [ -64.9441, -16.299119 ], [ -64.945324, -16.300703 ], [ -64.946918, -16.302059 ], [ -64.947995, -16.302976 ], [ -64.948516, -16.30334 ], [ -64.948943, -16.303577 ], [ -64.949395, -16.303688 ], [ -64.949686, -16.303651 ], [ -64.949801, -16.303637 ], [ -64.950172, -16.303481 ], [ -64.950652, -16.303178 ], [ -64.951168, -16.302772 ], [ -64.951709, -16.302321 ], [ -64.952827, -16.30143 ], [ -64.953367, -16.301081 ], [ -64.953882, -16.300848 ], [ -64.954407, -16.300741 ], [ -64.954813, -16.300747 ], [ -64.955357, -16.301135 ], [ -64.955593, -16.301415 ], [ -64.956039, -16.302089 ], [ -64.956072, -16.302154 ], [ -64.956434, -16.302151 ], [ -64.956968, -16.302341 ], [ -64.957301, -16.302802 ], [ -64.957383, -16.303339 ], [ -64.957465, -16.303973 ], [ -64.957471, -16.304534 ], [ -64.95758, -16.305315 ], [ -64.957662, -16.305973 ], [ -64.95782, -16.306631 ], [ -64.958111, -16.307825 ], [ -64.958298, -16.308824 ], [ -64.958574, -16.309655 ], [ -64.958885, -16.31036 ], [ -64.959271, -16.311065 ], [ -64.959696, -16.311656 ], [ -64.96097, -16.313053 ], [ -64.961118, -16.314412 ], [ -64.961278, -16.31587 ], [ -64.961458, -16.316331 ], [ -64.961522, -16.316494 ], [ -64.961669, -16.317256 ], [ -64.961696, -16.318165 ], [ -64.961686, -16.319154 ], [ -64.961544, -16.320233 ], [ -64.961319, -16.321276 ], [ -64.960999, -16.322295 ], [ -64.960657, -16.323175 ], [ -64.960327, -16.323941 ], [ -64.959903, -16.324647 ], [ -64.959383, -16.325329 ], [ -64.958685, -16.326043 ], [ -64.958143, -16.326552 ], [ -64.957494, -16.327082 ], [ -64.957074, -16.327375 ], [ -64.956726, -16.327646 ], [ -64.956425, -16.32794 ], [ -64.956159, -16.328258 ], [ -64.955953, -16.328646 ], [ -64.955793, -16.329149 ], [ -64.955692, -16.329665 ], [ -64.95565, -16.330286 ], [ -64.955669, -16.330827 ], [ -64.955826, -16.331818 ], [ -64.955894, -16.332107 ], [ -64.956015, -16.332282 ], [ -64.9562, -16.332549 ], [ -64.956613, -16.333004 ], [ -64.957073, -16.333471 ], [ -64.958184, -16.334408 ], [ -64.958752, -16.334831 ], [ -64.959274, -16.335092 ], [ -64.959928, -16.335333 ], [ -64.961081, -16.335627 ], [ -64.961652, -16.335739 ], [ -64.962367, -16.335785 ], [ -64.963023, -16.335772 ], [ -64.964097, -16.335662 ], [ -64.964528, -16.335554 ], [ -64.965665, -16.335054 ], [ -64.966288, -16.334753 ], [ -64.96805, -16.33386 ], [ -64.968636, -16.333616 ], [ -64.969856, -16.333221 ], [ -64.970598, -16.333002 ], [ -64.971375, -16.332796 ], [ -64.971996, -16.332656 ], [ -64.972521, -16.332584 ], [ -64.972986, -16.332556 ], [ -64.973344, -16.332574 ], [ -64.973701, -16.332671 ], [ -64.974045, -16.332826 ], [ -64.974388, -16.333061 ], [ -64.974649, -16.333261 ], [ -64.97486, -16.33354 ], [ -64.975095, -16.333935 ], [ -64.975561, -16.335058 ], [ -64.975653, -16.335376 ], [ -64.975826, -16.33597 ], [ -64.975599, -16.336395 ], [ -64.975467, -16.337016 ], [ -64.974967, -16.337631 ], [ -64.974212, -16.338078 ], [ -64.973753, -16.338273 ], [ -64.972953, -16.338867 ], [ -64.971867, -16.339595 ], [ -64.971104, -16.340004 ], [ -64.969637, -16.340695 ], [ -64.969124, -16.34099 ], [ -64.968694, -16.341321 ], [ -64.968324, -16.341675 ], [ -64.967906, -16.342109 ], [ -64.967499, -16.342578 ], [ -64.967021, -16.343173 ], [ -64.965537, -16.345119 ], [ -64.965146, -16.345603 ], [ -64.964592, -16.346286 ], [ -64.963719, -16.3475 ], [ -64.962988, -16.348577 ], [ -64.962973, -16.348602 ], [ -64.962437, -16.349459 ], [ -64.962102, -16.350113 ], [ -64.961802, -16.35064 ], [ -64.961562, -16.351191 ], [ -64.961405, -16.351742 ], [ -64.961295, -16.352386 ], [ -64.96133, -16.352767 ], [ -64.9614, -16.352998 ], [ -64.961471, -16.353113 ], [ -64.961542, -16.353194 ], [ -64.96191, -16.353462 ], [ -64.962207, -16.353637 ], [ -64.962908, -16.353988 ], [ -64.96361, -16.354143 ], [ -64.964038, -16.354193 ], [ -64.965037, -16.354408 ], [ -64.965572, -16.354585 ], [ -64.966392, -16.354948 ], [ -64.967236, -16.355393 ], [ -64.967853, -16.355766 ], [ -64.968269, -16.35608 ], [ -64.968577, -16.356416 ], [ -64.968897, -16.35688 ], [ -64.969133, -16.357423 ], [ -64.969297, -16.358161 ], [ -64.969342, -16.358864 ], [ -64.969315, -16.359578 ], [ -64.969206, -16.360198 ], [ -64.969001, -16.360784 ], [ -64.968737, -16.361323 ], [ -64.968534, -16.36161 ], [ -64.968259, -16.361884 ], [ -64.968068, -16.362021 ], [ -64.967781, -16.36218 ], [ -64.967579, -16.362212 ], [ -64.967293, -16.36221 ], [ -64.967008, -16.362162 ], [ -64.96658, -16.361997 ], [ -64.966093, -16.36174 ], [ -64.965606, -16.361402 ], [ -64.965226, -16.361089 ], [ -64.964858, -16.360706 ], [ -64.964456, -16.360219 ], [ -64.964077, -16.359663 ], [ -64.96371, -16.359061 ], [ -64.962906, -16.357604 ], [ -64.962611, -16.357003 ], [ -64.962516, -16.356772 ], [ -64.962339, -16.356479 ], [ -64.961837, -16.355827 ], [ -64.961199, -16.355344 ], [ -64.960501, -16.354945 ], [ -64.959969, -16.35474 ], [ -64.95886, -16.354389 ], [ -64.958217, -16.354196 ], [ -64.958108, -16.354172 ], [ -64.95744, -16.354109 ], [ -64.956451, -16.354021 ], [ -64.956173, -16.353996 ], [ -64.955694, -16.354035 ], [ -64.955301, -16.354124 ], [ -64.9548, -16.354316 ], [ -64.954442, -16.354543 ], [ -64.954012, -16.354908 ], [ -64.953653, -16.355458 ], [ -64.953413, -16.355998 ], [ -64.953315, -16.356504 ], [ -64.953315, -16.356702 ], [ -64.953313, -16.35701 ], [ -64.953394, -16.357621 ], [ -64.953499, -16.358244 ], [ -64.95364, -16.358809 ], [ -64.953816, -16.35941 ], [ -64.95424, -16.360634 ], [ -64.954758, -16.361973 ], [ -64.955347, -16.363694 ], [ -64.955511, -16.364352 ], [ -64.955686, -16.365228 ], [ -64.955849, -16.366162 ], [ -64.955977, -16.367119 ], [ -64.956269, -16.368526 ], [ -64.956492, -16.369196 ], [ -64.956953, -16.370086 ], [ -64.957368, -16.370665 ], [ -64.958269, -16.371525 ], [ -64.959148, -16.372176 ], [ -64.959967, -16.372735 ], [ -64.960739, -16.373099 ], [ -64.960903, -16.373171 ], [ -64.961869, -16.373603 ], [ -64.962962, -16.374129 ], [ -64.96396, -16.374644 ], [ -64.964934, -16.375262 ], [ -64.964958, -16.375279 ], [ -64.965801, -16.375867 ], [ -64.966489, -16.376449 ], [ -64.967153, -16.377076 ], [ -64.967485, -16.377447 ], [ -64.967698, -16.377771 ], [ -64.967816, -16.378037 ], [ -64.96785, -16.378451 ], [ -64.967813, -16.379004 ], [ -64.967619, -16.379705 ], [ -64.967525, -16.379919 ], [ -64.967271, -16.380497 ], [ -64.966816, -16.381265 ], [ -64.966253, -16.382043 ], [ -64.965721, -16.382685 ], [ -64.965705, -16.382723 ], [ -64.965407, -16.383312 ], [ -64.964755, -16.383978 ], [ -64.9642, -16.384203 ], [ -64.963567, -16.384184 ], [ -64.963287, -16.384086 ], [ -64.963257, -16.384081 ], [ -64.963019, -16.383999 ], [ -64.96299, -16.383982 ], [ -64.962914, -16.383937 ], [ -64.962698, -16.383812 ], [ -64.962318, -16.383556 ], [ -64.961915, -16.383241 ], [ -64.959554, -16.381116 ], [ -64.95833, -16.380121 ], [ -64.958233, -16.380083 ], [ -64.95648, -16.379537 ], [ -64.955009, -16.379307 ], [ -64.953616, -16.379295 ], [ -64.952656, -16.3795 ], [ -64.951442, -16.379633 ], [ -64.949773, -16.379868 ], [ -64.948903, -16.379891 ], [ -64.947172, -16.379887 ], [ -64.944677, -16.380542 ], [ -64.939877, -16.380223 ], [ -64.939138, -16.380424 ], [ -64.937612, -16.380792 ], [ -64.937028, -16.38096 ], [ -64.936671, -16.381084 ], [ -64.934941, -16.381773 ], [ -64.93357, -16.38243 ], [ -64.933008, -16.38284 ], [ -64.932531, -16.383251 ], [ -64.932112, -16.383708 ], [ -64.931825, -16.384097 ], [ -64.931537, -16.384659 ], [ -64.931332, -16.385199 ], [ -64.93127, -16.385774 ], [ -64.931292, -16.386304 ], [ -64.93135, -16.38673 ], [ -64.931456, -16.387065 ], [ -64.931508, -16.387193 ], [ -64.931526, -16.387239 ], [ -64.931609, -16.387331 ], [ -64.931871, -16.387506 ], [ -64.932215, -16.38767 ], [ -64.932691, -16.387812 ], [ -64.933465, -16.387818 ], [ -64.934168, -16.38772 ], [ -64.934788, -16.38746 ], [ -64.935122, -16.387256 ], [ -64.935409, -16.387028 ], [ -64.936269, -16.386205 ], [ -64.936807, -16.385657 ], [ -64.938314, -16.383976 ], [ -64.938804, -16.383496 ], [ -64.939294, -16.383132 ], [ -64.939771, -16.382871 ], [ -64.940331, -16.382668 ], [ -64.940868, -16.382545 ], [ -64.94132, -16.382515 ], [ -64.941701, -16.382518 ], [ -64.942118, -16.382567 ], [ -64.942451, -16.382627 ], [ -64.942831, -16.38278 ], [ -64.943271, -16.383002 ], [ -64.94352, -16.383165 ], [ -64.943829, -16.383456 ], [ -64.944172, -16.383942 ], [ -64.944515, -16.384521 ], [ -64.94481, -16.385202 ], [ -64.945046, -16.385884 ], [ -64.945269, -16.386611 ], [ -64.945603, -16.387983 ], [ -64.945849, -16.388991 ], [ -64.946441, -16.391422 ], [ -64.946558, -16.391838 ], [ -64.946688, -16.392207 ], [ -64.9469, -16.392612 ], [ -64.947279, -16.393133 ], [ -64.947754, -16.393667 ], [ -64.948287, -16.394189 ], [ -64.948798, -16.394619 ], [ -64.949273, -16.394991 ], [ -64.949683, -16.395348 ], [ -64.950245, -16.395838 ], [ -64.950883, -16.396195 ], [ -64.951648, -16.396725 ], [ -64.952337, -16.397232 ], [ -64.952848, -16.397667 ], [ -64.953336, -16.398346 ], [ -64.953849, -16.398951 ], [ -64.954185, -16.399705 ], [ -64.95442, -16.400338 ], [ -64.954502, -16.400996 ], [ -64.954534, -16.40168 ], [ -64.954515, -16.402291 ], [ -64.954396, -16.403073 ], [ -64.954024, -16.403833 ], [ -64.953649, -16.404325 ], [ -64.952791, -16.404626 ], [ -64.952692, -16.404621 ], [ -64.95264, -16.404657 ], [ -64.952211, -16.404895 ], [ -64.952116, -16.404917 ], [ -64.95183, -16.404892 ], [ -64.951473, -16.404693 ], [ -64.951153, -16.404426 ], [ -64.950797, -16.404055 ], [ -64.950619, -16.403823 ], [ -64.950442, -16.403499 ], [ -64.950336, -16.403268 ], [ -64.950266, -16.402957 ], [ -64.950231, -16.402714 ], [ -64.950198, -16.401954 ], [ -64.950129, -16.401424 ], [ -64.950089, -16.400925 ], [ -64.949988, -16.40033 ], [ -64.949495, -16.399236 ], [ -64.948981, -16.398411 ], [ -64.94834, -16.397635 ], [ -64.9476, -16.397056 ], [ -64.946846, -16.396612 ], [ -64.946623, -16.396548 ], [ -64.946112, -16.396429 ], [ -64.945576, -16.396344 ], [ -64.944481, -16.396335 ], [ -64.943337, -16.396464 ], [ -64.942825, -16.39661 ], [ -64.942276, -16.396894 ], [ -64.941786, -16.397247 ], [ -64.941332, -16.397692 ], [ -64.940949, -16.398173 ], [ -64.940625, -16.398781 ], [ -64.940348, -16.399562 ], [ -64.940142, -16.400458 ], [ -64.939984, -16.401263 ], [ -64.939911, -16.401815 ], [ -64.939909, -16.402253 ], [ -64.939931, -16.402702 ], [ -64.940048, -16.403244 ], [ -64.940272, -16.403856 ], [ -64.940579, -16.404492 ], [ -64.940898, -16.405001 ], [ -64.941361, -16.405558 ], [ -64.941788, -16.405964 ], [ -64.942417, -16.40651 ], [ -64.942927, -16.406894 ], [ -64.944008, -16.407582 ], [ -64.944162, -16.407722 ], [ -64.944376, -16.407954 ], [ -64.944601, -16.408267 ], [ -64.944873, -16.408729 ], [ -64.945074, -16.409122 ], [ -64.945227, -16.409515 ], [ -64.945297, -16.409861 ], [ -64.945319, -16.410241 ], [ -64.945319, -16.410376 ], [ -64.945317, -16.410771 ], [ -64.945232, -16.411404 ], [ -64.945074, -16.41207 ], [ -64.944821, -16.412748 ], [ -64.944521, -16.413482 ], [ -64.944137, -16.414239 ], [ -64.943729, -16.414916 ], [ -64.943287, -16.415465 ], [ -64.942896, -16.415884 ], [ -64.942796, -16.415991 ], [ -64.942175, -16.416492 ], [ -64.941388, -16.416912 ], [ -64.94047, -16.417193 ], [ -64.939146, -16.417551 ], [ -64.938467, -16.417799 ], [ -64.938144, -16.417958 ], [ -64.937667, -16.418242 ], [ -64.937189, -16.418606 ], [ -64.936592, -16.419154 ], [ -64.936292, -16.41952 ], [ -64.935993, -16.419921 ], [ -64.935789, -16.420334 ], [ -64.935573, -16.420908 ], [ -64.935344, -16.421586 ], [ -64.934992, -16.423138 ], [ -64.934907, -16.423655 ], [ -64.934905, -16.424058 ], [ -64.934928, -16.424335 ], [ -64.93501, -16.424623 ], [ -64.935199, -16.425016 ], [ -64.935507, -16.425433 ], [ -64.935974, -16.425908 ], [ -64.936148, -16.426083 ], [ -64.936397, -16.426246 ], [ -64.936789, -16.426468 ], [ -64.937146, -16.426621 ], [ -64.93736, -16.42668 ], [ -64.937658, -16.426683 ], [ -64.937955, -16.426639 ], [ -64.938397, -16.426527 ], [ -64.939434, -16.426075 ], [ -64.94052, -16.425565 ], [ -64.941654, -16.424872 ], [ -64.942024, -16.42469 ], [ -64.94237, -16.424543 ], [ -64.943049, -16.424365 ], [ -64.943514, -16.424288 ], [ -64.944574, -16.424296 ], [ -64.945288, -16.424417 ], [ -64.945966, -16.42456 ], [ -64.94649, -16.424714 ], [ -64.946989, -16.424937 ], [ -64.947217, -16.425076 ], [ -64.947333, -16.425147 ], [ -64.947891, -16.4256 ], [ -64.948449, -16.426123 ], [ -64.948935, -16.426668 ], [ -64.949386, -16.427213 ], [ -64.949777, -16.427723 ], [ -64.950037, -16.428105 ], [ -64.950534, -16.428926 ], [ -64.950735, -16.429354 ], [ -64.950923, -16.429931 ], [ -64.951053, -16.430404 ], [ -64.951098, -16.431015 ], [ -64.951072, -16.431441 ], [ -64.950952, -16.431762 ], [ -64.950725, -16.432025 ], [ -64.950592, -16.432147 ], [ -64.95039, -16.432535 ], [ -64.949736, -16.43298 ], [ -64.949283, -16.433277 ], [ -64.94883, -16.43355 ], [ -64.948148, -16.433825 ], [ -64.947392, -16.43397 ], [ -64.947347, -16.433991 ], [ -64.94644, -16.434433 ], [ -64.945306, -16.435046 ], [ -64.944793, -16.435364 ], [ -64.943682, -16.436115 ], [ -64.943216, -16.436503 ], [ -64.942882, -16.436835 ], [ -64.942642, -16.437121 ], [ -64.942486, -16.43743 ], [ -64.942318, -16.437924 ], [ -64.942196, -16.438649 ], [ -64.942157, -16.439385 ], [ -64.942155, -16.440042 ], [ -64.942188, -16.440733 ], [ -64.942257, -16.441367 ], [ -64.942326, -16.44184 ], [ -64.942384, -16.44237 ], [ -64.942417, -16.443015 ], [ -64.942422, -16.44488 ], [ -64.942394, -16.445963 ], [ -64.942195, -16.448115 ], [ -64.942036, -16.449011 ], [ -64.941782, -16.450149 ], [ -64.941504, -16.451069 ], [ -64.941083, -16.452125 ], [ -64.940759, -16.452836 ], [ -64.940435, -16.453444 ], [ -64.939716, -16.454544 ], [ -64.939201, -16.455161 ], [ -64.938579, -16.455859 ], [ -64.938089, -16.456304 ], [ -64.937504, -16.456633 ], [ -64.937051, -16.45678 ], [ -64.936337, -16.456762 ], [ -64.936318, -16.45676 ], [ -64.936222, -16.456802 ], [ -64.93526, -16.45686 ], [ -64.9345, -16.456818 ], [ -64.933203, -16.45639 ], [ -64.932541, -16.45603 ], [ -64.93149, -16.455467 ], [ -64.93122, -16.455409 ], [ -64.930447, -16.455265 ], [ -64.929804, -16.45519 ], [ -64.929292, -16.455209 ], [ -64.928696, -16.455262 ], [ -64.927432, -16.45554 ], [ -64.926908, -16.455686 ], [ -64.926347, -16.4559 ], [ -64.925726, -16.456229 ], [ -64.924938, -16.456718 ], [ -64.92372, -16.457572 ], [ -64.923278, -16.457925 ], [ -64.922919, -16.458348 ], [ -64.922655, -16.458911 ], [ -64.92239, -16.459611 ], [ -64.922233, -16.460174 ], [ -64.922124, -16.460634 ], [ -64.922062, -16.461071 ], [ -64.922024, -16.461612 ], [ -64.922022, -16.462245 ], [ -64.922098, -16.4641 ], [ -64.922209, -16.464778 ], [ -64.922237, -16.464953 ], [ -64.922355, -16.465392 ], [ -64.922461, -16.465588 ], [ -64.923018, -16.466249 ], [ -64.923826, -16.466935 ], [ -64.924633, -16.467517 ], [ -64.924722, -16.467567 ], [ -64.925394, -16.467949 ], [ -64.927394, -16.468474 ], [ -64.929207, -16.468864 ], [ -64.929606, -16.469031 ], [ -64.930105, -16.469392 ], [ -64.930699, -16.469949 ], [ -64.931422, -16.470669 ], [ -64.932051, -16.471422 ], [ -64.932655, -16.472268 ], [ -64.933098, -16.472967 ], [ -64.93318, -16.473096 ], [ -64.933235, -16.473182 ], [ -64.933637, -16.473899 ], [ -64.93377, -16.474183 ], [ -64.934129, -16.47481 ], [ -64.934491, -16.475588 ], [ -64.934956, -16.476463 ], [ -64.935425, -16.477801 ], [ -64.935842, -16.479018 ], [ -64.936259, -16.480187 ], [ -64.93665, -16.481233 ], [ -64.937505, -16.48313 ], [ -64.938179, -16.484662 ], [ -64.938721, -16.485682 ], [ -64.939087, -16.486802 ], [ -64.939649, -16.487686 ], [ -64.940089, -16.488561 ], [ -64.940656, -16.489508 ], [ -64.941145, -16.490285 ], [ -64.941763, -16.49128 ], [ -64.942305, -16.492325 ], [ -64.942719, -16.493151 ], [ -64.943234, -16.493977 ], [ -64.943879, -16.495094 ], [ -64.944266, -16.495872 ], [ -64.944911, -16.496964 ], [ -64.945528, -16.497862 ], [ -64.945992, -16.498688 ], [ -64.946277, -16.499296 ], [ -64.946458, -16.500033 ], [ -64.946646, -16.501154 ], [ -64.946781, -16.501935 ], [ -64.946839, -16.502691 ], [ -64.946852, -16.502859 ], [ -64.946895, -16.502932 ], [ -64.946955, -16.504155 ], [ -64.946912, -16.504888 ], [ -64.946894, -16.505694 ], [ -64.946727, -16.506672 ], [ -64.946533, -16.507529 ], [ -64.946358, -16.507823 ], [ -64.946604, -16.509555 ], [ -64.947485, -16.511524 ], [ -64.948745, -16.513368 ], [ -64.949927, -16.514282 ], [ -64.950007, -16.514316 ], [ -64.950327, -16.514452 ], [ -64.951008, -16.515291 ], [ -64.951018, -16.516247 ], [ -64.951028, -16.517204 ], [ -64.951781, -16.51774 ], [ -64.952029, -16.518151 ], [ -64.952695, -16.520303 ], [ -64.952418, -16.52221 ], [ -64.952086, -16.52389 ], [ -64.953087, -16.524837 ], [ -64.954089, -16.525784 ], [ -64.954336, -16.526438 ], [ -64.956081, -16.526722 ], [ -64.957073, -16.526713 ], [ -64.957413, -16.52671 ], [ -64.957596, -16.527776 ], [ -64.957668, -16.528494 ], [ -64.95768, -16.529044 ], [ -64.957621, -16.529607 ], [ -64.957546, -16.530185 ], [ -64.957325, -16.530795 ], [ -64.957086, -16.531235 ], [ -64.956879, -16.531564 ], [ -64.956688, -16.531878 ], [ -64.956142, -16.532367 ], [ -64.955434, -16.532826 ], [ -64.954774, -16.533207 ], [ -64.953982, -16.533417 ], [ -64.953352, -16.533563 ], [ -64.952575, -16.533711 ], [ -64.951492, -16.533877 ], [ -64.949525, -16.53439 ], [ -64.947271, -16.535753 ], [ -64.946644, -16.537819 ], [ -64.946758, -16.539488 ], [ -64.947327, -16.541339 ], [ -64.948346, -16.542929 ], [ -64.948971, -16.543938 ], [ -64.949874, -16.5451 ], [ -64.951215, -16.546336 ], [ -64.952763, -16.547242 ], [ -64.954353, -16.547399 ], [ -64.956165, -16.547225 ], [ -64.957547, -16.546619 ], [ -64.958062, -16.546286 ], [ -64.95861, -16.545937 ], [ -64.959125, -16.54562 ], [ -64.960328, -16.544392 ], [ -64.961073, -16.542824 ], [ -64.961937, -16.540131 ], [ -64.962106, -16.537604 ], [ -64.962077, -16.537254 ], [ -64.962197, -16.536253 ], [ -64.962401, -16.535565 ], [ -64.962604, -16.534861 ], [ -64.962982, -16.53378 ], [ -64.963683, -16.532665 ], [ -64.964454, -16.531924 ], [ -64.96508, -16.531372 ], [ -64.965675, -16.530945 ], [ -64.966125, -16.530613 ], [ -64.967334, -16.530009 ], [ -64.968253, -16.529547 ], [ -64.969657, -16.529035 ], [ -64.970389, -16.528656 ], [ -64.970921, -16.528401 ], [ -64.971292, -16.528195 ], [ -64.972067, -16.527953 ], [ -64.972401, -16.52795 ], [ -64.972957, -16.528477 ], [ -64.973949, -16.528467 ], [ -64.974298, -16.52863 ], [ -64.97495, -16.529414 ], [ -64.975942, -16.529405 ], [ -64.976933, -16.529395 ], [ -64.976943, -16.530352 ], [ -64.976953, -16.531308 ], [ -64.97712, -16.53197 ], [ -64.977613, -16.53253 ], [ -64.977619, -16.532536 ], [ -64.977964, -16.533212 ], [ -64.977974, -16.534168 ], [ -64.977983, -16.535125 ], [ -64.977993, -16.536081 ], [ -64.978003, -16.537038 ], [ -64.978007, -16.537423 ], [ -64.978013, -16.537994 ], [ -64.978671, -16.538906 ], [ -64.97888, -16.54003 ], [ -64.979584, -16.541356 ], [ -64.979401, -16.542691 ], [ -64.978071, -16.543733 ], [ -64.977835, -16.544022 ], [ -64.977547, -16.544882 ], [ -64.977561, -16.546215 ], [ -64.97811, -16.547559 ], [ -64.97812, -16.548516 ], [ -64.97813, -16.549472 ], [ -64.979131, -16.550419 ], [ -64.980123, -16.55041 ], [ -64.981114, -16.5504 ], [ -64.982106, -16.550391 ], [ -64.982843, -16.550078 ], [ -64.984012, -16.549581 ], [ -64.98628, -16.549274 ], [ -64.98717, -16.549456 ], [ -64.98816, -16.549732 ], [ -64.989048, -16.550325 ], [ -64.989353, -16.550578 ], [ -64.990049, -16.551272 ], [ -64.989378, -16.552975 ], [ -64.989172, -16.554384 ], [ -64.989412, -16.556307 ], [ -64.990108, -16.55701 ], [ -64.990118, -16.557967 ], [ -64.990128, -16.558923 ], [ -64.991127, -16.559909 ], [ -64.991235, -16.560765 ], [ -64.990851, -16.561816 ], [ -64.990167, -16.562749 ], [ -64.990177, -16.563706 ], [ -64.989591, -16.564113 ], [ -64.989797, -16.564968 ], [ -64.990693, -16.565626 ], [ -64.991775, -16.56533 ], [ -64.99189, -16.566853 ], [ -64.991218, -16.568479 ], [ -64.994768, -16.568349 ], [ -64.995175, -16.567484 ], [ -64.995312, -16.567347 ], [ -64.995326, -16.567322 ], [ -64.995336, -16.567324 ], [ -64.996327, -16.566334 ], [ -64.997148, -16.566509 ], [ -64.99814, -16.566499 ], [ -64.999132, -16.56649 ], [ -65.000124, -16.56648 ], [ -65.002028, -16.567206 ], [ -65.002051, -16.567206 ], [ -65.002052, -16.567229 ], [ -65.004205, -16.56827 ], [ -65.005472, -16.568802 ], [ -65.006823, -16.569219 ], [ -65.008161, -16.569613 ], [ -65.009285, -16.570076 ], [ -65.01035, -16.570631 ], [ -65.011321, -16.571438 ], [ -65.012018, -16.572292 ], [ -65.012536, -16.573249 ], [ -65.012647, -16.573547 ], [ -65.012834, -16.574049 ], [ -65.012875, -16.574159 ], [ -65.012893, -16.574253 ], [ -65.01301, -16.574885 ], [ -65.012978, -16.575438 ], [ -65.012837, -16.575841 ], [ -65.012628, -16.576257 ], [ -65.012565, -16.576381 ], [ -65.012198, -16.57683 ], [ -65.011782, -16.577209 ], [ -65.011366, -16.577473 ], [ -65.010706, -16.577702 ], [ -65.01043, -16.577798 ], [ -65.010342, -16.577828 ], [ -65.009162, -16.578091 ], [ -65.007588, -16.578388 ], [ -65.004942, -16.578913 ], [ -65.00387, -16.579164 ], [ -65.002237, -16.579587 ], [ -65.001428, -16.579874 ], [ -65.000666, -16.580206 ], [ -65.000047, -16.580504 ], [ -64.999452, -16.58086 ], [ -64.999072, -16.581159 ], [ -64.998644, -16.58155 ], [ -64.998452, -16.581774 ], [ -64.998123, -16.582159 ], [ -64.997661, -16.582826 ], [ -64.997224, -16.58362 ], [ -64.997156, -16.583787 ], [ -64.996941, -16.584322 ], [ -64.996891, -16.584571 ], [ -64.996836, -16.58484 ], [ -64.996851, -16.585324 ], [ -64.996985, -16.585843 ], [ -64.997178, -16.586281 ], [ -64.997455, -16.586765 ], [ -64.997647, -16.586995 ], [ -64.997863, -16.587169 ], [ -64.998222, -16.587377 ], [ -64.998477, -16.587459 ], [ -64.998868, -16.587585 ], [ -64.999471, -16.587704 ], [ -64.999692, -16.587748 ], [ -65.000575, -16.587795 ], [ -65.00176, -16.587658 ], [ -65.001947, -16.587637 ], [ -65.002506, -16.587419 ], [ -65.00298, -16.587257 ], [ -65.003245, -16.587167 ], [ -65.003995, -16.586846 ], [ -65.004721, -16.58649 ], [ -65.006126, -16.585894 ], [ -65.006661, -16.58563 ], [ -65.006851, -16.585603 ], [ -65.0069, -16.585596 ], [ -65.006928, -16.585602 ], [ -65.00727, -16.585677 ], [ -65.007916, -16.58592 ], [ -65.008778, -16.58644 ], [ -65.009533, -16.587109 ], [ -65.010229, -16.587802 ], [ -65.011242, -16.588938 ], [ -65.011453, -16.589174 ], [ -65.012018, -16.589843 ], [ -65.012474, -16.590293 ], [ -65.013361, -16.591089 ], [ -65.013697, -16.591355 ], [ -65.0142, -16.591678 ], [ -65.014858, -16.592025 ], [ -65.015336, -16.592256 ], [ -65.016066, -16.592545 ], [ -65.016759, -16.592708 ], [ -65.017523, -16.592801 ], [ -65.018286, -16.592722 ], [ -65.019002, -16.592585 ], [ -65.019609, -16.592333 ], [ -65.02018, -16.591977 ], [ -65.020464, -16.591701 ], [ -65.020594, -16.591448 ], [ -65.0207, -16.591079 ], [ -65.02096, -16.588477 ], [ -65.021122, -16.587498 ], [ -65.021308, -16.586681 ], [ -65.021743, -16.585542 ], [ -65.021835, -16.585341 ], [ -65.022027, -16.584614 ], [ -65.022193, -16.583987 ], [ -65.022475, -16.583707 ], [ -65.023075, -16.583111 ], [ -65.023096, -16.583089 ], [ -65.023445, -16.582596 ], [ -65.024098, -16.58186 ], [ -65.024762, -16.581171 ], [ -65.025427, -16.580538 ], [ -65.026223, -16.579906 ], [ -65.02721, -16.579332 ], [ -65.027971, -16.578965 ], [ -65.028069, -16.578933 ], [ -65.028261, -16.578868 ], [ -65.028865, -16.578667 ], [ -65.029294, -16.578576 ], [ -65.029532, -16.578553 ], [ -65.029747, -16.578611 ], [ -65.029987, -16.578761 ], [ -65.030431, -16.579234 ], [ -65.030732, -16.579707 ], [ -65.030938, -16.580271 ], [ -65.030976, -16.580778 ], [ -65.030848, -16.581296 ], [ -65.030481, -16.581906 ], [ -65.029652, -16.583033 ], [ -65.028787, -16.584034 ], [ -65.02823, -16.584781 ], [ -65.027721, -16.585517 ], [ -65.027319, -16.586208 ], [ -65.027278, -16.586283 ], [ -65.027164, -16.586764 ], [ -65.027105, -16.587373 ], [ -65.027141, -16.58804 ], [ -65.027166, -16.588512 ], [ -65.027173, -16.588538 ], [ -65.027454, -16.589076 ], [ -65.027984, -16.589802 ], [ -65.02895, -16.590754 ], [ -65.029294, -16.591509 ], [ -65.029534, -16.591855 ], [ -65.029957, -16.592754 ], [ -65.03002, -16.59341 ], [ -65.029993, -16.593807 ], [ -65.02997, -16.594159 ], [ -65.029965, -16.594228 ], [ -65.029636, -16.59516 ], [ -65.029055, -16.59585 ], [ -65.02856, -16.596145 ], [ -65.028342, -16.596275 ], [ -65.027448, -16.59655 ], [ -65.026495, -16.596767 ], [ -65.02417, -16.597178 ], [ -65.023323, -16.597291 ], [ -65.022787, -16.597394 ], [ -65.02237, -16.597566 ], [ -65.021918, -16.597876 ], [ -65.021431, -16.59829 ], [ -65.020898, -16.598899 ], [ -65.020401, -16.599636 ], [ -65.019786, -16.600717 ], [ -65.019255, -16.601822 ], [ -65.018867, -16.602777 ], [ -65.018644, -16.603594 ], [ -65.018529, -16.604377 ], [ -65.018517, -16.604532 ], [ -65.018473, -16.605056 ], [ -65.018476, -16.605598 ], [ -65.018514, -16.605897 ], [ -65.018587, -16.606139 ], [ -65.018659, -16.606254 ], [ -65.018923, -16.606508 ], [ -65.019103, -16.606647 ], [ -65.019569, -16.606901 ], [ -65.02018, -16.60719 ], [ -65.02067, -16.607364 ], [ -65.021028, -16.607387 ], [ -65.021243, -16.60733 ], [ -65.021612, -16.607192 ], [ -65.022374, -16.60686 ], [ -65.023384, -16.606171 ], [ -65.023919, -16.605745 ], [ -65.024774, -16.604998 ], [ -65.02532, -16.604492 ], [ -65.025997, -16.603837 ], [ -65.027089, -16.602745 ], [ -65.028109, -16.601768 ], [ -65.028656, -16.601308 ], [ -65.02925, -16.600929 ], [ -65.029964, -16.600573 ], [ -65.030738, -16.600252 ], [ -65.032369, -16.599529 ], [ -65.033238, -16.599174 ], [ -65.034191, -16.598887 ], [ -65.035109, -16.598739 ], [ -65.036064, -16.598741 ], [ -65.037211, -16.598939 ], [ -65.037952, -16.599136 ], [ -65.038588, -16.599399 ], [ -65.038993, -16.599368 ], [ -65.039604, -16.599492 ], [ -65.040131, -16.600118 ], [ -65.040233, -16.600636 ], [ -65.040408, -16.600867 ], [ -65.040794, -16.601674 ], [ -65.041026, -16.602619 ], [ -65.041092, -16.60369 ], [ -65.041038, -16.604795 ], [ -65.040841, -16.60582 ], [ -65.040363, -16.607773 ], [ -65.040392, -16.608376 ], [ -65.040255, -16.609389 ], [ -65.040021, -16.609851 ], [ -65.03995, -16.61069 ], [ -65.039873, -16.611899 ], [ -65.03976, -16.613142 ], [ -65.039612, -16.614363 ], [ -65.039427, -16.615491 ], [ -65.039372, -16.616263 ], [ -65.0394, -16.617057 ], [ -65.039572, -16.617818 ], [ -65.039958, -16.618648 ], [ -65.040524, -16.619501 ], [ -65.041246, -16.620515 ], [ -65.042134, -16.621427 ], [ -65.043213, -16.622292 ], [ -65.044087, -16.622789 ], [ -65.044757, -16.622997 ], [ -65.045592, -16.623056 ], [ -65.046702, -16.622989 ], [ -65.047513, -16.622875 ], [ -65.047608, -16.622855 ], [ -65.048454, -16.62268 ], [ -65.04936, -16.622383 ], [ -65.050253, -16.622038 ], [ -65.051158, -16.62166 ], [ -65.051441, -16.621536 ], [ -65.05286, -16.620914 ], [ -65.053658, -16.620524 ], [ -65.054454, -16.620041 ], [ -65.055323, -16.619582 ], [ -65.05618, -16.619215 ], [ -65.056967, -16.619135 ], [ -65.057722, -16.619228 ], [ -65.057936, -16.619114 ], [ -65.05882, -16.619323 ], [ -65.059681, -16.619635 ], [ -65.060495, -16.620051 ], [ -65.061238, -16.620605 ], [ -65.061898, -16.62125 ], [ -65.062572, -16.622127 ], [ -65.063115, -16.622843 ], [ -65.063338, -16.623551 ], [ -65.063581, -16.623852 ], [ -65.063844, -16.624177 ], [ -65.063978, -16.624628 ], [ -65.064316, -16.625304 ], [ -65.064223, -16.62568 ], [ -65.064301, -16.626063 ], [ -65.064419, -16.626643 ], [ -65.064252, -16.626998 ], [ -65.064103, -16.627312 ], [ -65.063956, -16.627624 ], [ -65.06344, -16.62784 ], [ -65.06333, -16.627887 ], [ -65.063236, -16.627955 ], [ -65.062748, -16.628161 ], [ -65.06183, -16.628482 ], [ -65.06102, -16.628723 ], [ -65.059995, -16.628929 ], [ -65.059017, -16.628985 ], [ -65.057954, -16.628903 ], [ -65.056568, -16.628567 ], [ -65.05518, -16.628 ], [ -65.053732, -16.627376 ], [ -65.052428, -16.626775 ], [ -65.051351, -16.626324 ], [ -65.050466, -16.626023 ], [ -65.049785, -16.625861 ], [ -65.049142, -16.625838 ], [ -65.048737, -16.626099 ], [ -65.048319, -16.626219 ], [ -65.047724, -16.626513 ], [ -65.046952, -16.62704 ], [ -65.046514, -16.627434 ], [ -65.046088, -16.628245 ], [ -65.045788, -16.628582 ], [ -65.045512, -16.628891 ], [ -65.045409, -16.629 ], [ -65.044902, -16.629769 ], [ -65.044298, -16.63062 ], [ -65.04392, -16.631218 ], [ -65.043909, -16.631242 ], [ -65.043637, -16.631874 ], [ -65.043568, -16.632266 ], [ -65.043726, -16.632819 ], [ -65.044038, -16.633188 ], [ -65.044398, -16.633407 ], [ -65.045163, -16.633616 ], [ -65.04576, -16.633674 ], [ -65.046499, -16.633641 ], [ -65.046964, -16.633526 ], [ -65.047631, -16.633228 ], [ -65.047752, -16.633151 ], [ -65.04901, -16.632344 ], [ -65.049112, -16.632294 ], [ -65.049582, -16.632068 ], [ -65.050321, -16.631873 ], [ -65.051061, -16.631875 ], [ -65.05179, -16.632025 ], [ -65.052567, -16.632326 ], [ -65.053177, -16.632626 ], [ -65.053825, -16.633088 ], [ -65.054424, -16.633561 ], [ -65.055841, -16.635026 ], [ -65.057115, -16.636571 ], [ -65.057799, -16.637332 ], [ -65.058411, -16.637944 ], [ -65.058915, -16.638324 ], [ -65.059334, -16.638567 ], [ -65.059836, -16.638763 ], [ -65.060267, -16.638845 ], [ -65.060577, -16.638822 ], [ -65.061245, -16.638719 ], [ -65.061892, -16.638537 ], [ -65.062055, -16.63849 ], [ -65.062876, -16.638135 ], [ -65.062992, -16.638071 ], [ -65.063733, -16.637664 ], [ -65.064565, -16.637043 ], [ -65.064806, -16.636841 ], [ -65.065174, -16.636532 ], [ -65.065373, -16.636365 ], [ -65.066275, -16.635572 ], [ -65.066904, -16.634974 ], [ -65.068341, -16.633767 ], [ -65.068947, -16.633203 ], [ -65.069588, -16.632686 ], [ -65.070266, -16.632192 ], [ -65.070686, -16.631908 ], [ -65.071098, -16.631629 ], [ -65.072145, -16.631043 ], [ -65.074227, -16.629987 ], [ -65.07537, -16.629493 ], [ -65.07643, -16.629069 ], [ -65.07651, -16.62904 ], [ -65.076979, -16.628873 ], [ -65.078872, -16.628197 ], [ -65.079515, -16.628013 ], [ -65.080147, -16.627934 ], [ -65.080935, -16.627958 ], [ -65.081855, -16.628167 ], [ -65.082776, -16.628571 ], [ -65.083639, -16.629159 ], [ -65.083736, -16.629264 ], [ -65.084421, -16.629859 ], [ -65.085125, -16.630554 ], [ -65.085406, -16.631082 ], [ -65.085158, -16.63143 ], [ -65.085235, -16.632271 ], [ -65.08512, -16.633077 ], [ -65.084861, -16.633652 ], [ -65.084506, -16.634147 ], [ -65.083782, -16.635265 ], [ -65.083348, -16.635535 ], [ -65.082897, -16.635836 ], [ -65.082205, -16.636264 ], [ -65.081738, -16.636612 ], [ -65.081458, -16.636864 ], [ -65.081177, -16.637117 ], [ -65.081148, -16.637147 ], [ -65.080859, -16.637551 ], [ -65.080752, -16.637828 ], [ -65.080507, -16.63846 ], [ -65.080458, -16.638794 ], [ -65.080335, -16.639634 ], [ -65.080317, -16.640774 ], [ -65.080394, -16.64165 ], [ -65.080614, -16.642583 ], [ -65.081451, -16.644818 ], [ -65.081935, -16.64597 ], [ -65.082069, -16.646431 ], [ -65.082138, -16.647176 ], [ -65.082146, -16.647261 ], [ -65.082187, -16.648182 ], [ -65.08211, -16.649264 ], [ -65.081901, -16.650416 ], [ -65.081704, -16.651348 ], [ -65.081469, -16.65205 ], [ -65.081139, -16.652626 ], [ -65.080664, -16.653132 ], [ -65.080201, -16.6535 ], [ -65.079868, -16.653741 ], [ -65.079451, -16.653959 ], [ -65.078736, -16.654154 ], [ -65.077818, -16.654314 ], [ -65.077139, -16.654451 ], [ -65.076376, -16.654634 ], [ -65.075757, -16.654921 ], [ -65.075138, -16.655323 ], [ -65.074592, -16.655818 ], [ -65.073999, -16.656462 ], [ -65.073478, -16.657175 ], [ -65.073147, -16.657716 ], [ -65.072981, -16.657946 ], [ -65.072887, -16.658118 ], [ -65.072735, -16.658659 ], [ -65.072598, -16.659765 ], [ -65.072592, -16.660813 ], [ -65.072572, -16.661458 ], [ -65.072599, -16.66201 ], [ -65.072685, -16.662494 ], [ -65.07288, -16.663047 ], [ -65.073149, -16.663622 ], [ -65.07323, -16.663796 ], [ -65.073628, -16.664476 ], [ -65.074085, -16.665133 ], [ -65.074494, -16.665641 ], [ -65.074866, -16.66601 ], [ -65.07549, -16.666494 ], [ -65.076294, -16.667187 ], [ -65.076989, -16.667694 ], [ -65.077756, -16.668202 ], [ -65.078462, -16.66856 ], [ -65.079073, -16.668826 ], [ -65.079683, -16.669068 ], [ -65.080233, -16.669265 ], [ -65.080755, -16.669289 ], [ -65.081312, -16.669163 ], [ -65.082181, -16.669274 ], [ -65.08274, -16.669328 ], [ -65.083167, -16.669529 ], [ -65.083555, -16.6695 ], [ -65.084164, -16.669211 ], [ -65.084421, -16.668971 ], [ -65.084753, -16.6685 ], [ -65.085048, -16.66797 ], [ -65.085555, -16.666912 ], [ -65.085896, -16.666025 ], [ -65.086616, -16.664564 ], [ -65.086982, -16.663919 ], [ -65.08781, -16.662619 ], [ -65.088355, -16.661906 ], [ -65.088865, -16.661331 ], [ -65.089399, -16.660779 ], [ -65.090384, -16.659813 ], [ -65.090858, -16.659307 ], [ -65.091392, -16.658778 ], [ -65.091926, -16.658191 ], [ -65.092317, -16.6578 ], [ -65.093017, -16.656984 ], [ -65.093811, -16.656109 ], [ -65.094939, -16.655075 ], [ -65.095569, -16.654523 ], [ -65.096198, -16.654017 ], [ -65.097624, -16.653005 ], [ -65.098338, -16.652546 ], [ -65.099837, -16.651684 ], [ -65.101205, -16.650868 ], [ -65.101256, -16.650845 ], [ -65.101728, -16.650627 ], [ -65.102193, -16.650443 ], [ -65.102681, -16.650317 ], [ -65.103242, -16.650226 ], [ -65.103719, -16.650227 ], [ -65.104077, -16.650262 ], [ -65.104317, -16.650331 ], [ -65.104496, -16.650423 ], [ -65.104724, -16.650596 ], [ -65.104988, -16.650873 ], [ -65.105556, -16.651794 ], [ -65.105699, -16.652026 ], [ -65.10599, -16.652786 ], [ -65.106149, -16.65335 ], [ -65.106285, -16.654145 ], [ -65.106312, -16.654617 ], [ -65.106269, -16.655435 ], [ -65.10614, -16.655815 ], [ -65.105892, -16.656241 ], [ -65.105441, -16.656758 ], [ -65.104633, -16.657333 ], [ -65.103645, -16.657873 ], [ -65.102586, -16.658367 ], [ -65.101466, -16.658745 ], [ -65.100441, -16.659009 ], [ -65.096721, -16.659706 ], [ -65.096604, -16.65973 ], [ -65.095243, -16.660004 ], [ -65.094444, -16.660106 ], [ -65.093728, -16.660221 ], [ -65.093074, -16.660531 ], [ -65.092337, -16.661151 ], [ -65.091496, -16.662187 ], [ -65.090964, -16.663015 ], [ -65.090574, -16.663706 ], [ -65.090398, -16.664201 ], [ -65.090305, -16.664696 ], [ -65.090284, -16.665133 ], [ -65.090334, -16.665582 ], [ -65.09048, -16.665951 ], [ -65.090588, -16.666179 ], [ -65.0906, -16.666205 ], [ -65.090853, -16.666504 ], [ -65.091153, -16.666781 ], [ -65.091477, -16.667035 ], [ -65.091848, -16.667254 ], [ -65.092252, -16.66746 ], [ -65.092686, -16.667681 ], [ -65.093021, -16.66782 ], [ -65.093296, -16.667901 ], [ -65.093583, -16.667925 ], [ -65.093786, -16.667925 ], [ -65.094287, -16.667879 ], [ -65.095396, -16.667685 ], [ -65.095944, -16.667525 ], [ -65.096468, -16.667341 ], [ -65.097075, -16.667066 ], [ -65.098313, -16.666468 ], [ -65.099885, -16.665791 ], [ -65.1016, -16.66516 ], [ -65.103565, -16.664368 ], [ -65.104958, -16.663736 ], [ -65.105494, -16.663576 ], [ -65.105947, -16.663519 ], [ -65.106652, -16.663566 ], [ -65.107596, -16.663797 ], [ -65.107847, -16.66389 ], [ -65.108182, -16.664063 ], [ -65.108458, -16.664224 ], [ -65.108818, -16.66457 ], [ -65.109011, -16.664882 ], [ -65.109193, -16.665435 ], [ -65.109256, -16.665907 ], [ -65.109248, -16.666506 ], [ -65.109171, -16.667634 ], [ -65.109125, -16.668037 ], [ -65.109045, -16.668509 ], [ -65.108903, -16.66907 ], [ -65.108671, -16.669987 ], [ -65.108375, -16.670333 ], [ -65.108196, -16.670597 ], [ -65.107825, -16.671081 ], [ -65.107274, -16.671703 ], [ -65.106196, -16.673028 ], [ -65.105646, -16.673869 ], [ -65.105215, -16.674744 ], [ -65.104857, -16.675804 ], [ -65.104642, -16.676725 ], [ -65.104319, -16.677658 ], [ -65.103961, -16.678453 ], [ -65.10341, -16.679294 ], [ -65.102895, -16.679997 ], [ -65.102105, -16.680688 ], [ -65.101314, -16.68116 ], [ -65.100367, -16.681655 ], [ -65.099636, -16.682219 ], [ -65.099073, -16.682899 ], [ -65.098726, -16.683521 ], [ -65.098619, -16.684005 ], [ -65.098644, -16.684431 ], [ -65.098812, -16.684915 ], [ -65.099232, -16.685399 ], [ -65.099773, -16.685744 ], [ -65.10003, -16.685849 ], [ -65.10042, -16.686009 ], [ -65.101176, -16.686217 ], [ -65.10174, -16.686228 ], [ -65.102351, -16.686113 ], [ -65.102867, -16.685883 ], [ -65.103358, -16.685538 ], [ -65.103897, -16.685077 ], [ -65.10452, -16.684409 ], [ -65.10525, -16.683557 ], [ -65.10616, -16.682578 ], [ -65.107143, -16.681668 ], [ -65.108125, -16.680919 ], [ -65.109, -16.680458 ], [ -65.109755, -16.680251 ], [ -65.110511, -16.680274 ], [ -65.111398, -16.68047 ], [ -65.112442, -16.680943 ], [ -65.112488, -16.680968 ], [ -65.113282, -16.681415 ], [ -65.114771, -16.682544 ], [ -65.116163, -16.683512 ], [ -65.116859, -16.683904 ], [ -65.117651, -16.684319 ], [ -65.118479, -16.684584 ], [ -65.119355, -16.684756 ], [ -65.120518, -16.68486 ], [ -65.121741, -16.684918 ], [ -65.122845, -16.68486 ], [ -65.124044, -16.684699 ], [ -65.125374, -16.684446 ], [ -65.127611, -16.683916 ], [ -65.127952, -16.683836 ], [ -65.130109, -16.682949 ], [ -65.131068, -16.682407 ], [ -65.132889, -16.681244 ], [ -65.133823, -16.680576 ], [ -65.135402, -16.679558 ], [ -65.135788, -16.679309 ], [ -65.136699, -16.67879 ], [ -65.137574, -16.67841 ], [ -65.138389, -16.678111 ], [ -65.139264, -16.677892 ], [ -65.140139, -16.677788 ], [ -65.141194, -16.677731 ], [ -65.142705, -16.677823 ], [ -65.142937, -16.677846 ], [ -65.144108, -16.677961 ], [ -65.145812, -16.678157 ], [ -65.147035, -16.678376 ], [ -65.148295, -16.67879 ], [ -65.149231, -16.67924 ], [ -65.150107, -16.679965 ], [ -65.150744, -16.680725 ], [ -65.151165, -16.681532 ], [ -65.151382, -16.682419 ], [ -65.151347, -16.683144 ], [ -65.151192, -16.68379 ], [ -65.150893, -16.684342 ], [ -65.15062, -16.684744 ], [ -65.150439, -16.685011 ], [ -65.149936, -16.685494 ], [ -65.149301, -16.685978 ], [ -65.148594, -16.68637 ], [ -65.147467, -16.686739 ], [ -65.146125, -16.687107 ], [ -65.144482, -16.687384 ], [ -65.142756, -16.687637 ], [ -65.141029, -16.687937 ], [ -65.139147, -16.688294 ], [ -65.13754, -16.688663 ], [ -65.135862, -16.688974 ], [ -65.134099, -16.689227 ], [ -65.133284, -16.689406 ], [ -65.132609, -16.689654 ], [ -65.131819, -16.68999 ], [ -65.131126, -16.690387 ], [ -65.13024, -16.690864 ], [ -65.130045, -16.690967 ], [ -65.129725, -16.691197 ], [ -65.128635, -16.692164 ], [ -65.127941, -16.69304 ], [ -65.12739, -16.694053 ], [ -65.12708, -16.694825 ], [ -65.126865, -16.695735 ], [ -65.126734, -16.696438 ], [ -65.126692, -16.69676 ], [ -65.126663, -16.696979 ], [ -65.126736, -16.697486 ], [ -65.126832, -16.69782 ], [ -65.12736, -16.698166 ], [ -65.127558, -16.698237 ], [ -65.128344, -16.698523 ], [ -65.129292, -16.698765 ], [ -65.130252, -16.698903 ], [ -65.131139, -16.698949 ], [ -65.132722, -16.698869 ], [ -65.134005, -16.698892 ], [ -65.134683, -16.69892 ], [ -65.135409, -16.698949 ], [ -65.136752, -16.699042 ], [ -65.137987, -16.699145 ], [ -65.139763, -16.699329 ], [ -65.140566, -16.699525 ], [ -65.141262, -16.699721 ], [ -65.141922, -16.700044 ], [ -65.142655, -16.700551 ], [ -65.143399, -16.701149 ], [ -65.1443, -16.702002 ], [ -65.145069, -16.702774 ], [ -65.145742, -16.703638 ], [ -65.146559, -16.704743 ], [ -65.147435, -16.706312 ], [ -65.148218, -16.707715 ], [ -65.148639, -16.708597 ], [ -65.149037, -16.709432 ], [ -65.149109, -16.709489 ], [ -65.149936, -16.710146 ], [ -65.150196, -16.71122 ], [ -65.151762, -16.712638 ], [ -65.152338, -16.714186 ], [ -65.152527, -16.714554 ], [ -65.153226, -16.71591 ], [ -65.153823, -16.717967 ], [ -65.154605, -16.719142 ], [ -65.155227, -16.720275 ], [ -65.155459, -16.720697 ], [ -65.155917, -16.722183 ], [ -65.156039, -16.723392 ], [ -65.155972, -16.724381 ], [ -65.155988, -16.724501 ], [ -65.155963, -16.725204 ], [ -65.155664, -16.725987 ], [ -65.155119, -16.726555 ], [ -65.153624, -16.72707 ], [ -65.152029, -16.727016 ], [ -65.151229, -16.726745 ], [ -65.150136, -16.726268 ], [ -65.148942, -16.725708 ], [ -65.148714, -16.725662 ], [ -65.147526, -16.72549 ], [ -65.146791, -16.725417 ], [ -65.146482, -16.725386 ], [ -65.145595, -16.725386 ], [ -65.144671, -16.725501 ], [ -65.14346, -16.72572 ], [ -65.142045, -16.726054 ], [ -65.140846, -16.726458 ], [ -65.13966, -16.726953 ], [ -65.138461, -16.727621 ], [ -65.137586, -16.728209 ], [ -65.136628, -16.729061 ], [ -65.136077, -16.729775 ], [ -65.135599, -16.730547 ], [ -65.135288, -16.731365 ], [ -65.135122, -16.73189 ], [ -65.135025, -16.732194 ], [ -65.134894, -16.733024 ], [ -65.134836, -16.733945 ], [ -65.135041, -16.735063 ], [ -65.135487, -16.73641 ], [ -65.136053, -16.737747 ], [ -65.137747, -16.741258 ], [ -65.138447, -16.742711 ], [ -65.139025, -16.743794 ], [ -65.139686, -16.744889 ], [ -65.140479, -16.745902 ], [ -65.141417, -16.746847 ], [ -65.141907, -16.747238 ], [ -65.142413, -16.747642 ], [ -65.143434, -16.748321 ], [ -65.144635, -16.748862 ], [ -65.145811, -16.749162 ], [ -65.146962, -16.749231 ], [ -65.148066, -16.749139 ], [ -65.149289, -16.748851 ], [ -65.150692, -16.74839 ], [ -65.151963, -16.747917 ], [ -65.153174, -16.747491 ], [ -65.154313, -16.747214 ], [ -65.155404, -16.746915 ], [ -65.156123, -16.746776 ], [ -65.156208, -16.746765 ], [ -65.156963, -16.746661 ], [ -65.157683, -16.746603 ], [ -65.158654, -16.746603 ], [ -65.159722, -16.746672 ], [ -65.16139, -16.746822 ], [ -65.162169, -16.746868 ], [ -65.162937, -16.74696 ], [ -65.163909, -16.747179 ], [ -65.164833, -16.747443 ], [ -65.16559, -16.747708 ], [ -65.166286, -16.748019 ], [ -65.166898, -16.748422 ], [ -65.167463, -16.748883 ], [ -65.167547, -16.748952 ], [ -65.168112, -16.749528 ], [ -65.168448, -16.749919 ], [ -65.16917, -16.750864 ], [ -65.169518, -16.751209 ], [ -65.170623, -16.751831 ], [ -65.172292, -16.753052 ], [ -65.173422, -16.754146 ], [ -65.174023, -16.755079 ], [ -65.174445, -16.756231 ], [ -65.174972, -16.757252 ], [ -65.174697, -16.758055 ], [ -65.174761, -16.75835 ], [ -65.174558, -16.759237 ], [ -65.174283, -16.759756 ], [ -65.173864, -16.760297 ], [ -65.173337, -16.760724 ], [ -65.172738, -16.761092 ], [ -65.172704, -16.761103 ], [ -65.172534, -16.761207 ], [ -65.172114, -16.761334 ], [ -65.17167, -16.761357 ], [ -65.171094, -16.761277 ], [ -65.17029, -16.760989 ], [ -65.16951, -16.760632 ], [ -65.168729, -16.760137 ], [ -65.167912, -16.759434 ], [ -65.167254, -16.758714 ], [ -65.164978, -16.757116 ], [ -65.163805, -16.755942 ], [ -65.162855, -16.755253 ], [ -65.162348, -16.754835 ], [ -65.16151, -16.75462 ], [ -65.161051, -16.754552 ], [ -65.160586, -16.754482 ], [ -65.159663, -16.754448 ], [ -65.158703, -16.754482 ], [ -65.158115, -16.754555 ], [ -65.157671, -16.754609 ], [ -65.156556, -16.754897 ], [ -65.155285, -16.755381 ], [ -65.153978, -16.755831 ], [ -65.152695, -16.756119 ], [ -65.151352, -16.756177 ], [ -65.149936, -16.756027 ], [ -65.148736, -16.755877 ], [ -65.147728, -16.755705 ], [ -65.146708, -16.755682 ], [ -65.145881, -16.755797 ], [ -65.14467, -16.756074 ], [ -65.143554, -16.756442 ], [ -65.142664, -16.756856 ], [ -65.141997, -16.757422 ], [ -65.141434, -16.758251 ], [ -65.141004, -16.759184 ], [ -65.140682, -16.760233 ], [ -65.140431, -16.761281 ], [ -65.140445, -16.762502 ], [ -65.140639, -16.763688 ], [ -65.141036, -16.764817 ], [ -65.141457, -16.765554 ], [ -65.14225, -16.76613 ], [ -65.143487, -16.766637 ], [ -65.144963, -16.767098 ], [ -65.145478, -16.767384 ], [ -65.146307, -16.767581 ], [ -65.147831, -16.767858 ], [ -65.149199, -16.768007 ], [ -65.151323, -16.768122 ], [ -65.153015, -16.768571 ], [ -65.153879, -16.76894 ], [ -65.154516, -16.769331 ], [ -65.155273, -16.770034 ], [ -65.15609, -16.771036 ], [ -65.156404, -16.771533 ], [ -65.156679, -16.771969 ], [ -65.157246, -16.77342 ], [ -65.157536, -16.77463 ], [ -65.157647, -16.77653 ], [ -65.157517, -16.77797 ], [ -65.15716, -16.779548 ], [ -65.156681, -16.780562 ], [ -65.155975, -16.781714 ], [ -65.155113, -16.782705 ], [ -65.154118, -16.783569 ], [ -65.153028, -16.784226 ], [ -65.151997, -16.784733 ], [ -65.151121, -16.785067 ], [ -65.15021, -16.785286 ], [ -65.149118, -16.785332 ], [ -65.147774, -16.785194 ], [ -65.146358, -16.784918 ], [ -65.144942, -16.784664 ], [ -65.143934, -16.78443 ], [ -65.143453, -16.784319 ], [ -65.142109, -16.784031 ], [ -65.140141, -16.783559 ], [ -65.13954, -16.783444 ], [ -65.138965, -16.783467 ], [ -65.138293, -16.78364 ], [ -65.137521, -16.783966 ], [ -65.136927, -16.784308 ], [ -65.13616, -16.784953 ], [ -65.135477, -16.785771 ], [ -65.134915, -16.786808 ], [ -65.134484, -16.787764 ], [ -65.134198, -16.788674 ], [ -65.133947, -16.789699 ], [ -65.133876, -16.790344 ], [ -65.13395, -16.791289 ], [ -65.133846, -16.791646 ], [ -65.134143, -16.79236 ], [ -65.134913, -16.793777 ], [ -65.135899, -16.795263 ], [ -65.136825, -16.796507 ], [ -65.137654, -16.797417 ], [ -65.137935, -16.797649 ], [ -65.138627, -16.798223 ], [ -65.140729, -16.799674 ], [ -65.141774, -16.800458 ], [ -65.142699, -16.801195 ], [ -65.143576, -16.801943 ], [ -65.144502, -16.802646 ], [ -65.14545, -16.803279 ], [ -65.146363, -16.803763 ], [ -65.147324, -16.804132 ], [ -65.148344, -16.804316 ], [ -65.14928, -16.804247 ], [ -65.150168, -16.804074 ], [ -65.151019, -16.803832 ], [ -65.151384, -16.803721 ], [ -65.152506, -16.803382 ], [ -65.15337, -16.803209 ], [ -65.154378, -16.803094 ], [ -65.156549, -16.80299 ], [ -65.158566, -16.803093 ], [ -65.159706, -16.803185 ], [ -65.16099, -16.803335 ], [ -65.161974, -16.803473 ], [ -65.163282, -16.803761 ], [ -65.164579, -16.804175 ], [ -65.16596, -16.804647 ], [ -65.167076, -16.805108 ], [ -65.168313, -16.805706 ], [ -65.169539, -16.806409 ], [ -65.170596, -16.807203 ], [ -65.171605, -16.808182 ], [ -65.172556, -16.80953 ], [ -65.173387, -16.811223 ], [ -65.173833, -16.812697 ], [ -65.173811, -16.813976 ], [ -65.173573, -16.814886 ], [ -65.173423, -16.815163 ], [ -65.173466, -16.815347 ], [ -65.172902, -16.816595 ], [ -65.171532, -16.817238 ], [ -65.168927, -16.817685 ], [ -65.167546, -16.81742 ], [ -65.166606, -16.817569 ], [ -65.165742, -16.817768 ], [ -65.165215, -16.818275 ], [ -65.164964, -16.818828 ], [ -65.164768, -16.819039 ], [ -65.164809, -16.81953 ], [ -65.165314, -16.820451 ], [ -65.165999, -16.821027 ], [ -65.166804, -16.821557 ], [ -65.167331, -16.821864 ], [ -65.167477, -16.821948 ], [ -65.168762, -16.822455 ], [ -65.169386, -16.822858 ], [ -65.170144, -16.823733 ], [ -65.170974, -16.825081 ], [ -65.171601, -16.826474 ], [ -65.172059, -16.827903 ], [ -65.172301, -16.829078 ], [ -65.172399, -16.830114 ], [ -65.172425, -16.830869 ], [ -65.172437, -16.831209 ], [ -65.172438, -16.831992 ], [ -65.172488, -16.83281 ], [ -65.172573, -16.833397 ], [ -65.172826, -16.834146 ], [ -65.174752, -16.834689 ], [ -65.177245, -16.83556 ], [ -65.178369, -16.836146 ], [ -65.179368, -16.836673 ], [ -65.179483, -16.836821 ], [ -65.180403, -16.837715 ], [ -65.181303, -16.839447 ], [ -65.181627, -16.840005 ], [ -65.18178, -16.840416 ], [ -65.18196, -16.840965 ], [ -65.182084, -16.841664 ], [ -65.182098, -16.842261 ], [ -65.181994, -16.842905 ], [ -65.181774, -16.843064 ], [ -65.181543, -16.84369 ], [ -65.181271, -16.844279 ], [ -65.181006, -16.844662 ], [ -65.180691, -16.844976 ], [ -65.180232, -16.845224 ], [ -65.179771, -16.845426 ], [ -65.178624, -16.845855 ], [ -65.178233, -16.845964 ], [ -65.177902, -16.846095 ], [ -65.177547, -16.846215 ], [ -65.176895, -16.846385 ], [ -65.175837, -16.846538 ], [ -65.173325, -16.84678 ], [ -65.172077, -16.84697 ], [ -65.170875, -16.847113 ], [ -65.17021, -16.847222 ], [ -65.169082, -16.847512 ], [ -65.168364, -16.847797 ], [ -65.167717, -16.848013 ], [ -65.167287, -16.84826 ], [ -65.166929, -16.848542 ], [ -65.166359, -16.849208 ], [ -65.165825, -16.849804 ], [ -65.16567, -16.85083 ], [ -65.165688, -16.851587 ], [ -65.165769, -16.852482 ], [ -65.165907, -16.853261 ], [ -65.166078, -16.853924 ], [ -65.166556, -16.854962 ], [ -65.166939, -16.855531 ], [ -65.167306, -16.855916 ], [ -65.167538, -16.856108 ], [ -65.167887, -16.856241 ], [ -65.168235, -16.85634 ], [ -65.169229, -16.856475 ], [ -65.169599, -16.85647 ], [ -65.170861, -16.85636 ], [ -65.172696, -16.856254 ], [ -65.173082, -16.856305 ], [ -65.173967, -16.85621 ], [ -65.174063, -16.856193 ], [ -65.174989, -16.856035 ], [ -65.175989, -16.855928 ], [ -65.176417, -16.855854 ], [ -65.176937, -16.855674 ], [ -65.177491, -16.85539 ], [ -65.177973, -16.855051 ], [ -65.178417, -16.854665 ], [ -65.178951, -16.854061 ], [ -65.179518, -16.853318 ], [ -65.180645, -16.851593 ], [ -65.180692, -16.851521 ], [ -65.181408, -16.850512 ], [ -65.182255, -16.84949 ], [ -65.182504, -16.849199 ], [ -65.182974, -16.848653 ], [ -65.183695, -16.847862 ], [ -65.184371, -16.847175 ], [ -65.184908, -16.846673 ], [ -65.185329, -16.846346 ], [ -65.185671, -16.846146 ], [ -65.186096, -16.845967 ], [ -65.186511, -16.845858 ], [ -65.187296, -16.845778 ], [ -65.187655, -16.845796 ], [ -65.18799, -16.845848 ], [ -65.188302, -16.845936 ], [ -65.189939, -16.84651 ], [ -65.190543, -16.846834 ], [ -65.19075, -16.847015 ], [ -65.191033, -16.847344 ], [ -65.191331, -16.847868 ], [ -65.191834, -16.849411 ], [ -65.192271, -16.85123 ], [ -65.192411, -16.852101 ], [ -65.192543, -16.85311 ], [ -65.192625, -16.854073 ], [ -65.192671, -16.855002 ], [ -65.192861, -16.856308 ], [ -65.193004, -16.858803 ], [ -65.193821, -16.858894 ], [ -65.194207, -16.859176 ], [ -65.194299, -16.859747 ], [ -65.194824, -16.861133 ], [ -65.194498, -16.862281 ], [ -65.194002, -16.863514 ], [ -65.192496, -16.865493 ], [ -65.191916, -16.866808 ], [ -65.192524, -16.867947 ], [ -65.194057, -16.868258 ], [ -65.19583, -16.867257 ], [ -65.197005, -16.866018 ], [ -65.197753, -16.864619 ], [ -65.19953, -16.864027 ], [ -65.20098, -16.864502 ], [ -65.202011, -16.865473 ], [ -65.202136, -16.868908 ], [ -65.202255, -16.871851 ], [ -65.202977, -16.875525 ], [ -65.203501, -16.876746 ], [ -65.205214, -16.877955 ], [ -65.207851, -16.878172 ], [ -65.210846, -16.877176 ], [ -65.211808, -16.876735 ], [ -65.213924, -16.875976 ], [ -65.217813, -16.874379 ], [ -65.219684, -16.874523 ], [ -65.220366, -16.874761 ], [ -65.220296, -16.875989 ], [ -65.219116, -16.876819 ], [ -65.217853, -16.877815 ], [ -65.217531, -16.879291 ], [ -65.217712, -16.88027 ], [ -65.218324, -16.881736 ], [ -65.21876, -16.882713 ], [ -65.219624, -16.883931 ], [ -65.220649, -16.884411 ], [ -65.223119, -16.884875 ], [ -65.225253, -16.885751 ], [ -65.227222, -16.887039 ], [ -65.227319, -16.888019 ], [ -65.226906, -16.889006 ], [ -65.226246, -16.890731 ], [ -65.226114, -16.891781 ], [ -65.226598, -16.89179 ], [ -65.227283, -16.892164 ], [ -65.228573, -16.893541 ], [ -65.229607, -16.894756 ], [ -65.232254, -16.895873 ], [ -65.234545, -16.895602 ], [ -65.237765, -16.894831 ], [ -65.239803, -16.894727 ], [ -65.242109, -16.895683 ], [ -65.243921, -16.898036 ], [ -65.245726, -16.899816 ], [ -65.245802, -16.90069 ], [ -65.245914, -16.901286 ], [ -65.245415, -16.902191 ], [ -65.244659, -16.902936 ], [ -65.244586, -16.904 ], [ -65.245275, -16.904729 ], [ -65.246048, -16.905457 ], [ -65.246994, -16.906428 ], [ -65.247, -16.906919 ], [ -65.247603, -16.907566 ], [ -65.249133, -16.907631 ], [ -65.249812, -16.907542 ], [ -65.250142, -16.90672 ], [ -65.252262, -16.90637 ], [ -65.253542, -16.906847 ], [ -65.254576, -16.908062 ], [ -65.254679, -16.909534 ], [ -65.255069, -16.910615 ], [ -65.255103, -16.911146 ], [ -65.255114, -16.912128 ], [ -65.254527, -16.912789 ], [ -65.254531, -16.913116 ], [ -65.255052, -16.91401 ], [ -65.255058, -16.914501 ], [ -65.258059, -16.916758 ], [ -65.259501, -16.916579 ], [ -65.261028, -16.916316 ], [ -65.262729, -16.916461 ], [ -65.265378, -16.917659 ], [ -65.267833, -16.918605 ], [ -65.269811, -16.918837 ], [ -65.27398, -16.919281 ], [ -65.27806, -16.919399 ], [ -65.280698, -16.919697 ], [ -65.285556, -16.92087 ], [ -65.285726, -16.920868 ], [ -65.28758, -16.921908 ], [ -65.288896, -16.922959 ], [ -65.289065, -16.922957 ], [ -65.290438, -16.924006 ], [ -65.292743, -16.92488 ], [ -65.294962, -16.925673 ], [ -65.297356, -16.926873 ], [ -65.299829, -16.927581 ], [ -65.300807, -16.929212 ], [ -65.301852, -16.930333 ], [ -65.302963, -16.930811 ], [ -65.304921, -16.931116 ], [ -65.306876, -16.931094 ], [ -65.307731, -16.931575 ], [ -65.307733, -16.931739 ], [ -65.309353, -16.93213 ], [ -65.310127, -16.932939 ], [ -65.311939, -16.935127 ], [ -65.317498, -16.938009 ], [ -65.319724, -16.939374 ], [ -65.3216, -16.941172 ], [ -65.323903, -16.944451 ], [ -65.326982, -16.946052 ], [ -65.327152, -16.94605 ], [ -65.329712, -16.946839 ], [ -65.331241, -16.946821 ], [ -65.33407, -16.948752 ], [ -65.336637, -16.950195 ], [ -65.339443, -16.950326 ], [ -65.342522, -16.951845 ], [ -65.344578, -16.952819 ], [ -65.347096, -16.953752 ], [ -65.347986, -16.954249 ], [ -65.348957, -16.954489 ], [ -65.3509, -16.954969 ], [ -65.353914, -16.955277 ], [ -65.353999, -16.955276 ], [ -65.355355, -16.954974 ], [ -65.357483, -16.955235 ], [ -65.357568, -16.955234 ], [ -65.360556, -16.956304 ], [ -65.364652, -16.957566 ], [ -65.36639, -16.958046 ], [ -65.367683, -16.9582 ], [ -65.36879, -16.958351 ], [ -65.371953, -16.959787 ], [ -65.375016, -16.960078 ], [ -65.377396, -16.96005 ], [ -65.378501, -16.960078 ], [ -65.379535, -16.960648 ], [ -65.381108, -16.961234 ], [ -65.382178, -16.961876 ], [ -65.384755, -16.964013 ], [ -65.385358, -16.96462 ], [ -65.3854, -16.964619 ], [ -65.386767, -16.965135 ], [ -65.387918, -16.96549 ], [ -65.388853, -16.965479 ], [ -65.390512, -16.965623 ], [ -65.391395, -16.9663 ], [ -65.392934, -16.967104 ], [ -65.394735, -16.96835 ], [ -65.396189, -16.969069 ], [ -65.397917, -16.970549 ], [ -65.398224, -16.970831 ], [ -65.39897, -16.971518 ], [ -65.399172, -16.972313 ], [ -65.399176, -16.972661 ], [ -65.399024, -16.972822 ], [ -65.39912, -16.973275 ], [ -65.399293, -16.973477 ], [ -65.399613, -16.973596 ], [ -65.400243, -16.973619 ], [ -65.40177, -16.973356 ], [ -65.402785, -16.973016 ], [ -65.40423, -16.972999 ], [ -65.406018, -16.973224 ], [ -65.406616, -16.973462 ], [ -65.40705, -16.974193 ], [ -65.407063, -16.975174 ], [ -65.407071, -16.975829 ], [ -65.408356, -16.976632 ], [ -65.408951, -16.976624 ], [ -65.409972, -16.976694 ], [ -65.411921, -16.976262 ], [ -65.413604, -16.97601 ], [ -65.415046, -16.975283 ], [ -65.416484, -16.974693 ], [ -65.416569, -16.974692 ], [ -65.417758, -16.974678 ], [ -65.419127, -16.975316 ], [ -65.419901, -16.976043 ], [ -65.420937, -16.977339 ], [ -65.424496, -16.983105 ], [ -65.425568, -16.9871 ], [ -65.425944, -16.989876 ], [ -65.426666, -16.99467 ], [ -65.42647, -16.997776 ], [ -65.426471, -16.997858 ], [ -65.427117, -17.001776 ], [ -65.427947, -17.006838 ], [ -65.428849, -17.010835 ], [ -65.428815, -17.014843 ], [ -65.429099, -17.017376 ], [ -65.429248, -17.01839 ], [ -65.429132, -17.019251 ], [ -65.429097, -17.019865 ], [ -65.429098, -17.019905 ], [ -65.429099, -17.019987 ], [ -65.428769, -17.020768 ], [ -65.428733, -17.021259 ], [ -65.428704, -17.022323 ], [ -65.429223, -17.023053 ], [ -65.429657, -17.023702 ], [ -65.430438, -17.024961 ], [ -65.431565, -17.02664 ], [ -65.432015, -17.028515 ], [ -65.432372, -17.02982 ], [ -65.4332, -17.031446 ], [ -65.43309, -17.032797 ], [ -65.433091, -17.032878 ], [ -65.433108, -17.034146 ], [ -65.433241, -17.034594 ], [ -65.433927, -17.037022 ], [ -65.43454, -17.041733 ], [ -65.434611, -17.042264 ], [ -65.434685, -17.043081 ], [ -65.434783, -17.044061 ], [ -65.434788, -17.04445 ], [ -65.43463, -17.045763 ], [ -65.434882, -17.045924 ], [ -65.435064, -17.04609 ], [ -65.435131, -17.046273 ], [ -65.435304, -17.046537 ], [ -65.435329, -17.046843 ], [ -65.43527, -17.047151 ], [ -65.434915, -17.047646 ], [ -65.434915, -17.047687 ], [ -65.434771, -17.048057 ], [ -65.434864, -17.048628 ], [ -65.435407, -17.049542 ], [ -65.435884, -17.050252 ], [ -65.436228, -17.050616 ], [ -65.436809, -17.05112 ], [ -65.437837, -17.05168 ], [ -65.437862, -17.051694 ], [ -65.438387, -17.052003 ], [ -65.439903, -17.052587 ], [ -65.440476, -17.053119 ], [ -65.441613, -17.053638 ], [ -65.442496, -17.054182 ], [ -65.442724, -17.054427 ], [ -65.443135, -17.05362 ], [ -65.443398, -17.052574 ], [ -65.444381, -17.051032 ], [ -65.445336, -17.050508 ], [ -65.446042, -17.050101 ], [ -65.447212, -17.049577 ], [ -65.447918, -17.046962 ], [ -65.448224, -17.046012 ], [ -65.449172, -17.045588 ], [ -65.450221, -17.045779 ], [ -65.452284, -17.047066 ], [ -65.453906, -17.048619 ], [ -65.4545, -17.049944 ], [ -65.454948, -17.051462 ], [ -65.456887, -17.050825 ], [ -65.45789, -17.050753 ], [ -65.459102, -17.051367 ], [ -65.459206, -17.051441 ], [ -65.460375, -17.051792 ], [ -65.460555, -17.051763 ], [ -65.460569, -17.05185 ], [ -65.460659, -17.051836 ], [ -65.46293, -17.051017 ], [ -65.463753, -17.051515 ], [ -65.465311, -17.051983 ], [ -65.468826, -17.051414 ], [ -65.470849, -17.051897 ], [ -65.472345, -17.052555 ], [ -65.474513, -17.053915 ], [ -65.476464, -17.05396 ], [ -65.478199, -17.05494 ], [ -65.478228, -17.055115 ], [ -65.478318, -17.055101 ], [ -65.480158, -17.056154 ], [ -65.481024, -17.056914 ], [ -65.481183, -17.05788 ], [ -65.481032, -17.058084 ], [ -65.478115, -17.058918 ], [ -65.476324, -17.059839 ], [ -65.475917, -17.060175 ], [ -65.47555, -17.061316 ], [ -65.475083, -17.06379 ], [ -65.474406, -17.064474 ], [ -65.473815, -17.065381 ], [ -65.472763, -17.065732 ], [ -65.470769, -17.065424 ], [ -65.469265, -17.065848 ], [ -65.468617, -17.066403 ], [ -65.468491, -17.067325 ], [ -65.468156, -17.0681 ], [ -65.468092, -17.068831 ], [ -65.467563, -17.069548 ], [ -65.467693, -17.070337 ], [ -65.468468, -17.07111 ], [ -65.469111, -17.071637 ], [ -65.469119, -17.072806 ], [ -65.469441, -17.074196 ], [ -65.47008, -17.075264 ], [ -65.471187, -17.075805 ], [ -65.473704, -17.076478 ], [ -65.473795, -17.076463 ], [ -65.475126, -17.077239 ], [ -65.477402, -17.078131 ], [ -65.479393, -17.07898 ], [ -65.48089, -17.079638 ], [ -65.481962, -17.081086 ], [ -65.483308, -17.081949 ], [ -65.48425, -17.082607 ], [ -65.484953, -17.082944 ], [ -65.485412, -17.084041 ], [ -65.485426, -17.084128 ], [ -65.485882, -17.085766 ], [ -65.486418, -17.089013 ], [ -65.487133, -17.089978 ], [ -65.488476, -17.091219 ], [ -65.489107, -17.092377 ], [ -65.490719, -17.091591 ], [ -65.491857, -17.090416 ], [ -65.492662, -17.090162 ], [ -65.493866, -17.090502 ], [ -65.494769, -17.09099 ], [ -65.494784, -17.091078 ], [ -65.495304, -17.091984 ], [ -65.495103, -17.093008 ], [ -65.495157, -17.0939 ], [ -65.495172, -17.093988 ], [ -65.495843, -17.09469 ], [ -65.497553, -17.094953 ], [ -65.498736, -17.095392 ], [ -65.499707, -17.096226 ], [ -65.499721, -17.096314 ], [ -65.500242, -17.09722 ], [ -65.500256, -17.097308 ], [ -65.500628, -17.097878 ], [ -65.500718, -17.097864 ], [ -65.500747, -17.098039 ], [ -65.500837, -17.098025 ], [ -65.501346, -17.098302 ], [ -65.501361, -17.09839 ], [ -65.501866, -17.099209 ], [ -65.50314, -17.099633 ], [ -65.504477, -17.099326 ], [ -65.505512, -17.099429 ], [ -65.506137, -17.100409 ], [ -65.507454, -17.100209 ], [ -65.507969, -17.100713 ], [ -65.508367, -17.10204 ], [ -65.508562, -17.102561 ], [ -65.509543, -17.101959 ], [ -65.510199, -17.101462 ], [ -65.511223, -17.100935 ], [ -65.512019, -17.100716 ], [ -65.512937, -17.100837 ], [ -65.513698, -17.101525 ], [ -65.515646, -17.10211 ], [ -65.516873, -17.102811 ], [ -65.518103, -17.102972 ], [ -65.519726, -17.102709 ], [ -65.521665, -17.102124 ], [ -65.523201, -17.101334 ], [ -65.525311, -17.099811 ], [ -65.52659, -17.100142 ], [ -65.527475, -17.100162 ], [ -65.527859, -17.100395 ], [ -65.528574, -17.101361 ], [ -65.5296, -17.103086 ], [ -65.53051, -17.10411 ], [ -65.530614, -17.104183 ], [ -65.530629, -17.104271 ], [ -65.530719, -17.104256 ], [ -65.530734, -17.104344 ], [ -65.531812, -17.104709 ], [ -65.533388, -17.104724 ], [ -65.535171, -17.105425 ], [ -65.536386, -17.105498 ], [ -65.537162, -17.106273 ], [ -65.538029, -17.107034 ], [ -65.538671, -17.10756 ], [ -65.53958, -17.11075 ], [ -65.539969, -17.111389 ], [ -65.54046, -17.11134 ], [ -65.540903, -17.111866 ], [ -65.540967, -17.111938 ], [ -65.541047, -17.112043 ], [ -65.541222, -17.1124 ], [ -65.541437, -17.112836 ], [ -65.541628, -17.113296 ], [ -65.541747, -17.113732 ], [ -65.541891, -17.114168 ], [ -65.54213, -17.114536 ], [ -65.542321, -17.114903 ], [ -65.542386, -17.115021 ], [ -65.542536, -17.115294 ], [ -65.542798, -17.115615 ], [ -65.543085, -17.11596 ], [ -65.543372, -17.116304 ], [ -65.543658, -17.116695 ], [ -65.543993, -17.117039 ], [ -65.544279, -17.117384 ], [ -65.544614, -17.117728 ], [ -65.544728, -17.117838 ], [ -65.544945, -17.118047 ], [ -65.544972, -17.118073 ], [ -65.545283, -17.118394 ], [ -65.545665, -17.11867 ], [ -65.546023, -17.119014 ], [ -65.546358, -17.119336 ], [ -65.546668, -17.119703 ], [ -65.546979, -17.120071 ], [ -65.547241, -17.120415 ], [ -65.547528, -17.120806 ], [ -65.547743, -17.121242 ], [ -65.547982, -17.121656 ], [ -65.548269, -17.121977 ], [ -65.548627, -17.122345 ], [ -65.548985, -17.122666 ], [ -65.549463, -17.122873 ], [ -65.549869, -17.123011 ], [ -65.550323, -17.123217 ], [ -65.550705, -17.123424 ], [ -65.551112, -17.123654 ], [ -65.551565, -17.123929 ], [ -65.551995, -17.124228 ], [ -65.552306, -17.124527 ], [ -65.552688, -17.124848 ], [ -65.553047, -17.125215 ], [ -65.553309, -17.125537 ], [ -65.553477, -17.125719 ], [ -65.554074, -17.125992 ], [ -65.55449, -17.126767 ], [ -65.554623, -17.126915 ], [ -65.554862, -17.127328 ], [ -65.555125, -17.127673 ], [ -65.555483, -17.127994 ], [ -65.555616, -17.128186 ], [ -65.555722, -17.128339 ], [ -65.556081, -17.128683 ], [ -65.556391, -17.129074 ], [ -65.556797, -17.129349 ], [ -65.556945, -17.129482 ], [ -65.557132, -17.129648 ], [ -65.557466, -17.130038 ], [ -65.557849, -17.130337 ], [ -65.558207, -17.130612 ], [ -65.558661, -17.130819 ], [ -65.559091, -17.131026 ], [ -65.559473, -17.131233 ], [ -65.559855, -17.131531 ], [ -65.559927, -17.1316 ], [ -65.56019, -17.131853 ], [ -65.560524, -17.132197 ], [ -65.560692, -17.132587 ], [ -65.560835, -17.133024 ], [ -65.560907, -17.133437 ], [ -65.56105, -17.133851 ], [ -65.561313, -17.134241 ], [ -65.561647, -17.134631 ], [ -65.562006, -17.134884 ], [ -65.562412, -17.13516 ], [ -65.562866, -17.135389 ], [ -65.563176, -17.135734 ], [ -65.563463, -17.136055 ], [ -65.563845, -17.136262 ], [ -65.564323, -17.136262 ], [ -65.564777, -17.136262 ], [ -65.565112, -17.136583 ], [ -65.565351, -17.136928 ], [ -65.565637, -17.137318 ], [ -65.565852, -17.137754 ], [ -65.565852, -17.137755 ], [ -65.566091, -17.138145 ], [ -65.566928, -17.139178 ], [ -65.567959, -17.139664 ], [ -65.568122, -17.140533 ], [ -65.568337, -17.140947 ], [ -65.5686, -17.14136 ], [ -65.568887, -17.141727 ], [ -65.569293, -17.141911 ], [ -65.569747, -17.142095 ], [ -65.569914, -17.142554 ], [ -65.569962, -17.142967 ], [ -65.569986, -17.143404 ], [ -65.569986, -17.143591 ], [ -65.569986, -17.143764 ], [ -65.569986, -17.14384 ], [ -65.569986, -17.144048 ], [ -65.569986, -17.144253 ], [ -65.569974, -17.144482 ], [ -65.569971, -17.144544 ], [ -65.570288, -17.145135 ], [ -65.570918, -17.146182 ], [ -65.571133, -17.146619 ], [ -65.571278, -17.146781 ], [ -65.571893, -17.147074 ], [ -65.573178, -17.147411 ], [ -65.573523, -17.147376 ], [ -65.573977, -17.147284 ], [ -65.574407, -17.147239 ], [ -65.574861, -17.147261 ], [ -65.575291, -17.147376 ], [ -65.575697, -17.147537 ], [ -65.576055, -17.14779 ], [ -65.57639, -17.148157 ], [ -65.576677, -17.148501 ], [ -65.576963, -17.148892 ], [ -65.577298, -17.149144 ], [ -65.577752, -17.149259 ], [ -65.578206, -17.149374 ], [ -65.57866, -17.149489 ], [ -65.579303, -17.149644 ], [ -65.579042, -17.150683 ], [ -65.579066, -17.151119 ], [ -65.57909, -17.151601 ], [ -65.579114, -17.152015 ], [ -65.579066, -17.152428 ], [ -65.578959, -17.152798 ], [ -65.579098, -17.15344 ], [ -65.577837, -17.15541 ], [ -65.577848, -17.155506 ], [ -65.577753, -17.155988 ], [ -65.57737, -17.156332 ], [ -65.577195, -17.156412 ], [ -65.576758, -17.157095 ], [ -65.57679, -17.161835 ], [ -65.577156, -17.161913 ], [ -65.577562, -17.162051 ], [ -65.577993, -17.162142 ], [ -65.578494, -17.162372 ], [ -65.579187, -17.163038 ], [ -65.579894, -17.163834 ], [ -65.580157, -17.163978 ], [ -65.581172, -17.164411 ], [ -65.584177, -17.169395 ], [ -65.584183, -17.169398 ], [ -65.584613, -17.169628 ], [ -65.585067, -17.169835 ], [ -65.585497, -17.169949 ], [ -65.585975, -17.170041 ], [ -65.586453, -17.170156 ], [ -65.586883, -17.17011 ], [ -65.587313, -17.170133 ], [ -65.587767, -17.170271 ], [ -65.588173, -17.170477 ], [ -65.588556, -17.170753 ], [ -65.588962, -17.170982 ], [ -65.589344, -17.171258 ], [ -65.589751, -17.171487 ], [ -65.590148, -17.17172 ], [ -65.590242, -17.171746 ], [ -65.590611, -17.171786 ], [ -65.591041, -17.171786 ], [ -65.591495, -17.171786 ], [ -65.591949, -17.171877 ], [ -65.592355, -17.171992 ], [ -65.592809, -17.172176 ], [ -65.593216, -17.172359 ], [ -65.594566, -17.172434 ], [ -65.595868, -17.173185 ], [ -65.596251, -17.173415 ], [ -65.596529, -17.173563 ], [ -65.597362, -17.173828 ], [ -65.597816, -17.173869 ], [ -65.598135, -17.173895 ], [ -65.598496, -17.17388 ], [ -65.598921, -17.173895 ], [ -65.599399, -17.173899 ], [ -65.599951, -17.173943 ], [ -65.600345, -17.173989 ], [ -65.600695, -17.174103 ], [ -65.601173, -17.174195 ], [ -65.601627, -17.174309 ], [ -65.602058, -17.174562 ], [ -65.60244, -17.174769 ], [ -65.602894, -17.174906 ], [ -65.603348, -17.175044 ], [ -65.603826, -17.175067 ], [ -65.603987, -17.175067 ], [ -65.604784, -17.174951 ], [ -65.604876, -17.175119 ], [ -65.605185, -17.175232 ], [ -65.605432, -17.175433 ], [ -65.605618, -17.175798 ], [ -65.605686, -17.176124 ], [ -65.605953, -17.176559 ], [ -65.606264, -17.176857 ], [ -65.606623, -17.17711 ], [ -65.607053, -17.177385 ], [ -65.607435, -17.177661 ], [ -65.607818, -17.177936 ], [ -65.608152, -17.178235 ], [ -65.608987, -17.178959 ], [ -65.610804, -17.180064 ], [ -65.611188, -17.181012 ], [ -65.611291, -17.181211 ], [ -65.611482, -17.181457 ], [ -65.611809, -17.181586 ], [ -65.612311, -17.181678 ], [ -65.612694, -17.181862 ], [ -65.612957, -17.182229 ], [ -65.6131, -17.182688 ], [ -65.613172, -17.183148 ], [ -65.613363, -17.183515 ], [ -65.613643, -17.183748 ], [ -65.615783, -17.183609 ], [ -65.616016, -17.183514 ], [ -65.616446, -17.183376 ], [ -65.6169, -17.183307 ], [ -65.617354, -17.183261 ], [ -65.617784, -17.183261 ], [ -65.618262, -17.183261 ], [ -65.618571, -17.183229 ], [ -65.618716, -17.183215 ], [ -65.619122, -17.1831 ], [ -65.619529, -17.182962 ], [ -65.620006, -17.182916 ], [ -65.620484, -17.182916 ], [ -65.620938, -17.183007 ], [ -65.621393, -17.183122 ], [ -65.621751, -17.18342 ], [ -65.621966, -17.183788 ], [ -65.622253, -17.184109 ], [ -65.622588, -17.184453 ], [ -65.622851, -17.184867 ], [ -65.623162, -17.185211 ], [ -65.623473, -17.185578 ], [ -65.623712, -17.185992 ], [ -65.623951, -17.186428 ], [ -65.624214, -17.186818 ], [ -65.624357, -17.186926 ], [ -65.625461, -17.187366 ], [ -65.625887, -17.187346 ], [ -65.626317, -17.187208 ], [ -65.626771, -17.187139 ], [ -65.627225, -17.187161 ], [ -65.627679, -17.187276 ], [ -65.628109, -17.187414 ], [ -65.628563, -17.187528 ], [ -65.628946, -17.187712 ], [ -65.629472, -17.187758 ], [ -65.62995, -17.187803 ], [ -65.630428, -17.187849 ], [ -65.631336, -17.187826 ], [ -65.63254, -17.187648 ], [ -65.633243, -17.189077 ], [ -65.633726, -17.189226 ], [ -65.633735, -17.189236 ], [ -65.633989, -17.189547 ], [ -65.634443, -17.189708 ], [ -65.634873, -17.189753 ], [ -65.635327, -17.189776 ], [ -65.635781, -17.189845 ], [ -65.636212, -17.190074 ], [ -65.636499, -17.190419 ], [ -65.636833, -17.190763 ], [ -65.63712, -17.191153 ], [ -65.637407, -17.191475 ], [ -65.637637, -17.191524 ], [ -65.637837, -17.191566 ], [ -65.638268, -17.191566 ], [ -65.638698, -17.191543 ], [ -65.63908, -17.191726 ], [ -65.639415, -17.192025 ], [ -65.63975, -17.192346 ], [ -65.640156, -17.192576 ], [ -65.640586, -17.192621 ], [ -65.641064, -17.192759 ], [ -65.641417, -17.193215 ], [ -65.641683, -17.193359 ], [ -65.64206, -17.193608 ], [ -65.642378, -17.193662 ], [ -65.642737, -17.193723 ], [ -65.643215, -17.193883 ], [ -65.643598, -17.194159 ], [ -65.643731, -17.194222 ], [ -65.644856, -17.194522 ], [ -65.645343, -17.19441 ], [ -65.645749, -17.194295 ], [ -65.646203, -17.194203 ], [ -65.646657, -17.194226 ], [ -65.647015, -17.194478 ], [ -65.647302, -17.194823 ], [ -65.647709, -17.195098 ], [ -65.648068, -17.195465 ], [ -65.64845, -17.195718 ], [ -65.648785, -17.196062 ], [ -65.649119, -17.196314 ], [ -65.649383, -17.196636 ], [ -65.649693, -17.196934 ], [ -65.650028, -17.197187 ], [ -65.650411, -17.197439 ], [ -65.65662, -17.204222 ], [ -65.665232, -17.21964 ], [ -65.670503, -17.22552 ], [ -65.7003, -17.265201 ], [ -65.702148, -17.268433 ], [ -65.702152, -17.268434 ], [ -65.702703, -17.268462 ], [ -65.704702, -17.269307 ], [ -65.705702, -17.269735 ], [ -65.706522, -17.27025 ], [ -65.706977, -17.270421 ], [ -65.707705, -17.27085 ], [ -65.709362, -17.2717 ], [ -65.710666, -17.272868 ], [ -65.711246, -17.273146 ], [ -65.711767, -17.273423 ], [ -65.712111, -17.273581 ], [ -65.712297, -17.273837 ], [ -65.712524, -17.274439 ], [ -65.713006, -17.276162 ], [ -65.714606, -17.280507 ], [ -65.71463, -17.280508 ], [ -65.714617, -17.280588 ], [ -65.715203, -17.282803 ], [ -65.715496, -17.284197 ], [ -65.71546, -17.284353 ], [ -65.715463, -17.284369 ], [ -65.715267, -17.285226 ], [ -65.715236, -17.285657 ], [ -65.715209, -17.285765 ], [ -65.715205, -17.285829 ], [ -65.715087, -17.286307 ], [ -65.714945, -17.286761 ], [ -65.714644, -17.287395 ], [ -65.714285, -17.287959 ], [ -65.713854, -17.28851 ], [ -65.713506, -17.289018 ], [ -65.71344, -17.290527 ], [ -65.713419, -17.290545 ], [ -65.713413, -17.290698 ], [ -65.706811, -17.296478 ], [ -65.706404, -17.297018 ], [ -65.706103, -17.297652 ], [ -65.705724, -17.299131 ], [ -65.703513, -17.303479 ], [ -65.709743, -17.306399 ], [ -65.71065, -17.307376 ], [ -65.710627, -17.307532 ], [ -65.710635, -17.30754 ], [ -65.710549, -17.308149 ], [ -65.710438, -17.308307 ], [ -65.71024, -17.3086 ], [ -65.709766, -17.309068 ], [ -65.709362, -17.309535 ], [ -65.709024, -17.309869 ], [ -65.708404, -17.310261 ], [ -65.723414, -17.32118 ], [ -65.723311, -17.321265 ], [ -65.723402, -17.321331 ], [ -65.722995, -17.321666 ], [ -65.722104, -17.321744 ], [ -65.721488, -17.321819 ], [ -65.721009, -17.321892 ], [ -65.720395, -17.322098 ], [ -65.719831, -17.322179 ], [ -65.719314, -17.322292 ], [ -65.718964, -17.32241 ], [ -65.718612, -17.322607 ], [ -65.718308, -17.322829 ], [ -65.717978, -17.323118 ], [ -65.717803, -17.323341 ], [ -65.717915, -17.323514 ], [ -65.718125, -17.323783 ], [ -65.718679, -17.324186 ], [ -65.719625, -17.32476 ], [ -65.720099, -17.325013 ], [ -65.720394, -17.325227 ], [ -65.72077, -17.325557 ], [ -65.721133, -17.325921 ], [ -65.721533, -17.326275 ], [ -65.722072, -17.326816 ], [ -65.722557, -17.327115 ], [ -65.723218, -17.32759 ], [ -65.723711, -17.328026 ], [ -65.724302, -17.328396 ], [ -65.72506, -17.328805 ], [ -65.725762, -17.329052 ], [ -65.726396, -17.329091 ], [ -65.72684, -17.329079 ], [ -65.727333, -17.329011 ], [ -65.728123, -17.32902 ], [ -65.72853, -17.329053 ], [ -65.729401, -17.329224 ], [ -65.730177, -17.329346 ], [ -65.730618, -17.329461 ], [ -65.730868, -17.329547 ], [ -65.730915, -17.329583 ], [ -65.731042, -17.329792 ], [ -65.731283, -17.330291 ], [ -65.73179, -17.331232 ], [ -65.732082, -17.33156 ], [ -65.732698, -17.331908 ], [ -65.73309, -17.332067 ], [ -65.733423, -17.332178 ], [ -65.733659, -17.332322 ], [ -65.733847, -17.332487 ], [ -65.734393, -17.333268 ], [ -65.734694, -17.333757 ], [ -65.735228, -17.33455 ], [ -65.735732, -17.335089 ], [ -65.73617, -17.335341 ], [ -65.736526, -17.335465 ], [ -65.737503, -17.335718 ], [ -65.738112, -17.335848 ], [ -65.73902, -17.335951 ], [ -65.740445, -17.335999 ], [ -65.740827, -17.336077 ], [ -65.741326, -17.336261 ], [ -65.741918, -17.336586 ], [ -65.742474, -17.336943 ], [ -65.743004, -17.337335 ], [ -65.743591, -17.337911 ], [ -65.744613, -17.338876 ], [ -65.745085, -17.339186 ], [ -65.74557, -17.339473 ], [ -65.746328, -17.33987 ], [ -65.747282, -17.340247 ], [ -65.74797, -17.340508 ], [ -65.748616, -17.34075 ], [ -65.749283, -17.340991 ], [ -65.74991, -17.341234 ], [ -65.750635, -17.34132 ], [ -65.751098, -17.341372 ], [ -65.751481, -17.341442 ], [ -65.751988, -17.341784 ], [ -65.752273, -17.341993 ], [ -65.752518, -17.342279 ], [ -65.752876, -17.342597 ], [ -65.753093, -17.342653 ], [ -65.753383, -17.342813 ], [ -65.753881, -17.343282 ], [ -65.754074, -17.343338 ], [ -65.754315, -17.343371 ], [ -65.755204, -17.343412 ], [ -65.755804, -17.343375 ], [ -65.756105, -17.343373 ], [ -65.756464, -17.343256 ], [ -65.756752, -17.343254 ], [ -65.756885, -17.343276 ], [ -65.757115, -17.343425 ], [ -65.757297, -17.343642 ], [ -65.757432, -17.343883 ], [ -65.757566, -17.344055 ], [ -65.758158, -17.344294 ], [ -65.758376, -17.34443 ], [ -65.758559, -17.34466 ], [ -65.75856, -17.344798 ], [ -65.758547, -17.344882 ], [ -65.758547, -17.344918 ], [ -65.758514, -17.345126 ], [ -65.758397, -17.345437 ], [ -65.758321, -17.34579 ], [ -65.758309, -17.345927 ], [ -65.758335, -17.346076 ], [ -65.758504, -17.346168 ], [ -65.758684, -17.346144 ], [ -65.758792, -17.346085 ], [ -65.758954, -17.345567 ], [ -65.759024, -17.345394 ], [ -65.759071, -17.345336 ], [ -65.75925, -17.345231 ], [ -65.759969, -17.345043 ], [ -65.760088, -17.344962 ], [ -65.76035, -17.344742 ], [ -65.760457, -17.344683 ], [ -65.760613, -17.344648 ], [ -65.760733, -17.34467 ], [ -65.760843, -17.344762 ], [ -65.760892, -17.344865 ], [ -65.760871, -17.345118 ], [ -65.760866, -17.345133 ], [ -65.760857, -17.345238 ], [ -65.760741, -17.345561 ], [ -65.760445, -17.345907 ], [ -65.76004, -17.346232 ], [ -65.759827, -17.346452 ], [ -65.759767, -17.346487 ], [ -65.759746, -17.346571 ], [ -65.759747, -17.346609 ], [ -65.759823, -17.346931 ], [ -65.759884, -17.347058 ], [ -65.759935, -17.347264 ], [ -65.759936, -17.347414 ], [ -65.759923, -17.347464 ], [ -65.759924, -17.347533 ], [ -65.759782, -17.348073 ], [ -65.759789, -17.348117 ], [ -65.760134, -17.348863 ], [ -65.760353, -17.349161 ], [ -65.760673, -17.349758 ], [ -65.760785, -17.350125 ], [ -65.760922, -17.350481 ], [ -65.761166, -17.35086 ], [ -65.761446, -17.351169 ], [ -65.761737, -17.351409 ], [ -65.761918, -17.351442 ], [ -65.762218, -17.351418 ], [ -65.762479, -17.351302 ], [ -65.76248, -17.35129 ], [ -65.762024, -17.350281 ], [ -65.761995, -17.349936 ], [ -65.762015, -17.349913 ], [ -65.762007, -17.349819 ], [ -65.762232, -17.349553 ], [ -65.76234, -17.349541 ], [ -65.762425, -17.349552 ], [ -65.762992, -17.349825 ], [ -65.76315, -17.349928 ], [ -65.763729, -17.35012 ], [ -65.76426, -17.350324 ], [ -65.764937, -17.350712 ], [ -65.765762, -17.35134 ], [ -65.766053, -17.351638 ], [ -65.766664, -17.352486 ], [ -65.766932, -17.352784 ], [ -65.767138, -17.352932 ], [ -65.767392, -17.35308 ], [ -65.767547, -17.353079 ], [ -65.767546, -17.352996 ], [ -65.767468, -17.35256 ], [ -65.767182, -17.35171 ], [ -65.767095, -17.351538 ], [ -65.767045, -17.351366 ], [ -65.766751, -17.350884 ], [ -65.766676, -17.350666 ], [ -65.766675, -17.350517 ], [ -65.766689, -17.350482 ], [ -65.766688, -17.350403 ], [ -65.766758, -17.35023 ], [ -65.766864, -17.350033 ], [ -65.766982, -17.349883 ], [ -65.767102, -17.349836 ], [ -65.767234, -17.349836 ], [ -65.767354, -17.349858 ], [ -65.768445, -17.35068 ], [ -65.76898, -17.351218 ], [ -65.769223, -17.351424 ], [ -65.769635, -17.351732 ], [ -65.769804, -17.351824 ], [ -65.769973, -17.351892 ], [ -65.770346, -17.351947 ], [ -65.770575, -17.352003 ], [ -65.770865, -17.352105 ], [ -65.771349, -17.352379 ], [ -65.771798, -17.352733 ], [ -65.772015, -17.35287 ], [ -65.772462, -17.353028 ], [ -65.772943, -17.353072 ], [ -65.773496, -17.353092 ], [ -65.77424, -17.353064 ], [ -65.774648, -17.353016 ], [ -65.774887, -17.3529 ], [ -65.775185, -17.352633 ], [ -65.775519, -17.352447 ], [ -65.775902, -17.352364 ], [ -65.776382, -17.352316 ], [ -65.776683, -17.352337 ], [ -65.777057, -17.352484 ], [ -65.777204, -17.352668 ], [ -65.77735, -17.352885 ], [ -65.777351, -17.352978 ], [ -65.777335, -17.353082 ], [ -65.777335, -17.353085 ], [ -65.777302, -17.353304 ], [ -65.777173, -17.353558 ], [ -65.777067, -17.353673 ], [ -65.776674, -17.354021 ], [ -65.77644, -17.354471 ], [ -65.776375, -17.354831 ], [ -65.776369, -17.355239 ], [ -65.776445, -17.355607 ], [ -65.776544, -17.355802 ], [ -65.77669, -17.356008 ], [ -65.77686, -17.356134 ], [ -65.777416, -17.356384 ], [ -65.777837, -17.356473 ], [ -65.77803, -17.356492 ], [ -65.778402, -17.356528 ] ], [ [ -66.02651, -16.608419 ], [ -66.027133, -16.607051 ], [ -66.113714, -16.534419 ], [ -66.02651, -16.608419 ] ], [ [ -66.012063, -16.640141 ], [ -66.00318, -16.645815 ], [ -66.003179, -16.645815 ], [ -66.003179, -16.645815 ], [ -66.012063, -16.640141 ], [ -66.02651, -16.608419 ], [ -66.02651, -16.608419 ], [ -66.012063, -16.640141 ] ], [ [ -65.999882, -16.64845 ], [ -66.000443, -16.647959 ], [ -65.982749, -16.659586 ], [ -65.983412, -16.676058 ], [ -65.98296, -16.676905 ], [ -65.962885, -16.706631 ], [ -65.957233, -16.738975 ], [ -65.956881, -16.74052 ], [ -65.955689, -16.742438 ], [ -65.947823, -16.755492 ], [ -65.961936, -16.788118 ], [ -65.989093, -16.829735 ], [ -65.889015, -16.9128 ], [ -65.889341, -16.946478 ], [ -65.888251, -16.949028 ], [ -65.869314, -17.003458 ], [ -65.868529, -17.006756 ], [ -65.865164, -17.017506 ], [ -65.865442, -17.018188 ], [ -65.88131, -17.061923 ], [ -65.881279, -17.062781 ], [ -65.88406, -17.122896 ], [ -65.883895, -17.123756 ], [ -65.858573, -17.208142 ], [ -65.8444, -17.253545 ], [ -65.858432, -17.208242 ], [ -65.883672, -17.123854 ], [ -65.883837, -17.122994 ], [ -65.880993, -17.062894 ], [ -65.881024, -17.062036 ], [ -65.86511, -17.018327 ], [ -65.864831, -17.017645 ], [ -65.868183, -17.006894 ], [ -65.868963, -17.003596 ], [ -65.887829, -16.949155 ], [ -65.888915, -16.946604 ], [ -65.888545, -16.912933 ], [ -65.988494, -16.829744 ], [ -65.961273, -16.788168 ], [ -65.947109, -16.755565 ], [ -65.954952, -16.742501 ], [ -65.956141, -16.740581 ], [ -65.95649, -16.739036 ], [ -65.962087, -16.706685 ], [ -65.982108, -16.676928 ], [ -65.982559, -16.67608 ], [ -65.982559, -16.676079 ], [ -65.981867, -16.65961 ], [ -65.99954, -16.647953 ], [ -66.003179, -16.645815 ], [ -65.999882, -16.64845 ] ], [ [ -65.844396, -17.253559 ], [ -65.844396, -17.253559 ], [ -65.8444, -17.253545 ], [ -65.844396, -17.253559 ] ], [ [ -65.792826, -17.260646 ], [ -65.844396, -17.25356 ], [ -65.729522, -17.269848 ], [ -65.792826, -17.260646 ] ] ] ] } }
]
}
