{
"type": "FeatureCollection",
"name": "MIZQUE",
"crs": { "type": "name", "properties": { "name": "urn:ogc:def:crs:OGC:1.3:CRS84" } },
"bbox": [ -65.831983, -18.408466, -65.154479, -17.652002 ],                                                                        
"features": [
{ "type": "Feature", "properties": { "NOMBRE": "Mizque", "NIVEL": "Provincias", "PROVINCIA": "", "REGION": "Cono Sur", "DEPARTAMENTO": "Cochabamba" }, "bbox": [ -65.831983, -18.408466, -65.154479, -17.652002 ], "geometry": { "type": "MultiPolygon", "coordinates": [ [ [ [ -65.297999, -18.164523 ], [ -65.297911, -18.164675 ], [ -65.297824, -18.164824 ], [ -65.297744, -18.164963 ], [ -65.297436, -18.165492 ], [ -65.296946, -18.166334 ], [ -65.296801, -18.166584 ], [ -65.296729, -18.166708 ], [ -65.296433, -18.167217 ], [ -65.296285, -18.167471 ], [ -65.296142, -18.167717 ], [ -65.295901, -18.168131 ], [ -65.295531, -18.168767 ], [ -65.295365, -18.169052 ], [ -65.294995, -18.169688 ], [ -65.29474, -18.170127 ], [ -65.294519, -18.170507 ], [ -65.294288, -18.170904 ], [ -65.294098, -18.171232 ], [ -65.293993, -18.171412 ], [ -65.293905, -18.171562 ], [ -65.293788, -18.17173 ], [ -65.293588, -18.172017 ], [ -65.293421, -18.172257 ], [ -65.293248, -18.172506 ], [ -65.29302, -18.172833 ], [ -65.292829, -18.173106 ], [ -65.292454, -18.173645 ], [ -65.292284, -18.173889 ], [ -65.292177, -18.174042 ], [ -65.291969, -18.17434 ], [ -65.291809, -18.174571 ], [ -65.291639, -18.174814 ], [ -65.291369, -18.175201 ], [ -65.291151, -18.175514 ], [ -65.290976, -18.175765 ], [ -65.290877, -18.175907 ], [ -65.290769, -18.176063 ], [ -65.290349, -18.176666 ], [ -65.290033, -18.177119 ], [ -65.289686, -18.177617 ], [ -65.289412, -18.178009 ], [ -65.288708, -18.17902 ], [ -65.288357, -18.179524 ], [ -65.287884, -18.180202 ], [ -65.287567, -18.180656 ], [ -65.286721, -18.18187 ], [ -65.284423, -18.185167 ], [ -65.281437, -18.189451 ], [ -65.287655, -18.194598 ], [ -65.290274, -18.196767 ], [ -65.297406, -18.192719 ], [ -65.300013, -18.189925 ], [ -65.301421, -18.188417 ], [ -65.302916, -18.186815 ], [ -65.305282, -18.184602 ], [ -65.305486, -18.184411 ], [ -65.305646, -18.184261 ], [ -65.305891, -18.184032 ], [ -65.305926, -18.184062 ], [ -65.306173, -18.184278 ], [ -65.306439, -18.184511 ], [ -65.307038, -18.185035 ], [ -65.308249, -18.186095 ], [ -65.308395, -18.186223 ], [ -65.308538, -18.186348 ], [ -65.309114, -18.186852 ], [ -65.310427, -18.188001 ], [ -65.31179, -18.191335 ], [ -65.315081, -18.193399 ], [ -65.31404, -18.197011 ], [ -65.316777, -18.19808 ], [ -65.317635, -18.198415 ], [ -65.319077, -18.198978 ], [ -65.320869, -18.201282 ], [ -65.314435, -18.212351 ], [ -65.312247, -18.21644 ], [ -65.30996, -18.221983 ], [ -65.306832, -18.227876 ], [ -65.30387, -18.233455 ], [ -65.310683, -18.236854 ], [ -65.315464, -18.239239 ], [ -65.317059, -18.240035 ], [ -65.318909, -18.2406 ], [ -65.319858, -18.240889 ], [ -65.320333, -18.241034 ], [ -65.321376, -18.241353 ], [ -65.322091, -18.241571 ], [ -65.322757, -18.241774 ], [ -65.322987, -18.241845 ], [ -65.323165, -18.241899 ], [ -65.323533, -18.242011 ], [ -65.324043, -18.242167 ], [ -65.325004, -18.242796 ], [ -65.331781, -18.247238 ], [ -65.337062, -18.250699 ], [ -65.338096, -18.251376 ], [ -65.342072, -18.252941 ], [ -65.343943, -18.253677 ], [ -65.348111, -18.254826 ], [ -65.35481, -18.256672 ], [ -65.356497, -18.25736 ], [ -65.358599, -18.258217 ], [ -65.362209, -18.260245 ], [ -65.360942, -18.261338 ], [ -65.354946, -18.266512 ], [ -65.352084, -18.267491 ], [ -65.349798, -18.268273 ], [ -65.346888, -18.269268 ], [ -65.346386, -18.26944 ], [ -65.345755, -18.269656 ], [ -65.345003, -18.270354 ], [ -65.343411, -18.271835 ], [ -65.341955, -18.273189 ], [ -65.341283, -18.27494 ], [ -65.340284, -18.277539 ], [ -65.337633, -18.278144 ], [ -65.336735, -18.278766 ], [ -65.334752, -18.280139 ], [ -65.333322, -18.280402 ], [ -65.332189, -18.280611 ], [ -65.33166, -18.280708 ], [ -65.328172, -18.281303 ], [ -65.324617, -18.285013 ], [ -65.321218, -18.288488 ], [ -65.322942, -18.290041 ], [ -65.323809, -18.29083 ], [ -65.324396, -18.291365 ], [ -65.324443, -18.291408 ], [ -65.324485, -18.291446 ], [ -65.325236, -18.292129 ], [ -65.323205, -18.294026 ], [ -65.323002, -18.294216 ], [ -65.321866, -18.295278 ], [ -65.318412, -18.298503 ], [ -65.318283, -18.298624 ], [ -65.318233, -18.298673 ], [ -65.317493, -18.299298 ], [ -65.31722, -18.299845 ], [ -65.316982, -18.300323 ], [ -65.316625, -18.301039 ], [ -65.315991, -18.30231 ], [ -65.315673, -18.30295 ], [ -65.315308, -18.303681 ], [ -65.315665, -18.304037 ], [ -65.316096, -18.304494 ], [ -65.316825, -18.305267 ], [ -65.317079, -18.305536 ], [ -65.315903, -18.30925 ], [ -65.314596, -18.313378 ], [ -65.313686, -18.31625 ], [ -65.31359, -18.31639 ], [ -65.313544, -18.316457 ], [ -65.309272, -18.322589 ], [ -65.31213, -18.32645 ], [ -65.310734, -18.33198 ], [ -65.311063, -18.335094 ], [ -65.311263, -18.3389 ], [ -65.316376, -18.341508 ], [ -65.320997, -18.343981 ], [ -65.32737, -18.347392 ], [ -65.329878, -18.350443 ], [ -65.330817, -18.351586 ], [ -65.333498, -18.354846 ], [ -65.333715, -18.355111 ], [ -65.3338, -18.355268 ], [ -65.334034, -18.355707 ], [ -65.334184, -18.355985 ], [ -65.334337, -18.35627 ], [ -65.334653, -18.356742 ], [ -65.334822, -18.357154 ], [ -65.334915, -18.357856 ], [ -65.334923, -18.35845 ], [ -65.334947, -18.358867 ], [ -65.335088, -18.359453 ], [ -65.335325, -18.359857 ], [ -65.335336, -18.359865 ], [ -65.335762, -18.360193 ], [ -65.336229, -18.360311 ], [ -65.336624, -18.360478 ], [ -65.336674, -18.360511 ], [ -65.336892, -18.360653 ], [ -65.337169, -18.360925 ], [ -65.337452, -18.361234 ], [ -65.337759, -18.361689 ], [ -65.337891, -18.361862 ], [ -65.338083, -18.362227 ], [ -65.338204, -18.36249 ], [ -65.338406, -18.362794 ], [ -65.338593, -18.36321 ], [ -65.338695, -18.363406 ], [ -65.338831, -18.363697 ], [ -65.339157, -18.364025 ], [ -65.339335, -18.364108 ], [ -65.339642, -18.36425 ], [ -65.340065, -18.364371 ], [ -65.340193, -18.364403 ], [ -65.340286, -18.364515 ], [ -65.340409, -18.364662 ], [ -65.34051, -18.365027 ], [ -65.340497, -18.365372 ], [ -65.340488, -18.365602 ], [ -65.340597, -18.365975 ], [ -65.340583, -18.366573 ], [ -65.3407, -18.367565 ], [ -65.340732, -18.367737 ], [ -65.340748, -18.367823 ], [ -65.340762, -18.368023 ], [ -65.340808, -18.368363 ], [ -65.340993, -18.369363 ], [ -65.341014, -18.369457 ], [ -65.340972, -18.369765 ], [ -65.34096, -18.369849 ], [ -65.34095, -18.369902 ], [ -65.340925, -18.370219 ], [ -65.340928, -18.370447 ], [ -65.340931, -18.370557 ], [ -65.340924, -18.370698 ], [ -65.340901, -18.370846 ], [ -65.340869, -18.371056 ], [ -65.340829, -18.37132 ], [ -65.340813, -18.371637 ], [ -65.340803, -18.371827 ], [ -65.340714, -18.37218 ], [ -65.34067, -18.372355 ], [ -65.340589, -18.372747 ], [ -65.340539, -18.373549 ], [ -65.340515, -18.373927 ], [ -65.340499, -18.374089 ], [ -65.340452, -18.374407 ], [ -65.340455, -18.374601 ], [ -65.340454, -18.37487 ], [ -65.340449, -18.375298 ], [ -65.340526, -18.375869 ], [ -65.340793, -18.376359 ], [ -65.340863, -18.376577 ], [ -65.340803, -18.376823 ], [ -65.340623, -18.377142 ], [ -65.340367, -18.377389 ], [ -65.340089, -18.377543 ], [ -65.339863, -18.377828 ], [ -65.339649, -18.378096 ], [ -65.339616, -18.378533 ], [ -65.339636, -18.379316 ], [ -65.339565, -18.379666 ], [ -65.339543, -18.380239 ], [ -65.339533, -18.380506 ], [ -65.339697, -18.381108 ], [ -65.340294, -18.38154 ], [ -65.340418, -18.381565 ], [ -65.3406, -18.381603 ], [ -65.340905, -18.381695 ], [ -65.341144, -18.381767 ], [ -65.34129, -18.381811 ], [ -65.34145, -18.381879 ], [ -65.341668, -18.38204 ], [ -65.341787, -18.382193 ], [ -65.341815, -18.382374 ], [ -65.341808, -18.382639 ], [ -65.341745, -18.38287 ], [ -65.341681, -18.383054 ], [ -65.341523, -18.383326 ], [ -65.341395, -18.383478 ], [ -65.341252, -18.383646 ], [ -65.34106, -18.384049 ], [ -65.340985, -18.384246 ], [ -65.341008, -18.384882 ], [ -65.341109, -18.385118 ], [ -65.341198, -18.385326 ], [ -65.341199, -18.385754 ], [ -65.341093, -18.386097 ], [ -65.341001, -18.386281 ], [ -65.340951, -18.386365 ], [ -65.340902, -18.386447 ], [ -65.340836, -18.386587 ], [ -65.340722, -18.386831 ], [ -65.340724, -18.386984 ], [ -65.340736, -18.387113 ], [ -65.34076, -18.387273 ], [ -65.340841, -18.387478 ], [ -65.340963, -18.387678 ], [ -65.34126, -18.388062 ], [ -65.341398, -18.388256 ], [ -65.341592, -18.388464 ], [ -65.341855, -18.388862 ], [ -65.341966, -18.389031 ], [ -65.342081, -18.38918 ], [ -65.342205, -18.38932 ], [ -65.342377, -18.3894 ], [ -65.342552, -18.389394 ], [ -65.342625, -18.389367 ], [ -65.342749, -18.389321 ], [ -65.342798, -18.389263 ], [ -65.342881, -18.389189 ], [ -65.342883, -18.389193 ], [ -65.343004, -18.389092 ], [ -65.343217, -18.388973 ], [ -65.343384, -18.388938 ], [ -65.343565, -18.388935 ], [ -65.343812, -18.389058 ], [ -65.344, -18.389279 ], [ -65.344003, -18.389282 ], [ -65.344071, -18.389378 ], [ -65.344117, -18.389441 ], [ -65.344177, -18.389525 ], [ -65.344218, -18.3898 ], [ -65.344156, -18.390304 ], [ -65.344173, -18.390509 ], [ -65.344226, -18.391167 ], [ -65.344326, -18.391626 ], [ -65.34435, -18.39228 ], [ -65.344482, -18.392473 ], [ -65.344849, -18.392869 ], [ -65.345043, -18.393077 ], [ -65.345219, -18.393287 ], [ -65.345303, -18.393501 ], [ -65.345313, -18.393764 ], [ -65.345336, -18.39411 ], [ -65.345373, -18.394176 ], [ -65.345561, -18.394514 ], [ -65.345582, -18.394726 ], [ -65.345768, -18.395551 ], [ -65.345816, -18.39598 ], [ -65.345857, -18.396355 ], [ -65.345997, -18.397137 ], [ -65.346132, -18.397477 ], [ -65.346177, -18.397589 ], [ -65.346261, -18.397703 ], [ -65.346313, -18.397919 ], [ -65.346315, -18.397922 ], [ -65.346387, -18.397958 ], [ -65.34636, -18.398115 ], [ -65.346409, -18.398343 ], [ -65.346542, -18.398774 ], [ -65.346603, -18.398904 ], [ -65.346755, -18.399114 ], [ -65.346926, -18.399451 ], [ -65.347101, -18.399891 ], [ -65.347191, -18.400084 ], [ -65.347256, -18.400224 ], [ -65.347431, -18.400493 ], [ -65.347605, -18.400696 ], [ -65.347844, -18.400973 ], [ -65.348227, -18.401222 ], [ -65.348747, -18.401391 ], [ -65.349126, -18.401513 ], [ -65.349659, -18.401679 ], [ -65.349948, -18.401822 ], [ -65.350288, -18.40222 ], [ -65.350465, -18.402526 ], [ -65.350705, -18.403028 ], [ -65.350847, -18.403343 ], [ -65.351043, -18.403721 ], [ -65.351131, -18.403871 ], [ -65.351185, -18.403965 ], [ -65.351555, -18.404453 ], [ -65.351906, -18.405005 ], [ -65.35234, -18.405494 ], [ -65.352471, -18.405784 ], [ -65.352751, -18.4062 ], [ -65.353153, -18.406578 ], [ -65.353751, -18.406833 ], [ -65.354413, -18.406968 ], [ -65.354957, -18.407243 ], [ -65.355463, -18.407764 ], [ -65.355676, -18.408466 ], [ -65.357242, -18.40756 ], [ -65.357769, -18.407307 ], [ -65.35893, -18.406761 ], [ -65.35941, -18.406541 ], [ -65.360214, -18.406173 ], [ -65.361339, -18.405334 ], [ -65.362585, -18.404684 ], [ -65.363986, -18.404112 ], [ -65.364736, -18.403302 ], [ -65.365404, -18.402564 ], [ -65.365548, -18.402248 ], [ -65.366081, -18.401729 ], [ -65.366689, -18.401123 ], [ -65.367345, -18.400668 ], [ -65.367921, -18.400394 ], [ -65.3686, -18.39996 ], [ -65.369197, -18.399605 ], [ -65.369911, -18.399291 ], [ -65.370587, -18.398977 ], [ -65.371437, -18.398727 ], [ -65.372159, -18.398514 ], [ -65.37236, -18.398415 ], [ -65.37294, -18.398185 ], [ -65.373398, -18.397974 ], [ -65.373865, -18.397812 ], [ -65.374439, -18.397483 ], [ -65.375027, -18.39702 ], [ -65.375417, -18.396687 ], [ -65.375694, -18.396469 ], [ -65.375985, -18.396136 ], [ -65.376426, -18.395594 ], [ -65.37674, -18.395232 ], [ -65.37701, -18.394964 ], [ -65.377354, -18.394609 ], [ -65.377772, -18.394125 ], [ -65.377841, -18.39403 ], [ -65.378091, -18.39335 ], [ -65.3782, -18.392762 ], [ -65.378347, -18.392336 ], [ -65.378481, -18.392005 ], [ -65.378622, -18.391759 ], [ -65.378771, -18.391564 ], [ -65.379017, -18.391203 ], [ -65.379415, -18.390984 ], [ -65.38049, -18.39056 ], [ -65.380994, -18.390391 ], [ -65.38137, -18.390309 ], [ -65.38218, -18.390223 ], [ -65.382718, -18.390157 ], [ -65.383049, -18.390054 ], [ -65.383319, -18.389894 ], [ -65.383609, -18.389645 ], [ -65.383745, -18.389481 ], [ -65.383888, -18.389415 ], [ -65.384089, -18.389352 ], [ -65.384346, -18.389167 ], [ -65.384548, -18.388914 ], [ -65.384707, -18.38859 ], [ -65.38483, -18.388279 ], [ -65.384964, -18.388113 ], [ -65.385138, -18.388017 ], [ -65.385347, -18.387895 ], [ -65.385579, -18.387699 ], [ -65.385991, -18.387329 ], [ -65.386388, -18.386988 ], [ -65.386582, -18.386728 ], [ -65.386791, -18.38641 ], [ -65.386974, -18.38586 ], [ -65.387225, -18.385433 ], [ -65.387408, -18.385098 ], [ -65.387587, -18.384772 ], [ -65.388026, -18.384251 ], [ -65.388276, -18.384063 ], [ -65.388316, -18.384033 ], [ -65.389088, -18.383452 ], [ -65.389793, -18.383057 ], [ -65.390836, -18.382454 ], [ -65.391471, -18.382336 ], [ -65.391926, -18.382196 ], [ -65.391998, -18.382174 ], [ -65.392449, -18.382085 ], [ -65.392855, -18.381895 ], [ -65.393365, -18.381633 ], [ -65.393755, -18.381328 ], [ -65.39397, -18.380979 ], [ -65.394231, -18.38049 ], [ -65.394604, -18.380013 ], [ -65.395156, -18.379175 ], [ -65.395498, -18.378553 ], [ -65.395958, -18.378025 ], [ -65.396063, -18.377828 ], [ -65.396178, -18.377588 ], [ -65.396587, -18.377028 ], [ -65.396781, -18.376768 ], [ -65.397006, -18.376558 ], [ -65.397246, -18.376355 ], [ -65.397581, -18.376038 ], [ -65.398022, -18.375745 ], [ -65.398822, -18.375178 ], [ -65.399219, -18.374965 ], [ -65.399331, -18.374906 ], [ -65.399522, -18.37474 ], [ -65.399921, -18.374552 ], [ -65.400462, -18.374181 ], [ -65.400705, -18.373917 ], [ -65.400974, -18.373625 ], [ -65.401516, -18.373299 ], [ -65.401547, -18.373281 ], [ -65.401932, -18.373011 ], [ -65.402247, -18.372889 ], [ -65.402495, -18.372787 ], [ -65.402836, -18.372589 ], [ -65.403224, -18.372407 ], [ -65.403636, -18.37224 ], [ -65.403899, -18.372101 ], [ -65.404139, -18.371949 ], [ -65.404522, -18.37173 ], [ -65.404761, -18.37152 ], [ -65.404978, -18.371317 ], [ -65.405263, -18.37115 ], [ -65.405654, -18.370924 ], [ -65.405901, -18.37075 ], [ -65.406194, -18.370611 ], [ -65.406577, -18.37045 ], [ -65.406945, -18.370326 ], [ -65.407322, -18.37028 ], [ -65.407774, -18.370241 ], [ -65.408143, -18.370202 ], [ -65.408414, -18.370165 ], [ -65.408609, -18.370149 ], [ -65.408835, -18.370112 ], [ -65.409253, -18.369952 ], [ -65.409592, -18.369867 ], [ -65.409993, -18.369686 ], [ -65.410278, -18.369562 ], [ -65.410651, -18.36946 ], [ -65.411007, -18.369349 ], [ -65.4113, -18.369145 ], [ -65.411667, -18.368898 ], [ -65.41202, -18.368651 ], [ -65.412402, -18.36839 ], [ -65.412867, -18.368056 ], [ -65.41322, -18.367924 ], [ -65.41358, -18.36777 ], [ -65.413828, -18.367632 ], [ -65.414445, -18.367448 ], [ -65.415212, -18.367227 ], [ -65.416039, -18.366977 ], [ -65.416813, -18.36677 ], [ -65.417542, -18.366528 ], [ -65.417949, -18.366424 ], [ -65.418437, -18.366277 ], [ -65.418956, -18.366137 ], [ -65.419558, -18.366003 ], [ -65.420175, -18.365891 ], [ -65.420747, -18.365808 ], [ -65.421305, -18.365776 ], [ -65.421809, -18.365729 ], [ -65.422397, -18.365732 ], [ -65.422797, -18.365802 ], [ -65.42319, -18.365936 ], [ -65.423562, -18.366109 ], [ -65.423736, -18.366255 ], [ -65.424232, -18.36675 ], [ -65.424451, -18.367052 ], [ -65.424587, -18.367372 ], [ -65.424717, -18.367702 ], [ -65.424757, -18.367976 ], [ -65.424887, -18.368183 ], [ -65.425107, -18.368369 ], [ -65.425394, -18.368547 ], [ -65.425561, -18.368726 ], [ -65.425887, -18.368903 ], [ -65.426318, -18.369073 ], [ -65.426757, -18.369213 ], [ -65.42701, -18.369455 ], [ -65.427246, -18.369635 ], [ -65.427484, -18.369943 ], [ -65.427727, -18.370186 ], [ -65.42795, -18.370382 ], [ -65.428141, -18.370695 ], [ -65.428253, -18.371003 ], [ -65.428353, -18.371189 ], [ -65.428384, -18.371333 ], [ -65.428559, -18.371526 ], [ -65.429148, -18.371723 ], [ -65.429721, -18.371835 ], [ -65.430136, -18.371904 ], [ -65.430942, -18.371855 ], [ -65.43159, -18.371771 ], [ -65.432049, -18.371761 ], [ -65.432496, -18.371686 ], [ -65.432673, -18.371694 ], [ -65.433335, -18.371578 ], [ -65.434014, -18.371414 ], [ -65.434072, -18.371398 ], [ -65.434278, -18.371337 ], [ -65.43484, -18.371091 ], [ -65.435531, -18.370827 ], [ -65.436147, -18.370499 ], [ -65.436906, -18.370221 ], [ -65.437748, -18.369906 ], [ -65.438484, -18.369598 ], [ -65.439407, -18.369153 ], [ -65.439565, -18.369102 ], [ -65.439815, -18.369103 ], [ -65.440137, -18.368997 ], [ -65.440367, -18.368753 ], [ -65.440649, -18.368501 ], [ -65.440861, -18.368313 ], [ -65.441235, -18.367861 ], [ -65.441401, -18.367616 ], [ -65.441446, -18.367549 ], [ -65.441514, -18.367347 ], [ -65.441668, -18.366839 ], [ -65.441748, -18.366551 ], [ -65.441783, -18.366025 ], [ -65.441911, -18.36557 ], [ -65.441912, -18.365448 ], [ -65.441917, -18.365129 ], [ -65.44195, -18.364617 ], [ -65.442008, -18.364265 ], [ -65.442096, -18.363955 ], [ -65.44223, -18.363767 ], [ -65.442463, -18.363592 ], [ -65.443071, -18.363322 ], [ -65.443859, -18.363094 ], [ -65.444567, -18.362831 ], [ -65.444791, -18.362727 ], [ -65.445231, -18.362405 ], [ -65.445865, -18.362092 ], [ -65.44645, -18.36184 ], [ -65.447041, -18.361599 ], [ -65.447299, -18.361491 ], [ -65.44763, -18.361269 ], [ -65.448004, -18.361036 ], [ -65.448138, -18.36091 ], [ -65.448197, -18.360849 ], [ -65.448347, -18.360694 ], [ -65.448482, -18.360407 ], [ -65.448662, -18.359923 ], [ -65.448714, -18.359668 ], [ -65.448904, -18.358936 ], [ -65.448844, -18.358469 ], [ -65.448834, -18.358174 ], [ -65.448922, -18.357821 ], [ -65.449101, -18.357561 ], [ -65.449521, -18.357255 ], [ -65.449783, -18.357088 ], [ -65.450144, -18.356971 ], [ -65.45055, -18.356853 ], [ -65.450914, -18.356768 ], [ -65.451445, -18.356667 ], [ -65.452061, -18.356389 ], [ -65.452639, -18.356047 ], [ -65.453209, -18.355705 ], [ -65.453591, -18.355429 ], [ -65.453906, -18.355218 ], [ -65.454205, -18.35481 ], [ -65.454563, -18.354521 ], [ -65.454957, -18.354231 ], [ -65.455306, -18.354107 ], [ -65.455554, -18.353991 ], [ -65.455863, -18.353902 ], [ -65.456148, -18.353763 ], [ -65.45647, -18.353481 ], [ -65.456814, -18.353205 ], [ -65.457023, -18.352959 ], [ -65.457247, -18.352669 ], [ -65.457462, -18.352251 ], [ -65.457701, -18.351911 ], [ -65.457836, -18.351593 ], [ -65.458145, -18.351072 ], [ -65.458496, -18.350387 ], [ -65.458814, -18.349673 ], [ -65.458956, -18.349231 ], [ -65.458984, -18.349146 ], [ -65.459274, -18.348655 ], [ -65.459836, -18.348313 ], [ -65.460192, -18.348162 ], [ -65.46064, -18.347984 ], [ -65.461316, -18.347741 ], [ -65.462075, -18.347427 ], [ -65.462803, -18.347026 ], [ -65.463188, -18.346694 ], [ -65.463542, -18.346208 ], [ -65.463863, -18.345767 ], [ -65.464101, -18.345341 ], [ -65.464272, -18.345052 ], [ -65.464548, -18.344632 ], [ -65.464585, -18.344569 ], [ -65.464815, -18.344177 ], [ -65.464911, -18.343889 ], [ -65.464995, -18.343719 ], [ -65.465161, -18.343038 ], [ -65.465053, -18.342772 ], [ -65.464734, -18.342343 ], [ -65.464369, -18.341935 ], [ -65.464129, -18.341554 ], [ -65.463855, -18.340802 ], [ -65.46385, -18.340568 ], [ -65.463855, -18.339802 ], [ -65.463959, -18.339401 ], [ -65.464024, -18.339153 ], [ -65.464202, -18.338755 ], [ -65.464468, -18.338143 ], [ -65.464532, -18.337632 ], [ -65.464668, -18.337341 ], [ -65.465089, -18.33652 ], [ -65.465357, -18.3361 ], [ -65.46608, -18.335153 ], [ -65.467169, -18.334323 ], [ -65.46884, -18.332653 ], [ -65.469935, -18.33153 ], [ -65.47017, -18.331267 ], [ -65.470841, -18.330515 ], [ -65.472035, -18.329324 ], [ -65.47239, -18.329049 ], [ -65.473099, -18.328106 ], [ -65.473591, -18.327164 ], [ -65.474336, -18.326101 ], [ -65.474964, -18.323543 ], [ -65.475095, -18.322873 ], [ -65.475242, -18.322469 ], [ -65.47526, -18.321749 ], [ -65.475397, -18.320993 ], [ -65.475673, -18.319624 ], [ -65.475902, -18.319016 ], [ -65.476344, -18.317834 ], [ -65.476505, -18.31715 ], [ -65.476549, -18.316347 ], [ -65.476517, -18.315797 ], [ -65.476468, -18.315279 ], [ -65.476465, -18.314826 ], [ -65.476544, -18.314343 ], [ -65.476534, -18.314056 ], [ -65.47656, -18.313764 ], [ -65.476576, -18.313595 ], [ -65.476519, -18.313034 ], [ -65.476288, -18.312498 ], [ -65.475983, -18.311915 ], [ -65.475754, -18.311571 ], [ -65.475628, -18.311423 ], [ -65.474959, -18.31062 ], [ -65.474325, -18.309963 ], [ -65.473998, -18.309497 ], [ -65.473961, -18.309286 ], [ -65.473896, -18.308908 ], [ -65.473914, -18.308404 ], [ -65.474002, -18.308087 ], [ -65.47424, -18.307646 ], [ -65.474509, -18.307407 ], [ -65.474921, -18.307109 ], [ -65.475402, -18.30694 ], [ -65.475853, -18.306772 ], [ -65.476334, -18.306711 ], [ -65.476673, -18.306679 ], [ -65.477193, -18.306684 ], [ -65.477486, -18.306681 ], [ -65.477831, -18.306718 ], [ -65.478294, -18.306708 ], [ -65.478841, -18.306665 ], [ -65.479126, -18.306566 ], [ -65.479459, -18.306451 ], [ -65.479842, -18.30629 ], [ -65.480059, -18.306123 ], [ -65.480328, -18.305798 ], [ -65.480457, -18.305458 ], [ -65.480487, -18.305381 ], [ -65.480547, -18.304969 ], [ -65.480459, -18.304314 ], [ -65.480509, -18.303805 ], [ -65.480528, -18.303523 ], [ -65.48063, -18.303018 ], [ -65.480768, -18.302398 ], [ -65.480831, -18.3017 ], [ -65.480924, -18.301081 ], [ -65.48083, -18.300649 ], [ -65.480829, -18.30052 ], [ -65.480676, -18.30019 ], [ -65.480424, -18.299753 ], [ -65.480134, -18.299287 ], [ -65.479854, -18.299016 ], [ -65.47955, -18.298709 ], [ -65.479134, -18.29846 ], [ -65.478899, -18.298296 ], [ -65.478709, -18.298117 ], [ -65.478601, -18.297823 ], [ -65.47858, -18.297719 ], [ -65.478651, -18.297434 ], [ -65.478838, -18.297195 ], [ -65.478936, -18.297114 ], [ -65.47925, -18.296934 ], [ -65.479357, -18.296907 ], [ -65.479724, -18.296815 ], [ -65.480169, -18.296884 ], [ -65.480646, -18.297052 ], [ -65.480909, -18.297145 ], [ -65.481227, -18.297358 ], [ -65.48181, -18.29775 ], [ -65.482513, -18.298112 ], [ -65.483141, -18.29841 ], [ -65.483709, -18.298866 ], [ -65.483975, -18.299088 ], [ -65.484202, -18.29928 ], [ -65.484767, -18.299291 ], [ -65.484955, -18.299253 ], [ -65.485158, -18.299175 ], [ -65.485301, -18.299178 ], [ -65.485766, -18.298888 ], [ -65.485971, -18.298548 ], [ -65.486029, -18.298399 ], [ -65.486105, -18.2979 ], [ -65.486311, -18.297373 ], [ -65.4864, -18.297142 ], [ -65.486654, -18.296809 ], [ -65.486847, -18.296506 ], [ -65.487176, -18.296223 ], [ -65.487453, -18.295983 ], [ -65.487768, -18.295744 ], [ -65.487895, -18.2957 ], [ -65.488079, -18.295647 ], [ -65.488429, -18.295545 ], [ -65.488805, -18.295405 ], [ -65.489277, -18.295122 ], [ -65.48962, -18.294659 ], [ -65.489739, -18.294431 ], [ -65.489959, -18.294038 ], [ -65.490206, -18.293546 ], [ -65.490263, -18.293028 ], [ -65.490228, -18.29246 ], [ -65.490078, -18.291654 ], [ -65.490063, -18.291576 ], [ -65.490074, -18.290993 ], [ -65.490274, -18.290545 ], [ -65.490624, -18.290047 ], [ -65.490951, -18.289541 ], [ -65.49113, -18.289316 ], [ -65.491337, -18.289043 ], [ -65.491609, -18.288667 ], [ -65.491788, -18.288296 ], [ -65.491889, -18.288054 ], [ -65.491949, -18.287845 ], [ -65.492066, -18.287568 ], [ -65.492202, -18.287286 ], [ -65.492343, -18.286865 ], [ -65.492398, -18.286726 ], [ -65.492464, -18.286324 ], [ -65.492517, -18.285826 ], [ -65.492619, -18.285292 ], [ -65.49289, -18.28449 ], [ -65.493177, -18.283865 ], [ -65.4934, -18.283408 ], [ -65.493699, -18.28296 ], [ -65.4939, -18.282661 ], [ -65.494038, -18.282419 ], [ -65.494716, -18.281322 ], [ -65.494953, -18.280796 ], [ -65.495191, -18.280213 ], [ -65.495371, -18.27996 ], [ -65.495738, -18.279567 ], [ -65.496113, -18.279289 ], [ -65.4963, -18.279132 ], [ -65.496475, -18.279011 ], [ -65.496782, -18.278913 ], [ -65.49712, -18.278844 ], [ -65.497464, -18.278692 ], [ -65.497856, -18.278311 ], [ -65.498018, -18.278118 ], [ -65.498155, -18.277919 ], [ -65.498404, -18.277499 ], [ -65.498643, -18.27701 ], [ -65.498841, -18.276583 ], [ -65.499086, -18.275977 ], [ -65.499188, -18.27568 ], [ -65.499205, -18.275648 ], [ -65.499333, -18.275279 ], [ -65.49942, -18.275134 ], [ -65.499579, -18.274911 ], [ -65.49961, -18.274879 ], [ -65.500098, -18.274366 ], [ -65.50063, -18.27391 ], [ -65.500753, -18.273823 ], [ -65.50093, -18.273689 ], [ -65.50108, -18.273573 ], [ -65.501251, -18.273446 ], [ -65.501503, -18.2732 ], [ -65.501655, -18.273047 ], [ -65.50176, -18.272969 ], [ -65.501922, -18.272854 ], [ -65.502045, -18.272751 ], [ -65.502163, -18.272591 ], [ -65.50223, -18.272412 ], [ -65.502254, -18.272191 ], [ -65.5023, -18.271901 ], [ -65.502366, -18.271611 ], [ -65.502451, -18.271424 ], [ -65.502556, -18.271277 ], [ -65.502672, -18.271165 ], [ -65.502826, -18.27093 ], [ -65.502864, -18.270793 ], [ -65.502921, -18.270694 ], [ -65.503059, -18.270427 ], [ -65.503141, -18.270194 ], [ -65.503188, -18.26982 ], [ -65.503247, -18.269229 ], [ -65.503269, -18.268799 ], [ -65.503345, -18.268227 ], [ -65.503334, -18.267931 ], [ -65.503362, -18.2675 ], [ -65.503538, -18.266832 ], [ -65.503573, -18.266683 ], [ -65.503689, -18.266378 ], [ -65.503828, -18.266101 ], [ -65.503877, -18.265861 ], [ -65.503874, -18.265691 ], [ -65.503862, -18.265446 ], [ -65.503715, -18.264779 ], [ -65.503554, -18.264149 ], [ -65.503538, -18.263762 ], [ -65.50359, -18.263517 ], [ -65.503642, -18.263181 ], [ -65.503633, -18.262999 ], [ -65.503613, -18.262555 ], [ -65.503487, -18.262117 ], [ -65.503442, -18.261836 ], [ -65.503471, -18.261396 ], [ -65.503684, -18.260915 ], [ -65.503905, -18.260587 ], [ -65.504276, -18.260305 ], [ -65.50473, -18.260032 ], [ -65.50505, -18.2599 ], [ -65.506629, -18.259576 ], [ -65.507994, -18.259165 ], [ -65.509127, -18.258858 ], [ -65.509563, -18.258837 ], [ -65.510563, -18.258777 ], [ -65.510992, -18.25867 ], [ -65.5115, -18.258542 ], [ -65.51237, -18.258249 ], [ -65.513127, -18.25777 ], [ -65.513384, -18.257559 ], [ -65.514087, -18.256955 ], [ -65.514402, -18.256659 ], [ -65.514655, -18.256412 ], [ -65.515355, -18.255892 ], [ -65.515919, -18.255726 ], [ -65.516695, -18.255499 ], [ -65.517134, -18.255418 ], [ -65.51773, -18.255437 ], [ -65.518245, -18.25547 ], [ -65.519133, -18.255847 ], [ -65.52003, -18.256566 ], [ -65.520847, -18.256858 ], [ -65.521978, -18.256924 ], [ -65.523558, -18.256577 ], [ -65.52402, -18.256411 ], [ -65.524277, -18.256245 ], [ -65.524926, -18.255401 ], [ -65.524977, -18.253478 ], [ -65.524994, -18.253406 ], [ -65.524997, -18.253402 ], [ -65.525003, -18.253378 ], [ -65.525019, -18.253364 ], [ -65.525235, -18.252991 ], [ -65.525566, -18.252724 ], [ -65.525952, -18.252527 ], [ -65.527406, -18.251223 ], [ -65.527542, -18.251049 ], [ -65.527635, -18.250863 ], [ -65.527726, -18.250556 ], [ -65.527793, -18.250268 ], [ -65.527822, -18.249962 ], [ -65.527794, -18.249614 ], [ -65.527792, -18.24935 ], [ -65.52786, -18.24917 ], [ -65.527902, -18.248984 ], [ -65.528039, -18.248779 ], [ -65.528226, -18.248676 ], [ -65.528439, -18.248554 ], [ -65.528683, -18.24848 ], [ -65.528996, -18.248424 ], [ -65.529403, -18.248319 ], [ -65.529785, -18.248257 ], [ -65.530105, -18.2482 ], [ -65.530688, -18.248142 ], [ -65.531045, -18.248062 ], [ -65.531445, -18.247994 ], [ -65.534005, -18.246552 ], [ -65.534214, -18.24636 ], [ -65.534331, -18.246369 ], [ -65.538753, -18.249392 ], [ -65.542132, -18.249328 ], [ -65.547164, -18.248837 ], [ -65.548375, -18.244894 ], [ -65.551914, -18.240597 ], [ -65.558045, -18.241158 ], [ -65.562559, -18.237438 ], [ -65.56797, -18.235225 ], [ -65.571665, -18.228346 ], [ -65.576478, -18.224697 ], [ -65.580017, -18.219754 ], [ -65.58505, -18.218473 ], [ -65.587467, -18.211878 ], [ -65.590095, -18.211739 ], [ -65.594975, -18.211247 ], [ -65.596108, -18.208236 ], [ -65.599274, -18.201929 ], [ -65.600636, -18.196838 ], [ -65.602802, -18.190979 ], [ -65.605663, -18.186536 ], [ -65.605671, -18.182662 ], [ -65.607708, -18.177788 ], [ -65.614773, -18.172994 ], [ -65.616784, -18.168811 ], [ -65.623777, -18.162439 ], [ -65.633923, -18.154924 ], [ -65.633478, -18.152412 ], [ -65.635923, -18.149242 ], [ -65.641598, -18.144822 ], [ -65.639407, -18.142309 ], [ -65.644456, -18.140075 ], [ -65.649374, -18.143041 ], [ -65.653355, -18.141111 ], [ -65.655989, -18.136882 ], [ -65.662571, -18.135648 ], [ -65.66448, -18.131267 ], [ -65.670312, -18.128701 ], [ -65.672798, -18.123396 ], [ -65.677525, -18.123475 ], [ -65.683085, -18.118821 ], [ -65.686695, -18.11366 ], [ -65.689187, -18.104337 ], [ -65.690712, -18.093093 ], [ -65.696864, -18.095411 ], [ -65.698537, -18.093994 ], [ -65.700486, -18.093376 ], [ -65.702622, -18.092403 ], [ -65.703737, -18.091429 ], [ -65.704389, -18.089655 ], [ -65.706061, -18.08806 ], [ -65.708402, -18.085017 ], [ -65.710805, -18.081691 ], [ -65.71455, -18.079625 ], [ -65.718312, -18.078401 ], [ -65.720265, -18.077041 ], [ -65.722741, -18.076399 ], [ -65.723268, -18.075323 ], [ -65.726422, -18.072816 ], [ -65.727625, -18.071239 ], [ -65.728152, -18.069518 ], [ -65.729429, -18.068587 ], [ -65.730032, -18.066292 ], [ -65.731837, -18.063353 ], [ -65.733562, -18.063283 ], [ -65.736563, -18.062785 ], [ -65.738437, -18.063577 ], [ -65.740838, -18.063077 ], [ -65.741742, -18.060567 ], [ -65.742771, -18.058462 ], [ -65.744872, -18.057604 ], [ -65.74705, -18.055741 ], [ -65.748029, -18.053231 ], [ -65.749981, -18.051727 ], [ -65.751406, -18.051729 ], [ -65.753166, -18.052086 ], [ -65.755232, -18.050729 ], [ -65.756136, -18.048003 ], [ -65.757187, -18.047359 ], [ -65.762214, -18.045858 ], [ -65.765441, -18.04414 ], [ -65.768293, -18.042923 ], [ -65.769271, -18.040342 ], [ -65.772497, -18.040058 ], [ -65.777748, -18.039131 ], [ -65.785454, -18.03445 ], [ -65.785458, -18.031508 ], [ -65.783586, -18.028206 ], [ -65.785019, -18.025837 ], [ -65.786216, -18.023617 ], [ -65.787491, -18.023618 ], [ -65.789142, -18.023333 ], [ -65.789743, -18.021827 ], [ -65.789296, -18.019172 ], [ -65.790648, -18.017953 ], [ -65.793348, -18.01731 ], [ -65.795297, -18.017886 ], [ -65.798373, -18.016742 ], [ -65.799948, -18.016456 ], [ -65.800774, -18.015309 ], [ -65.8007, -18.014376 ], [ -65.802277, -18.012584 ], [ -65.804794, -18.012616 ], [ -65.806727, -18.012526 ], [ -65.812229, -18.009913 ], [ -65.816657, -18.005971 ], [ -65.817783, -18.005613 ], [ -65.819134, -18.004107 ], [ -65.821084, -18.003822 ], [ -65.824384, -18.002533 ], [ -65.826635, -18.00189 ], [ -65.827985, -18.000743 ], [ -65.829037, -17.999093 ], [ -65.830089, -17.99644 ], [ -65.831983, -17.992881 ], [ -65.829585, -17.988149 ], [ -65.829199, -17.987599 ], [ -65.828874, -17.98727 ], [ -65.828707, -17.987095 ], [ -65.828633, -17.986935 ], [ -65.828559, -17.986694 ], [ -65.828497, -17.986579 ], [ -65.828275, -17.985937 ], [ -65.827855, -17.984826 ], [ -65.827595, -17.984 ], [ -65.827396, -17.983312 ], [ -65.82726, -17.982957 ], [ -65.827089, -17.982614 ], [ -65.82689, -17.981983 ], [ -65.826887, -17.981673 ], [ -65.826921, -17.981535 ], [ -65.82676, -17.981053 ], [ -65.826433, -17.980699 ], [ -65.826046, -17.980334 ], [ -65.825816, -17.980152 ], [ -65.825731, -17.980049 ], [ -65.825523, -17.979614 ], [ -65.825301, -17.979087 ], [ -65.825297, -17.978674 ], [ -65.82532, -17.978628 ], [ -65.825318, -17.978467 ], [ -65.825341, -17.978375 ], [ -65.825341, -17.978294 ], [ -65.825375, -17.978167 ], [ -65.825384, -17.977903 ], [ -65.825442, -17.977696 ], [ -65.825436, -17.977167 ], [ -65.82541, -17.976926 ], [ -65.825359, -17.976674 ], [ -65.825323, -17.976651 ], [ -65.825286, -17.976594 ], [ -65.82519, -17.976514 ], [ -65.824816, -17.976298 ], [ -65.824539, -17.976163 ], [ -65.82443, -17.976094 ], [ -65.823828, -17.975846 ], [ -65.823238, -17.975563 ], [ -65.823154, -17.975506 ], [ -65.822973, -17.975427 ], [ -65.822563, -17.975155 ], [ -65.822116, -17.97479 ], [ -65.82179, -17.974563 ], [ -65.821416, -17.974336 ], [ -65.821211, -17.974234 ], [ -65.820633, -17.973985 ], [ -65.820476, -17.973895 ], [ -65.820188, -17.973805 ], [ -65.820103, -17.973759 ], [ -65.819779, -17.973658 ], [ -65.819779, -17.973647 ], [ -65.819755, -17.973647 ], [ -65.819574, -17.973545 ], [ -65.818491, -17.973094 ], [ -65.817659, -17.972675 ], [ -65.81708, -17.9723 ], [ -65.816778, -17.972049 ], [ -65.816742, -17.972003 ], [ -65.816645, -17.971935 ], [ -65.816379, -17.971684 ], [ -65.816197, -17.97149 ], [ -65.816087, -17.97133 ], [ -65.816002, -17.971158 ], [ -65.815526, -17.970358 ], [ -65.815464, -17.970209 ], [ -65.815025, -17.969442 ], [ -65.814939, -17.969259 ], [ -65.814585, -17.968641 ], [ -65.814451, -17.968469 ], [ -65.814414, -17.968378 ], [ -65.814208, -17.968103 ], [ -65.814183, -17.968046 ], [ -65.814171, -17.968046 ], [ -65.814171, -17.968023 ], [ -65.814097, -17.967886 ], [ -65.813903, -17.967634 ], [ -65.813903, -17.967588 ], [ -65.813853, -17.967451 ], [ -65.813695, -17.967188 ], [ -65.813683, -17.967188 ], [ -65.813535, -17.966833 ], [ -65.8134, -17.966569 ], [ -65.813347, -17.966053 ], [ -65.813437, -17.965466 ], [ -65.813529, -17.965155 ], [ -65.813611, -17.964982 ], [ -65.813634, -17.964901 ], [ -65.813693, -17.964797 ], [ -65.813716, -17.964705 ], [ -65.81381, -17.964555 ], [ -65.813986, -17.964209 ], [ -65.814116, -17.964001 ], [ -65.814257, -17.963736 ], [ -65.814315, -17.963563 ], [ -65.814323, -17.963195 ], [ -65.81426, -17.962874 ], [ -65.813952, -17.962152 ], [ -65.813831, -17.96187 ], [ -65.81377, -17.961718 ], [ -65.813746, -17.961515 ], [ -65.813552, -17.961248 ], [ -65.813341, -17.961007 ], [ -65.813121, -17.960561 ], [ -65.812998, -17.960263 ], [ -65.812753, -17.959782 ], [ -65.812522, -17.959496 ], [ -65.812048, -17.958822 ], [ -65.811781, -17.958514 ], [ -65.811757, -17.958514 ], [ -65.811684, -17.958434 ], [ -65.811684, -17.958399 ], [ -65.81166, -17.9584 ], [ -65.81149, -17.95816 ], [ -65.811466, -17.95816 ], [ -65.811465, -17.958137 ], [ -65.811405, -17.95808 ], [ -65.811405, -17.958045 ], [ -65.81121, -17.957771 ], [ -65.811075, -17.957519 ], [ -65.810369, -17.956444 ], [ -65.810295, -17.956272 ], [ -65.810137, -17.955986 ], [ -65.810123, -17.95586 ], [ -65.810038, -17.955722 ], [ -65.810001, -17.955596 ], [ -65.809952, -17.955528 ], [ -65.809951, -17.955413 ], [ -65.809569, -17.954462 ], [ -65.809434, -17.954187 ], [ -65.809397, -17.954003 ], [ -65.80882, -17.95272 ], [ -65.808551, -17.952228 ], [ -65.808454, -17.952091 ], [ -65.808345, -17.951988 ], [ -65.808344, -17.951954 ], [ -65.80804, -17.951531 ], [ -65.807978, -17.951267 ], [ -65.807941, -17.951187 ], [ -65.807935, -17.950624 ], [ -65.807909, -17.950463 ], [ -65.807835, -17.950199 ], [ -65.807774, -17.950096 ], [ -65.807748, -17.949982 ], [ -65.807638, -17.949753 ], [ -65.807601, -17.949638 ], [ -65.807356, -17.949134 ], [ -65.807148, -17.948768 ], [ -65.806978, -17.948505 ], [ -65.806953, -17.948436 ], [ -65.806868, -17.948333 ], [ -65.806782, -17.948104 ], [ -65.806758, -17.948104 ], [ -65.806598, -17.947726 ], [ -65.806305, -17.9472 ], [ -65.806281, -17.9472 ], [ -65.806207, -17.947016 ], [ -65.806036, -17.946684 ], [ -65.805949, -17.946421 ], [ -65.805899, -17.946145 ], [ -65.805894, -17.945732 ], [ -65.805917, -17.945617 ], [ -65.805916, -17.945502 ], [ -65.805949, -17.945226 ], [ -65.806112, -17.944811 ], [ -65.806159, -17.944753 ], [ -65.806418, -17.944291 ], [ -65.806689, -17.943875 ], [ -65.806995, -17.94331 ], [ -65.80716, -17.943044 ], [ -65.807254, -17.942929 ], [ -65.807396, -17.94279 ], [ -65.807504, -17.94272 ], [ -65.807551, -17.942708 ], [ -65.807875, -17.942706 ], [ -65.807878, -17.942707 ], [ -65.807906, -17.942706 ], [ -65.80813, -17.94275 ], [ -65.808163, -17.94275 ], [ -65.808198, -17.942715 ], [ -65.808222, -17.942715 ], [ -65.808222, -17.942692 ], [ -65.808305, -17.942588 ], [ -65.808468, -17.942161 ], [ -65.808561, -17.941873 ], [ -65.808596, -17.941816 ], [ -65.808596, -17.941793 ], [ -65.808691, -17.941746 ], [ -65.809446, -17.941729 ], [ -65.809528, -17.941556 ], [ -65.809564, -17.941533 ], [ -65.80963, -17.94098 ], [ -65.809746, -17.940623 ], [ -65.810099, -17.940103 ], [ -65.810289, -17.939872 ], [ -65.810443, -17.939722 ], [ -65.810537, -17.939583 ], [ -65.810964, -17.93912 ], [ -65.811427, -17.938749 ], [ -65.812273, -17.938306 ], [ -65.812654, -17.938142 ], [ -65.813036, -17.937955 ], [ -65.813227, -17.937885 ], [ -65.813417, -17.93778 ], [ -65.813691, -17.937583 ], [ -65.81394, -17.937363 ], [ -65.814046, -17.937235 ], [ -65.814176, -17.937016 ], [ -65.814269, -17.936763 ], [ -65.814326, -17.936532 ], [ -65.814443, -17.936279 ], [ -65.81469, -17.935829 ], [ -65.814864, -17.935253 ], [ -65.814885, -17.934988 ], [ -65.81486, -17.934896 ], [ -65.814859, -17.934804 ], [ -65.814784, -17.934472 ], [ -65.814698, -17.934265 ], [ -65.814695, -17.934024 ], [ -65.81467, -17.933898 ], [ -65.814668, -17.933726 ], [ -65.814629, -17.933496 ], [ -65.81458, -17.933393 ], [ -65.814543, -17.933244 ], [ -65.814336, -17.932912 ], [ -65.814045, -17.932638 ], [ -65.813659, -17.932354 ], [ -65.813575, -17.93232 ], [ -65.8132, -17.932036 ], [ -65.812896, -17.931555 ], [ -65.812871, -17.931463 ], [ -65.812834, -17.931395 ], [ -65.812821, -17.931326 ], [ -65.812736, -17.931189 ], [ -65.812736, -17.931143 ], [ -65.812712, -17.931143 ], [ -65.812711, -17.931108 ], [ -65.812275, -17.930652 ], [ -65.81202, -17.930343 ], [ -65.811752, -17.929863 ], [ -65.811702, -17.929668 ], [ -65.811686, -17.929346 ], [ -65.811709, -17.929219 ], [ -65.811732, -17.929185 ], [ -65.811755, -17.92907 ], [ -65.811802, -17.928943 ], [ -65.811919, -17.928735 ], [ -65.811953, -17.928517 ], [ -65.811917, -17.928482 ], [ -65.81176, -17.928426 ], [ -65.811292, -17.928315 ], [ -65.811118, -17.928294 ], [ -65.8107, -17.928297 ], [ -65.810569, -17.928332 ], [ -65.810281, -17.928334 ], [ -65.809982, -17.92836 ], [ -65.809965, -17.928358 ], [ -65.809951, -17.928359 ], [ -65.809735, -17.928338 ], [ -65.809567, -17.928281 ], [ -65.809446, -17.92819 ], [ -65.809276, -17.928019 ], [ -65.809227, -17.927939 ], [ -65.809227, -17.927847 ], [ -65.809271, -17.92756 ], [ -65.809329, -17.927375 ], [ -65.809377, -17.92734 ], [ -65.809542, -17.927109 ], [ -65.809601, -17.926971 ], [ -65.809658, -17.926764 ], [ -65.809681, -17.926614 ], [ -65.809679, -17.926499 ], [ -65.809593, -17.926236 ], [ -65.809519, -17.926098 ], [ -65.809253, -17.925847 ], [ -65.809166, -17.925549 ], [ -65.809102, -17.925182 ], [ -65.809101, -17.92509 ], [ -65.808713, -17.924656 ], [ -65.80864, -17.92453 ], [ -65.808604, -17.924508 ], [ -65.808529, -17.924175 ], [ -65.808502, -17.923934 ], [ -65.808427, -17.923601 ], [ -65.808329, -17.923429 ], [ -65.808182, -17.923097 ], [ -65.807487, -17.92193 ], [ -65.807398, -17.921471 ], [ -65.807396, -17.921299 ], [ -65.80743, -17.921137 ], [ -65.807473, -17.920666 ], [ -65.807468, -17.920126 ], [ -65.807442, -17.919931 ], [ -65.807366, -17.919609 ], [ -65.807318, -17.919575 ], [ -65.807318, -17.919552 ], [ -65.807294, -17.919541 ], [ -65.807196, -17.919358 ], [ -65.807075, -17.919209 ], [ -65.806954, -17.919107 ], [ -65.806495, -17.918823 ], [ -65.805942, -17.918574 ], [ -65.805474, -17.918486 ], [ -65.805065, -17.918328 ], [ -65.804764, -17.91818 ], [ -65.804546, -17.917987 ], [ -65.804255, -17.917633 ], [ -65.804098, -17.917507 ], [ -65.804061, -17.917439 ], [ -65.803953, -17.917371 ], [ -65.803723, -17.917165 ], [ -65.803589, -17.916959 ], [ -65.803419, -17.916742 ], [ -65.803221, -17.916123 ], [ -65.803206, -17.915836 ], [ -65.803118, -17.915469 ], [ -65.803019, -17.915205 ], [ -65.802994, -17.915091 ], [ -65.80292, -17.914907 ], [ -65.802883, -17.914758 ], [ -65.802711, -17.914323 ], [ -65.802479, -17.913945 ], [ -65.802333, -17.913739 ], [ -65.802285, -17.913694 ], [ -65.802247, -17.913568 ], [ -65.801918, -17.913007 ], [ -65.801638, -17.912595 ], [ -65.801421, -17.912413 ], [ -65.801047, -17.912232 ], [ -65.800506, -17.912017 ], [ -65.800037, -17.91186 ], [ -65.799785, -17.911747 ], [ -65.799616, -17.911691 ], [ -65.79958, -17.911633 ], [ -65.799374, -17.911474 ], [ -65.799192, -17.911257 ], [ -65.799022, -17.910994 ], [ -65.7989, -17.910753 ], [ -65.798825, -17.910467 ], [ -65.798726, -17.910226 ], [ -65.798653, -17.910123 ], [ -65.79858, -17.909963 ], [ -65.79847, -17.909791 ], [ -65.798301, -17.909597 ], [ -65.798312, -17.909585 ], [ -65.798191, -17.909391 ], [ -65.798045, -17.909231 ], [ -65.79802, -17.909162 ], [ -65.797548, -17.908695 ], [ -65.797343, -17.908558 ], [ -65.796983, -17.908457 ], [ -65.796528, -17.908449 ], [ -65.796335, -17.908393 ], [ -65.795928, -17.90835 ], [ -65.795495, -17.908227 ], [ -65.795507, -17.908215 ], [ -65.795515, -17.907813 ], [ -65.79556, -17.907594 ], [ -65.79557, -17.907376 ], [ -65.795604, -17.907134 ], [ -65.79565, -17.907019 ], [ -65.795685, -17.906869 ], [ -65.795766, -17.906674 ], [ -65.796002, -17.90627 ], [ -65.796154, -17.905947 ], [ -65.796212, -17.905751 ], [ -65.796371, -17.90498 ], [ -65.796801, -17.903735 ], [ -65.796872, -17.903597 ], [ -65.797057, -17.903009 ], [ -65.797133, -17.902239 ], [ -65.797131, -17.901997 ], [ -65.797164, -17.901779 ], [ -65.797404, -17.900674 ], [ -65.797517, -17.900064 ], [ -65.797576, -17.899902 ], [ -65.797646, -17.899799 ], [ -65.797658, -17.899798 ], [ -65.79769, -17.89943 ], [ -65.797688, -17.899189 ], [ -65.797772, -17.898108 ], [ -65.797771, -17.897947 ], [ -65.797792, -17.897706 ], [ -65.797826, -17.897533 ], [ -65.797847, -17.897269 ], [ -65.797881, -17.897073 ], [ -65.797951, -17.896831 ], [ -65.798314, -17.896093 ], [ -65.798571, -17.895459 ], [ -65.798767, -17.894779 ], [ -65.798788, -17.894503 ], [ -65.798982, -17.893571 ], [ -65.799111, -17.893271 ], [ -65.79918, -17.892972 ], [ -65.799309, -17.892718 ], [ -65.799366, -17.892511 ], [ -65.799564, -17.891981 ], [ -65.79967, -17.891785 ], [ -65.799846, -17.891393 ], [ -65.799949, -17.890944 ], [ -65.800255, -17.889332 ], [ -65.80036, -17.889044 ], [ -65.800547, -17.888652 ], [ -65.800747, -17.887122 ], [ -65.801088, -17.886557 ], [ -65.801998, -17.876252 ], [ -65.780816, -17.854743 ], [ -65.751741, -17.853537 ], [ -65.716359, -17.852337 ], [ -65.716103, -17.85232 ], [ -65.71591, -17.852302 ], [ -65.719641, -17.837051 ], [ -65.722629, -17.823368 ], [ -65.72267, -17.823328 ], [ -65.721574, -17.792822 ], [ -65.718855, -17.775355 ], [ -65.700134, -17.757443 ], [ -65.723927, -17.748822 ], [ -65.726016, -17.748347 ], [ -65.72595, -17.748057 ], [ -65.723869, -17.738884 ], [ -65.723777, -17.738456 ], [ -65.731613, -17.723859 ], [ -65.729734, -17.703962 ], [ -65.733898, -17.670174 ], [ -65.734211, -17.666979 ], [ -65.734274, -17.666337 ], [ -65.721494, -17.674696 ], [ -65.707101, -17.660316 ], [ -65.661691, -17.658767 ], [ -65.660838, -17.652094 ], [ -65.660814, -17.652002 ], [ -65.643264, -17.660671 ], [ -65.641838, -17.661499 ], [ -65.632719, -17.668705 ], [ -65.630481, -17.670541 ], [ -65.61193, -17.684747 ], [ -65.587324, -17.68537 ], [ -65.578655, -17.694934 ], [ -65.57771, -17.695326 ], [ -65.551639, -17.708357 ], [ -65.541951, -17.701806 ], [ -65.541779, -17.701919 ], [ -65.541769, -17.701931 ], [ -65.541541, -17.702075 ], [ -65.541441, -17.702154 ], [ -65.541257, -17.702355 ], [ -65.54108, -17.70253 ], [ -65.541039, -17.70266 ], [ -65.540679, -17.703369 ], [ -65.540185, -17.704259 ], [ -65.540161, -17.70427 ], [ -65.537097, -17.708804 ], [ -65.536984, -17.709114 ], [ -65.536703, -17.709431 ], [ -65.536447, -17.709623 ], [ -65.535983, -17.71003 ], [ -65.535787, -17.710245 ], [ -65.535149, -17.711099 ], [ -65.535087, -17.711201 ], [ -65.535025, -17.711362 ], [ -65.53481, -17.712107 ], [ -65.534564, -17.712426 ], [ -65.534259, -17.712708 ], [ -65.533879, -17.713151 ], [ -65.533781, -17.713288 ], [ -65.533683, -17.71339 ], [ -65.533179, -17.714107 ], [ -65.533069, -17.714232 ], [ -65.532393, -17.715177 ], [ -65.532282, -17.71536 ], [ -65.532085, -17.71561 ], [ -65.531839, -17.715986 ], [ -65.531143, -17.716619 ], [ -65.530266, -17.717319 ], [ -65.529718, -17.71769 ], [ -65.529535, -17.717859 ], [ -65.529437, -17.717996 ], [ -65.529339, -17.718086 ], [ -65.529093, -17.718451 ], [ -65.528982, -17.718645 ], [ -65.528684, -17.719274 ], [ -65.528607, -17.719561 ], [ -65.528532, -17.719778 ], [ -65.528495, -17.719847 ], [ -65.528459, -17.719846 ], [ -65.528458, -17.719927 ], [ -65.528268, -17.720592 ], [ -65.527895, -17.721404 ], [ -65.527291, -17.722338 ], [ -65.52669, -17.723112 ], [ -65.526541, -17.72342 ], [ -65.526341, -17.723935 ], [ -65.526314, -17.724119 ], [ -65.526251, -17.724303 ], [ -65.526226, -17.724429 ], [ -65.526087, -17.724842 ], [ -65.526, -17.725036 ], [ -65.525926, -17.725161 ], [ -65.525864, -17.725322 ], [ -65.525666, -17.725629 ], [ -65.525519, -17.725823 ], [ -65.52519, -17.726105 ], [ -65.524666, -17.726488 ], [ -65.524314, -17.726655 ], [ -65.523962, -17.726845 ], [ -65.523671, -17.726966 ], [ -65.523417, -17.727054 ], [ -65.523319, -17.72711 ], [ -65.523198, -17.727143 ], [ -65.523077, -17.72721 ], [ -65.52292, -17.727265 ], [ -65.522652, -17.727433 ], [ -65.522469, -17.727603 ], [ -65.522346, -17.72775 ], [ -65.52221, -17.728002 ], [ -65.522172, -17.728128 ], [ -65.522073, -17.728333 ], [ -65.521864, -17.728641 ], [ -65.521752, -17.728904 ], [ -65.52164, -17.729098 ], [ -65.521379, -17.729704 ], [ -65.521264, -17.730129 ], [ -65.521264, -17.730175 ], [ -65.520878, -17.731033 ], [ -65.52047, -17.731775 ], [ -65.5202, -17.73215 ], [ -65.520113, -17.73231 ], [ -65.519991, -17.732446 ], [ -65.519757, -17.732788 ], [ -65.519647, -17.732913 ], [ -65.519524, -17.733095 ], [ -65.519414, -17.733209 ], [ -65.519279, -17.733379 ], [ -65.519034, -17.733628 ], [ -65.518924, -17.733719 ], [ -65.518838, -17.733821 ], [ -65.51868, -17.733922 ], [ -65.518522, -17.734058 ], [ -65.517463, -17.734788 ], [ -65.517183, -17.735002 ], [ -65.51672, -17.735306 ], [ -65.516013, -17.735893 ], [ -65.515818, -17.736039 ], [ -65.515684, -17.736175 ], [ -65.515086, -17.736683 ], [ -65.514891, -17.736784 ], [ -65.514782, -17.736874 ], [ -65.514199, -17.737164 ], [ -65.512817, -17.737727 ], [ -65.512477, -17.737917 ], [ -65.51216, -17.738131 ], [ -65.511817, -17.73854 ], [ -65.511681, -17.73878 ], [ -65.511455, -17.739421 ], [ -65.511344, -17.73965 ], [ -65.510813, -17.740516 ], [ -65.510293, -17.741521 ], [ -65.510242, -17.74167 ], [ -65.509593, -17.74242 ], [ -65.509386, -17.742601 ], [ -65.508886, -17.742984 ], [ -65.50829, -17.743354 ], [ -65.508035, -17.743465 ], [ -65.50766, -17.743573 ], [ -65.505884, -17.743865 ], [ -65.505678, -17.743919 ], [ -65.505351, -17.74404 ], [ -65.50489, -17.744286 ], [ -65.504487, -17.744625 ], [ -65.504414, -17.744658 ], [ -65.504023, -17.745043 ], [ -65.503778, -17.745327 ], [ -65.503384, -17.745885 ], [ -65.503152, -17.746157 ], [ -65.502783, -17.746658 ], [ -65.502232, -17.747259 ], [ -65.502075, -17.747342 ], [ -65.501768, -17.747473 ], [ -65.501402, -17.747549 ], [ -65.501341, -17.747582 ], [ -65.501293, -17.747581 ], [ -65.501027, -17.747702 ], [ -65.500894, -17.747779 ], [ -65.50055, -17.748175 ], [ -65.50044, -17.748276 ], [ -65.500403, -17.748332 ], [ -65.500184, -17.748535 ], [ -65.500159, -17.74858 ], [ -65.499818, -17.748838 ], [ -65.499722, -17.748859 ], [ -65.499527, -17.748992 ], [ -65.49879, -17.749311 ], [ -65.498355, -17.749463 ], [ -65.498005, -17.749628 ], [ -65.497604, -17.749884 ], [ -65.49724, -17.750095 ], [ -65.496804, -17.750316 ], [ -65.496719, -17.750371 ], [ -65.496719, -17.750394 ], [ -65.496609, -17.750473 ], [ -65.496438, -17.750653 ], [ -65.496231, -17.750821 ], [ -65.496133, -17.750934 ], [ -65.49593, -17.751036 ], [ -65.495579, -17.751125 ], [ -65.495405, -17.751296 ], [ -65.49526, -17.751466 ], [ -65.495124, -17.751672 ], [ -65.495121, -17.751798 ], [ -65.495094, -17.751958 ], [ -65.495069, -17.752015 ], [ -65.495022, -17.752566 ], [ -65.494931, -17.752932 ], [ -65.494592, -17.753752 ], [ -65.494563, -17.753993 ], [ -65.494556, -17.754349 ], [ -65.494432, -17.755173 ], [ -65.494391, -17.756034 ], [ -65.494258, -17.756744 ], [ -65.494087, -17.75751 ], [ -65.494024, -17.75767 ], [ -65.493972, -17.757864 ], [ -65.49372, -17.758514 ], [ -65.493457, -17.759083 ], [ -65.493295, -17.75939 ], [ -65.492949, -17.759911 ], [ -65.492642, -17.760295 ], [ -65.492345, -17.760772 ], [ -65.492306, -17.760944 ], [ -65.49229, -17.761139 ], [ -65.492278, -17.76115 ], [ -65.492299, -17.761288 ], [ -65.492293, -17.761564 ], [ -65.492254, -17.761735 ], [ -65.492031, -17.762133 ], [ -65.491859, -17.762348 ], [ -65.491217, -17.763265 ], [ -65.491057, -17.763469 ], [ -65.490948, -17.763558 ], [ -65.490705, -17.763703 ], [ -65.490559, -17.763838 ], [ -65.490324, -17.764212 ], [ -65.490261, -17.764372 ], [ -65.490199, -17.764474 ], [ -65.489954, -17.764946 ], [ -65.489825, -17.765225 ], [ -65.489627, -17.765355 ], [ -65.489444, -17.765515 ], [ -65.489188, -17.765631 ], [ -65.489138, -17.765647 ], [ -65.48895, -17.765724 ], [ -65.488618, -17.76583 ], [ -65.488529, -17.765849 ], [ -65.488421, -17.765885 ], [ -65.488354, -17.765894 ], [ -65.488313, -17.765894 ], [ -65.487904, -17.765955 ], [ -65.472693, -17.769244 ], [ -65.472693, -17.769244 ], [ -65.472693, -17.769244 ], [ -65.472693, -17.769244 ], [ -65.472693, -17.769244 ], [ -65.472443, -17.769472 ], [ -65.472242, -17.769604 ], [ -65.472087, -17.769713 ], [ -65.471991, -17.769811 ], [ -65.471543, -17.770009 ], [ -65.47101, -17.770297 ], [ -65.470913, -17.770375 ], [ -65.47084, -17.770408 ], [ -65.470815, -17.770454 ], [ -65.470779, -17.770464 ], [ -65.470704, -17.770612 ], [ -65.470627, -17.770875 ], [ -65.470599, -17.771081 ], [ -65.470594, -17.771345 ], [ -65.470555, -17.771471 ], [ -65.470523, -17.771895 ], [ -65.470461, -17.772032 ], [ -65.470375, -17.772134 ], [ -65.470131, -17.772347 ], [ -65.470095, -17.772346 ], [ -65.469938, -17.7724 ], [ -65.46977, -17.772397 ], [ -65.469625, -17.772463 ], [ -65.469138, -17.772832 ], [ -65.469003, -17.772979 ], [ -65.468904, -17.773126 ], [ -65.468782, -17.773238 ], [ -65.468746, -17.773249 ], [ -65.468746, -17.773261 ], [ -65.468385, -17.773345 ], [ -65.468062, -17.773293 ], [ -65.467587, -17.773065 ], [ -65.467302, -17.772909 ], [ -65.467278, -17.772909 ], [ -65.467278, -17.772897 ], [ -65.466957, -17.772753 ], [ -65.466731, -17.772691 ], [ -65.466516, -17.772663 ], [ -65.466361, -17.772614 ], [ -65.466229, -17.772612 ], [ -65.466068, -17.772884 ], [ -65.466066, -17.772953 ], [ -65.466041, -17.77301 ], [ -65.466032, -17.773469 ], [ -65.465942, -17.773801 ], [ -65.465817, -17.774062 ], [ -65.465658, -17.774185 ], [ -65.465537, -17.774252 ], [ -65.465212, -17.774349 ], [ -65.465056, -17.774334 ], [ -65.464913, -17.774274 ], [ -65.46489, -17.774227 ], [ -65.464714, -17.774051 ], [ -65.464598, -17.773853 ], [ -65.46448, -17.773725 ], [ -65.464421, -17.773689 ], [ -65.464264, -17.773732 ], [ -65.464094, -17.773843 ], [ -65.464058, -17.773842 ], [ -65.464045, -17.773911 ], [ -65.463874, -17.774068 ], [ -65.463777, -17.774135 ], [ -65.463596, -17.774201 ], [ -65.463452, -17.774221 ], [ -65.463188, -17.774204 ], [ -65.463165, -17.77418 ], [ -65.462748, -17.774045 ], [ -65.462352, -17.774026 ], [ -65.46222, -17.774057 ], [ -65.462037, -17.774226 ], [ -65.462036, -17.774249 ], [ -65.461963, -17.774316 ], [ -65.461764, -17.774657 ], [ -65.461565, -17.775043 ], [ -65.461552, -17.775101 ], [ -65.46149, -17.775214 ], [ -65.46133, -17.775406 ], [ -65.461281, -17.77544 ], [ -65.461089, -17.775447 ], [ -65.461088, -17.775539 ], [ -65.460606, -17.775644 ], [ -65.460328, -17.775753 ], [ -65.459854, -17.776077 ], [ -65.459552, -17.776197 ], [ -65.459226, -17.776294 ], [ -65.459034, -17.776336 ], [ -65.458901, -17.77639 ], [ -65.4589, -17.776413 ], [ -65.458864, -17.776436 ], [ -65.458635, -17.776488 ], [ -65.458419, -17.776507 ], [ -65.458226, -17.77656 ], [ -65.458011, -17.776533 ], [ -65.457771, -17.776528 ], [ -65.457759, -17.776505 ], [ -65.457617, -17.776421 ], [ -65.457322, -17.776174 ], [ -65.457073, -17.776031 ], [ -65.456543, -17.775584 ], [ -65.456354, -17.775396 ], [ -65.45591, -17.774847 ], [ -65.455721, -17.774682 ], [ -65.45565, -17.774646 ], [ -65.455591, -17.774564 ], [ -65.455473, -17.774505 ], [ -65.455377, -17.774491 ], [ -65.455282, -17.774455 ], [ -65.455114, -17.774451 ], [ -65.454994, -17.774472 ], [ -65.454799, -17.774617 ], [ -65.45455, -17.775106 ], [ -65.454378, -17.775321 ], [ -65.454147, -17.775477 ], [ -65.453846, -17.775528 ], [ -65.45351, -17.775521 ], [ -65.45307, -17.775374 ], [ -65.453034, -17.775339 ], [ -65.452856, -17.775289 ], [ -65.452676, -17.775274 ], [ -65.452508, -17.775294 ], [ -65.452325, -17.775416 ], [ -65.452288, -17.775473 ], [ -65.45224, -17.775472 ], [ -65.452192, -17.775517 ], [ -65.452191, -17.77554 ], [ -65.451902, -17.775626 ], [ -65.451771, -17.775589 ], [ -65.45157, -17.775435 ], [ -65.451522, -17.775434 ], [ -65.451499, -17.775388 ], [ -65.451286, -17.775223 ], [ -65.45094, -17.775135 ], [ -65.450737, -17.775108 ], [ -65.450451, -17.774999 ], [ -65.450344, -17.774973 ], [ -65.450106, -17.774854 ], [ -65.449833, -17.774756 ], [ -65.449498, -17.77468 ], [ -65.449367, -17.774677 ], [ -65.449246, -17.774721 ], [ -65.449124, -17.774822 ], [ -65.448881, -17.774966 ], [ -65.448494, -17.775131 ], [ -65.447284, -17.775117 ], [ -65.446863, -17.775177 ], [ -65.445875, -17.775421 ], [ -65.445706, -17.775487 ], [ -65.445634, -17.775485 ], [ -65.445392, -17.775561 ], [ -65.445272, -17.775581 ], [ -65.445163, -17.775625 ], [ -65.444887, -17.775677 ], [ -65.444717, -17.775765 ], [ -65.444477, -17.775783 ], [ -65.444115, -17.77589 ], [ -65.443982, -17.775957 ], [ -65.443909, -17.776013 ], [ -65.443242, -17.776355 ], [ -65.443145, -17.776445 ], [ -65.442599, -17.776744 ], [ -65.442526, -17.7768 ], [ -65.442328, -17.77714 ], [ -65.442277, -17.777277 ], [ -65.442166, -17.777459 ], [ -65.442006, -17.777628 ], [ -65.441982, -17.777627 ], [ -65.441982, -17.77765 ], [ -65.441778, -17.777646 ], [ -65.441574, -17.777665 ], [ -65.440936, -17.777778 ], [ -65.440815, -17.777822 ], [ -65.440599, -17.777863 ], [ -65.440526, -17.777896 ], [ -65.440382, -17.777916 ], [ -65.440127, -17.77806 ], [ -65.440127, -17.778095 ], [ -65.440102, -17.77814 ], [ -65.440101, -17.778174 ], [ -65.440052, -17.778219 ], [ -65.440015, -17.778299 ], [ -65.439514, -17.778737 ], [ -65.439357, -17.778814 ], [ -65.439225, -17.778834 ], [ -65.439105, -17.778832 ], [ -65.43896, -17.778863 ], [ -65.438409, -17.778852 ], [ -65.438289, -17.778872 ], [ -65.438061, -17.778868 ], [ -65.438025, -17.77889 ], [ -65.437916, -17.778911 ], [ -65.437053, -17.778904 ], [ -65.436862, -17.778854 ], [ -65.436756, -17.778772 ], [ -65.436614, -17.7787 ], [ -65.436447, -17.77865 ], [ -65.43628, -17.778567 ], [ -65.436197, -17.778553 ], [ -65.436126, -17.778517 ], [ -65.43603, -17.778515 ], [ -65.435945, -17.778571 ], [ -65.435801, -17.778568 ], [ -65.43568, -17.7786 ], [ -65.435595, -17.778644 ], [ -65.435452, -17.778641 ], [ -65.435368, -17.778617 ], [ -65.435155, -17.778497 ], [ -65.434689, -17.778407 ], [ -65.433886, -17.778391 ], [ -65.433729, -17.778422 ], [ -65.433477, -17.778428 ], [ -65.433405, -17.77845 ], [ -65.433309, -17.778448 ], [ -65.432768, -17.778551 ], [ -65.432156, -17.77855 ], [ -65.431847, -17.77844 ], [ -65.431703, -17.778437 ], [ -65.431691, -17.778426 ], [ -65.431092, -17.778379 ], [ -65.430544, -17.77823 ], [ -65.430234, -17.778108 ], [ -65.429495, -17.777909 ], [ -65.429197, -17.777799 ], [ -65.428791, -17.777722 ], [ -65.428575, -17.777718 ], [ -65.428444, -17.77768 ], [ -65.427582, -17.777651 ], [ -65.42745, -17.77766 ], [ -65.427197, -17.777712 ], [ -65.427077, -17.777721 ], [ -65.427016, -17.777743 ], [ -65.426765, -17.777752 ], [ -65.426668, -17.777753 ], [ -65.426528, -17.777766 ], [ -65.426414, -17.777769 ], [ -65.426283, -17.777771 ], [ -65.42613, -17.777793 ], [ -65.425845, -17.777839 ], [ -65.425365, -17.778034 ], [ -65.425124, -17.778221 ], [ -65.425075, -17.778266 ], [ -65.424906, -17.77832 ], [ -65.424785, -17.778397 ], [ -65.424495, -17.778506 ], [ -65.424289, -17.778605 ], [ -65.424204, -17.778661 ], [ -65.424204, -17.778696 ], [ -65.423984, -17.778898 ], [ -65.423909, -17.779023 ], [ -65.423751, -17.779157 ], [ -65.423678, -17.77919 ], [ -65.423617, -17.779246 ], [ -65.423617, -17.779269 ], [ -65.423593, -17.779269 ], [ -65.423568, -17.779291 ], [ -65.423259, -17.779159 ], [ -65.422973, -17.779072 ], [ -65.422685, -17.779066 ], [ -65.422237, -17.779321 ], [ -65.422103, -17.779433 ], [ -65.422077, -17.779502 ], [ -65.422041, -17.779501 ], [ -65.421931, -17.779614 ], [ -65.421859, -17.779612 ], [ -65.421775, -17.779633 ], [ -65.421392, -17.779614 ], [ -65.421093, -17.779539 ], [ -65.420902, -17.779512 ], [ -65.420578, -17.779505 ], [ -65.420566, -17.779516 ], [ -65.420075, -17.779483 ], [ -65.419872, -17.779444 ], [ -65.41962, -17.779439 ], [ -65.419548, -17.779472 ], [ -65.419452, -17.779482 ], [ -65.419379, -17.779515 ], [ -65.419379, -17.779538 ], [ -65.419331, -17.779537 ], [ -65.419138, -17.77959 ], [ -65.418958, -17.779609 ], [ -65.41855, -17.779601 ], [ -65.418406, -17.779621 ], [ -65.418067, -17.779752 ], [ -65.417873, -17.779874 ], [ -65.417776, -17.779918 ], [ -65.41752, -17.780142 ], [ -65.417458, -17.780245 ], [ -65.417422, -17.780267 ], [ -65.417126, -17.780674 ], [ -65.416845, -17.780933 ], [ -65.416736, -17.780976 ], [ -65.416435, -17.781028 ], [ -65.416387, -17.78105 ], [ -65.415979, -17.781041 ], [ -65.41581, -17.781095 ], [ -65.415603, -17.781263 ], [ -65.41548, -17.781421 ], [ -65.41538, -17.781626 ], [ -65.415148, -17.781863 ], [ -65.414648, -17.782254 ], [ -65.414345, -17.782443 ], [ -65.413979, -17.782746 ], [ -65.413318, -17.783399 ], [ -65.413061, -17.783681 ], [ -65.412913, -17.783907 ], [ -65.412642, -17.784246 ], [ -65.412642, -17.784269 ], [ -65.412495, -17.784393 ], [ -65.412277, -17.784515 ], [ -65.41212, -17.784569 ], [ -65.411916, -17.784565 ], [ -65.411749, -17.784538 ], [ -65.411126, -17.784525 ], [ -65.410848, -17.784611 ], [ -65.410679, -17.7847 ], [ -65.410398, -17.784958 ], [ -65.409944, -17.785466 ], [ -65.40987, -17.785568 ], [ -65.409321, -17.786039 ], [ -65.409163, -17.78615 ], [ -65.408885, -17.786236 ], [ -65.408753, -17.786257 ], [ -65.408465, -17.786251 ], [ -65.408179, -17.786199 ], [ -65.407978, -17.786022 ], [ -65.407732, -17.78573 ], [ -65.407543, -17.785577 ], [ -65.407307, -17.785411 ], [ -65.406876, -17.785379 ], [ -65.406697, -17.785306 ], [ -65.406686, -17.785271 ], [ -65.406438, -17.785082 ], [ -65.406319, -17.785023 ], [ -65.406104, -17.784995 ], [ -65.406069, -17.784971 ], [ -65.405913, -17.784968 ], [ -65.405804, -17.785 ], [ -65.405585, -17.785145 ], [ -65.405402, -17.785314 ], [ -65.405355, -17.785301 ], [ -65.405197, -17.785367 ], [ -65.4048, -17.785462 ], [ -65.404728, -17.78546 ], [ -65.404679, -17.785482 ], [ -65.404202, -17.785381 ], [ -65.403112, -17.785335 ], [ -65.402194, -17.785051 ], [ -65.402064, -17.784968 ], [ -65.401517, -17.784704 ], [ -65.401174, -17.78449 ], [ -65.400442, -17.783889 ], [ -65.400109, -17.783756 ], [ -65.39987, -17.783728 ], [ -65.399772, -17.783829 ], [ -65.399747, -17.783886 ], [ -65.399723, -17.783885 ], [ -65.399699, -17.783908 ], [ -65.399651, -17.783907 ], [ -65.39965, -17.783918 ], [ -65.399615, -17.783883 ], [ -65.399377, -17.783177 ], [ -65.399246, -17.783152 ], [ -65.399127, -17.783103 ], [ -65.398995, -17.7831 ], [ -65.398718, -17.783186 ], [ -65.398574, -17.783195 ], [ -65.398478, -17.78317 ], [ -65.398406, -17.783169 ], [ -65.398074, -17.782989 ], [ -65.398015, -17.782976 ], [ -65.397966, -17.783021 ], [ -65.397953, -17.783067 ], [ -65.397944, -17.783527 ], [ -65.397978, -17.783619 ], [ -65.397986, -17.783803 ], [ -65.397961, -17.783837 ], [ -65.397795, -17.783776 ], [ -65.39751, -17.783621 ], [ -65.397165, -17.783476 ], [ -65.396891, -17.783401 ], [ -65.396771, -17.783399 ], [ -65.396365, -17.783298 ], [ -65.396222, -17.783295 ], [ -65.396186, -17.783272 ], [ -65.395934, -17.783266 ], [ -65.395875, -17.783254 ], [ -65.395742, -17.783274 ], [ -65.395645, -17.783329 ], [ -65.395584, -17.783385 ], [ -65.395476, -17.783383 ], [ -65.395381, -17.783347 ], [ -65.395345, -17.783346 ], [ -65.394848, -17.783014 ], [ -65.394682, -17.782953 ], [ -65.394598, -17.782951 ], [ -65.394454, -17.782914 ], [ -65.394202, -17.782931 ], [ -65.394044, -17.783077 ], [ -65.393896, -17.783281 ], [ -65.393712, -17.78345 ], [ -65.393509, -17.783445 ], [ -65.393367, -17.783351 ], [ -65.392891, -17.783134 ], [ -65.392891, -17.783122 ], [ -65.392856, -17.783122 ], [ -65.392548, -17.782885 ], [ -65.392453, -17.782849 ], [ -65.392382, -17.782801 ], [ -65.392156, -17.782728 ], [ -65.392037, -17.782668 ], [ -65.391833, -17.782675 ], [ -65.391627, -17.782786 ], [ -65.391299, -17.782997 ], [ -65.391167, -17.783017 ], [ -65.391118, -17.783051 ], [ -65.390607, -17.782856 ], [ -65.390441, -17.782726 ], [ -65.390358, -17.782679 ], [ -65.390276, -17.782608 ], [ -65.389753, -17.782344 ], [ -65.38949, -17.782316 ], [ -65.389392, -17.782406 ], [ -65.389367, -17.782497 ], [ -65.389362, -17.782738 ], [ -65.38932, -17.783013 ], [ -65.389282, -17.783116 ], [ -65.389059, -17.783479 ], [ -65.38885, -17.783739 ], [ -65.38868, -17.783861 ], [ -65.388368, -17.783878 ], [ -65.387951, -17.783743 ], [ -65.387771, -17.783739 ], [ -65.387602, -17.78377 ], [ -65.387407, -17.783961 ], [ -65.387025, -17.784482 ], [ -65.387012, -17.784516 ], [ -65.386806, -17.784627 ], [ -65.386757, -17.784672 ], [ -65.386733, -17.784671 ], [ -65.386671, -17.784762 ], [ -65.386451, -17.784964 ], [ -65.386047, -17.785381 ], [ -65.385999, -17.785414 ], [ -65.385998, -17.785437 ], [ -65.385925, -17.785481 ], [ -65.385684, -17.785534 ], [ -65.3856, -17.785578 ], [ -65.385408, -17.785574 ], [ -65.385217, -17.785547 ], [ -65.384809, -17.785538 ], [ -65.384713, -17.785548 ], [ -65.384652, -17.785604 ], [ -65.384591, -17.785626 ], [ -65.384566, -17.785671 ], [ -65.384481, -17.785761 ], [ -65.384443, -17.78583 ], [ -65.384419, -17.785829 ], [ -65.384461, -17.78614 ], [ -65.384496, -17.786187 ], [ -65.38453, -17.786314 ], [ -65.384525, -17.786567 ], [ -65.384436, -17.786818 ], [ -65.384278, -17.786918 ], [ -65.384229, -17.786928 ], [ -65.384071, -17.78704 ], [ -65.383888, -17.787208 ], [ -65.383874, -17.787323 ], [ -65.383824, -17.787391 ], [ -65.383824, -17.787437 ], [ -65.383786, -17.787493 ], [ -65.383579, -17.787661 ], [ -65.383507, -17.787694 ], [ -65.383444, -17.787831 ], [ -65.38342, -17.78783 ], [ -65.383385, -17.787784 ], [ -65.383278, -17.787736 ], [ -65.383042, -17.787558 ], [ -65.382806, -17.787346 ], [ -65.382664, -17.78724 ], [ -65.382463, -17.787132 ], [ -65.382046, -17.786986 ], [ -65.381377, -17.786868 ], [ -65.381164, -17.786726 ], [ -65.381035, -17.786574 ], [ -65.380905, -17.786491 ], [ -65.38033, -17.786467 ], [ -65.38021, -17.78643 ], [ -65.380116, -17.786336 ], [ -65.380035, -17.786197 ], [ -65.37999, -17.786047 ], [ -65.379872, -17.785952 ], [ -65.3798, -17.785951 ], [ -65.379084, -17.785786 ], [ -65.379049, -17.785751 ], [ -65.378942, -17.785714 ], [ -65.378742, -17.785526 ], [ -65.378673, -17.785352 ], [ -65.378677, -17.785157 ], [ -65.378704, -17.784997 ], [ -65.378516, -17.784821 ], [ -65.378372, -17.784818 ], [ -65.377698, -17.784964 ], [ -65.376811, -17.784934 ], [ -65.376776, -17.784899 ], [ -65.376243, -17.784578 ], [ -65.375995, -17.784389 ], [ -65.375806, -17.784224 ], [ -65.375664, -17.784129 ], [ -65.375581, -17.784104 ], [ -65.375425, -17.784101 ], [ -65.375067, -17.784013 ], [ -65.374675, -17.783798 ], [ -65.374191, -17.783454 ], [ -65.374048, -17.783394 ], [ -65.373553, -17.782981 ], [ -65.373255, -17.782872 ], [ -65.373016, -17.782832 ], [ -65.372564, -17.782639 ], [ -65.372492, -17.782637 ], [ -65.372457, -17.782591 ], [ -65.371995, -17.782328 ], [ -65.371724, -17.782104 ], [ -65.371725, -17.782058 ], [ -65.371535, -17.781939 ], [ -65.371536, -17.781905 ], [ -65.371015, -17.781595 ], [ -65.370706, -17.781439 ], [ -65.370111, -17.781208 ], [ -65.369969, -17.781125 ], [ -65.36978, -17.78096 ], [ -65.369593, -17.780738 ], [ -65.369476, -17.780563 ], [ -65.369334, -17.780468 ], [ -65.369191, -17.780465 ], [ -65.368962, -17.780518 ], [ -65.368542, -17.780509 ], [ -65.36804, -17.780418 ], [ -65.367922, -17.78037 ], [ -65.367851, -17.780322 ], [ -65.367827, -17.780276 ], [ -65.36778, -17.780252 ], [ -65.367746, -17.780171 ], [ -65.367605, -17.779995 ], [ -65.36724, -17.7797 ], [ -65.36724, -17.779677 ], [ -65.367026, -17.779604 ], [ -65.366978, -17.779568 ], [ -65.366847, -17.77952 ], [ -65.366836, -17.779496 ], [ -65.366588, -17.779319 ], [ -65.366234, -17.779036 ], [ -65.365736, -17.778761 ], [ -65.365486, -17.778652 ], [ -65.365214, -17.778463 ], [ -65.364633, -17.778117 ], [ -65.364455, -17.778056 ], [ -65.364144, -17.778004 ], [ -65.363437, -17.778 ], [ -65.363105, -17.777821 ], [ -65.362894, -17.777575 ], [ -65.362847, -17.777494 ], [ -65.362848, -17.777471 ], [ -65.362812, -17.777447 ], [ -65.362306, -17.777061 ], [ -65.362004, -17.777097 ], [ -65.3618, -17.777092 ], [ -65.3615, -17.777132 ], [ -65.361463, -17.777154 ], [ -65.361355, -17.777175 ], [ -65.361053, -17.777306 ], [ -65.360968, -17.777362 ], [ -65.360932, -17.777361 ], [ -65.360823, -17.777417 ], [ -65.360714, -17.777449 ], [ -65.360411, -17.777603 ], [ -65.360339, -17.777625 ], [ -65.360217, -17.777703 ], [ -65.360181, -17.777702 ], [ -65.36012, -17.777746 ], [ -65.359976, -17.777789 ], [ -65.35971, -17.777899 ], [ -65.359504, -17.778009 ], [ -65.359443, -17.778019 ], [ -65.359201, -17.778129 ], [ -65.359153, -17.778174 ], [ -65.359117, -17.778173 ], [ -65.358971, -17.778239 ], [ -65.358874, -17.778306 ], [ -65.358727, -17.778453 ], [ -65.358591, -17.778668 ], [ -65.358631, -17.779059 ], [ -65.358676, -17.779198 ], [ -65.358734, -17.779303 ], [ -65.359017, -17.77955 ], [ -65.35904, -17.779608 ], [ -65.359216, -17.779784 ], [ -65.359319, -17.780005 ], [ -65.359401, -17.780133 ], [ -65.35949, -17.780445 ], [ -65.359531, -17.780791 ], [ -65.359524, -17.781158 ], [ -65.359496, -17.781364 ], [ -65.359496, -17.781364 ], [ -65.35942, -17.78157 ], [ -65.359358, -17.781672 ], [ -65.359088, -17.781953 ], [ -65.358821, -17.782097 ], [ -65.358387, -17.782214 ], [ -65.357977, -17.782343 ], [ -65.357736, -17.782396 ], [ -65.35722, -17.782419 ], [ -65.356932, -17.782413 ], [ -65.356727, -17.782478 ], [ -65.356679, -17.782477 ], [ -65.356233, -17.782582 ], [ -65.355762, -17.782779 ], [ -65.355158, -17.782973 ], [ -65.354556, -17.783087 ], [ -65.354437, -17.783085 ], [ -65.353811, -17.783186 ], [ -65.353292, -17.783336 ], [ -65.353074, -17.783447 ], [ -65.352952, -17.783559 ], [ -65.352768, -17.783785 ], [ -65.352645, -17.783897 ], [ -65.352571, -17.783999 ], [ -65.352326, -17.784258 ], [ -65.352229, -17.784336 ], [ -65.352143, -17.784438 ], [ -65.351485, -17.784953 ], [ -65.351278, -17.785086 ], [ -65.35106, -17.785197 ], [ -65.350975, -17.785264 ], [ -65.350672, -17.785407 ], [ -65.350576, -17.785405 ], [ -65.350154, -17.785522 ], [ -65.349878, -17.785516 ], [ -65.34977, -17.785537 ], [ -65.349506, -17.785531 ], [ -65.349157, -17.785593 ], [ -65.349026, -17.78559 ], [ -65.348675, -17.785721 ], [ -65.348627, -17.78572 ], [ -65.348518, -17.785775 ], [ -65.348113, -17.785901 ], [ -65.347755, -17.786075 ], [ -65.347233, -17.786134 ], [ -65.347102, -17.786142 ], [ -65.345968, -17.786158 ], [ -65.345812, -17.786177 ], [ -65.345583, -17.786241 ], [ -65.34511, -17.786473 ], [ -65.344952, -17.786596 ], [ -65.344867, -17.78664 ], [ -65.344542, -17.786714 ], [ -65.343391, -17.786712 ], [ -65.34321, -17.786754 ], [ -65.342919, -17.786921 ], [ -65.342748, -17.787055 ], [ -65.342196, -17.787675 ], [ -65.341951, -17.787911 ], [ -65.341686, -17.787998 ], [ -65.341434, -17.788004 ], [ -65.341028, -17.787903 ], [ -65.340933, -17.787844 ], [ -65.340625, -17.787699 ], [ -65.340328, -17.787532 ], [ -65.340091, -17.787424 ], [ -65.339971, -17.787398 ], [ -65.339851, -17.787396 ], [ -65.339635, -17.787437 ], [ -65.339634, -17.787449 ], [ -65.339443, -17.787433 ], [ -65.339443, -17.787421 ], [ -65.339311, -17.787419 ], [ -65.338702, -17.787325 ], [ -65.337779, -17.787294 ], [ -65.337468, -17.787253 ], [ -65.337072, -17.787245 ], [ -65.336785, -17.787204 ], [ -65.336498, -17.787198 ], [ -65.33639, -17.787161 ], [ -65.336235, -17.787135 ], [ -65.33608, -17.787074 ], [ -65.33546, -17.7869 ], [ -65.33503, -17.786822 ], [ -65.333616, -17.786804 ], [ -65.333159, -17.786852 ], [ -65.332797, -17.786936 ], [ -65.332449, -17.786975 ], [ -65.331107, -17.786935 ], [ -65.330819, -17.786951 ], [ -65.330422, -17.787012 ], [ -65.33017, -17.787007 ], [ -65.329857, -17.787057 ], [ -65.329338, -17.78723 ], [ -65.329035, -17.787373 ], [ -65.32856, -17.787719 ], [ -65.328173, -17.787906 ], [ -65.327943, -17.787994 ], [ -65.327499, -17.788007 ], [ -65.327323, -17.787808 ], [ -65.32703, -17.787515 ], [ -65.326815, -17.78743 ], [ -65.326672, -17.787392 ], [ -65.326145, -17.787381 ], [ -65.325712, -17.787452 ], [ -65.325434, -17.787561 ], [ -65.325145, -17.787601 ], [ -65.324904, -17.787653 ], [ -65.324736, -17.787673 ], [ -65.324053, -17.787658 ], [ -65.323481, -17.787485 ], [ -65.323397, -17.787483 ], [ -65.323096, -17.787523 ], [ -65.322589, -17.787673 ], [ -65.32236, -17.787726 ], [ -65.322167, -17.787802 ], [ -65.321961, -17.787924 ], [ -65.32079, -17.788853 ], [ -65.320572, -17.788998 ], [ -65.320352, -17.789165 ], [ -65.320182, -17.789265 ], [ -65.320012, -17.789388 ], [ -65.319612, -17.789575 ], [ -65.319032, -17.789804 ], [ -65.317943, -17.790309 ], [ -65.317748, -17.79042 ], [ -65.317555, -17.790508 ], [ -65.31714, -17.790866 ], [ -65.317004, -17.791036 ], [ -65.316624, -17.791442 ], [ -65.316353, -17.791826 ], [ -65.316264, -17.792054 ], [ -65.316288, -17.792055 ], [ -65.316072, -17.792659 ], [ -65.315862, -17.792942 ], [ -65.315703, -17.7931 ], [ -65.315545, -17.7932 ], [ -65.31523, -17.793365 ], [ -65.315097, -17.793408 ], [ -65.314941, -17.793417 ], [ -65.314748, -17.793458 ], [ -65.314591, -17.793513 ], [ -65.314348, -17.793668 ], [ -65.314262, -17.793758 ], [ -65.313978, -17.794177 ], [ -65.313856, -17.79429 ], [ -65.3132, -17.79469 ], [ -65.312944, -17.794902 ], [ -65.312919, -17.794936 ], [ -65.312797, -17.795026 ], [ -65.312638, -17.795195 ], [ -65.3126, -17.795297 ], [ -65.312599, -17.795355 ], [ -65.312711, -17.795702 ], [ -65.312804, -17.795876 ], [ -65.313088, -17.796066 ], [ -65.313454, -17.796361 ], [ -65.313688, -17.796607 ], [ -65.313746, -17.796701 ], [ -65.313887, -17.796853 ], [ -65.314038, -17.797086 ], [ -65.314084, -17.797202 ], [ -65.314092, -17.797397 ], [ -65.31399, -17.797705 ], [ -65.313949, -17.797934 ], [ -65.313886, -17.798094 ], [ -65.313847, -17.798243 ], [ -65.313393, -17.799336 ], [ -65.31329, -17.799667 ], [ -65.312914, -17.800452 ], [ -65.312888, -17.800532 ], [ -65.312644, -17.800756 ], [ -65.312499, -17.800834 ], [ -65.31239, -17.800866 ], [ -65.311788, -17.800968 ], [ -65.311365, -17.801154 ], [ -65.311292, -17.801199 ], [ -65.311157, -17.801322 ], [ -65.310973, -17.801525 ], [ -65.310799, -17.801855 ], [ -65.310588, -17.802183 ], [ -65.310224, -17.802406 ], [ -65.309711, -17.802843 ], [ -65.309466, -17.803102 ], [ -65.309231, -17.803442 ], [ -65.309131, -17.803646 ], [ -65.308979, -17.804045 ], [ -65.308914, -17.804274 ], [ -65.308825, -17.804502 ], [ -65.308713, -17.804706 ], [ -65.308585, -17.805105 ], [ -65.308583, -17.805209 ], [ -65.308558, -17.805289 ], [ -65.308542, -17.805449 ], [ -65.30855, -17.805656 ], [ -65.308536, -17.805736 ], [ -65.308461, -17.805919 ], [ -65.308214, -17.806235 ], [ -65.307761, -17.806697 ], [ -65.3069, -17.807184 ], [ -65.306803, -17.807205 ], [ -65.305578, -17.807903 ], [ -65.305529, -17.807948 ], [ -65.304851, -17.808255 ], [ -65.304658, -17.808274 ], [ -65.304299, -17.808266 ], [ -65.304142, -17.808309 ], [ -65.303578, -17.808308 ], [ -65.303419, -17.808466 ], [ -65.303111, -17.808861 ], [ -65.303001, -17.808974 ], [ -65.302758, -17.809118 ], [ -65.302637, -17.809173 ], [ -65.302372, -17.809225 ], [ -65.302263, -17.809268 ], [ -65.302155, -17.809266 ], [ -65.301879, -17.809306 ], [ -65.301529, -17.809425 ], [ -65.301188, -17.809636 ], [ -65.300933, -17.809814 ], [ -65.300871, -17.809894 ], [ -65.300202, -17.810385 ], [ -65.299716, -17.81065 ], [ -65.299185, -17.810834 ], [ -65.298616, -17.811063 ], [ -65.298385, -17.811231 ], [ -65.298079, -17.811558 ], [ -65.297929, -17.811819 ], [ -65.297891, -17.811921 ], [ -65.297862, -17.812196 ], [ -65.297855, -17.812518 ], [ -65.297944, -17.812865 ], [ -65.298093, -17.813167 ], [ -65.298273, -17.813745 ], [ -65.298412, -17.814001 ], [ -65.298512, -17.814382 ], [ -65.298488, -17.814382 ], [ -65.298559, -17.814429 ], [ -65.298559, -17.814452 ], [ -65.298571, -17.814452 ], [ -65.298534, -17.814509 ], [ -65.298319, -17.815033 ], [ -65.298292, -17.81517 ], [ -65.298103, -17.815603 ], [ -65.297916, -17.815955 ], [ -65.297841, -17.816137 ], [ -65.29762, -17.816386 ], [ -65.297461, -17.816509 ], [ -65.297303, -17.816597 ], [ -65.296844, -17.816794 ], [ -65.296699, -17.816814 ], [ -65.29619, -17.817067 ], [ -65.29597, -17.817293 ], [ -65.295797, -17.817507 ], [ -65.295648, -17.817791 ], [ -65.295647, -17.817826 ], [ -65.295598, -17.817871 ], [ -65.295448, -17.818189 ], [ -65.295408, -17.818338 ], [ -65.295295, -17.8186 ], [ -65.295122, -17.818872 ], [ -65.29484, -17.819153 ], [ -65.294731, -17.81922 ], [ -65.29455, -17.819273 ], [ -65.294514, -17.819272 ], [ -65.294465, -17.819294 ], [ -65.294357, -17.819292 ], [ -65.294261, -17.819324 ], [ -65.294044, -17.819354 ], [ -65.293331, -17.819626 ], [ -65.292944, -17.819802 ], [ -65.292822, -17.819891 ], [ -65.292748, -17.81997 ], [ -65.292661, -17.820141 ], [ -65.292635, -17.820243 ], [ -65.292631, -17.820439 ], [ -65.292699, -17.82121 ], [ -65.292849, -17.822064 ], [ -65.292905, -17.822249 ], [ -65.292906, -17.822789 ], [ -65.292928, -17.822904 ], [ -65.292923, -17.823145 ], [ -65.292943, -17.823341 ], [ -65.292936, -17.823651 ], [ -65.292803, -17.824326 ], [ -65.292713, -17.824589 ], [ -65.292651, -17.824702 ], [ -65.292638, -17.824759 ], [ -65.292601, -17.824816 ], [ -65.292587, -17.824896 ], [ -65.292537, -17.82501 ], [ -65.292497, -17.825182 ], [ -65.292433, -17.825364 ], [ -65.291984, -17.827365 ], [ -65.291957, -17.827549 ], [ -65.291936, -17.827985 ], [ -65.291944, -17.828146 ], [ -65.292146, -17.82884 ], [ -65.292188, -17.829151 ], [ -65.292195, -17.829381 ], [ -65.292178, -17.829599 ], [ -65.292114, -17.829827 ], [ -65.29185, -17.830408 ], [ -65.291652, -17.830679 ], [ -65.291443, -17.830928 ], [ -65.291334, -17.831006 ], [ -65.29126, -17.831096 ], [ -65.291175, -17.831163 ], [ -65.291052, -17.83131 ], [ -65.290915, -17.831514 ], [ -65.29079, -17.831764 ], [ -65.290702, -17.831992 ], [ -65.290576, -17.832254 ], [ -65.290409, -17.832802 ], [ -65.290291, -17.833305 ], [ -65.290228, -17.833453 ], [ -65.290162, -17.83375 ], [ -65.290133, -17.833968 ], [ -65.289855, -17.834651 ], [ -65.289768, -17.834799 ], [ -65.289718, -17.834924 ], [ -65.289495, -17.835253 ], [ -65.289336, -17.835399 ], [ -65.289166, -17.835487 ], [ -65.28913, -17.835486 ], [ -65.289094, -17.83552 ], [ -65.288877, -17.835561 ], [ -65.288176, -17.835822 ], [ -65.287777, -17.835951 ], [ -65.287484, -17.83612 ], [ -65.287249, -17.836268 ], [ -65.287035, -17.836415 ], [ -65.286907, -17.836541 ], [ -65.2868, -17.836625 ], [ -65.286708, -17.836701 ], [ -65.286608, -17.836813 ], [ -65.28646, -17.837042 ], [ -65.286297, -17.837188 ], [ -65.286248, -17.837256 ], [ -65.28623, -17.837286 ], [ -65.285982, -17.837634 ], [ -65.285957, -17.837727 ], [ -65.285921, -17.837772 ], [ -65.285583, -17.838001 ], [ -65.284739, -17.838721 ], [ -65.284534, -17.838847 ], [ -65.284401, -17.838903 ], [ -65.284221, -17.838925 ], [ -65.283993, -17.838924 ], [ -65.283741, -17.838876 ], [ -65.283525, -17.838817 ], [ -65.283285, -17.838711 ], [ -65.282962, -17.838593 ], [ -65.282542, -17.838464 ], [ -65.282362, -17.838428 ], [ -65.281557, -17.838411 ], [ -65.2808, -17.838544 ], [ -65.280475, -17.83868 ], [ -65.280102, -17.838746 ], [ -65.280102, -17.838769 ], [ -65.280078, -17.838769 ], [ -65.279789, -17.83894 ], [ -65.278994, -17.839315 ], [ -65.278994, -17.839315 ], [ -65.278464, -17.839519 ], [ -65.278248, -17.839552 ], [ -65.277527, -17.839536 ], [ -65.277095, -17.839475 ], [ -65.276999, -17.83944 ], [ -65.276699, -17.839484 ], [ -65.276482, -17.839667 ], [ -65.276397, -17.839758 ], [ -65.276179, -17.840137 ], [ -65.276105, -17.840367 ], [ -65.27596, -17.840643 ], [ -65.275874, -17.840896 ], [ -65.275486, -17.841539 ], [ -65.274857, -17.84233 ], [ -65.2747, -17.842502 ], [ -65.274579, -17.842663 ], [ -65.274482, -17.842916 ], [ -65.274812, -17.844025 ], [ -65.274782, -17.84504 ], [ -65.274709, -17.845247 ], [ -65.274551, -17.845499 ], [ -65.274237, -17.845912 ], [ -65.273838, -17.846336 ], [ -65.273597, -17.846496 ], [ -65.273331, -17.846724 ], [ -65.27332, -17.846732 ], [ -65.273018, -17.846941 ], [ -65.272752, -17.84717 ], [ -65.272282, -17.847432 ], [ -65.27215, -17.847466 ], [ -65.271994, -17.847557 ], [ -65.271873, -17.847648 ], [ -65.27168, -17.847705 ], [ -65.271007, -17.84778 ], [ -65.270599, -17.847778 ], [ -65.270082, -17.847751 ], [ -65.269866, -17.847772 ], [ -65.269217, -17.847906 ], [ -65.268795, -17.848099 ], [ -65.268398, -17.848166 ], [ -65.267821, -17.848358 ], [ -65.267352, -17.848423 ], [ -65.267304, -17.848446 ], [ -65.267075, -17.848468 ], [ -65.266582, -17.848637 ], [ -65.266245, -17.848819 ], [ -65.26581, -17.849162 ], [ -65.265532, -17.849483 ], [ -65.265399, -17.849678 ], [ -65.265253, -17.849988 ], [ -65.265143, -17.850299 ], [ -65.26507, -17.850564 ], [ -65.26486, -17.851496 ], [ -65.264691, -17.851703 ], [ -65.264389, -17.851943 ], [ -65.264184, -17.852056 ], [ -65.264051, -17.852251 ], [ -65.263808, -17.852711 ], [ -65.263735, -17.852907 ], [ -65.263578, -17.853182 ], [ -65.263287, -17.853584 ], [ -65.263203, -17.853641 ], [ -65.262913, -17.853915 ], [ -65.262248, -17.854683 ], [ -65.261753, -17.855095 ], [ -65.261705, -17.855095 ], [ -65.261705, -17.855118 ], [ -65.261356, -17.855265 ], [ -65.261007, -17.855378 ], [ -65.260043, -17.855809 ], [ -65.259476, -17.856197 ], [ -65.259271, -17.856392 ], [ -65.258546, -17.857205 ], [ -65.258449, -17.857355 ], [ -65.258448, -17.857412 ], [ -65.258183, -17.857595 ], [ -65.257821, -17.857961 ], [ -65.257808, -17.857996 ], [ -65.25776, -17.858019 ], [ -65.25706, -17.858705 ], [ -65.256951, -17.858785 ], [ -65.256554, -17.858898 ], [ -65.256205, -17.858953 ], [ -65.255893, -17.858951 ], [ -65.255797, -17.858927 ], [ -65.255593, -17.858845 ], [ -65.25527, -17.858681 ], [ -65.255066, -17.85868 ], [ -65.254825, -17.858713 ], [ -65.254657, -17.858757 ], [ -65.254476, -17.858779 ], [ -65.254079, -17.858961 ], [ -65.253717, -17.8592 ], [ -65.25298, -17.859922 ], [ -65.252544, -17.860507 ], [ -65.252338, -17.860978 ], [ -65.252264, -17.86122 ], [ -65.252178, -17.861611 ], [ -65.252164, -17.862015 ], [ -65.25221, -17.862303 ], [ -65.252281, -17.862557 ], [ -65.252268, -17.862603 ], [ -65.252267, -17.862869 ], [ -65.252205, -17.863168 ], [ -65.251891, -17.863558 ], [ -65.25142, -17.863946 ], [ -65.251336, -17.863992 ], [ -65.250855, -17.864342 ], [ -65.249337, -17.865479 ], [ -65.248629, -17.866282 ], [ -65.248382, -17.866619 ], [ -65.248087, -17.866922 ], [ -65.246873, -17.867593 ], [ -65.246684, -17.867768 ], [ -65.246487, -17.868219 ], [ -65.246486, -17.86898 ], [ -65.246443, -17.869315 ], [ -65.246188, -17.869883 ], [ -65.245942, -17.8703 ], [ -65.245803, -17.870659 ], [ -65.245764, -17.871213 ], [ -65.245592, -17.871791 ], [ -65.245565, -17.872333 ], [ -65.245605, -17.872598 ], [ -65.246202, -17.874009 ], [ -65.246841, -17.875016 ], [ -65.246869, -17.875315 ], [ -65.246837, -17.875535 ], [ -65.246471, -17.876726 ], [ -65.246302, -17.8775 ], [ -65.246153, -17.878747 ], [ -65.246094, -17.879623 ], [ -65.245977, -17.880582 ], [ -65.245703, -17.881518 ], [ -65.245469, -17.881936 ], [ -65.245091, -17.882309 ], [ -65.244912, -17.882392 ], [ -65.244421, -17.882466 ], [ -65.243943, -17.88261 ], [ -65.243658, -17.882786 ], [ -65.243089, -17.884026 ], [ -65.241741, -17.88539 ], [ -65.241517, -17.88568 ], [ -65.241437, -17.885935 ], [ -65.241468, -17.886361 ], [ -65.241618, -17.886774 ], [ -65.242025, -17.887496 ], [ -65.242669, -17.888837 ], [ -65.242686, -17.889183 ], [ -65.242583, -17.88953 ], [ -65.242373, -17.889924 ], [ -65.242021, -17.890412 ], [ -65.241772, -17.890645 ], [ -65.241223, -17.890859 ], [ -65.240315, -17.891111 ], [ -65.239348, -17.891456 ], [ -65.23923, -17.89155 ], [ -65.239224, -17.891699 ], [ -65.239221, -17.891769 ], [ -65.239284, -17.891976 ], [ -65.239816, -17.893065 ], [ -65.239917, -17.893398 ], [ -65.239919, -17.893536 ], [ -65.239851, -17.893744 ], [ -65.239589, -17.893897 ], [ -65.239084, -17.893834 ], [ -65.23877, -17.893722 ], [ -65.238614, -17.893724 ], [ -65.238409, -17.893657 ], [ -65.237483, -17.893517 ], [ -65.237207, -17.89352 ], [ -65.236957, -17.893685 ], [ -65.236493, -17.894739 ], [ -65.234872, -17.896232 ], [ -65.234748, -17.896387 ], [ -65.234471, -17.896732 ], [ -65.234167, -17.897301 ], [ -65.234041, -17.897682 ], [ -65.233945, -17.898444 ], [ -65.233951, -17.898882 ], [ -65.234081, -17.899538 ], [ -65.234863, -17.90044 ], [ -65.234973, -17.900611 ], [ -65.235037, -17.900864 ], [ -65.235053, -17.901129 ], [ -65.234928, -17.901603 ], [ -65.234601, -17.902183 ], [ -65.233754, -17.903345 ], [ -65.233403, -17.903937 ], [ -65.233159, -17.904458 ], [ -65.232779, -17.904751 ], [ -65.232354, -17.905217 ], [ -65.231153, -17.905945 ], [ -65.230704, -17.906434 ], [ -65.230578, -17.906804 ], [ -65.230584, -17.907219 ], [ -65.230794, -17.90762 ], [ -65.231162, -17.908169 ], [ -65.231298, -17.908433 ], [ -65.231124, -17.908838 ], [ -65.230627, -17.909293 ], [ -65.230425, -17.909411 ], [ -65.230229, -17.909562 ], [ -65.22981, -17.910017 ], [ -65.229681, -17.910237 ], [ -65.229615, -17.910676 ], [ -65.229764, -17.911009 ], [ -65.229887, -17.911169 ], [ -65.230919, -17.911976 ], [ -65.230919, -17.911976 ], [ -65.23092, -17.912022 ], [ -65.230993, -17.91209 ], [ -65.230973, -17.912367 ], [ -65.230683, -17.913027 ], [ -65.230449, -17.913445 ], [ -65.230334, -17.913757 ], [ -65.230305, -17.914242 ], [ -65.230539, -17.914619 ], [ -65.230758, -17.914824 ], [ -65.231315, -17.915141 ], [ -65.232341, -17.915579 ], [ -65.232342, -17.915579 ], [ -65.232972, -17.91601 ], [ -65.232972, -17.91601 ], [ -65.233338, -17.916375 ], [ -65.233871, -17.916726 ], [ -65.233871, -17.916726 ], [ -65.234055, -17.916904 ], [ -65.232708, -17.917604 ], [ -65.232329, -17.917919 ], [ -65.231951, -17.918373 ], [ -65.231448, -17.919185 ], [ -65.231247, -17.919395 ], [ -65.230831, -17.919699 ], [ -65.230294, -17.919936 ], [ -65.229218, -17.920213 ], [ -65.228838, -17.920471 ], [ -65.228623, -17.920542 ], [ -65.22755, -17.92065 ], [ -65.226034, -17.920802 ], [ -65.225424, -17.920901 ], [ -65.224874, -17.921057 ], [ -65.223167, -17.921687 ], [ -65.221638, -17.922153 ], [ -65.219813, -17.922116 ], [ -65.219179, -17.922261 ], [ -65.21888, -17.92238 ], [ -65.218163, -17.922549 ], [ -65.216939, -17.922609 ], [ -65.216592, -17.922671 ], [ -65.216163, -17.922848 ], [ -65.215379, -17.923399 ], [ -65.215142, -17.923666 ], [ -65.215086, -17.923932 ], [ -65.215138, -17.924162 ], [ -65.215248, -17.924322 ], [ -65.215897, -17.924361 ], [ -65.216439, -17.924459 ], [ -65.216812, -17.924581 ], [ -65.216813, -17.924582 ], [ -65.217418, -17.924921 ], [ -65.218022, -17.925179 ], [ -65.218022, -17.925179 ], [ -65.218482, -17.925462 ], [ -65.218482, -17.925462 ], [ -65.218944, -17.925826 ], [ -65.218944, -17.925826 ], [ -65.21925, -17.926214 ], [ -65.219398, -17.926535 ], [ -65.219401, -17.926697 ], [ -65.219226, -17.927056 ], [ -65.218931, -17.927359 ], [ -65.218225, -17.928347 ], [ -65.217976, -17.928545 ], [ -65.217332, -17.928841 ], [ -65.217046, -17.928936 ], [ -65.215606, -17.928964 ], [ -65.21479, -17.92903 ], [ -65.213977, -17.929189 ], [ -65.213232, -17.929163 ], [ -65.212882, -17.929074 ], [ -65.212342, -17.929057 ], [ -65.212246, -17.929081 ], [ -65.212152, -17.929163 ], [ -65.211861, -17.929777 ], [ -65.210869, -17.932497 ], [ -65.210885, -17.932751 ], [ -65.211234, -17.933634 ], [ -65.211279, -17.934245 ], [ -65.211152, -17.93458 ], [ -65.210893, -17.934929 ], [ -65.209987, -17.935354 ], [ -65.209548, -17.93567 ], [ -65.208814, -17.936393 ], [ -65.20854, -17.936511 ], [ -65.208109, -17.936608 ], [ -65.206357, -17.936616 ], [ -65.205766, -17.936438 ], [ -65.205128, -17.936318 ], [ -65.204742, -17.936207 ], [ -65.204742, -17.936207 ], [ -65.204621, -17.93614 ], [ -65.204621, -17.93614 ], [ -65.204543, -17.935714 ], [ -65.204587, -17.935483 ], [ -65.204835, -17.935227 ], [ -65.205228, -17.934957 ], [ -65.205609, -17.934803 ], [ -65.206324, -17.934415 ], [ -65.206596, -17.934158 ], [ -65.206616, -17.933904 ], [ -65.206591, -17.933835 ], [ -65.206301, -17.933689 ], [ -65.20606, -17.933634 ], [ -65.205508, -17.933617 ], [ -65.205243, -17.933562 ], [ -65.205243, -17.933562 ], [ -65.204674, -17.933234 ], [ -65.204674, -17.933234 ], [ -65.203665, -17.932381 ], [ -65.202235, -17.931463 ], [ -65.202235, -17.931463 ], [ -65.201931, -17.931201 ], [ -65.201931, -17.931201 ], [ -65.201544, -17.930998 ], [ -65.201351, -17.930966 ], [ -65.201091, -17.931211 ], [ -65.200864, -17.93134 ], [ -65.199917, -17.931373 ], [ -65.199822, -17.931467 ], [ -65.199512, -17.932392 ], [ -65.199289, -17.93274 ], [ -65.198719, -17.933185 ], [ -65.196804, -17.934393 ], [ -65.196592, -17.934661 ], [ -65.196323, -17.935113 ], [ -65.196242, -17.935333 ], [ -65.196248, -17.935736 ], [ -65.196507, -17.936206 ], [ -65.196645, -17.936562 ], [ -65.196722, -17.936953 ], [ -65.196683, -17.937518 ], [ -65.196536, -17.938165 ], [ -65.196421, -17.939319 ], [ -65.196449, -17.939584 ], [ -65.196562, -17.939894 ], [ -65.196882, -17.940398 ], [ -65.19782, -17.941344 ], [ -65.199208, -17.942631 ], [ -65.199392, -17.94294 ], [ -65.199483, -17.943389 ], [ -65.199448, -17.943482 ], [ -65.199212, -17.943761 ], [ -65.198786, -17.944169 ], [ -65.198144, -17.944579 ], [ -65.197476, -17.944875 ], [ -65.195828, -17.945423 ], [ -65.19503, -17.945847 ], [ -65.193133, -17.946686 ], [ -65.19273, -17.947014 ], [ -65.191878, -17.947876 ], [ -65.191653, -17.948051 ], [ -65.191104, -17.948299 ], [ -65.190931, -17.94835 ], [ -65.190363, -17.948515 ], [ -65.189501, -17.948663 ], [ -65.188342, -17.949021 ], [ -65.187877, -17.94928 ], [ -65.187498, -17.949595 ], [ -65.186978, -17.950177 ], [ -65.186029, -17.95096 ], [ -65.184882, -17.952091 ], [ -65.183431, -17.953847 ], [ -65.183003, -17.954106 ], [ -65.182379, -17.95417 ], [ -65.182078, -17.95407 ], [ -65.182078, -17.95407 ], [ -65.181605, -17.953787 ], [ -65.181605, -17.953787 ], [ -65.181116, -17.953158 ], [ -65.180734, -17.952528 ], [ -65.180227, -17.951508 ], [ -65.179194, -17.951473 ], [ -65.178438, -17.951516 ], [ -65.177159, -17.951899 ], [ -65.176936, -17.952224 ], [ -65.176861, -17.952847 ], [ -65.176383, -17.953809 ], [ -65.176303, -17.954064 ], [ -65.176307, -17.954352 ], [ -65.176423, -17.954892 ], [ -65.176491, -17.955445 ], [ -65.176305, -17.955804 ], [ -65.176197, -17.955874 ], [ -65.175695, -17.955961 ], [ -65.175263, -17.955977 ], [ -65.174926, -17.955934 ], [ -65.174456, -17.955813 ], [ -65.174238, -17.955711 ], [ -65.174238, -17.955711 ], [ -65.173037, -17.954848 ], [ -65.172723, -17.954702 ], [ -65.171339, -17.954521 ], [ -65.170666, -17.954482 ], [ -65.170045, -17.954651 ], [ -65.169759, -17.954815 ], [ -65.169522, -17.955037 ], [ -65.169322, -17.955292 ], [ -65.169049, -17.955549 ], [ -65.168466, -17.955867 ], [ -65.168158, -17.956135 ], [ -65.167805, -17.956669 ], [ -65.167635, -17.957363 ], [ -65.167645, -17.957996 ], [ -65.167841, -17.959112 ], [ -65.167874, -17.959711 ], [ -65.167657, -17.960509 ], [ -65.167043, -17.961991 ], [ -65.166975, -17.962269 ], [ -65.166229, -17.96381 ], [ -65.165958, -17.964147 ], [ -65.165815, -17.964229 ], [ -65.165146, -17.964421 ], [ -65.164583, -17.964508 ], [ -65.164222, -17.964477 ], [ -65.163932, -17.964377 ], [ -65.163932, -17.964376 ], [ -65.163653, -17.964195 ], [ -65.163653, -17.964195 ], [ -65.163163, -17.963532 ], [ -65.163018, -17.963407 ], [ -65.162861, -17.963339 ], [ -65.162044, -17.963325 ], [ -65.161901, -17.963384 ], [ -65.161661, -17.963387 ], [ -65.160673, -17.963155 ], [ -65.160145, -17.963161 ], [ -65.158888, -17.963417 ], [ -65.157769, -17.963626 ], [ -65.157302, -17.963845 ], [ -65.157302, -17.963844 ], [ -65.157312, -17.963863 ], [ -65.157382, -17.963915 ], [ -65.157452, -17.963976 ], [ -65.157508, -17.963999 ], [ -65.157577, -17.964087 ], [ -65.157592, -17.964376 ], [ -65.157569, -17.964487 ], [ -65.157546, -17.964548 ], [ -65.15753, -17.964572 ], [ -65.157348, -17.96479 ], [ -65.157339, -17.964801 ], [ -65.157323, -17.964824 ], [ -65.157298, -17.964855 ], [ -65.157255, -17.964905 ], [ -65.157212, -17.964954 ], [ -65.157181, -17.965009 ], [ -65.157092, -17.965168 ], [ -65.157068, -17.965191 ], [ -65.157006, -17.965329 ], [ -65.156946, -17.965386 ], [ -65.156897, -17.965466 ], [ -65.156873, -17.965489 ], [ -65.156848, -17.965569 ], [ -65.156812, -17.965604 ], [ -65.156775, -17.965684 ], [ -65.15675, -17.965799 ], [ -65.156738, -17.965799 ], [ -65.156737, -17.96588 ], [ -65.156712, -17.965972 ], [ -65.156747, -17.966088 ], [ -65.156854, -17.966217 ], [ -65.157008, -17.966369 ], [ -65.157068, -17.966416 ], [ -65.157092, -17.966416 ], [ -65.157294, -17.966661 ], [ -65.157365, -17.96672 ], [ -65.157435, -17.966928 ], [ -65.157432, -17.967263 ], [ -65.157395, -17.967402 ], [ -65.157333, -17.967586 ], [ -65.157272, -17.967735 ], [ -65.157234, -17.96785 ], [ -65.157161, -17.967965 ], [ -65.157124, -17.968046 ], [ -65.157038, -17.968345 ], [ -65.156817, -17.968816 ], [ -65.15673, -17.969104 ], [ -65.156668, -17.969277 ], [ -65.156606, -17.969518 ], [ -65.156543, -17.969853 ], [ -65.156538, -17.970326 ], [ -65.156584, -17.970593 ], [ -65.156619, -17.970709 ], [ -65.156642, -17.970848 ], [ -65.156711, -17.971137 ], [ -65.15671, -17.971195 ], [ -65.156734, -17.971195 ], [ -65.156734, -17.971219 ], [ -65.156758, -17.971242 ], [ -65.156839, -17.971578 ], [ -65.156884, -17.971833 ], [ -65.156882, -17.972041 ], [ -65.156857, -17.972156 ], [ -65.156856, -17.972237 ], [ -65.15682, -17.972283 ], [ -65.156734, -17.972455 ], [ -65.156577, -17.972592 ], [ -65.156553, -17.972603 ], [ -65.156504, -17.972649 ], [ -65.156468, -17.972671 ], [ -65.156156, -17.972668 ], [ -65.156096, -17.972644 ], [ -65.155425, -17.972532 ], [ -65.155257, -17.97253 ], [ -65.155173, -17.972517 ], [ -65.155089, -17.972516 ], [ -65.154908, -17.972584 ], [ -65.154811, -17.97264 ], [ -65.154715, -17.972685 ], [ -65.154569, -17.972834 ], [ -65.154545, -17.972868 ], [ -65.154495, -17.973041 ], [ -65.154493, -17.973295 ], [ -65.154479, -17.973434 ], [ -65.154503, -17.973503 ], [ -65.154526, -17.973538 ], [ -65.154574, -17.973573 ], [ -65.154681, -17.973702 ], [ -65.154967, -17.973948 ], [ -65.155314, -17.974091 ], [ -65.155637, -17.974152 ], [ -65.156466, -17.974162 ], [ -65.15661, -17.974187 ], [ -65.156754, -17.9742 ], [ -65.156873, -17.974236 ], [ -65.156957, -17.974283 ], [ -65.157065, -17.974319 ], [ -65.157136, -17.974401 ], [ -65.157362, -17.974589 ], [ -65.157362, -17.974612 ], [ -65.157385, -17.974693 ], [ -65.157407, -17.974913 ], [ -65.157406, -17.97504 ], [ -65.157394, -17.97504 ], [ -65.157309, -17.975119 ], [ -65.157285, -17.975177 ], [ -65.157261, -17.975177 ], [ -65.157261, -17.975188 ], [ -65.157249, -17.975188 ], [ -65.157249, -17.9752 ], [ -65.157006, -17.975405 ], [ -65.156982, -17.975451 ], [ -65.156873, -17.975565 ], [ -65.156727, -17.975737 ], [ -65.15669, -17.975805 ], [ -65.15663, -17.975886 ], [ -65.156605, -17.975955 ], [ -65.156495, -17.976115 ], [ -65.156434, -17.976288 ], [ -65.156433, -17.976322 ], [ -65.156421, -17.976322 ], [ -65.156419, -17.97653 ], [ -65.156443, -17.976611 ], [ -65.156442, -17.976634 ], [ -65.156514, -17.976716 ], [ -65.156549, -17.976797 ], [ -65.156573, -17.976821 ], [ -65.156608, -17.976891 ], [ -65.156667, -17.976961 ], [ -65.156738, -17.977146 ], [ -65.15676, -17.97732 ], [ -65.156759, -17.977447 ], [ -65.156771, -17.977447 ], [ -65.156745, -17.977643 ], [ -65.156707, -17.977816 ], [ -65.156706, -17.977897 ], [ -65.15667, -17.977943 ], [ -65.156596, -17.978162 ], [ -65.156595, -17.978231 ], [ -65.156571, -17.978277 ], [ -65.156569, -17.978508 ], [ -65.156555, -17.978635 ], [ -65.156554, -17.978808 ], [ -65.1566, -17.978994 ], [ -65.156612, -17.978994 ], [ -65.156779, -17.979157 ], [ -65.15691, -17.979217 ], [ -65.15697, -17.979217 ], [ -65.157138, -17.979254 ], [ -65.157246, -17.979255 ], [ -65.157414, -17.979223 ], [ -65.157668, -17.97911 ], [ -65.157776, -17.979077 ], [ -65.157921, -17.978998 ], [ -65.158054, -17.978941 ], [ -65.158162, -17.978873 ], [ -65.158271, -17.978817 ], [ -65.158343, -17.97876 ], [ -65.158464, -17.978692 ], [ -65.158609, -17.97859 ], [ -65.158911, -17.978443 ], [ -65.15908, -17.978376 ], [ -65.159188, -17.978342 ], [ -65.159297, -17.978297 ], [ -65.159381, -17.978275 ], [ -65.159477, -17.978265 ], [ -65.159573, -17.978243 ], [ -65.159777, -17.978245 ], [ -65.159874, -17.978223 ], [ -65.160522, -17.978231 ], [ -65.160522, -17.978243 ], [ -65.160558, -17.978266 ], [ -65.160954, -17.978271 ], [ -65.16099, -17.978294 ], [ -65.161038, -17.978295 ], [ -65.161062, -17.978307 ], [ -65.161266, -17.978344 ], [ -65.161446, -17.978346 ], [ -65.161542, -17.978359 ], [ -65.161626, -17.97836 ], [ -65.16177, -17.978338 ], [ -65.162047, -17.978284 ], [ -65.162167, -17.97825 ], [ -65.162287, -17.978229 ], [ -65.16254, -17.978162 ], [ -65.162841, -17.97812 ], [ -65.163021, -17.978076 ], [ -65.163382, -17.97808 ], [ -65.163477, -17.978104 ], [ -65.163561, -17.97814 ], [ -65.163656, -17.978256 ], [ -65.163691, -17.978361 ], [ -65.163715, -17.978396 ], [ -65.163714, -17.978454 ], [ -65.16375, -17.978523 ], [ -65.163831, -17.978825 ], [ -65.16383, -17.978975 ], [ -65.163853, -17.979068 ], [ -65.163852, -17.979137 ], [ -65.163876, -17.979172 ], [ -65.163874, -17.979299 ], [ -65.163886, -17.979299 ], [ -65.163922, -17.979392 ], [ -65.163957, -17.979427 ], [ -65.163981, -17.979473 ], [ -65.164005, -17.979497 ], [ -65.164065, -17.979521 ], [ -65.164209, -17.979522 ], [ -65.164329, -17.979478 ], [ -65.164631, -17.979308 ], [ -65.164849, -17.979126 ], [ -65.165225, -17.978726 ], [ -65.16531, -17.978623 ], [ -65.165444, -17.978428 ], [ -65.165529, -17.978336 ], [ -65.16559, -17.978256 ], [ -65.16565, -17.978199 ], [ -65.165759, -17.978131 ], [ -65.165843, -17.97812 ], [ -65.165927, -17.978121 ], [ -65.166059, -17.978192 ], [ -65.166237, -17.978333 ], [ -65.166285, -17.978391 ], [ -65.166321, -17.978415 ], [ -65.166344, -17.978461 ], [ -65.166404, -17.97852 ], [ -65.166427, -17.978555 ], [ -65.166427, -17.978578 ], [ -65.166463, -17.978613 ], [ -65.166463, -17.978636 ], [ -65.166486, -17.978671 ], [ -65.166485, -17.978844 ], [ -65.166496, -17.978879 ], [ -65.166496, -17.97896 ], [ -65.166434, -17.979133 ], [ -65.166397, -17.979178 ], [ -65.1663, -17.979351 ], [ -65.166081, -17.979625 ], [ -65.166045, -17.97966 ], [ -65.165923, -17.97982 ], [ -65.165886, -17.979912 ], [ -65.165813, -17.980038 ], [ -65.165776, -17.980119 ], [ -65.165715, -17.980187 ], [ -65.165703, -17.980268 ], [ -65.165666, -17.980314 ], [ -65.165652, -17.980545 ], [ -65.165699, -17.980661 ], [ -65.165735, -17.980696 ], [ -65.165807, -17.980697 ], [ -65.165951, -17.980722 ], [ -65.166083, -17.980723 ], [ -65.166286, -17.98076 ], [ -65.166358, -17.980761 ], [ -65.166647, -17.980707 ], [ -65.166912, -17.980594 ], [ -65.167094, -17.980492 ], [ -65.167214, -17.980413 ], [ -65.167347, -17.980357 ], [ -65.167468, -17.980289 ], [ -65.167576, -17.980244 ], [ -65.167697, -17.980222 ], [ -65.168118, -17.980065 ], [ -65.168311, -17.98001 ], [ -65.168504, -17.979943 ], [ -65.168817, -17.979877 ], [ -65.169346, -17.979802 ], [ -65.169718, -17.979807 ], [ -65.169934, -17.979798 ], [ -65.170137, -17.979904 ], [ -65.170137, -17.979927 ], [ -65.170076, -17.980054 ], [ -65.170039, -17.980192 ], [ -65.170002, -17.980226 ], [ -65.169953, -17.980329 ], [ -65.169868, -17.980421 ], [ -65.169783, -17.980535 ], [ -65.169674, -17.980661 ], [ -65.169516, -17.980798 ], [ -65.169323, -17.980934 ], [ -65.169227, -17.98098 ], [ -65.169154, -17.981037 ], [ -65.169117, -17.981082 ], [ -65.169009, -17.981139 ], [ -65.168864, -17.981195 ], [ -65.168707, -17.981274 ], [ -65.168659, -17.981285 ], [ -65.168587, -17.981319 ], [ -65.168491, -17.981318 ], [ -65.16837, -17.981362 ], [ -65.168178, -17.981395 ], [ -65.168154, -17.981418 ], [ -65.168094, -17.981417 ], [ -65.167961, -17.981473 ], [ -65.167876, -17.981541 ], [ -65.167768, -17.98161 ], [ -65.167707, -17.981667 ], [ -65.16767, -17.981724 ], [ -65.167586, -17.981792 ], [ -65.167537, -17.981884 ], [ -65.167476, -17.981976 ], [ -65.167426, -17.982137 ], [ -65.167425, -17.982322 ], [ -65.167436, -17.982391 ], [ -65.16753, -17.982612 ], [ -65.167613, -17.982705 ], [ -65.167744, -17.982799 ], [ -65.167948, -17.982894 ], [ -65.168187, -17.982955 ], [ -65.168343, -17.982957 ], [ -65.168463, -17.98297 ], [ -65.168583, -17.982959 ], [ -65.168656, -17.982937 ], [ -65.168728, -17.982869 ], [ -65.168752, -17.982857 ], [ -65.168789, -17.982812 ], [ -65.168837, -17.982778 ], [ -65.168983, -17.982618 ], [ -65.16914, -17.982492 ], [ -65.169188, -17.98247 ], [ -65.169236, -17.98247 ], [ -65.169285, -17.982459 ], [ -65.169465, -17.982461 ], [ -65.169501, -17.982485 ], [ -65.169525, -17.982485 ], [ -65.169596, -17.982509 ], [ -65.169644, -17.982544 ], [ -65.169703, -17.982626 ], [ -65.16975, -17.982731 ], [ -65.169797, -17.982916 ], [ -65.169796, -17.982997 ], [ -65.169831, -17.983078 ], [ -65.16983, -17.983205 ], [ -65.169852, -17.983379 ], [ -65.169898, -17.98361 ], [ -65.169933, -17.983738 ], [ -65.169956, -17.983877 ], [ -65.170003, -17.98397 ], [ -65.170073, -17.984144 ], [ -65.170156, -17.984307 ], [ -65.170167, -17.984353 ], [ -65.170191, -17.984377 ], [ -65.170335, -17.984459 ], [ -65.170394, -17.984518 ], [ -65.170526, -17.984519 ], [ -65.170598, -17.984497 ], [ -65.170622, -17.984497 ], [ -65.170623, -17.984474 ], [ -65.170695, -17.98444 ], [ -65.170719, -17.984417 ], [ -65.170792, -17.984314 ], [ -65.170798, -17.983656 ], [ -65.170836, -17.983529 ], [ -65.170861, -17.983368 ], [ -65.170949, -17.982987 ], [ -65.170986, -17.982872 ], [ -65.171047, -17.982734 ], [ -65.171133, -17.982597 ], [ -65.171194, -17.982516 ], [ -65.171278, -17.982437 ], [ -65.171555, -17.982336 ], [ -65.17188, -17.98234 ], [ -65.172167, -17.982458 ], [ -65.172418, -17.982577 ], [ -65.172597, -17.982672 ], [ -65.172692, -17.982765 ], [ -65.17287, -17.982975 ], [ -65.172941, -17.983103 ], [ -65.173202, -17.983453 ], [ -65.173297, -17.983604 ], [ -65.173415, -17.983767 ], [ -65.173534, -17.983954 ], [ -65.173878, -17.984397 ], [ -65.174032, -17.984572 ], [ -65.174222, -17.98484 ], [ -65.174364, -17.985026 ], [ -65.174685, -17.985377 ], [ -65.174804, -17.985517 ], [ -65.175101, -17.985809 ], [ -65.175364, -17.985997 ], [ -65.175471, -17.986056 ], [ -65.175603, -17.986104 ], [ -65.175711, -17.986163 ], [ -65.175794, -17.986187 ], [ -65.175866, -17.986223 ], [ -65.176082, -17.986271 ], [ -65.176166, -17.986284 ], [ -65.176262, -17.986308 ], [ -65.176382, -17.986309 ], [ -65.176562, -17.986323 ], [ -65.176946, -17.986328 ], [ -65.177175, -17.986284 ], [ -65.177608, -17.986127 ], [ -65.177729, -17.986071 ], [ -65.17791, -17.986004 ], [ -65.178006, -17.985947 ], [ -65.178139, -17.985914 ], [ -65.178199, -17.98588 ], [ -65.178283, -17.985881 ], [ -65.178319, -17.98587 ], [ -65.178464, -17.98586 ], [ -65.17856, -17.985861 ], [ -65.178679, -17.985897 ], [ -65.178787, -17.985945 ], [ -65.179086, -17.98611 ], [ -65.179336, -17.986298 ], [ -65.179443, -17.986403 ], [ -65.179503, -17.986485 ], [ -65.17961, -17.986601 ], [ -65.179645, -17.986671 ], [ -65.17968, -17.986718 ], [ -65.179704, -17.986787 ], [ -65.179728, -17.986799 ], [ -65.179725, -17.987065 ], [ -65.179664, -17.987191 ], [ -65.179579, -17.987271 ], [ -65.179362, -17.987338 ], [ -65.17869, -17.98733 ], [ -65.178594, -17.987352 ], [ -65.17851, -17.987351 ], [ -65.178437, -17.987373 ], [ -65.178281, -17.987406 ], [ -65.178209, -17.98744 ], [ -65.178112, -17.987474 ], [ -65.178028, -17.987519 ], [ -65.17787, -17.987656 ], [ -65.177737, -17.987793 ], [ -65.177676, -17.987873 ], [ -65.17759, -17.98808 ], [ -65.17754, -17.988299 ], [ -65.177537, -17.988576 ], [ -65.177525, -17.988645 ], [ -65.177513, -17.988645 ], [ -65.177512, -17.98868 ], [ -65.177559, -17.988854 ], [ -65.177606, -17.988981 ], [ -65.177605, -17.989028 ], [ -65.177629, -17.989074 ], [ -65.177734, -17.989376 ], [ -65.177757, -17.989503 ], [ -65.177756, -17.989549 ], [ -65.177803, -17.989654 ], [ -65.177827, -17.989735 ], [ -65.177826, -17.989781 ], [ -65.177921, -17.989979 ], [ -65.177968, -17.99006 ], [ -65.177968, -17.990072 ], [ -65.17811, -17.990247 ], [ -65.178158, -17.990282 ], [ -65.178205, -17.99034 ], [ -65.178217, -17.990375 ], [ -65.178265, -17.990387 ], [ -65.17836, -17.990458 ], [ -65.178564, -17.990541 ], [ -65.178672, -17.990565 ], [ -65.178804, -17.990578 ], [ -65.179008, -17.990581 ], [ -65.179128, -17.990559 ], [ -65.179261, -17.990514 ], [ -65.179393, -17.990458 ], [ -65.179646, -17.990369 ], [ -65.179731, -17.990324 ], [ -65.179827, -17.990302 ], [ -65.179984, -17.990223 ], [ -65.180093, -17.990154 ], [ -65.180503, -17.989951 ], [ -65.180793, -17.98977 ], [ -65.180938, -17.989691 ], [ -65.181143, -17.989554 ], [ -65.181324, -17.989452 ], [ -65.181481, -17.989385 ], [ -65.181614, -17.989317 ], [ -65.181987, -17.989252 ], [ -65.182299, -17.989256 ], [ -65.182502, -17.989304 ], [ -65.182598, -17.989352 ], [ -65.182706, -17.989388 ], [ -65.182849, -17.98947 ], [ -65.183016, -17.989588 ], [ -65.183231, -17.989764 ], [ -65.183374, -17.989904 ], [ -65.183492, -17.990055 ], [ -65.183551, -17.990183 ], [ -65.183634, -17.990311 ], [ -65.183716, -17.990543 ], [ -65.183799, -17.990683 ], [ -65.183846, -17.990799 ], [ -65.183928, -17.99095 ], [ -65.183963, -17.991032 ], [ -65.183975, -17.99109 ], [ -65.184128, -17.991449 ], [ -65.184163, -17.991554 ], [ -65.184233, -17.991693 ], [ -65.184269, -17.991798 ], [ -65.184446, -17.992112 ], [ -65.184493, -17.99217 ], [ -65.184541, -17.992194 ], [ -65.184601, -17.992252 ], [ -65.184672, -17.992346 ], [ -65.184874, -17.992556 ], [ -65.1851, -17.992767 ], [ -65.185195, -17.992872 ], [ -65.185529, -17.993153 ], [ -65.185636, -17.993258 ], [ -65.185945, -17.993643 ], [ -65.186004, -17.993736 ], [ -65.186099, -17.993853 ], [ -65.186194, -17.993993 ], [ -65.186276, -17.994132 ], [ -65.186335, -17.994248 ], [ -65.186382, -17.994365 ], [ -65.186441, -17.994481 ], [ -65.186533, -17.994956 ], [ -65.186532, -17.995094 ], [ -65.186544, -17.995094 ], [ -65.18653, -17.995221 ], [ -65.186444, -17.995451 ], [ -65.186394, -17.995728 ], [ -65.186393, -17.995774 ], [ -65.186369, -17.995832 ], [ -65.186368, -17.995901 ], [ -65.186331, -17.995993 ], [ -65.18633, -17.996086 ], [ -65.186318, -17.996085 ], [ -65.186305, -17.996178 ], [ -65.186304, -17.996339 ], [ -65.186267, -17.996408 ], [ -65.186266, -17.996501 ], [ -65.186241, -17.996639 ], [ -65.186215, -17.996847 ], [ -65.186213, -17.997055 ], [ -65.186187, -17.997251 ], [ -65.186186, -17.997413 ], [ -65.186149, -17.997528 ], [ -65.186148, -17.997586 ], [ -65.186098, -17.997781 ], [ -65.186097, -17.997932 ], [ -65.18606, -17.998024 ], [ -65.186058, -17.99822 ], [ -65.186128, -17.99844 ], [ -65.186187, -17.998534 ], [ -65.186402, -17.998709 ], [ -65.186449, -17.998756 ], [ -65.186473, -17.998756 ], [ -65.186545, -17.998803 ], [ -65.186617, -17.998827 ], [ -65.186773, -17.998829 ], [ -65.187135, -17.998625 ], [ -65.187329, -17.998466 ], [ -65.187474, -17.998364 ], [ -65.187594, -17.998307 ], [ -65.187667, -17.998262 ], [ -65.187739, -17.99824 ], [ -65.187775, -17.99824 ], [ -65.187848, -17.998206 ], [ -65.187884, -17.998207 ], [ -65.188004, -17.998162 ], [ -65.188232, -17.998164 ], [ -65.18834, -17.9982 ], [ -65.188424, -17.998248 ], [ -65.188603, -17.998388 ], [ -65.188781, -17.998587 ], [ -65.188852, -17.998703 ], [ -65.188923, -17.998796 ], [ -65.189112, -17.999099 ], [ -65.18923, -17.999343 ], [ -65.189397, -17.999484 ], [ -65.189444, -17.999542 ], [ -65.189588, -17.999625 ], [ -65.189648, -17.999648 ], [ -65.189695, -17.999684 ], [ -65.189851, -17.999685 ], [ -65.189852, -17.999651 ], [ -65.189876, -17.999651 ], [ -65.189876, -17.999616 ], [ -65.190059, -17.999295 ], [ -65.190096, -17.999203 ], [ -65.190206, -17.999066 ], [ -65.19023, -17.99902 ], [ -65.190278, -17.998986 ], [ -65.190327, -17.998928 ], [ -65.190448, -17.998837 ], [ -65.19052, -17.998815 ], [ -65.190556, -17.998792 ], [ -65.190617, -17.99877 ], [ -65.190725, -17.99876 ], [ -65.190773, -17.998737 ], [ -65.190845, -17.998784 ], [ -65.19088, -17.998819 ], [ -65.190916, -17.998889 ], [ -65.190999, -17.999006 ], [ -65.191046, -17.999098 ], [ -65.19115, -17.999504 ], [ -65.191148, -17.999747 ], [ -65.191123, -17.999862 ], [ -65.191122, -17.999954 ], [ -65.191085, -18.000046 ], [ -65.191085, -18.000093 ], [ -65.191048, -18.000185 ], [ -65.191035, -18.000289 ], [ -65.190998, -18.000404 ], [ -65.190996, -18.000588 ], [ -65.190959, -18.00075 ], [ -65.190956, -18.00105 ], [ -65.191147, -18.001191 ], [ -65.191194, -18.001215 ], [ -65.191254, -18.001262 ], [ -65.191302, -18.001262 ], [ -65.19153, -18.001311 ], [ -65.191878, -18.001315 ], [ -65.192034, -18.001375 ], [ -65.192117, -18.001422 ], [ -65.192177, -18.001446 ], [ -65.192344, -18.00154 ], [ -65.192464, -18.001622 ], [ -65.192857, -18.001985 ], [ -65.193011, -18.002195 ], [ -65.19307, -18.002311 ], [ -65.193117, -18.002427 ], [ -65.19314, -18.00252 ], [ -65.19314, -18.002555 ], [ -65.193163, -18.002636 ], [ -65.193162, -18.002705 ], [ -65.193186, -18.00274 ], [ -65.193244, -18.002926 ], [ -65.193267, -18.003003 ], [ -65.193267, -18.003018 ], [ -65.19329, -18.003107 ], [ -65.193314, -18.003169 ], [ -65.193337, -18.00325 ], [ -65.193349, -18.003282 ], [ -65.193396, -18.003401 ], [ -65.193431, -18.003471 ], [ -65.193454, -18.003564 ], [ -65.193462, -18.003604 ], [ -65.193474, -18.003672 ], [ -65.193482, -18.00373 ], [ -65.193494, -18.003805 ], [ -65.193491, -18.003852 ], [ -65.193492, -18.003916 ], [ -65.193507, -18.003963 ], [ -65.193535, -18.004064 ], [ -65.193593, -18.004157 ], [ -65.193746, -18.004355 ], [ -65.193829, -18.004448 ], [ -65.193947, -18.004565 ], [ -65.194006, -18.004601 ], [ -65.19403, -18.004624 ], [ -65.194054, -18.004636 ], [ -65.194125, -18.004695 ], [ -65.194339, -18.004814 ], [ -65.194494, -18.004874 ], [ -65.194601, -18.004933 ], [ -65.194696, -18.004969 ], [ -65.194732, -18.004997 ], [ -65.194815, -18.005029 ], [ -65.194909, -18.005067 ], [ -65.195029, -18.005136 ], [ -65.195068, -18.005155 ], [ -65.195101, -18.005183 ], [ -65.195124, -18.005195 ], [ -65.195195, -18.005277 ], [ -65.195218, -18.005323 ], [ -65.195233, -18.005454 ], [ -65.195227, -18.005588 ], [ -65.195077, -18.005977 ], [ -65.195016, -18.006068 ], [ -65.195015, -18.006114 ], [ -65.194953, -18.006239 ], [ -65.19494, -18.006297 ], [ -65.194928, -18.006319 ], [ -65.194928, -18.006342 ], [ -65.194903, -18.006377 ], [ -65.194828, -18.006605 ], [ -65.194831, -18.006677 ], [ -65.194833, -18.006781 ], [ -65.19483, -18.006842 ], [ -65.194848, -18.006893 ], [ -65.194869, -18.006964 ], [ -65.194941, -18.007079 ], [ -65.195059, -18.007173 ], [ -65.195131, -18.007234 ], [ -65.195192, -18.007283 ], [ -65.195249, -18.007314 ], [ -65.195305, -18.007332 ], [ -65.195345, -18.007339 ], [ -65.195476, -18.007376 ], [ -65.195751, -18.007392 ], [ -65.195991, -18.007396 ], [ -65.196099, -18.007375 ], [ -65.196196, -18.007331 ], [ -65.196304, -18.007321 ], [ -65.196485, -18.007278 ], [ -65.196688, -18.007281 ], [ -65.19676, -18.007271 ], [ -65.196832, -18.007272 ], [ -65.196916, -18.007297 ], [ -65.197094, -18.007426 ], [ -65.197318, -18.007649 ], [ -65.197471, -18.007858 ], [ -65.197552, -18.008082 ], [ -65.19767, -18.008408 ], [ -65.197691, -18.008455 ], [ -65.197694, -18.008473 ], [ -65.197708, -18.008511 ], [ -65.197801, -18.008769 ], [ -65.197903, -18.008981 ], [ -65.197924, -18.009026 ], [ -65.198016, -18.009168 ], [ -65.198111, -18.009271 ], [ -65.198149, -18.009321 ], [ -65.198185, -18.009376 ], [ -65.198193, -18.009397 ], [ -65.198211, -18.009428 ], [ -65.198241, -18.009464 ], [ -65.198274, -18.009495 ], [ -65.198292, -18.009529 ], [ -65.198333, -18.009611 ], [ -65.198377, -18.009686 ], [ -65.198426, -18.009762 ], [ -65.198542, -18.01004 ], [ -65.198599, -18.010225 ], [ -65.198644, -18.010444 ], [ -65.198701, -18.010641 ], [ -65.198723, -18.010802 ], [ -65.198714, -18.011377 ], [ -65.198676, -18.011549 ], [ -65.198502, -18.011926 ], [ -65.198379, -18.01212 ], [ -65.198354, -18.012188 ], [ -65.198305, -18.012268 ], [ -65.198208, -18.012381 ], [ -65.198208, -18.012393 ], [ -65.197989, -18.012562 ], [ -65.197808, -18.012685 ], [ -65.197626, -18.012774 ], [ -65.197518, -18.012795 ], [ -65.197373, -18.012851 ], [ -65.197277, -18.012872 ], [ -65.197036, -18.012994 ], [ -65.196939, -18.013062 ], [ -65.196878, -18.013084 ], [ -65.196683, -18.013311 ], [ -65.196597, -18.013447 ], [ -65.196536, -18.013515 ], [ -65.196499, -18.013618 ], [ -65.196364, -18.013834 ], [ -65.196276, -18.014075 ], [ -65.196263, -18.014143 ], [ -65.196238, -18.0142 ], [ -65.196201, -18.014326 ], [ -65.196198, -18.014522 ], [ -65.196158, -18.014763 ], [ -65.196155, -18.01497 ], [ -65.19613, -18.015039 ], [ -65.196128, -18.015188 ], [ -65.196184, -18.015454 ], [ -65.196229, -18.015627 ], [ -65.196311, -18.015801 ], [ -65.196358, -18.015859 ], [ -65.196591, -18.016289 ], [ -65.19665, -18.016382 ], [ -65.196685, -18.016406 ], [ -65.196943, -18.016813 ], [ -65.19699, -18.016917 ], [ -65.197048, -18.016999 ], [ -65.197083, -18.01708 ], [ -65.19713, -18.017161 ], [ -65.197199, -18.017346 ], [ -65.197222, -18.017427 ], [ -65.197246, -18.017439 ], [ -65.197268, -18.017566 ], [ -65.197265, -18.01775 ], [ -65.197286, -18.017958 ], [ -65.197283, -18.018188 ], [ -65.197257, -18.018337 ], [ -65.197255, -18.018429 ], [ -65.19714, -18.018899 ], [ -65.197103, -18.018979 ], [ -65.197079, -18.019013 ], [ -65.197029, -18.019139 ], [ -65.196869, -18.019412 ], [ -65.196782, -18.019606 ], [ -65.196709, -18.01972 ], [ -65.196646, -18.019868 ], [ -65.196548, -18.020039 ], [ -65.196548, -18.020051 ], [ -65.196511, -18.020108 ], [ -65.196365, -18.020278 ], [ -65.196182, -18.020459 ], [ -65.196182, -18.020482 ], [ -65.196061, -18.02056 ], [ -65.195988, -18.020628 ], [ -65.195927, -18.020673 ], [ -65.195903, -18.020707 ], [ -65.195878, -18.020718 ], [ -65.195744, -18.020877 ], [ -65.19572, -18.020877 ], [ -65.19572, -18.020888 ], [ -65.195696, -18.020922 ], [ -65.195586, -18.021024 ], [ -65.195365, -18.021087 ], [ -65.195334, -18.021204 ], [ -65.195159, -18.021361 ], [ -65.195176, -18.021517 ], [ -65.195254, -18.021802 ], [ -65.195449, -18.021899 ], [ -65.195733, -18.021924 ], [ -65.195897, -18.021937 ], [ -65.196103, -18.021902 ], [ -65.196358, -18.021885 ], [ -65.196568, -18.021883 ], [ -65.196718, -18.021881 ], [ -65.196959, -18.021907 ], [ -65.21043, -18.023565 ], [ -65.226015, -18.042589 ], [ -65.232794, -18.049536 ], [ -65.227897, -18.055052 ], [ -65.232343, -18.061085 ], [ -65.232336, -18.061101 ], [ -65.232398, -18.061185 ], [ -65.222312, -18.08439 ], [ -65.221395, -18.088103 ], [ -65.22692, -18.088071 ], [ -65.231923, -18.096586 ], [ -65.251551, -18.115455 ], [ -65.252136, -18.115912 ], [ -65.256366, -18.119645 ], [ -65.264516, -18.119976 ], [ -65.264557, -18.11999 ], [ -65.264586, -18.120003 ], [ -65.264635, -18.120011 ], [ -65.264688, -18.120049 ], [ -65.264718, -18.120079 ], [ -65.264738, -18.120101 ], [ -65.264768, -18.120173 ], [ -65.264804, -18.120228 ], [ -65.264825, -18.120267 ], [ -65.264879, -18.120388 ], [ -65.264903, -18.120466 ], [ -65.264912, -18.120532 ], [ -65.264908, -18.120618 ], [ -65.26493, -18.120875 ], [ -65.264965, -18.121025 ], [ -65.264989, -18.121059 ], [ -65.265001, -18.121128 ], [ -65.26506, -18.121232 ], [ -65.265108, -18.121347 ], [ -65.265287, -18.121544 ], [ -65.265407, -18.121625 ], [ -65.265419, -18.12166 ], [ -65.265622, -18.121753 ], [ -65.265658, -18.121776 ], [ -65.265754, -18.121776 ], [ -65.265838, -18.121811 ], [ -65.265874, -18.121812 ], [ -65.265994, -18.121847 ], [ -65.266343, -18.121849 ], [ -65.266547, -18.121792 ], [ -65.266583, -18.121769 ], [ -65.267005, -18.121622 ], [ -65.267101, -18.121599 ], [ -65.267185, -18.121554 ], [ -65.267197, -18.121554 ], [ -65.267342, -18.121463 ], [ -65.267474, -18.121429 ], [ -65.267607, -18.121372 ], [ -65.267643, -18.121372 ], [ -65.267739, -18.121315 ], [ -65.267956, -18.121236 ], [ -65.268052, -18.121213 ], [ -65.268377, -18.121169 ], [ -65.268641, -18.12117 ], [ -65.268845, -18.121229 ], [ -65.269085, -18.121322 ], [ -65.269229, -18.121403 ], [ -65.269253, -18.121426 ], [ -65.269277, -18.121427 ], [ -65.269277, -18.121438 ], [ -65.269325, -18.121438 ], [ -65.269385, -18.121462 ], [ -65.269469, -18.121531 ], [ -65.26954, -18.121566 ], [ -65.269684, -18.121705 ], [ -65.269876, -18.121821 ], [ -65.270223, -18.122007 ], [ -65.270307, -18.122042 ], [ -65.270367, -18.122076 ], [ -65.270475, -18.122123 ], [ -65.270558, -18.122181 ], [ -65.270642, -18.12225 ], [ -65.270702, -18.122285 ], [ -65.270702, -18.122308 ], [ -65.270798, -18.122355 ], [ -65.270858, -18.122424 ], [ -65.271001, -18.122528 ], [ -65.271121, -18.122644 ], [ -65.271288, -18.122783 ], [ -65.27136, -18.122829 ], [ -65.271612, -18.122934 ], [ -65.271648, -18.122969 ], [ -65.271804, -18.123016 ], [ -65.271911, -18.123074 ], [ -65.271971, -18.12312 ], [ -65.272031, -18.123132 ], [ -65.272211, -18.123225 ], [ -65.272295, -18.123294 ], [ -65.272606, -18.123492 ], [ -65.273409, -18.123921 ], [ -65.273528, -18.124002 ], [ -65.273552, -18.124026 ], [ -65.27366, -18.124072 ], [ -65.273792, -18.124153 ], [ -65.273972, -18.124281 ], [ -65.274055, -18.12435 ], [ -65.274139, -18.124477 ], [ -65.274187, -18.124524 ], [ -65.274222, -18.124616 ], [ -65.27427, -18.124685 ], [ -65.27427, -18.124708 ], [ -65.274318, -18.124731 ], [ -65.274341, -18.124766 ], [ -65.274365, -18.124835 ], [ -65.274389, -18.124835 ], [ -65.274496, -18.124985 ], [ -65.274496, -18.125031 ], [ -65.274568, -18.125089 ], [ -65.274675, -18.125251 ], [ -65.27477, -18.125435 ], [ -65.274878, -18.125597 ], [ -65.274937, -18.125712 ], [ -65.27508, -18.12592 ], [ -65.275247, -18.12614 ], [ -65.275485, -18.126509 ], [ -65.275581, -18.12667 ], [ -65.275819, -18.126982 ], [ -65.27607, -18.12734 ], [ -65.276129, -18.127467 ], [ -65.276237, -18.127617 ], [ -65.276427, -18.128009 ], [ -65.276509, -18.128251 ], [ -65.276569, -18.128367 ], [ -65.276616, -18.128482 ], [ -65.276687, -18.128712 ], [ -65.276735, -18.128793 ], [ -65.276782, -18.128931 ], [ -65.276818, -18.128989 ], [ -65.276878, -18.129058 ], [ -65.276901, -18.129128 ], [ -65.276973, -18.129209 ], [ -65.277032, -18.129312 ], [ -65.277056, -18.12937 ], [ -65.277066, -18.129842 ], [ -65.277053, -18.12998 ], [ -65.277028, -18.130083 ], [ -65.277003, -18.130244 ], [ -65.276967, -18.130313 ], [ -65.276942, -18.130428 ], [ -65.276941, -18.130623 ], [ -65.276929, -18.130669 ], [ -65.276927, -18.131014 ], [ -65.276915, -18.131095 ], [ -65.276913, -18.131348 ], [ -65.276937, -18.131406 ], [ -65.276984, -18.13159 ], [ -65.276984, -18.131636 ], [ -65.277031, -18.131694 ], [ -65.277043, -18.13174 ], [ -65.277079, -18.13182 ], [ -65.277162, -18.131936 ], [ -65.27727, -18.131994 ], [ -65.27727, -18.132017 ], [ -65.27733, -18.13204 ], [ -65.277354, -18.13204 ], [ -65.277474, -18.132099 ], [ -65.277594, -18.13218 ], [ -65.277905, -18.132319 ], [ -65.278001, -18.132377 ], [ -65.278193, -18.13247 ], [ -65.278385, -18.132586 ], [ -65.278408, -18.13261 ], [ -65.278552, -18.132691 ], [ -65.278636, -18.13276 ], [ -65.278648, -18.13276 ], [ -65.278648, -18.132772 ], [ -65.278684, -18.132772 ], [ -65.278696, -18.132784 ], [ -65.278768, -18.132795 ], [ -65.278768, -18.132807 ], [ -65.27878, -18.132807 ], [ -65.278912, -18.1329 ], [ -65.279079, -18.133004 ], [ -65.279139, -18.133062 ], [ -65.279247, -18.133132 ], [ -65.279342, -18.133213 ], [ -65.279498, -18.133317 ], [ -65.279606, -18.133432 ], [ -65.279713, -18.133514 ], [ -65.280168, -18.133942 ], [ -65.280442, -18.134242 ], [ -65.280586, -18.134438 ], [ -65.280633, -18.134531 ], [ -65.280741, -18.134646 ], [ -65.280944, -18.134912 ], [ -65.281003, -18.135004 ], [ -65.281027, -18.135062 ], [ -65.281253, -18.135374 ], [ -65.281313, -18.135443 ], [ -65.281349, -18.135501 ], [ -65.281373, -18.135512 ], [ -65.281611, -18.135836 ], [ -65.281671, -18.135905 ], [ -65.281695, -18.135905 ], [ -65.281922, -18.136136 ], [ -65.282006, -18.13624 ], [ -65.282161, -18.136368 ], [ -65.282293, -18.136495 ], [ -65.28246, -18.136634 ], [ -65.282532, -18.136703 ], [ -65.282628, -18.136773 ], [ -65.282736, -18.136865 ], [ -65.283023, -18.137074 ], [ -65.283071, -18.137097 ], [ -65.283107, -18.137097 ], [ -65.283203, -18.137144 ], [ -65.283239, -18.137178 ], [ -65.28343, -18.137237 ], [ -65.28343, -18.13726 ], [ -65.283586, -18.137284 ], [ -65.283682, -18.13733 ], [ -65.283814, -18.137354 ], [ -65.283934, -18.1374 ], [ -65.284054, -18.137424 ], [ -65.28409, -18.137424 ], [ -65.28409, -18.137436 ], [ -65.284162, -18.137459 ], [ -65.284258, -18.13746 ], [ -65.284294, -18.137483 ], [ -65.284463, -18.137495 ], [ -65.284462, -18.137507 ], [ -65.284583, -18.137507 ], [ -65.285243, -18.137545 ], [ -65.285411, -18.13758 ], [ -65.285604, -18.137604 ], [ -65.285784, -18.137605 ], [ -65.285928, -18.137618 ], [ -65.286156, -18.137619 ], [ -65.286288, -18.137631 ], [ -65.286409, -18.137632 ], [ -65.286529, -18.137667 ], [ -65.286745, -18.137668 ], [ -65.287057, -18.137727 ], [ -65.287333, -18.137797 ], [ -65.287429, -18.137832 ], [ -65.287477, -18.137833 ], [ -65.287633, -18.137891 ], [ -65.287729, -18.137914 ], [ -65.287909, -18.137984 ], [ -65.287945, -18.137984 ], [ -65.288101, -18.138077 ], [ -65.288196, -18.138112 ], [ -65.288292, -18.138182 ], [ -65.288328, -18.138217 ], [ -65.288352, -18.138228 ], [ -65.288531, -18.138459 ], [ -65.288531, -18.138471 ], [ -65.288543, -18.138471 ], [ -65.288543, -18.138482 ], [ -65.288555, -18.138482 ], [ -65.288782, -18.138667 ], [ -65.288794, -18.138691 ], [ -65.288854, -18.138737 ], [ -65.289058, -18.13883 ], [ -65.289178, -18.1389 ], [ -65.289262, -18.138934 ], [ -65.289573, -18.139097 ], [ -65.290172, -18.139514 ], [ -65.290184, -18.139537 ], [ -65.290399, -18.139734 ], [ -65.290447, -18.139803 ], [ -65.290471, -18.139826 ], [ -65.290495, -18.139827 ], [ -65.290495, -18.139838 ], [ -65.290543, -18.139838 ], [ -65.290566, -18.13993 ], [ -65.29059, -18.139988 ], [ -65.290614, -18.139988 ], [ -65.290864, -18.140369 ], [ -65.290959, -18.140531 ], [ -65.291031, -18.140623 ], [ -65.291162, -18.140831 ], [ -65.29121, -18.140888 ], [ -65.291353, -18.141188 ], [ -65.291436, -18.141384 ], [ -65.291435, -18.141407 ], [ -65.291459, -18.141453 ], [ -65.291459, -18.141522 ], [ -65.291482, -18.141603 ], [ -65.291481, -18.141948 ], [ -65.291504, -18.142121 ], [ -65.291503, -18.142282 ], [ -65.291538, -18.142466 ], [ -65.291538, -18.142535 ], [ -65.291561, -18.142639 ], [ -65.291608, -18.142938 ], [ -65.291607, -18.143007 ], [ -65.291631, -18.143076 ], [ -65.29163, -18.143191 ], [ -65.291713, -18.143502 ], [ -65.291712, -18.143594 ], [ -65.291724, -18.143594 ], [ -65.291783, -18.143767 ], [ -65.291783, -18.143802 ], [ -65.291843, -18.143906 ], [ -65.291926, -18.14401 ], [ -65.291974, -18.144044 ], [ -65.291974, -18.144056 ], [ -65.29207, -18.144125 ], [ -65.292213, -18.144287 ], [ -65.292369, -18.144438 ], [ -65.292428, -18.144507 ], [ -65.292536, -18.144657 ], [ -65.292643, -18.144888 ], [ -65.292643, -18.144911 ], [ -65.292678, -18.144934 ], [ -65.292739, -18.144934 ], [ -65.292798, -18.145107 ], [ -65.292833, -18.145257 ], [ -65.292952, -18.145453 ], [ -65.292988, -18.145534 ], [ -65.292987, -18.14558 ], [ -65.293118, -18.145856 ], [ -65.293201, -18.146064 ], [ -65.293237, -18.146133 ], [ -65.293237, -18.146144 ], [ -65.293285, -18.146202 ], [ -65.293392, -18.146398 ], [ -65.293451, -18.146537 ], [ -65.293486, -18.146675 ], [ -65.29351, -18.146721 ], [ -65.293534, -18.146813 ], [ -65.293617, -18.146986 ], [ -65.293688, -18.147263 ], [ -65.293687, -18.147355 ], [ -65.293711, -18.147378 ], [ -65.293711, -18.147412 ], [ -65.293746, -18.147527 ], [ -65.293804, -18.147884 ], [ -65.293804, -18.147942 ], [ -65.293816, -18.147976 ], [ -65.293909, -18.148598 ], [ -65.293908, -18.148713 ], [ -65.293944, -18.14884 ], [ -65.293942, -18.14907 ], [ -65.293906, -18.149127 ], [ -65.293905, -18.149288 ], [ -65.29388, -18.149426 ], [ -65.29388, -18.149507 ], [ -65.293843, -18.149622 ], [ -65.293843, -18.149679 ], [ -65.293867, -18.149737 ], [ -65.293865, -18.150036 ], [ -65.293853, -18.150116 ], [ -65.29385, -18.150634 ], [ -65.293873, -18.150818 ], [ -65.293871, -18.151209 ], [ -65.293882, -18.15129 ], [ -65.29388, -18.151762 ], [ -65.293915, -18.151888 ], [ -65.293913, -18.152371 ], [ -65.293924, -18.152533 ], [ -65.293922, -18.152912 ], [ -65.293934, -18.152981 ], [ -65.293929, -18.153763 ], [ -65.293917, -18.153867 ], [ -65.29394, -18.154005 ], [ -65.293938, -18.154454 ], [ -65.293961, -18.154615 ], [ -65.29396, -18.154833 ], [ -65.293983, -18.154983 ], [ -65.293981, -18.155386 ], [ -65.294003, -18.155673 ], [ -65.294, -18.156341 ], [ -65.294035, -18.156479 ], [ -65.294034, -18.156663 ], [ -65.294058, -18.156686 ], [ -65.294058, -18.156721 ], [ -65.294154, -18.156813 ], [ -65.294213, -18.156905 ], [ -65.294381, -18.157067 ], [ -65.29444, -18.157114 ], [ -65.294536, -18.157229 ], [ -65.294668, -18.157333 ], [ -65.294751, -18.157426 ], [ -65.294763, -18.157449 ], [ -65.294835, -18.157507 ], [ -65.294847, -18.157541 ], [ -65.294966, -18.157703 ], [ -65.295002, -18.157738 ], [ -65.295074, -18.157842 ], [ -65.295133, -18.157911 ], [ -65.295169, -18.157992 ], [ -65.295193, -18.158003 ], [ -65.295193, -18.158026 ], [ -65.295431, -18.158361 ], [ -65.295551, -18.1585 ], [ -65.295838, -18.158766 ], [ -65.295874, -18.158823 ], [ -65.295898, -18.158824 ], [ -65.295921, -18.158858 ], [ -65.296125, -18.158986 ], [ -65.296125, -18.158997 ], [ -65.296353, -18.159102 ], [ -65.296629, -18.159195 ], [ -65.296725, -18.159242 ], [ -65.297145, -18.159347 ], [ -65.297205, -18.159348 ], [ -65.297409, -18.159395 ], [ -65.297445, -18.159418 ], [ -65.297613, -18.159476 ], [ -65.297697, -18.159534 ], [ -65.297696, -18.159546 ], [ -65.297864, -18.159639 ], [ -65.297996, -18.159731 ], [ -65.298116, -18.159835 ], [ -65.298271, -18.160078 ], [ -65.298318, -18.160193 ], [ -65.298353, -18.160343 ], [ -65.298364, -18.160538 ], [ -65.298387, -18.160734 ], [ -65.298386, -18.161022 ], [ -65.298361, -18.161137 ], [ -65.298361, -18.161171 ], [ -65.298349, -18.161171 ], [ -65.298301, -18.161217 ], [ -65.298264, -18.16124 ], [ -65.29824, -18.161286 ], [ -65.298192, -18.161331 ], [ -65.298192, -18.161354 ], [ -65.298167, -18.161389 ], [ -65.298046, -18.16163 ], [ -65.298022, -18.161653 ], [ -65.297815, -18.162135 ], [ -65.297815, -18.162169 ], [ -65.29779, -18.162296 ], [ -65.297788, -18.162641 ], [ -65.297812, -18.162733 ], [ -65.29799, -18.163159 ], [ -65.298037, -18.163367 ], [ -65.29812, -18.163528 ], [ -65.298227, -18.163828 ], [ -65.298225, -18.164069 ], [ -65.298218, -18.164148 ], [ -65.298119, -18.164318 ], [ -65.297999, -18.164523 ] ], [ [ -65.709246, -17.836908 ], [ -65.709145, -17.837012 ], [ -65.698782, -17.847284 ], [ -65.698697, -17.847326 ], [ -65.660962, -17.862566 ], [ -65.651681, -17.882067 ], [ -65.651213, -17.882196 ], [ -65.648786, -17.882915 ], [ -65.648755, -17.882914 ], [ -65.651182, -17.882195 ], [ -65.65165, -17.882066 ], [ -65.660931, -17.862566 ], [ -65.698666, -17.847325 ], [ -65.698751, -17.847283 ], [ -65.709114, -17.837012 ], [ -65.709215, -17.836907 ], [ -65.722638, -17.823327 ], [ -65.722629, -17.823368 ], [ -65.709246, -17.836908 ] ], [ [ -65.622412, -18.116594 ], [ -65.613667, -18.105927 ], [ -65.613032, -18.104946 ], [ -65.603678, -18.084541 ], [ -65.603569, -18.084147 ], [ -65.594056, -18.077783 ], [ -65.593788, -18.077722 ], [ -65.560442, -18.074388 ], [ -65.560465, -18.074387 ], [ -65.593819, -18.077723 ], [ -65.594087, -18.077783 ], [ -65.6036, -18.084147 ], [ -65.603709, -18.084542 ], [ -65.613063, -18.104946 ], [ -65.613698, -18.105928 ], [ -65.622443, -18.116595 ], [ -65.639407, -18.142309 ], [ -65.622412, -18.116594 ] ], [ [ -65.560366, -18.074389 ], [ -65.560359, -18.074388 ], [ -65.560433, -18.074387 ], [ -65.560442, -18.074388 ], [ -65.560366, -18.074389 ] ], [ [ -65.560335, -18.074388 ], [ -65.560237, -18.074376 ], [ -65.560099, -18.074353 ], [ -65.560099, -18.074342 ], [ -65.55993, -18.074328 ], [ -65.559631, -18.074221 ], [ -65.559536, -18.074001 ], [ -65.559524, -18.074001 ], [ -65.559479, -18.073679 ], [ -65.559312, -18.073469 ], [ -65.559252, -18.073446 ], [ -65.558952, -18.073431 ], [ -65.558472, -18.073241 ], [ -65.558221, -18.073053 ], [ -65.558137, -18.072972 ], [ -65.558113, -18.072972 ], [ -65.558066, -18.072879 ], [ -65.557839, -18.072658 ], [ -65.557697, -18.07246 ], [ -65.557672, -18.07246 ], [ -65.557649, -18.072425 ], [ -65.557592, -18.072057 ], [ -65.557593, -18.071907 ], [ -65.55763, -18.071815 ], [ -65.55778, -18.071231 ], [ -65.557867, -18.070956 ], [ -65.557868, -18.07076 ], [ -65.557846, -18.070633 ], [ -65.557787, -18.070495 ], [ -65.557656, -18.070343 ], [ -65.557524, -18.070284 ], [ -65.557555, -18.070285 ], [ -65.557687, -18.070344 ], [ -65.557818, -18.070495 ], [ -65.557877, -18.070634 ], [ -65.5579, -18.070761 ], [ -65.557898, -18.070956 ], [ -65.557811, -18.071231 ], [ -65.557661, -18.071816 ], [ -65.557624, -18.071908 ], [ -65.557623, -18.072057 ], [ -65.55768, -18.072426 ], [ -65.557704, -18.072461 ], [ -65.557728, -18.072461 ], [ -65.55787, -18.072658 ], [ -65.558097, -18.07288 ], [ -65.558144, -18.072972 ], [ -65.558168, -18.072972 ], [ -65.558252, -18.073054 ], [ -65.558503, -18.073241 ], [ -65.558983, -18.073431 ], [ -65.559284, -18.073446 ], [ -65.559344, -18.07347 ], [ -65.55951, -18.073679 ], [ -65.559555, -18.074002 ], [ -65.559567, -18.074002 ], [ -65.559662, -18.074222 ], [ -65.559962, -18.074329 ], [ -65.56013, -18.074342 ], [ -65.56013, -18.074354 ], [ -65.560268, -18.074377 ], [ -65.560359, -18.074388 ], [ -65.560335, -18.074388 ] ], [ [ -65.557483, -18.070284 ], [ -65.557398, -18.070306 ], [ -65.557314, -18.070351 ], [ -65.557181, -18.070384 ], [ -65.556784, -18.07039 ], [ -65.55678, -18.070389 ], [ -65.55715, -18.070383 ], [ -65.557282, -18.07035 ], [ -65.557367, -18.070305 ], [ -65.557452, -18.070283 ], [ -65.557524, -18.070284 ], [ -65.557524, -18.070284 ], [ -65.557483, -18.070284 ] ], [ [ -65.556752, -18.07039 ], [ -65.556536, -18.07033 ], [ -65.556393, -18.070259 ], [ -65.55583, -18.069884 ], [ -65.555732, -18.069864 ], [ -65.555439, -18.069983 ], [ -65.555196, -18.070302 ], [ -65.554949, -18.070909 ], [ -65.554767, -18.071125 ], [ -65.554683, -18.071135 ], [ -65.554665, -18.071133 ], [ -65.554736, -18.071124 ], [ -65.554918, -18.070908 ], [ -65.555164, -18.070301 ], [ -65.555408, -18.069982 ], [ -65.55571, -18.069859 ], [ -65.555732, -18.069864 ], [ -65.555741, -18.06986 ], [ -65.555861, -18.069884 ], [ -65.556424, -18.070259 ], [ -65.556568, -18.07033 ], [ -65.55678, -18.070389 ], [ -65.556752, -18.07039 ] ], [ [ -65.554651, -18.071135 ], [ -65.554339, -18.071096 ], [ -65.554294, -18.070705 ], [ -65.554259, -18.070589 ], [ -65.55426, -18.070497 ], [ -65.554166, -18.070289 ], [ -65.55407, -18.070173 ], [ -65.553807, -18.069997 ], [ -65.553663, -18.069961 ], [ -65.553663, -18.069938 ], [ -65.553509, -18.069717 ], [ -65.553439, -18.069498 ], [ -65.55343, -18.069141 ], [ -65.553384, -18.068922 ], [ -65.553385, -18.068796 ], [ -65.553362, -18.068703 ], [ -65.55334, -18.068404 ], [ -65.553305, -18.068266 ], [ -65.553222, -18.068173 ], [ -65.553091, -18.068091 ], [ -65.552881, -18.068088 ], [ -65.552796, -18.068133 ], [ -65.552759, -18.068213 ], [ -65.552686, -18.068304 ], [ -65.552661, -18.068396 ], [ -65.552588, -18.068533 ], [ -65.552527, -18.068613 ], [ -65.552418, -18.068703 ], [ -65.552297, -18.068736 ], [ -65.552274, -18.068734 ], [ -65.552387, -18.068703 ], [ -65.552496, -18.068612 ], [ -65.552557, -18.068532 ], [ -65.55263, -18.068395 ], [ -65.552655, -18.068304 ], [ -65.552728, -18.068212 ], [ -65.552765, -18.068132 ], [ -65.55285, -18.068087 ], [ -65.55309, -18.06809 ], [ -65.553091, -18.068091 ], [ -65.553121, -18.068091 ], [ -65.553253, -18.068173 ], [ -65.553337, -18.068266 ], [ -65.553371, -18.068405 ], [ -65.553393, -18.068704 ], [ -65.553416, -18.068796 ], [ -65.553415, -18.068923 ], [ -65.553461, -18.069142 ], [ -65.55347, -18.069499 ], [ -65.55354, -18.069718 ], [ -65.553694, -18.069938 ], [ -65.553694, -18.069961 ], [ -65.553838, -18.069998 ], [ -65.554102, -18.070173 ], [ -65.554197, -18.07029 ], [ -65.554291, -18.070498 ], [ -65.55429, -18.07059 ], [ -65.554325, -18.070705 ], [ -65.55437, -18.071097 ], [ -65.554665, -18.071133 ], [ -65.554651, -18.071135 ] ], [ [ -65.552266, -18.068736 ], [ -65.551941, -18.068697 ], [ -65.55175, -18.068603 ], [ -65.551642, -18.068533 ], [ -65.551375, -18.068451 ], [ -65.551289, -18.068459 ], [ -65.551179, -18.068642 ], [ -65.551178, -18.068757 ], [ -65.551152, -18.068906 ], [ -65.551198, -18.069148 ], [ -65.55128, -18.069357 ], [ -65.551375, -18.06953 ], [ -65.551398, -18.069646 ], [ -65.551397, -18.069726 ], [ -65.55136, -18.069818 ], [ -65.551179, -18.069965 ], [ -65.551082, -18.069964 ], [ -65.551082, -18.069964 ], [ -65.551051, -18.069963 ], [ -65.551003, -18.06994 ], [ -65.550896, -18.069846 ], [ -65.550634, -18.069521 ], [ -65.550611, -18.06944 ], [ -65.550527, -18.069313 ], [ -65.550457, -18.069139 ], [ -65.550243, -18.068814 ], [ -65.550041, -18.068582 ], [ -65.54985, -18.068327 ], [ -65.549781, -18.067981 ], [ -65.549797, -18.067532 ], [ -65.549704, -18.067232 ], [ -65.549656, -18.067162 ], [ -65.549382, -18.066883 ], [ -65.549155, -18.066731 ], [ -65.54915, -18.066731 ], [ -65.54915, -18.066731 ], [ -65.549119, -18.06673 ], [ -65.54888, -18.066543 ], [ -65.548905, -18.066371 ], [ -65.549111, -18.066235 ], [ -65.549558, -18.066034 ], [ -65.549836, -18.065888 ], [ -65.549934, -18.065751 ], [ -65.549935, -18.06567 ], [ -65.549911, -18.065601 ], [ -65.549876, -18.065566 ], [ -65.549876, -18.065509 ], [ -65.549817, -18.06537 ], [ -65.549389, -18.06479 ], [ -65.549354, -18.064674 ], [ -65.549332, -18.064478 ], [ -65.549565, -18.064021 ], [ -65.54958, -18.063688 ], [ -65.549544, -18.063607 ], [ -65.549473, -18.063502 ], [ -65.549306, -18.063351 ], [ -65.548923, -18.06315 ], [ -65.548695, -18.063079 ], [ -65.548503, -18.062973 ], [ -65.548479, -18.062938 ], [ -65.548443, -18.062926 ], [ -65.548444, -18.062892 ], [ -65.548385, -18.062718 ], [ -65.548314, -18.062568 ], [ -65.548195, -18.062394 ], [ -65.548016, -18.062242 ], [ -65.548047, -18.062243 ], [ -65.548227, -18.062394 ], [ -65.548345, -18.062568 ], [ -65.548416, -18.062719 ], [ -65.548475, -18.062892 ], [ -65.548474, -18.062927 ], [ -65.54851, -18.062939 ], [ -65.548534, -18.062973 ], [ -65.548726, -18.063079 ], [ -65.548954, -18.063151 ], [ -65.549337, -18.063351 ], [ -65.549504, -18.063503 ], [ -65.549576, -18.063607 ], [ -65.549611, -18.063688 ], [ -65.549596, -18.064022 ], [ -65.549363, -18.064479 ], [ -65.549385, -18.064675 ], [ -65.54942, -18.06479 ], [ -65.549848, -18.065371 ], [ -65.549907, -18.065509 ], [ -65.549907, -18.065567 ], [ -65.549943, -18.065602 ], [ -65.549966, -18.065671 ], [ -65.549965, -18.065752 ], [ -65.549868, -18.065888 ], [ -65.54959, -18.066035 ], [ -65.549142, -18.066236 ], [ -65.548936, -18.066372 ], [ -65.548911, -18.066544 ], [ -65.54915, -18.066731 ], [ -65.549155, -18.066731 ], [ -65.549155, -18.066731 ], [ -65.549186, -18.066731 ], [ -65.549413, -18.066884 ], [ -65.549688, -18.067163 ], [ -65.549735, -18.067233 ], [ -65.549829, -18.067533 ], [ -65.549812, -18.067981 ], [ -65.549882, -18.068327 ], [ -65.550072, -18.068583 ], [ -65.550274, -18.068815 ], [ -65.550488, -18.06914 ], [ -65.550559, -18.069313 ], [ -65.550642, -18.069441 ], [ -65.550665, -18.069522 ], [ -65.550927, -18.069847 ], [ -65.551034, -18.06994 ], [ -65.551082, -18.069964 ], [ -65.551147, -18.069964 ], [ -65.551329, -18.069817 ], [ -65.551366, -18.069726 ], [ -65.551367, -18.069645 ], [ -65.551344, -18.06953 ], [ -65.551249, -18.069356 ], [ -65.551167, -18.069148 ], [ -65.551121, -18.068906 ], [ -65.551146, -18.068757 ], [ -65.551147, -18.068642 ], [ -65.551257, -18.068459 ], [ -65.551366, -18.068449 ], [ -65.551375, -18.068451 ], [ -65.551397, -18.068449 ], [ -65.551673, -18.068533 ], [ -65.551781, -18.068604 ], [ -65.551972, -18.068698 ], [ -65.552274, -18.068734 ], [ -65.552266, -18.068736 ] ], [ [ -65.547759, -18.062239 ], [ -65.547565, -18.062363 ], [ -65.547347, -18.062464 ], [ -65.547287, -18.062521 ], [ -65.547166, -18.062577 ], [ -65.546996, -18.062747 ], [ -65.546899, -18.062815 ], [ -65.546669, -18.062927 ], [ -65.546549, -18.062937 ], [ -65.546544, -18.062935 ], [ -65.546638, -18.062927 ], [ -65.546868, -18.062815 ], [ -65.546965, -18.062747 ], [ -65.547135, -18.062576 ], [ -65.547255, -18.06252 ], [ -65.547316, -18.062464 ], [ -65.547534, -18.062363 ], [ -65.547727, -18.062239 ], [ -65.548016, -18.062242 ], [ -65.548016, -18.062242 ], [ -65.547759, -18.062239 ] ], [ [ -65.546517, -18.062937 ], [ -65.54635, -18.062843 ], [ -65.546098, -18.062736 ], [ -65.545895, -18.062596 ], [ -65.545871, -18.062595 ], [ -65.545775, -18.062514 ], [ -65.545609, -18.062224 ], [ -65.545518, -18.061648 ], [ -65.545472, -18.061486 ], [ -65.545401, -18.061347 ], [ -65.545354, -18.061209 ], [ -65.545152, -18.060907 ], [ -65.544435, -18.06038 ], [ -65.544123, -18.060262 ], [ -65.543673, -18.060256 ], [ -65.543479, -18.060311 ], [ -65.543371, -18.060368 ], [ -65.543225, -18.060481 ], [ -65.542935, -18.060615 ], [ -65.54273, -18.060613 ], [ -65.54273, -18.060612 ], [ -65.542904, -18.060615 ], [ -65.543194, -18.06048 ], [ -65.543339, -18.060367 ], [ -65.543448, -18.060311 ], [ -65.543641, -18.060256 ], [ -65.544123, -18.060262 ], [ -65.544123, -18.060262 ], [ -65.544154, -18.060262 ], [ -65.544466, -18.060381 ], [ -65.545183, -18.060908 ], [ -65.545385, -18.061209 ], [ -65.545432, -18.061348 ], [ -65.545503, -18.061487 ], [ -65.545549, -18.061648 ], [ -65.54564, -18.062224 ], [ -65.545806, -18.062514 ], [ -65.545902, -18.062596 ], [ -65.545926, -18.062596 ], [ -65.546129, -18.062737 ], [ -65.546381, -18.062843 ], [ -65.546544, -18.062935 ], [ -65.546517, -18.062937 ] ], [ [ -65.542699, -18.060612 ], [ -65.542327, -18.060469 ], [ -65.542256, -18.060365 ], [ -65.542221, -18.060227 ], [ -65.542223, -18.060043 ], [ -65.54225, -18.059778 ], [ -65.542203, -18.05964 ], [ -65.54212, -18.059524 ], [ -65.541844, -18.059371 ], [ -65.541557, -18.059214 ], [ -65.541408, -18.059029 ], [ -65.541406, -18.058865 ], [ -65.541671, -18.058581 ], [ -65.54196, -18.058296 ], [ -65.542326, -18.057985 ], [ -65.542363, -18.057962 ], [ -65.542412, -18.057859 ], [ -65.542716, -18.057438 ], [ -65.542874, -18.057267 ], [ -65.543058, -18.056947 ], [ -65.54307, -18.056947 ], [ -65.546805, -18.051265 ], [ -65.547254, -18.050906 ], [ -65.548471, -18.021562 ], [ -65.552807, -18.010972 ], [ -65.553007, -18.010507 ], [ -65.54684, -18.00339 ], [ -65.542579, -17.998225 ], [ -65.563411, -17.980369 ], [ -65.559992, -17.967442 ], [ -65.560396, -17.966743 ], [ -65.56739, -17.954921 ], [ -65.566798, -17.932085 ], [ -65.562496, -17.928237 ], [ -65.562366, -17.92807 ], [ -65.562366, -17.92807 ], [ -65.562356, -17.928057 ], [ -65.572876, -17.91519 ], [ -65.609039, -17.902889 ], [ -65.609048, -17.902898 ], [ -65.572907, -17.91519 ], [ -65.562387, -17.928058 ], [ -65.562528, -17.928237 ], [ -65.566829, -17.932086 ], [ -65.567422, -17.954922 ], [ -65.560428, -17.966744 ], [ -65.560023, -17.967443 ], [ -65.563442, -17.980369 ], [ -65.54261, -17.998225 ], [ -65.546871, -18.003391 ], [ -65.553039, -18.010508 ], [ -65.552838, -18.010973 ], [ -65.548502, -18.021563 ], [ -65.547285, -18.050907 ], [ -65.546836, -18.051266 ], [ -65.543101, -18.056948 ], [ -65.543089, -18.056948 ], [ -65.542906, -18.057268 ], [ -65.542748, -18.057438 ], [ -65.542443, -18.05786 ], [ -65.542394, -18.057963 ], [ -65.542357, -18.057985 ], [ -65.541991, -18.058297 ], [ -65.541702, -18.058581 ], [ -65.541437, -18.058866 ], [ -65.541439, -18.05903 ], [ -65.541589, -18.059215 ], [ -65.541875, -18.059371 ], [ -65.542151, -18.059524 ], [ -65.542234, -18.05964 ], [ -65.542281, -18.059779 ], [ -65.542254, -18.060043 ], [ -65.542253, -18.060227 ], [ -65.542287, -18.060366 ], [ -65.542359, -18.06047 ], [ -65.54273, -18.060612 ], [ -65.542699, -18.060612 ] ], [ [ -65.60907, -17.90289 ], [ -65.609081, -17.9029 ], [ -65.609063, -17.902913 ], [ -65.609048, -17.902898 ], [ -65.60907, -17.90289 ] ], [ [ -65.631003, -17.887105 ], [ -65.631558, -17.886798 ], [ -65.631983, -17.886706 ], [ -65.648587, -17.882911 ], [ -65.648618, -17.882912 ], [ -65.632014, -17.886707 ], [ -65.631589, -17.886798 ], [ -65.631034, -17.887106 ], [ -65.609094, -17.902913 ], [ -65.609081, -17.9029 ], [ -65.631003, -17.887105 ] ], [ [ -65.538792, -17.941921 ], [ -65.531031, -17.936872 ], [ -65.53089, -17.936697 ], [ -65.530689, -17.93651 ], [ -65.530261, -17.936249 ], [ -65.530139, -17.936186 ], [ -65.530261, -17.936249 ], [ -65.530689, -17.93651 ], [ -65.53089, -17.936697 ], [ -65.531031, -17.936872 ], [ -65.538792, -17.941921 ], [ -65.538801, -17.941917 ], [ -65.538792, -17.941921 ] ], [ [ -65.528519, -17.935621 ], [ -65.528269, -17.93549 ], [ -65.528044, -17.935302 ], [ -65.527738, -17.934894 ], [ -65.527516, -17.934569 ], [ -65.526787, -17.933648 ], [ -65.526517, -17.933253 ], [ -65.526517, -17.933253 ], [ -65.526787, -17.933648 ], [ -65.527516, -17.934569 ], [ -65.527738, -17.934894 ], [ -65.528044, -17.935302 ], [ -65.528269, -17.93549 ], [ -65.528519, -17.935621 ], [ -65.528583, -17.935647 ], [ -65.528519, -17.935621 ] ], [ [ -65.5258, -17.932379 ], [ -65.525764, -17.932355 ], [ -65.525541, -17.932064 ], [ -65.525144, -17.931413 ], [ -65.525121, -17.931333 ], [ -65.524921, -17.931099 ], [ -65.524921, -17.931099 ], [ -65.525121, -17.931333 ], [ -65.525144, -17.931413 ], [ -65.525541, -17.932064 ], [ -65.525764, -17.932355 ], [ -65.5258, -17.932379 ], [ -65.526483, -17.93321 ], [ -65.5258, -17.932379 ] ], [ [ -65.524143, -17.930258 ], [ -65.524053, -17.930162 ], [ -65.523944, -17.93002 ], [ -65.523918, -17.929935 ], [ -65.523809, -17.929793 ], [ -65.523701, -17.929651 ], [ -65.52357, -17.92949 ], [ -65.523555, -17.929416 ], [ -65.523543, -17.929375 ], [ -65.523542, -17.929283 ], [ -65.523563, -17.929252 ], [ -65.52361, -17.929201 ], [ -65.523624, -17.92918 ], [ -65.52361, -17.929201 ], [ -65.523563, -17.929252 ], [ -65.523542, -17.929283 ], [ -65.523543, -17.929375 ], [ -65.523555, -17.929416 ], [ -65.52357, -17.92949 ], [ -65.523701, -17.929651 ], [ -65.523809, -17.929793 ], [ -65.523918, -17.929935 ], [ -65.523944, -17.93002 ], [ -65.524053, -17.930162 ], [ -65.524143, -17.930258 ], [ -65.524317, -17.930455 ], [ -65.524143, -17.930258 ] ], [ [ -65.523694, -17.92909 ], [ -65.52373, -17.929091 ], [ -65.523779, -17.929057 ], [ -65.524166, -17.928915 ], [ -65.524382, -17.928873 ], [ -65.524419, -17.928851 ], [ -65.524756, -17.928753 ], [ -65.524793, -17.928731 ], [ -65.524829, -17.928732 ], [ -65.52535, -17.928431 ], [ -65.525581, -17.928263 ], [ -65.525708, -17.928157 ], [ -65.525581, -17.928263 ], [ -65.52535, -17.928431 ], [ -65.524829, -17.928732 ], [ -65.524793, -17.928731 ], [ -65.524756, -17.928753 ], [ -65.524419, -17.928851 ], [ -65.524382, -17.928873 ], [ -65.524166, -17.928915 ], [ -65.523779, -17.929057 ], [ -65.52373, -17.929091 ], [ -65.523694, -17.92909 ], [ -65.523694, -17.92909 ] ], [ [ -65.526275, -17.927713 ], [ -65.526517, -17.927556 ], [ -65.526737, -17.927376 ], [ -65.526759, -17.927335 ], [ -65.526737, -17.927376 ], [ -65.526517, -17.927556 ], [ -65.526275, -17.927713 ], [ -65.526168, -17.9278 ], [ -65.526275, -17.927713 ] ], [ [ -65.526761, -17.927331 ], [ -65.526822, -17.927275 ], [ -65.527031, -17.92698 ], [ -65.527105, -17.926901 ], [ -65.527336, -17.926721 ], [ -65.527627, -17.926543 ], [ -65.527858, -17.926352 ], [ -65.528101, -17.926207 ], [ -65.528378, -17.926131 ], [ -65.5285, -17.926053 ], [ -65.529343, -17.92585 ], [ -65.529549, -17.92575 ], [ -65.529711, -17.925648 ], [ -65.529549, -17.92575 ], [ -65.529343, -17.92585 ], [ -65.5285, -17.926053 ], [ -65.528378, -17.926131 ], [ -65.528101, -17.926207 ], [ -65.527858, -17.926352 ], [ -65.527627, -17.926543 ], [ -65.527336, -17.926721 ], [ -65.527105, -17.926901 ], [ -65.527031, -17.92698 ], [ -65.526822, -17.927275 ], [ -65.526761, -17.927331 ], [ -65.526761, -17.927331 ] ], [ [ -65.529975, -17.925402 ], [ -65.530633, -17.92484 ], [ -65.530889, -17.924592 ], [ -65.531507, -17.924235 ], [ -65.531688, -17.924181 ], [ -65.531688, -17.924181 ], [ -65.531507, -17.924235 ], [ -65.530889, -17.924592 ], [ -65.530633, -17.92484 ], [ -65.529975, -17.925402 ], [ -65.52979, -17.925582 ], [ -65.529975, -17.925402 ] ], [ [ -65.532001, -17.924152 ], [ -65.532375, -17.924056 ], [ -65.532823, -17.923799 ], [ -65.533202, -17.923393 ], [ -65.533517, -17.923215 ], [ -65.53365, -17.923206 ], [ -65.533891, -17.923153 ], [ -65.534239, -17.923159 ], [ -65.534479, -17.92314 ], [ -65.534684, -17.923086 ], [ -65.534854, -17.922998 ], [ -65.534854, -17.922975 ], [ -65.535012, -17.922874 ], [ -65.53551, -17.922493 ], [ -65.53585, -17.922269 ], [ -65.536153, -17.922091 ], [ -65.536503, -17.921994 ], [ -65.536767, -17.921975 ], [ -65.537152, -17.921982 ], [ -65.537355, -17.922009 ], [ -65.537859, -17.922018 ], [ -65.538052, -17.921999 ], [ -65.538136, -17.921966 ], [ -65.53827, -17.921876 ], [ -65.538319, -17.921808 ], [ -65.538319, -17.921808 ], [ -65.53827, -17.921876 ], [ -65.538136, -17.921966 ], [ -65.538052, -17.921999 ], [ -65.537859, -17.922018 ], [ -65.537355, -17.922009 ], [ -65.537152, -17.921982 ], [ -65.536767, -17.921975 ], [ -65.536503, -17.921994 ], [ -65.536153, -17.922091 ], [ -65.53585, -17.922269 ], [ -65.53551, -17.922493 ], [ -65.535012, -17.922874 ], [ -65.534854, -17.922975 ], [ -65.534854, -17.922998 ], [ -65.534684, -17.923086 ], [ -65.534479, -17.92314 ], [ -65.534239, -17.923159 ], [ -65.533891, -17.923153 ], [ -65.53365, -17.923206 ], [ -65.533517, -17.923215 ], [ -65.533202, -17.923393 ], [ -65.532823, -17.923799 ], [ -65.532375, -17.924056 ], [ -65.532001, -17.924152 ], [ -65.53169, -17.924181 ], [ -65.532001, -17.924152 ] ], [ [ -65.53837, -17.921648 ], [ -65.538384, -17.921499 ], [ -65.5384, -17.920569 ], [ -65.538424, -17.920524 ], [ -65.538595, -17.9204 ], [ -65.538776, -17.920312 ], [ -65.538992, -17.920316 ], [ -65.539089, -17.920271 ], [ -65.539427, -17.920174 ], [ -65.539427, -17.920174 ], [ -65.539089, -17.920271 ], [ -65.538992, -17.920316 ], [ -65.538776, -17.920312 ], [ -65.538595, -17.9204 ], [ -65.538424, -17.920524 ], [ -65.5384, -17.920569 ], [ -65.538384, -17.921499 ], [ -65.53837, -17.921648 ], [ -65.538322, -17.921797 ], [ -65.53837, -17.921648 ] ], [ [ -65.539608, -17.920097 ], [ -65.539827, -17.919929 ], [ -65.539953, -17.919374 ], [ -65.539827, -17.919929 ], [ -65.539608, -17.920097 ], [ -65.539438, -17.92017 ], [ -65.539608, -17.920097 ] ], [ [ -65.540211, -17.9185 ], [ -65.540298, -17.918318 ], [ -65.54047, -17.918091 ], [ -65.540738, -17.917832 ], [ -65.540959, -17.917595 ], [ -65.54102, -17.917481 ], [ -65.541222, -17.917286 ], [ -65.54102, -17.917481 ], [ -65.540959, -17.917595 ], [ -65.540738, -17.917832 ], [ -65.54047, -17.918091 ], [ -65.540298, -17.918318 ], [ -65.540211, -17.9185 ], [ -65.540057, -17.91899 ], [ -65.540211, -17.9185 ] ], [ [ -65.541314, -17.917153 ], [ -65.541424, -17.917017 ], [ -65.541536, -17.916824 ], [ -65.541572, -17.916813 ], [ -65.541572, -17.916813 ], [ -65.541536, -17.916824 ], [ -65.541424, -17.917017 ], [ -65.541314, -17.917153 ], [ -65.541281, -17.917224 ], [ -65.541314, -17.917153 ] ], [ [ -65.541585, -17.916721 ], [ -65.541659, -17.916654 ], [ -65.541745, -17.916506 ], [ -65.542098, -17.916248 ], [ -65.542776, -17.915904 ], [ -65.543138, -17.915762 ], [ -65.543609, -17.915609 ], [ -65.54373, -17.915554 ], [ -65.543826, -17.915533 ], [ -65.544044, -17.91541 ], [ -65.544329, -17.915365 ], [ -65.544554, -17.915269 ], [ -65.544746, -17.915174 ], [ -65.544907, -17.915079 ], [ -65.544907, -17.915079 ], [ -65.544746, -17.915174 ], [ -65.544554, -17.915269 ], [ -65.544329, -17.915365 ], [ -65.544044, -17.91541 ], [ -65.543826, -17.915533 ], [ -65.54373, -17.915554 ], [ -65.543609, -17.915609 ], [ -65.543138, -17.915762 ], [ -65.542776, -17.915904 ], [ -65.542098, -17.916248 ], [ -65.541745, -17.916506 ], [ -65.541659, -17.916654 ], [ -65.541585, -17.916721 ], [ -65.54158, -17.916759 ], [ -65.541585, -17.916721 ] ], [ [ -65.538048, -17.9024 ], [ -65.530287, -17.898024 ], [ -65.538048, -17.9024 ], [ -65.543219, -17.911959 ], [ -65.538048, -17.9024 ] ], [ [ -65.52456, -17.89476 ], [ -65.524235, -17.89464 ], [ -65.514361, -17.891638 ], [ -65.524235, -17.89464 ], [ -65.52456, -17.89476 ], [ -65.524607, -17.894792 ], [ -65.52456, -17.89476 ] ], [ [ -65.501343, -17.887684 ], [ -65.497308, -17.886488 ], [ -65.501343, -17.887684 ], [ -65.501377, -17.887693 ], [ -65.501343, -17.887684 ] ], [ [ -65.489914, -17.899254 ], [ -65.47764, -17.890392 ], [ -65.485336, -17.872461 ], [ -65.47764, -17.890392 ], [ -65.489914, -17.899254 ], [ -65.489914, -17.899254 ] ], [ [ -65.486157, -17.869689 ], [ -65.486126, -17.869674 ], [ -65.486157, -17.869689 ], [ -65.4863, -17.869723 ], [ -65.486157, -17.869689 ] ], [ [ -65.48551, -17.869455 ], [ -65.484754, -17.869105 ], [ -65.484071, -17.868858 ], [ -65.483731, -17.868751 ], [ -65.484071, -17.868858 ], [ -65.484754, -17.869105 ], [ -65.48551, -17.869455 ], [ -65.485674, -17.869506 ], [ -65.48551, -17.869455 ] ], [ [ -65.483027, -17.868495 ], [ -65.483014, -17.868488 ], [ -65.483027, -17.868495 ], [ -65.483027, -17.868495 ] ], [ [ -65.482548, -17.868284 ], [ -65.482356, -17.868203 ], [ -65.482128, -17.868155 ], [ -65.481765, -17.868023 ], [ -65.482128, -17.868155 ], [ -65.482356, -17.868203 ], [ -65.482548, -17.868284 ], [ -65.482658, -17.868321 ], [ -65.482548, -17.868284 ] ], [ [ -65.481516, -17.867921 ], [ -65.481516, -17.867921 ], [ -65.481516, -17.867927 ], [ -65.481516, -17.867921 ] ], [ [ -65.481228, -17.867862 ], [ -65.480592, -17.867559 ], [ -65.48012, -17.86737 ], [ -65.479771, -17.867218 ], [ -65.478719, -17.866896 ], [ -65.479771, -17.867218 ], [ -65.48012, -17.86737 ], [ -65.480592, -17.867559 ], [ -65.481228, -17.867862 ], [ -65.481285, -17.867879 ], [ -65.481228, -17.867862 ] ], [ [ -65.478182, -17.866771 ], [ -65.478182, -17.866771 ], [ -65.478309, -17.866794 ], [ -65.478182, -17.866771 ] ], [ [ -65.476861, -17.866763 ], [ -65.476537, -17.866692 ], [ -65.476316, -17.866587 ], [ -65.476537, -17.866692 ], [ -65.476861, -17.866763 ], [ -65.476861, -17.866763 ] ], [ [ -65.475613, -17.866306 ], [ -65.47551, -17.866156 ], [ -65.475613, -17.866306 ], [ -65.475949, -17.866444 ], [ -65.475613, -17.866306 ] ], [ [ -65.47528, -17.865705 ], [ -65.475256, -17.865601 ], [ -65.475258, -17.865082 ], [ -65.475188, -17.86469 ], [ -65.475066, -17.864407 ], [ -65.475188, -17.86469 ], [ -65.475258, -17.865082 ], [ -65.475256, -17.865601 ], [ -65.47528, -17.865705 ], [ -65.475284, -17.865713 ], [ -65.47528, -17.865705 ] ], [ [ -65.474855, -17.864007 ], [ -65.474365, -17.86329 ], [ -65.474103, -17.862988 ], [ -65.473923, -17.862757 ], [ -65.473816, -17.862479 ], [ -65.473697, -17.862225 ], [ -65.473363, -17.861854 ], [ -65.473363, -17.861854 ], [ -65.473697, -17.862225 ], [ -65.473816, -17.862479 ], [ -65.473923, -17.862757 ], [ -65.474103, -17.862988 ], [ -65.474365, -17.86329 ], [ -65.474855, -17.864007 ], [ -65.474958, -17.864194 ], [ -65.474855, -17.864007 ] ], [ [ -65.47292, -17.861505 ], [ -65.472608, -17.8614 ], [ -65.472368, -17.861341 ], [ -65.472178, -17.861207 ], [ -65.472368, -17.861341 ], [ -65.472608, -17.8614 ], [ -65.47292, -17.861505 ], [ -65.473018, -17.861563 ], [ -65.47292, -17.861505 ] ], [ [ -65.471792, -17.861 ], [ -65.471934, -17.860901 ], [ -65.472034, -17.860802 ], [ -65.472238, -17.860741 ], [ -65.472384, -17.860662 ], [ -65.472238, -17.860741 ], [ -65.472034, -17.860802 ], [ -65.471934, -17.860901 ], [ -65.471792, -17.861 ], [ -65.471792, -17.861 ] ], [ [ -65.472515, -17.860615 ], [ -65.4726, -17.860558 ], [ -65.47272, -17.860536 ], [ -65.472852, -17.86049 ], [ -65.473489, -17.86039 ], [ -65.47415, -17.860394 ], [ -65.474642, -17.86049 ], [ -65.474642, -17.86049 ], [ -65.47415, -17.860394 ], [ -65.473489, -17.86039 ], [ -65.472852, -17.86049 ], [ -65.47272, -17.860536 ], [ -65.4726, -17.860558 ], [ -65.472515, -17.860615 ], [ -65.472441, -17.860639 ], [ -65.472515, -17.860615 ] ], [ [ -65.474654, -17.860467 ], [ -65.474814, -17.860447 ], [ -65.474654, -17.860467 ], [ -65.474644, -17.860485 ], [ -65.474654, -17.860467 ] ], [ [ -65.475075, -17.860365 ], [ -65.475376, -17.860309 ], [ -65.47629, -17.859877 ], [ -65.476471, -17.859717 ], [ -65.47652, -17.859653 ], [ -65.476471, -17.859717 ], [ -65.47629, -17.859877 ], [ -65.475376, -17.860309 ], [ -65.475075, -17.860365 ], [ -65.47491, -17.86042 ], [ -65.475075, -17.860365 ] ], [ [ -65.47751, -17.858489 ], [ -65.477642, -17.858386 ], [ -65.47798, -17.858042 ], [ -65.478245, -17.857825 ], [ -65.478474, -17.857607 ], [ -65.478619, -17.857562 ], [ -65.478784, -17.85749 ], [ -65.478619, -17.857562 ], [ -65.478474, -17.857607 ], [ -65.478245, -17.857825 ], [ -65.47798, -17.858042 ], [ -65.477642, -17.858386 ], [ -65.47751, -17.858489 ], [ -65.477075, -17.858956 ], [ -65.47751, -17.858489 ] ], [ [ -65.479184, -17.857289 ], [ -65.479353, -17.857117 ], [ -65.479559, -17.856864 ], [ -65.479752, -17.856531 ], [ -65.479825, -17.856312 ], [ -65.479918, -17.856131 ], [ -65.479825, -17.856312 ], [ -65.479752, -17.856531 ], [ -65.479559, -17.856864 ], [ -65.479353, -17.857117 ], [ -65.479184, -17.857289 ], [ -65.479097, -17.857343 ], [ -65.479184, -17.857289 ] ], [ [ -65.480079, -17.855853 ], [ -65.480332, -17.85567 ], [ -65.480513, -17.855567 ], [ -65.48067, -17.855499 ], [ -65.480778, -17.85543 ], [ -65.481007, -17.855224 ], [ -65.481297, -17.85488 ], [ -65.481642, -17.854393 ], [ -65.481297, -17.85488 ], [ -65.481007, -17.855224 ], [ -65.480778, -17.85543 ], [ -65.48067, -17.855499 ], [ -65.480513, -17.855567 ], [ -65.480332, -17.85567 ], [ -65.480079, -17.855853 ], [ -65.480035, -17.855905 ], [ -65.480079, -17.855853 ] ], [ [ -65.481647, -17.854386 ], [ -65.482202, -17.853859 ], [ -65.482719, -17.853689 ], [ -65.482876, -17.853667 ], [ -65.482876, -17.853667 ], [ -65.482719, -17.853689 ], [ -65.482202, -17.853859 ], [ -65.481647, -17.854386 ], [ -65.481647, -17.854386 ] ], [ [ -65.481616, -17.845013 ], [ -65.481939, -17.837059 ], [ -65.482227, -17.834442 ], [ -65.483372, -17.8097 ], [ -65.479516, -17.799609 ], [ -65.483372, -17.8097 ], [ -65.482227, -17.834442 ], [ -65.481939, -17.837059 ], [ -65.481616, -17.845013 ], [ -65.48277, -17.849154 ], [ -65.481616, -17.845013 ] ] ] ] } }
]
}
