{
"type": "FeatureCollection",
"name": "TOTORA",
"crs": { "type": "name", "properties": { "name": "urn:ogc:def:crs:OGC:1.3:CRS84" } },
"bbox": [ -65.362306, -18.034331, -64.937453, -17.139423 ],                                                                        
"features": [
{ "type": "Feature", "properties": { "NOMBRE": "Totora", "NIVEL": "Provincias", "PROVINCIA": "", "REGION": "Cono Sur", "DEPARTAMENTO": "Cochabamba" }, "bbox": [ -65.362306, -18.034331, -64.937453, -17.139423 ], "geometry": { "type": "MultiPolygon", "coordinates": [ [ [ [ -65.177251, -17.142915 ], [ -65.176101, -17.14321 ], [ -65.175374, -17.14382 ], [ -65.172448, -17.146274 ], [ -65.171416, -17.147139 ], [ -65.171109, -17.147397 ], [ -65.171012, -17.147478 ], [ -65.168798, -17.148172 ], [ -65.165523, -17.148895 ], [ -65.161962, -17.15012 ], [ -65.16006, -17.150842 ], [ -65.157466, -17.151905 ], [ -65.152263, -17.154476 ], [ -65.152077, -17.154568 ], [ -65.148596, -17.158847 ], [ -65.148515, -17.158948 ], [ -65.140454, -17.159895 ], [ -65.137018, -17.16243 ], [ -65.135134, -17.164471 ], [ -65.135291, -17.169396 ], [ -65.136145, -17.170138 ], [ -65.136188, -17.170725 ], [ -65.136208, -17.171289 ], [ -65.136685, -17.172256 ], [ -65.137156, -17.173666 ], [ -65.137307, -17.175181 ], [ -65.137323, -17.17657 ], [ -65.136911, -17.177629 ], [ -65.136866, -17.178768 ], [ -65.136753, -17.179333 ], [ -65.136555, -17.179771 ], [ -65.136145, -17.180394 ], [ -65.135697, -17.180936 ], [ -65.135558, -17.180971 ], [ -65.135492, -17.181051 ], [ -65.134853, -17.181629 ], [ -65.134178, -17.182126 ], [ -65.133594, -17.182301 ], [ -65.132948, -17.182303 ], [ -65.132133, -17.182225 ], [ -65.131341, -17.182021 ], [ -65.13068, -17.181804 ], [ -65.130055, -17.181553 ], [ -65.129381, -17.181245 ], [ -65.128272, -17.180616 ], [ -65.127728, -17.180215 ], [ -65.127438, -17.179974 ], [ -65.127014, -17.179515 ], [ -65.126454, -17.178803 ], [ -65.126248, -17.178574 ], [ -65.125788, -17.178184 ], [ -65.12539, -17.177921 ], [ -65.124776, -17.177658 ], [ -65.124164, -17.177465 ], [ -65.12345, -17.177269 ], [ -65.123167, -17.177192 ], [ -65.122724, -17.17717 ], [ -65.122283, -17.177298 ], [ -65.121679, -17.177726 ], [ -65.121088, -17.178292 ], [ -65.120592, -17.17887 ], [ -65.120239, -17.179331 ], [ -65.119922, -17.179804 ], [ -65.119583, -17.180369 ], [ -65.118462, -17.181639 ], [ -65.117776, -17.18224 ], [ -65.116539, -17.182854 ], [ -65.116183, -17.183086 ], [ -65.11589, -17.183524 ], [ -65.115692, -17.183985 ], [ -65.115461, -17.184654 ], [ -65.115339, -17.185414 ], [ -65.11531, -17.185909 ], [ -65.115368, -17.186703 ], [ -65.115507, -17.187301 ], [ -65.115998, -17.188324 ], [ -65.117434, -17.190218 ], [ -65.118105, -17.191171 ], [ -65.118487, -17.192056 ], [ -65.118615, -17.192758 ], [ -65.11856, -17.193069 ], [ -65.118384, -17.193391 ], [ -65.118183, -17.193599 ], [ -65.117983, -17.193753 ], [ -65.117852, -17.193854 ], [ -65.116248, -17.19478 ], [ -65.11526, -17.195221 ], [ -65.114784, -17.195406 ], [ -65.113962, -17.195651 ], [ -65.112972, -17.195896 ], [ -65.111898, -17.196118 ], [ -65.110966, -17.196271 ], [ -65.110106, -17.196366 ], [ -65.110094, -17.196366 ], [ -65.109244, -17.196323 ], [ -65.108716, -17.196244 ], [ -65.10819, -17.196223 ], [ -65.10776, -17.196328 ], [ -65.107154, -17.196629 ], [ -65.105612, -17.197705 ], [ -65.104897, -17.197972 ], [ -65.104455, -17.197996 ], [ -65.104023, -17.197952 ], [ -65.103676, -17.197896 ], [ -65.103436, -17.197896 ], [ -65.103197, -17.197932 ], [ -65.102888, -17.198082 ], [ -65.102463, -17.198398 ], [ -65.102343, -17.198487 ], [ -65.10195, -17.198672 ], [ -65.101436, -17.198674 ], [ -65.100739, -17.198469 ], [ -65.100373, -17.19838 ], [ -65.099662, -17.198412 ], [ -65.098099, -17.198557 ], [ -65.09716, -17.198387 ], [ -65.096301, -17.198061 ], [ -65.095207, -17.197723 ], [ -65.093982, -17.197789 ], [ -65.093048, -17.197758 ], [ -65.092305, -17.197622 ], [ -65.091609, -17.197463 ], [ -65.090876, -17.197259 ], [ -65.088849, -17.196851 ], [ -65.087889, -17.196635 ], [ -65.08723, -17.196614 ], [ -65.08692, -17.196673 ], [ -65.086038, -17.196929 ], [ -65.085775, -17.196976 ], [ -65.08547, -17.196833 ], [ -65.085403, -17.196802 ], [ -65.08503, -17.196865 ], [ -65.084277, -17.196929 ], [ -65.084223, -17.196933 ], [ -65.084166, -17.197472 ], [ -65.083993, -17.19861 ], [ -65.083893, -17.199537 ], [ -65.083671, -17.200022 ], [ -65.083473, -17.200402 ], [ -65.082946, -17.201325 ], [ -65.082652, -17.201763 ], [ -65.082299, -17.202225 ], [ -65.081826, -17.20271 ], [ -65.081126, -17.203195 ], [ -65.080378, -17.203635 ], [ -65.079616, -17.203948 ], [ -65.079188, -17.20418 ], [ -65.078773, -17.204446 ], [ -65.078406, -17.204804 ], [ -65.077249, -17.206039 ], [ -65.076504, -17.206744 ], [ -65.075628, -17.207529 ], [ -65.07469, -17.208131 ], [ -65.07382, -17.208387 ], [ -65.073497, -17.208411 ], [ -65.072757, -17.208517 ], [ -65.072184, -17.208668 ], [ -65.071434, -17.208947 ], [ -65.07014, -17.209768 ], [ -65.069962, -17.209919 ], [ -65.069258, -17.210329 ], [ -65.068769, -17.211052 ], [ -65.068489, -17.21173 ], [ -65.068373, -17.212019 ], [ -65.068317, -17.212376 ], [ -65.068601, -17.213004 ], [ -65.068836, -17.213522 ], [ -65.0693, -17.216706 ], [ -65.069284, -17.216833 ], [ -65.068862, -17.220268 ], [ -65.06764, -17.223149 ], [ -65.065642, -17.226474 ], [ -65.064475, -17.229066 ], [ -65.063502, -17.231048 ], [ -65.062087, -17.232437 ], [ -65.06199, -17.234888 ], [ -65.061085, -17.237408 ], [ -65.059243, -17.239518 ], [ -65.057588, -17.241746 ], [ -65.056505, -17.244984 ], [ -65.057471, -17.248022 ], [ -65.057619, -17.250112 ], [ -65.058334, -17.252913 ], [ -65.059043, -17.255117 ], [ -65.059693, -17.257974 ], [ -65.060031, -17.260127 ], [ -65.060284, -17.261592 ], [ -65.060597, -17.26288 ], [ -65.061107, -17.263974 ], [ -65.061866, -17.265162 ], [ -65.062483, -17.266924 ], [ -65.062356, -17.268981 ], [ -65.062127, -17.270753 ], [ -65.061687, -17.272364 ], [ -65.062998, -17.272943 ], [ -65.06416, -17.274508 ], [ -65.065173, -17.276171 ], [ -65.066085, -17.277596 ], [ -65.067291, -17.278683 ], [ -65.068646, -17.279673 ], [ -65.068559, -17.280822 ], [ -65.067226, -17.281744 ], [ -65.065839, -17.282332 ], [ -65.0645, -17.282776 ], [ -65.063209, -17.283028 ], [ -65.062583, -17.284851 ], [ -65.062254, -17.286623 ], [ -65.062422, -17.288247 ], [ -65.062732, -17.289296 ], [ -65.061799, -17.290405 ], [ -65.060515, -17.291326 ], [ -65.059081, -17.292106 ], [ -65.057845, -17.292836 ], [ -65.05696, -17.293849 ], [ -65.056492, -17.295726 ], [ -65.057535, -17.296281 ], [ -65.058843, -17.297558 ], [ -65.059804, -17.298935 ], [ -65.061208, -17.299877 ], [ -65.064049, -17.300326 ], [ -65.066, -17.301214 ], [ -65.067452, -17.301964 ], [ -65.068911, -17.303383 ], [ -65.069581, -17.30548 ], [ -65.069508, -17.307823 ], [ -65.069581, -17.309878 ], [ -65.070444, -17.311446 ], [ -65.071693, -17.311864 ], [ -65.07206, -17.313533 ], [ -65.07163, -17.315068 ], [ -65.071153, -17.316937 ], [ -65.071173, -17.318753 ], [ -65.070923, -17.320467 ], [ -65.069817, -17.322114 ], [ -65.066758, -17.324488 ], [ -65.065325, -17.325411 ], [ -65.06399, -17.32619 ], [ -65.06221, -17.32726 ], [ -65.060529, -17.328329 ], [ -65.059095, -17.329109 ], [ -65.058261, -17.330217 ], [ -65.057473, -17.331038 ], [ -65.057289, -17.33233 ], [ -65.056455, -17.333438 ], [ -65.05497, -17.334171 ], [ -65.053238, -17.335097 ], [ -65.051606, -17.336022 ], [ -65.050325, -17.337278 ], [ -65.04994, -17.338429 ], [ -65.050055, -17.339863 ], [ -65.050069, -17.341105 ], [ -65.049083, -17.341928 ], [ -65.046797, -17.342286 ], [ -65.045314, -17.34321 ], [ -65.045131, -17.344646 ], [ -65.044145, -17.345516 ], [ -65.042955, -17.346007 ], [ -65.041999, -17.34506 ], [ -65.041149, -17.344687 ], [ -65.040224, -17.34656 ], [ -65.039554, -17.349053 ], [ -65.038829, -17.350973 ], [ -65.03699, -17.351279 ], [ -65.035346, -17.351152 ], [ -65.033858, -17.351597 ], [ -65.032577, -17.352806 ], [ -65.031196, -17.354015 ], [ -65.029711, -17.354747 ], [ -65.028378, -17.355812 ], [ -65.027845, -17.357108 ], [ -65.026807, -17.357836 ], [ -65.024814, -17.357617 ], [ -65.022719, -17.357304 ], [ -65.020627, -17.357182 ], [ -65.019587, -17.35767 ], [ -65.018713, -17.358493 ], [ -65.019409, -17.359584 ], [ -65.020369, -17.360865 ], [ -65.021324, -17.361764 ], [ -65.022181, -17.362664 ], [ -65.021096, -17.363583 ], [ -65.01951, -17.364316 ], [ -65.017977, -17.36524 ], [ -65.017247, -17.366777 ], [ -65.017808, -17.367967 ], [ -65.019313, -17.369051 ], [ -65.020325, -17.370475 ], [ -65.021097, -17.372387 ], [ -65.021305, -17.374297 ], [ -65.021382, -17.375671 ], [ -65.022399, -17.377573 ], [ -65.024403, -17.378688 ], [ -65.026411, -17.380221 ], [ -65.026181, -17.381897 ], [ -65.025202, -17.383461 ], [ -65.025722, -17.385487 ], [ -65.026621, -17.38552 ], [ -65.027901, -17.385525 ], [ -65.029574, -17.384791 ], [ -65.031451, -17.385728 ], [ -65.03259, -17.387449 ], [ -65.03246, -17.389341 ], [ -65.03276, -17.391511 ], [ -65.033159, -17.393838 ], [ -65.03424, -17.395918 ], [ -65.034646, -17.397185 ], [ -65.03329, -17.398453 ], [ -65.032056, -17.399362 ], [ -65.031048, -17.400544 ], [ -65.030121, -17.401163 ], [ -65.029268, -17.401709 ], [ -65.030289, -17.402882 ], [ -65.030419, -17.404494 ], [ -65.029456, -17.405186 ], [ -65.027624, -17.404989 ], [ -65.025759, -17.405223 ], [ -65.024877, -17.406523 ], [ -65.024372, -17.408142 ], [ -65.023002, -17.409231 ], [ -65.021293, -17.410073 ], [ -65.019359, -17.41081 ], [ -65.017426, -17.411618 ], [ -65.015522, -17.411709 ], [ -65.013203, -17.411338 ], [ -65.010774, -17.411255 ], [ -65.008572, -17.411385 ], [ -65.006294, -17.411408 ], [ -65.004872, -17.411207 ], [ -65.003529, -17.411328 ], [ -65.003314, -17.412191 ], [ -65.003853, -17.41362 ], [ -65.003452, -17.414556 ], [ -65.001876, -17.413855 ], [ -65.000263, -17.413225 ], [ -64.999374, -17.41388 ], [ -64.998753, -17.415141 ], [ -64.998359, -17.416687 ], [ -64.997021, -17.418474 ], [ -64.996708, -17.4195 ], [ -64.995188, -17.420555 ], [ -64.992619, -17.421262 ], [ -64.990719, -17.421675 ], [ -64.989001, -17.421728 ], [ -64.987092, -17.421317 ], [ -64.985782, -17.421151 ], [ -64.984748, -17.422201 ], [ -64.983637, -17.423073 ], [ -64.982552, -17.422904 ], [ -64.981198, -17.422021 ], [ -64.979625, -17.421678 ], [ -64.977978, -17.421372 ], [ -64.97658, -17.421162 ], [ -64.97503, -17.421545 ], [ -64.973311, -17.421526 ], [ -64.971622, -17.420718 ], [ -64.969821, -17.419983 ], [ -64.968433, -17.419387 ], [ -64.967341, -17.418645 ], [ -64.96617, -17.417365 ], [ -64.965224, -17.416191 ], [ -64.964131, -17.415306 ], [ -64.962851, -17.414386 ], [ -64.961244, -17.414294 ], [ -64.959645, -17.414956 ], [ -64.957564, -17.41598 ], [ -64.954889, -17.416859 ], [ -64.953108, -17.418426 ], [ -64.95144, -17.419554 ], [ -64.950217, -17.420498 ], [ -64.949452, -17.422334 ], [ -64.949017, -17.423594 ], [ -64.947531, -17.424325 ], [ -64.946016, -17.425918 ], [ -64.945132, -17.427098 ], [ -64.944607, -17.429254 ], [ -64.94448, -17.431359 ], [ -64.943057, -17.433333 ], [ -64.942853, -17.435678 ], [ -64.942853, -17.437638 ], [ -64.94203, -17.439893 ], [ -64.940901, -17.441386 ], [ -64.939833, -17.444026 ], [ -64.939256, -17.44604 ], [ -64.939185, -17.44867 ], [ -64.939758, -17.451055 ], [ -64.940078, -17.45306 ], [ -64.9399, -17.45507 ], [ -64.938672, -17.456755 ], [ -64.937453, -17.459041 ], [ -64.939165, -17.4594 ], [ -64.940666, -17.459995 ], [ -64.941456, -17.460525 ], [ -64.942, -17.46132 ], [ -64.942443, -17.461997 ], [ -64.942964, -17.462996 ], [ -64.943798, -17.464135 ], [ -64.944305, -17.464979 ], [ -64.944729, -17.466182 ], [ -64.944937, -17.467029 ], [ -64.945291, -17.467515 ], [ -64.946241, -17.467781 ], [ -64.947136, -17.467653 ], [ -64.947798, -17.467802 ], [ -64.948327, -17.468406 ], [ -64.948858, -17.469178 ], [ -64.949213, -17.4697 ], [ -64.949632, -17.470533 ], [ -64.949577, -17.471131 ], [ -64.949573, -17.47192 ], [ -64.949234, -17.472891 ], [ -64.948794, -17.473696 ], [ -64.948852, -17.474413 ], [ -64.949342, -17.474802 ], [ -64.949867, -17.475634 ], [ -64.949913, -17.476209 ], [ -64.949921, -17.476902 ], [ -64.949925, -17.477332 ], [ -64.949968, -17.477798 ], [ -64.950135, -17.478346 ], [ -64.950314, -17.478775 ], [ -64.950668, -17.479201 ], [ -64.95112, -17.479556 ], [ -64.951484, -17.479875 ], [ -64.951516, -17.48052 ], [ -64.951533, -17.480938 ], [ -64.9518, -17.481449 ], [ -64.951866, -17.481819 ], [ -64.95186, -17.482405 ], [ -64.95184, -17.482895 ], [ -64.952034, -17.483491 ], [ -64.952102, -17.48404 ], [ -64.952257, -17.484552 ], [ -64.952412, -17.485077 ], [ -64.952429, -17.485531 ], [ -64.952383, -17.48589 ], [ -64.952103, -17.486538 ], [ -64.951972, -17.487065 ], [ -64.952018, -17.487865 ], [ -64.952065, -17.488749 ], [ -64.952097, -17.48943 ], [ -64.952117, -17.490147 ], [ -64.952125, -17.490876 ], [ -64.952269, -17.491532 ], [ -64.952449, -17.49208 ], [ -64.952642, -17.49264 ], [ -64.952689, -17.493524 ], [ -64.952609, -17.494182 ], [ -64.952893, -17.494577 ], [ -64.953975, -17.507666 ], [ -64.957948, -17.509434 ], [ -64.966194, -17.505739 ], [ -64.975593, -17.499773 ], [ -64.976081, -17.500293 ], [ -64.976734, -17.500567 ], [ -64.977538, -17.500953 ], [ -64.978197, -17.501104 ], [ -64.978827, -17.501263 ], [ -64.979612, -17.501355 ], [ -64.980428, -17.501405 ], [ -64.981236, -17.501475 ], [ -64.982192, -17.501495 ], [ -64.983097, -17.501505 ], [ -64.983707, -17.50174 ], [ -64.984318, -17.501103 ], [ -64.985214, -17.501037 ], [ -64.986114, -17.501276 ], [ -64.986844, -17.500619 ], [ -64.986775, -17.499797 ], [ -64.986845, -17.498879 ], [ -64.986612, -17.497657 ], [ -64.986979, -17.496563 ], [ -64.987865, -17.49556 ], [ -64.988655, -17.494921 ], [ -64.989758, -17.493705 ], [ -64.990745, -17.492873 ], [ -64.991773, -17.49206 ], [ -64.992418, -17.490925 ], [ -64.992918, -17.489256 ], [ -64.993521, -17.487911 ], [ -64.993569, -17.486222 ], [ -64.99469, -17.485433 ], [ -64.995975, -17.484559 ], [ -64.996737, -17.483137 ], [ -64.9975, -17.48179 ], [ -64.99824, -17.480291 ], [ -64.998867, -17.479291 ], [ -64.99975, -17.478039 ], [ -65.000659, -17.477284 ], [ -65.001411, -17.476855 ], [ -65.002406, -17.476467 ], [ -65.002137, -17.477651 ], [ -65.002093, -17.479048 ], [ -65.002566, -17.480401 ], [ -65.002794, -17.48124 ], [ -65.002422, -17.481855 ], [ -65.00193, -17.482396 ], [ -65.002222, -17.483617 ], [ -65.002496, -17.484991 ], [ -65.002332, -17.48635 ], [ -65.002524, -17.487477 ], [ -65.003251, -17.488425 ], [ -65.003579, -17.489244 ], [ -65.003329, -17.490012 ], [ -65.002957, -17.490666 ], [ -65.002585, -17.491301 ], [ -65.002257, -17.49226 ], [ -65.002504, -17.492965 ], [ -65.003284, -17.493244 ], [ -65.003572, -17.494044 ], [ -65.003382, -17.494888 ], [ -65.003013, -17.495771 ], [ -65.002604, -17.496617 ], [ -65.002092, -17.497234 ], [ -65.001361, -17.497738 ], [ -65.000747, -17.498108 ], [ -65.000655, -17.498797 ], [ -65.001122, -17.499596 ], [ -65.001526, -17.500146 ], [ -65.001654, -17.50091 ], [ -65.001365, -17.501754 ], [ -65.000975, -17.50258 ], [ -65.000406, -17.503389 ], [ -64.999634, -17.503837 ], [ -64.998913, -17.503577 ], [ -64.998392, -17.503314 ], [ -64.997621, -17.503896 ], [ -64.99683, -17.504458 ], [ -64.99616, -17.505077 ], [ -64.995507, -17.505504 ], [ -64.994914, -17.505904 ], [ -64.994599, -17.506316 ], [ -64.994287, -17.507008 ], [ -64.994454, -17.507656 ], [ -64.994463, -17.508459 ], [ -64.994411, -17.509225 ], [ -64.994301, -17.510106 ], [ -64.994327, -17.510679 ], [ -64.993754, -17.511067 ], [ -64.99372, -17.511622 ], [ -64.994009, -17.512576 ], [ -64.994662, -17.513965 ], [ -64.994773, -17.514977 ], [ -64.994944, -17.515717 ], [ -64.995562, -17.516369 ], [ -64.995919, -17.517106 ], [ -64.996015, -17.517966 ], [ -64.996409, -17.518619 ], [ -64.997269, -17.51867 ], [ -64.99833, -17.518934 ], [ -64.998212, -17.519485 ], [ -64.997868, -17.519919 ], [ -64.997387, -17.520414 ], [ -64.997742, -17.520984 ], [ -64.998322, -17.521576 ], [ -64.997995, -17.522463 ], [ -64.997553, -17.523054 ], [ -64.997925, -17.52397 ], [ -64.998706, -17.524811 ], [ -64.999501, -17.525747 ], [ -65.000006, -17.52634 ], [ -65.000642, -17.526369 ], [ -65.000599, -17.527003 ], [ -65.000666, -17.527492 ], [ -65.000869, -17.527789 ], [ -65.001349, -17.528406 ], [ -65.001565, -17.52881 ], [ -65.00111, -17.52934 ], [ -65.000407, -17.529945 ], [ -65.000112, -17.530295 ], [ -65.000419, -17.531021 ], [ -65.000415, -17.531845 ], [ -65.000535, -17.532525 ], [ -65.000801, -17.532989 ], [ -65.00133, -17.533509 ], [ -65.002355, -17.533834 ], [ -65.002783, -17.534212 ], [ -65.002505, -17.534932 ], [ -65.001825, -17.535429 ], [ -65.001345, -17.535995 ], [ -65.00085, -17.536299 ], [ -65.000216, -17.536389 ], [ -64.999572, -17.53673 ], [ -64.999565, -17.537292 ], [ -64.999872, -17.537958 ], [ -65.000042, -17.538686 ], [ -65.00051, -17.539596 ], [ -65.000718, -17.54034 ], [ -65.001025, -17.541083 ], [ -65.001135, -17.542 ], [ -65.001045, -17.542957 ], [ -65.000516, -17.543803 ], [ -64.999801, -17.54404 ], [ -64.999184, -17.544065 ], [ -64.999045, -17.545922 ], [ -64.999691, -17.546718 ], [ -65.000222, -17.54786 ], [ -65.00049, -17.548699 ], [ -65.000101, -17.549669 ], [ -65.000252, -17.550595 ], [ -65.000365, -17.551817 ], [ -65.001073, -17.552766 ], [ -65.001802, -17.553811 ], [ -65.002531, -17.554798 ], [ -65.003296, -17.555459 ], [ -65.003865, -17.556429 ], [ -65.004748, -17.557032 ], [ -65.005811, -17.557614 ], [ -65.006818, -17.558483 ], [ -65.007605, -17.559413 ], [ -65.008991, -17.560316 ], [ -65.009879, -17.561302 ], [ -65.01063, -17.562537 ], [ -65.011298, -17.563467 ], [ -65.011988, -17.564512 ], [ -65.012672, -17.565098 ], [ -65.013793, -17.565545 ], [ -65.014636, -17.566053 ], [ -65.015182, -17.566679 ], [ -65.015868, -17.567494 ], [ -65.017266, -17.568918 ], [ -65.01763, -17.584725 ], [ -65.020364, -17.589214 ], [ -65.020392, -17.595989 ], [ -65.0149, -17.612939 ], [ -65.007947, -17.620608 ], [ -64.999065, -17.629308 ], [ -65.002599, -17.639598 ], [ -65.007841, -17.649284 ], [ -65.009369, -17.652792 ], [ -65.009298, -17.655711 ], [ -65.009561, -17.658238 ], [ -65.011138, -17.658529 ], [ -65.012758, -17.660102 ], [ -65.014726, -17.661708 ], [ -65.016153, -17.662922 ], [ -65.01689, -17.666438 ], [ -65.016642, -17.668771 ], [ -65.016847, -17.668639 ], [ -65.017312, -17.668585 ], [ -65.017948, -17.66837 ], [ -65.018176, -17.668242 ], [ -65.019347, -17.668672 ], [ -65.020137, -17.668853 ], [ -65.020844, -17.668474 ], [ -65.021493, -17.668693 ], [ -65.022454, -17.669362 ], [ -65.02325, -17.669257 ], [ -65.025009, -17.66847 ], [ -65.025432, -17.668396 ], [ -65.026063, -17.667627 ], [ -65.026234, -17.667668 ], [ -65.026703, -17.668442 ], [ -65.027463, -17.668288 ], [ -65.030927, -17.668136 ], [ -65.030509, -17.669783 ], [ -65.030506, -17.670506 ], [ -65.030046, -17.671562 ], [ -65.029989, -17.672075 ], [ -65.030117, -17.672412 ], [ -65.02975, -17.673563 ], [ -65.030108, -17.673941 ], [ -65.029896, -17.6744 ], [ -65.029505, -17.674566 ], [ -65.029107, -17.674389 ], [ -65.028712, -17.674447 ], [ -65.028541, -17.675048 ], [ -65.028523, -17.675362 ], [ -65.027937, -17.675594 ], [ -65.027644, -17.67552 ], [ -65.026829, -17.676274 ], [ -65.02702, -17.676414 ], [ -65.0286, -17.677954 ], [ -65.028468, -17.680501 ], [ -65.028276, -17.68176 ], [ -65.029144, -17.682736 ], [ -65.030502, -17.685499 ], [ -65.029995, -17.687154 ], [ -65.027981, -17.689063 ], [ -65.028425, -17.690028 ], [ -65.028123, -17.690703 ], [ -65.028269, -17.691553 ], [ -65.02911, -17.692443 ], [ -65.029793, -17.694311 ], [ -65.029341, -17.694341 ], [ -65.028276, -17.696052 ], [ -65.027215, -17.697796 ], [ -65.027147, -17.698224 ], [ -65.0273, -17.698718 ], [ -65.026898, -17.699229 ], [ -65.028958, -17.699871 ], [ -65.029133, -17.70019 ], [ -65.030047, -17.700335 ], [ -65.031897, -17.700128 ], [ -65.032325, -17.700717 ], [ -65.033448, -17.700859 ], [ -65.034088, -17.701666 ], [ -65.036722, -17.70368 ], [ -65.03843, -17.703023 ], [ -65.03918, -17.702706 ], [ -65.039377, -17.702578 ], [ -65.039755, -17.702842 ], [ -65.040608, -17.703098 ], [ -65.040608, -17.703116 ], [ -65.040262, -17.704149 ], [ -65.039509, -17.705946 ], [ -65.038759, -17.707074 ], [ -65.037751, -17.708083 ], [ -65.037546, -17.708198 ], [ -65.03763, -17.70901 ], [ -65.037363, -17.709407 ], [ -65.037042, -17.70963 ], [ -65.036847, -17.71002 ], [ -65.036785, -17.710446 ], [ -65.036587, -17.710836 ], [ -65.036617, -17.711185 ], [ -65.036772, -17.71158 ], [ -65.036577, -17.711704 ], [ -65.036225, -17.712241 ], [ -65.037445, -17.713439 ], [ -65.037028, -17.714278 ], [ -65.036382, -17.715329 ], [ -65.035506, -17.717849 ], [ -65.035942, -17.71892 ], [ -65.036203, -17.720363 ], [ -65.035733, -17.72212 ], [ -65.034535, -17.722928 ], [ -65.033942, -17.722952 ], [ -65.033127, -17.723457 ], [ -65.033027, -17.724596 ], [ -65.032484, -17.724995 ], [ -65.032121, -17.725549 ], [ -65.031489, -17.726961 ], [ -65.033017, -17.72952 ], [ -65.032954, -17.730171 ], [ -65.032639, -17.730478 ], [ -65.03249, -17.730623 ], [ -65.032292, -17.731008 ], [ -65.031818, -17.731177 ], [ -65.031364, -17.731392 ], [ -65.031025, -17.731883 ], [ -65.030821, -17.732359 ], [ -65.030752, -17.732998 ], [ -65.031072, -17.733425 ], [ -65.031249, -17.733556 ], [ -65.031148, -17.733908 ], [ -65.030872, -17.734215 ], [ -65.030675, -17.734582 ], [ -65.030748, -17.734887 ], [ -65.030994, -17.735205 ], [ -65.030941, -17.735627 ], [ -65.031068, -17.736411 ], [ -65.031208, -17.736786 ], [ -65.031383, -17.73715 ], [ -65.03115, -17.737851 ], [ -65.031353, -17.738077 ], [ -65.031589, -17.738394 ], [ -65.0317, -17.738816 ], [ -65.031621, -17.739148 ], [ -65.031806, -17.739447 ], [ -65.032326, -17.739736 ], [ -65.032311, -17.739945 ], [ -65.032144, -17.740241 ], [ -65.032228, -17.740542 ], [ -65.032502, -17.740682 ], [ -65.032524, -17.74098 ], [ -65.032608, -17.741377 ], [ -65.032861, -17.741706 ], [ -65.033365, -17.741765 ], [ -65.0336, -17.742039 ], [ -65.033638, -17.742463 ], [ -65.033653, -17.742798 ], [ -65.033824, -17.743025 ], [ -65.033996, -17.74334 ], [ -65.034064, -17.743783 ], [ -65.034077, -17.74398 ], [ -65.03405, -17.744277 ], [ -65.033954, -17.74455 ], [ -65.033812, -17.744819 ], [ -65.03365, -17.745017 ], [ -65.033532, -17.74519 ], [ -65.033435, -17.74543 ], [ -65.033247, -17.745595 ], [ -65.033039, -17.745726 ], [ -65.032878, -17.745996 ], [ -65.032773, -17.746264 ], [ -65.032351, -17.746677 ], [ -65.032024, -17.746804 ], [ -65.031947, -17.747207 ], [ -65.03175, -17.747625 ], [ -65.031421, -17.748284 ], [ -65.030874, -17.748955 ], [ -65.030703, -17.749517 ], [ -65.030246, -17.749996 ], [ -65.030164, -17.750652 ], [ -65.029865, -17.751157 ], [ -65.029826, -17.751504 ], [ -65.029542, -17.75181 ], [ -65.029238, -17.752262 ], [ -65.029156, -17.752714 ], [ -65.029069, -17.75309 ], [ -65.028778, -17.753621 ], [ -65.028398, -17.754317 ], [ -65.028042, -17.75472 ], [ -65.027857, -17.755265 ], [ -65.027753, -17.75555 ], [ -65.027065, -17.755997 ], [ -65.027399, -17.756419 ], [ -65.027381, -17.756482 ], [ -65.027933, -17.757777 ], [ -65.029026, -17.760187 ], [ -65.029842, -17.761489 ], [ -65.030875, -17.763664 ], [ -65.03123, -17.765006 ], [ -65.031418, -17.766649 ], [ -65.032054, -17.767817 ], [ -65.033893, -17.769577 ], [ -65.035975, -17.770233 ], [ -65.037544, -17.771391 ], [ -65.037936, -17.771839 ], [ -65.038466, -17.772845 ], [ -65.039877, -17.775071 ], [ -65.036418, -17.778616 ], [ -65.033063, -17.780563 ], [ -65.034765, -17.784738 ], [ -65.037727, -17.787322 ], [ -65.041963, -17.782167 ], [ -65.044683, -17.780568 ], [ -65.0449, -17.780724 ], [ -65.045209, -17.780768 ], [ -65.045456, -17.780522 ], [ -65.045677, -17.780247 ], [ -65.045951, -17.780129 ], [ -65.046394, -17.78011 ], [ -65.046772, -17.780001 ], [ -65.047056, -17.77996 ], [ -65.047335, -17.779928 ], [ -65.047618, -17.779787 ], [ -65.047966, -17.779688 ], [ -65.048265, -17.77957 ], [ -65.048453, -17.779477 ], [ -65.048771, -17.779349 ], [ -65.049064, -17.779227 ], [ -65.049322, -17.779119 ], [ -65.049651, -17.779096 ], [ -65.049899, -17.779086 ], [ -65.05023, -17.779128 ], [ -65.050541, -17.77924 ], [ -65.050708, -17.779401 ], [ -65.050885, -17.779604 ], [ -65.051002, -17.779809 ], [ -65.051109, -17.780042 ], [ -65.051221, -17.780237 ], [ -65.05148, -17.780186 ], [ -65.051719, -17.780174 ], [ -65.05191, -17.780301 ], [ -65.052067, -17.780462 ], [ -65.052307, -17.780503 ], [ -65.052459, -17.780668 ], [ -65.052687, -17.78059 ], [ -65.052951, -17.780515 ], [ -65.053216, -17.780565 ], [ -65.053428, -17.780749 ], [ -65.053673, -17.780833 ], [ -65.054108, -17.781038 ], [ -65.054193, -17.781184 ], [ -65.054931, -17.781826 ], [ -65.05568, -17.78252 ], [ -65.055885, -17.783732 ], [ -65.056165, -17.784391 ], [ -65.056318, -17.78476 ], [ -65.05692, -17.785443 ], [ -65.057286, -17.785788 ], [ -65.057546, -17.785945 ], [ -65.058013, -17.787224 ], [ -65.057616, -17.787479 ], [ -65.056959, -17.78819 ], [ -65.055428, -17.789245 ], [ -65.055149, -17.789509 ], [ -65.054573, -17.790557 ], [ -65.054175, -17.790882 ], [ -65.053601, -17.790869 ], [ -65.053341, -17.791002 ], [ -65.053284, -17.791358 ], [ -65.053057, -17.79138 ], [ -65.052523, -17.79202 ], [ -65.052488, -17.792971 ], [ -65.052123, -17.793607 ], [ -65.052066, -17.794719 ], [ -65.051309, -17.795251 ], [ -65.050422, -17.795459 ], [ -65.049686, -17.796059 ], [ -65.048586, -17.796705 ], [ -65.046966, -17.797535 ], [ -65.045974, -17.79876 ], [ -65.045447, -17.799037 ], [ -65.045159, -17.799664 ], [ -65.044216, -17.800739 ], [ -65.044008, -17.800847 ], [ -65.043346, -17.800987 ], [ -65.042858, -17.800897 ], [ -65.042361, -17.801045 ], [ -65.042013, -17.801156 ], [ -65.041666, -17.801339 ], [ -65.041105, -17.801405 ], [ -65.040795, -17.801611 ], [ -65.040323, -17.801784 ], [ -65.0396, -17.801851 ], [ -65.039228, -17.802034 ], [ -65.039033, -17.802442 ], [ -65.038638, -17.802829 ], [ -65.038277, -17.802869 ], [ -65.037918, -17.803135 ], [ -65.03776, -17.803448 ], [ -65.037588, -17.803712 ], [ -65.037083, -17.803882 ], [ -65.036757, -17.804039 ], [ -65.036348, -17.80427 ], [ -65.035852, -17.804514 ], [ -65.035395, -17.804914 ], [ -65.035026, -17.805407 ], [ -65.034353, -17.806034 ], [ -65.033678, -17.806401 ], [ -65.032712, -17.807114 ], [ -65.032729, -17.807429 ], [ -65.032375, -17.807729 ], [ -65.031765, -17.808005 ], [ -65.031277, -17.808695 ], [ -65.031103, -17.808823 ], [ -65.031101, -17.809796 ], [ -65.031453, -17.810307 ], [ -65.031628, -17.811619 ], [ -65.03141, -17.811747 ], [ -65.031242, -17.812111 ], [ -65.031189, -17.81265 ], [ -65.03078, -17.813064 ], [ -65.030598, -17.813445 ], [ -65.030585, -17.813905 ], [ -65.030317, -17.814462 ], [ -65.030097, -17.815011 ], [ -65.02982, -17.815132 ], [ -65.029724, -17.815568 ], [ -65.029558, -17.815911 ], [ -65.029677, -17.816146 ], [ -65.030258, -17.816655 ], [ -65.030353, -17.817558 ], [ -65.03017, -17.81887 ], [ -65.029085, -17.819712 ], [ -65.028604, -17.820082 ], [ -65.027956, -17.821084 ], [ -65.0269, -17.821596 ], [ -65.026137, -17.822124 ], [ -65.025109, -17.823338 ], [ -65.024178, -17.823287 ], [ -65.023968, -17.823433 ], [ -65.02258, -17.826609 ], [ -65.020866, -17.830222 ], [ -65.016318, -17.83176 ], [ -65.013373, -17.832387 ], [ -65.012658, -17.833633 ], [ -65.012334, -17.834819 ], [ -65.012657, -17.834951 ], [ -65.012864, -17.836593 ], [ -65.012256, -17.838758 ], [ -65.011195, -17.840901 ], [ -65.009898, -17.841276 ], [ -65.008373, -17.841536 ], [ -65.008277, -17.84261 ], [ -65.008517, -17.844181 ], [ -65.008889, -17.845052 ], [ -65.009502, -17.845524 ], [ -65.009965, -17.847265 ], [ -65.008355, -17.850055 ], [ -65.006795, -17.853627 ], [ -65.00537, -17.853878 ], [ -65.003309, -17.85606 ], [ -65.004615, -17.857239 ], [ -65.003107, -17.858873 ], [ -65.000382, -17.860896 ], [ -64.999757, -17.860668 ], [ -64.999225, -17.861009 ], [ -64.998834, -17.861712 ], [ -64.998666, -17.861763 ], [ -64.99833, -17.861836 ], [ -64.997759, -17.86254 ], [ -64.996868, -17.86554 ], [ -64.998353, -17.868388 ], [ -64.997567, -17.871549 ], [ -64.997677, -17.872019 ], [ -64.997678, -17.872021 ], [ -64.996112, -17.873516 ], [ -64.995668, -17.873799 ], [ -64.995117, -17.874096 ], [ -64.994419, -17.874716 ], [ -64.993364, -17.875677 ], [ -64.99321, -17.876046 ], [ -64.992016, -17.877141 ], [ -64.991613, -17.877279 ], [ -64.990631, -17.877165 ], [ -64.990339, -17.87729 ], [ -64.989594, -17.877947 ], [ -64.989531, -17.878375 ], [ -64.988496, -17.880281 ], [ -64.987497, -17.881505 ], [ -64.986552, -17.881813 ], [ -64.985449, -17.882111 ], [ -64.98515, -17.882755 ], [ -64.98506, -17.883017 ], [ -64.984829, -17.883628 ], [ -64.985011, -17.884227 ], [ -64.985045, -17.884572 ], [ -64.985405, -17.885156 ], [ -64.985701, -17.885635 ], [ -64.986137, -17.886195 ], [ -64.985993, -17.887365 ], [ -64.986155, -17.887742 ], [ -64.986606, -17.887897 ], [ -64.986823, -17.887972 ], [ -64.988155, -17.888398 ], [ -64.98809, -17.889166 ], [ -64.988074, -17.889352 ], [ -64.988025, -17.889931 ], [ -64.988394, -17.891366 ], [ -64.989746, -17.890221 ], [ -64.991418, -17.889245 ], [ -64.993365, -17.889613 ], [ -64.993797, -17.89023 ], [ -64.994059, -17.890297 ], [ -64.99452, -17.890369 ], [ -64.994812, -17.890414 ], [ -64.994814, -17.890414 ], [ -64.994817, -17.890412 ], [ -64.995544, -17.890405 ], [ -64.995643, -17.890438 ], [ -64.995892, -17.890522 ], [ -64.995613, -17.890695 ], [ -64.995439, -17.890793 ], [ -64.995378, -17.890843 ], [ -64.995375, -17.890845 ], [ -64.995373, -17.890847 ], [ -64.995371, -17.890848 ], [ -64.995368, -17.89085 ], [ -64.995365, -17.890852 ], [ -64.995363, -17.890853 ], [ -64.995362, -17.890853 ], [ -64.995306, -17.890875 ], [ -64.995304, -17.890876 ], [ -64.995301, -17.890877 ], [ -64.995298, -17.890878 ], [ -64.995295, -17.890878 ], [ -64.995292, -17.890878 ], [ -64.995288, -17.890879 ], [ -64.995262, -17.890879 ], [ -64.995262, -17.890879 ], [ -64.995231, -17.890879 ], [ -64.995179, -17.890903 ], [ -64.995175, -17.890907 ], [ -64.995158, -17.890929 ], [ -64.995153, -17.890954 ], [ -64.995151, -17.890964 ], [ -64.995151, -17.891013 ], [ -64.995154, -17.891228 ], [ -64.995154, -17.891231 ], [ -64.995153, -17.891234 ], [ -64.995153, -17.891237 ], [ -64.995151, -17.891243 ], [ -64.995151, -17.891244 ], [ -64.995126, -17.891309 ], [ -64.995121, -17.891352 ], [ -64.995121, -17.891353 ], [ -64.995121, -17.891356 ], [ -64.99512, -17.891359 ], [ -64.995119, -17.891362 ], [ -64.995118, -17.891364 ], [ -64.995117, -17.891367 ], [ -64.995115, -17.89137 ], [ -64.995114, -17.891371 ], [ -64.995076, -17.891431 ], [ -64.995075, -17.891432 ], [ -64.995073, -17.891434 ], [ -64.995071, -17.891437 ], [ -64.995069, -17.891439 ], [ -64.995067, -17.891441 ], [ -64.995062, -17.891444 ], [ -64.995016, -17.891473 ], [ -64.995015, -17.891473 ], [ -64.995012, -17.891475 ], [ -64.995009, -17.891476 ], [ -64.995006, -17.891477 ], [ -64.995003, -17.891478 ], [ -64.995, -17.891479 ], [ -64.994903, -17.891495 ], [ -64.99488, -17.891505 ], [ -64.994817, -17.89153 ], [ -64.994752, -17.891575 ], [ -64.994681, -17.891649 ], [ -64.994638, -17.891707 ], [ -64.994637, -17.891708 ], [ -64.994635, -17.891711 ], [ -64.994633, -17.891713 ], [ -64.994631, -17.891715 ], [ -64.994629, -17.891717 ], [ -64.994627, -17.891718 ], [ -64.994554, -17.891767 ], [ -64.994548, -17.891771 ], [ -64.994545, -17.891772 ], [ -64.994542, -17.891773 ], [ -64.994541, -17.891774 ], [ -64.994458, -17.891798 ], [ -64.99444, -17.891818 ], [ -64.994437, -17.891822 ], [ -64.994434, -17.891835 ], [ -64.994428, -17.891864 ], [ -64.994428, -17.891867 ], [ -64.994427, -17.89187 ], [ -64.994426, -17.891873 ], [ -64.994424, -17.891875 ], [ -64.994423, -17.891878 ], [ -64.994421, -17.89188 ], [ -64.99442, -17.891883 ], [ -64.994418, -17.891885 ], [ -64.994417, -17.891886 ], [ -64.994371, -17.891934 ], [ -64.99437, -17.891935 ], [ -64.994368, -17.891937 ], [ -64.994366, -17.891939 ], [ -64.994347, -17.891953 ], [ -64.994334, -17.891963 ], [ -64.994319, -17.891999 ], [ -64.994313, -17.892015 ], [ -64.994305, -17.892077 ], [ -64.994305, -17.892079 ], [ -64.994305, -17.892079 ], [ -64.994292, -17.892146 ], [ -64.994288, -17.89217 ], [ -64.994283, -17.8922 ], [ -64.994283, -17.892201 ], [ -64.994281, -17.892207 ], [ -64.99428, -17.89221 ], [ -64.99428, -17.892211 ], [ -64.994261, -17.892251 ], [ -64.99426, -17.892253 ], [ -64.994259, -17.892256 ], [ -64.994257, -17.892258 ], [ -64.994256, -17.892261 ], [ -64.994256, -17.892261 ], [ -64.994209, -17.89232 ], [ -64.994207, -17.892322 ], [ -64.994177, -17.892356 ], [ -64.994142, -17.892408 ], [ -64.994142, -17.892408 ], [ -64.99414, -17.892409 ], [ -64.994106, -17.892455 ], [ -64.994094, -17.892483 ], [ -64.994094, -17.89249 ], [ -64.994095, -17.89255 ], [ -64.994095, -17.892553 ], [ -64.994094, -17.892556 ], [ -64.994094, -17.892559 ], [ -64.994093, -17.892562 ], [ -64.994092, -17.892564 ], [ -64.994091, -17.892567 ], [ -64.99409, -17.892569 ], [ -64.994055, -17.892643 ], [ -64.994029, -17.892725 ], [ -64.994011, -17.892792 ], [ -64.994011, -17.892792 ], [ -64.99401, -17.892795 ], [ -64.994009, -17.892798 ], [ -64.994008, -17.8928 ], [ -64.994007, -17.892802 ], [ -64.99398, -17.89285 ], [ -64.993981, -17.892925 ], [ -64.993981, -17.892928 ], [ -64.993981, -17.89293 ], [ -64.993981, -17.892933 ], [ -64.99398, -17.892936 ], [ -64.993979, -17.892939 ], [ -64.993978, -17.892942 ], [ -64.993977, -17.892945 ], [ -64.993975, -17.892947 ], [ -64.993974, -17.89295 ], [ -64.993973, -17.892951 ], [ -64.993939, -17.892997 ], [ -64.993918, -17.893046 ], [ -64.993917, -17.893049 ], [ -64.993915, -17.893051 ], [ -64.993915, -17.893052 ], [ -64.993878, -17.893111 ], [ -64.993877, -17.893113 ], [ -64.993875, -17.893115 ], [ -64.993873, -17.893117 ], [ -64.993871, -17.89312 ], [ -64.993838, -17.893152 ], [ -64.993836, -17.893153 ], [ -64.993834, -17.893155 ], [ -64.993795, -17.89319 ], [ -64.993794, -17.89319 ], [ -64.993791, -17.893192 ], [ -64.993737, -17.893232 ], [ -64.993699, -17.893266 ], [ -64.993665, -17.893302 ], [ -64.993636, -17.893343 ], [ -64.993618, -17.893377 ], [ -64.99361, -17.893391 ], [ -64.993607, -17.893397 ], [ -64.993615, -17.89347 ], [ -64.993643, -17.893506 ], [ -64.993683, -17.893544 ], [ -64.993685, -17.893546 ], [ -64.993687, -17.893548 ], [ -64.993689, -17.89355 ], [ -64.993751, -17.893635 ], [ -64.993751, -17.893635 ], [ -64.993753, -17.893638 ], [ -64.993754, -17.893641 ], [ -64.993755, -17.893643 ], [ -64.993757, -17.893646 ], [ -64.993757, -17.893649 ], [ -64.993758, -17.893652 ], [ -64.993759, -17.893658 ], [ -64.993759, -17.893661 ], [ -64.99376, -17.893699 ], [ -64.993793, -17.893761 ], [ -64.993793, -17.893762 ], [ -64.993794, -17.893764 ], [ -64.993796, -17.89377 ], [ -64.993797, -17.893773 ], [ -64.993797, -17.893774 ], [ -64.993821, -17.893901 ], [ -64.993874, -17.893988 ], [ -64.993876, -17.89399 ], [ -64.993877, -17.893993 ], [ -64.993878, -17.893996 ], [ -64.99388, -17.894002 ], [ -64.99388, -17.894004 ], [ -64.99388, -17.894007 ], [ -64.993886, -17.894069 ], [ -64.993896, -17.894154 ], [ -64.993896, -17.894156 ], [ -64.993896, -17.894159 ], [ -64.993896, -17.894165 ], [ -64.993896, -17.894168 ], [ -64.993895, -17.894168 ], [ -64.993873, -17.894271 ], [ -64.993857, -17.894387 ], [ -64.993858, -17.894494 ], [ -64.993861, -17.894522 ], [ -64.993868, -17.894572 ], [ -64.993878, -17.894644 ], [ -64.993878, -17.894647 ], [ -64.993883, -17.894724 ], [ -64.993933, -17.894829 ], [ -64.993933, -17.89483 ], [ -64.993934, -17.894832 ], [ -64.993954, -17.894882 ], [ -64.994005, -17.89492 ], [ -64.99408, -17.894953 ], [ -64.994081, -17.894953 ], [ -64.994081, -17.894954 ], [ -64.994145, -17.894983 ], [ -64.994222, -17.895008 ], [ -64.994225, -17.895009 ], [ -64.994227, -17.89501 ], [ -64.994233, -17.895013 ], [ -64.994235, -17.895015 ], [ -64.994238, -17.895017 ], [ -64.994282, -17.895058 ], [ -64.994345, -17.895085 ], [ -64.994346, -17.895086 ], [ -64.994346, -17.895086 ], [ -64.994421, -17.895121 ], [ -64.994431, -17.895122 ], [ -64.994537, -17.895321 ], [ -64.994536, -17.895347 ], [ -64.994642, -17.895791 ], [ -64.994561, -17.895931 ], [ -64.99457, -17.896078 ], [ -64.994652, -17.896131 ], [ -64.994772, -17.896202 ], [ -64.994809, -17.896287 ], [ -64.994781, -17.896387 ], [ -64.994768, -17.896409 ], [ -64.99474, -17.896455 ], [ -64.994739, -17.89654 ], [ -64.994739, -17.896542 ], [ -64.994802, -17.896601 ], [ -64.994959, -17.896682 ], [ -64.994991, -17.896771 ], [ -64.995013, -17.89686 ], [ -64.995029, -17.89694 ], [ -64.995089, -17.896969 ], [ -64.995137, -17.897011 ], [ -64.995114, -17.897081 ], [ -64.995099, -17.897146 ], [ -64.995141, -17.897178 ], [ -64.995235, -17.897216 ], [ -64.995309, -17.897258 ], [ -64.995411, -17.897337 ], [ -64.995668, -17.897528 ], [ -64.995709, -17.897544 ], [ -64.99577, -17.897567 ], [ -64.995788, -17.897619 ], [ -64.995796, -17.897649 ], [ -64.995807, -17.897691 ], [ -64.995852, -17.897741 ], [ -64.995882, -17.897752 ], [ -64.996022, -17.897808 ], [ -64.996022, -17.897809 ], [ -64.996078, -17.897898 ], [ -64.996167, -17.897936 ], [ -64.99618, -17.897947 ], [ -64.996235, -17.897991 ], [ -64.996248, -17.898045 ], [ -64.996316, -17.898092 ], [ -64.996382, -17.898124 ], [ -64.996426, -17.898158 ], [ -64.996484, -17.898177 ], [ -64.996536, -17.89822 ], [ -64.996595, -17.898239 ], [ -64.9966, -17.898296 ], [ -64.996601, -17.898315 ], [ -64.996601, -17.898316 ], [ -64.996603, -17.89832 ], [ -64.996633, -17.898392 ], [ -64.996681, -17.898474 ], [ -64.996687, -17.898484 ], [ -64.996733, -17.898547 ], [ -64.996943, -17.899331 ], [ -64.997041, -17.899271 ], [ -64.997279, -17.899256 ], [ -64.997321, -17.89941 ], [ -64.997353, -17.899471 ], [ -64.997359, -17.899485 ], [ -64.997408, -17.899528 ], [ -64.997481, -17.899577 ], [ -64.997548, -17.899666 ], [ -64.997609, -17.899718 ], [ -64.99781, -17.899867 ], [ -64.999004, -17.900286 ], [ -65.000809, -17.901246 ], [ -65.001561, -17.901691 ], [ -65.002105, -17.902035 ], [ -65.002944, -17.902547 ], [ -65.003174, -17.903032 ], [ -65.003656, -17.903572 ], [ -65.004018, -17.903976 ], [ -65.004317, -17.904095 ], [ -65.00481, -17.904484 ], [ -65.004043, -17.906187 ], [ -65.004014, -17.906642 ], [ -65.004303, -17.907228 ], [ -65.004316, -17.90738 ], [ -65.004205, -17.90847 ], [ -65.004176, -17.909206 ], [ -65.003896, -17.910888 ], [ -65.00396, -17.911152 ], [ -65.003999, -17.911509 ], [ -65.003995, -17.911667 ], [ -65.004036, -17.911829 ], [ -65.004125, -17.911879 ], [ -65.004509, -17.912109 ], [ -65.004688, -17.912082 ], [ -65.004909, -17.912023 ], [ -65.004993, -17.912007 ], [ -65.005099, -17.91199 ], [ -65.005282, -17.911976 ], [ -65.005804, -17.911811 ], [ -65.005958, -17.911807 ], [ -65.006034, -17.91177 ], [ -65.006451, -17.911703 ], [ -65.00647, -17.911825 ], [ -65.006508, -17.912002 ], [ -65.006807, -17.912021 ], [ -65.006927, -17.912099 ], [ -65.007045, -17.912197 ], [ -65.007212, -17.912274 ], [ -65.007407, -17.912334 ], [ -65.007527, -17.912396 ], [ -65.007635, -17.912493 ], [ -65.007693, -17.91258 ], [ -65.007817, -17.912565 ], [ -65.007947, -17.912545 ], [ -65.00867, -17.912321 ], [ -65.009202, -17.912535 ], [ -65.010665, -17.911492 ], [ -65.010747, -17.911477 ], [ -65.013017, -17.912282 ], [ -65.012315, -17.912935 ], [ -65.012045, -17.913641 ], [ -65.011464, -17.914485 ], [ -65.011793, -17.914804 ], [ -65.012202, -17.915171 ], [ -65.012647, -17.915067 ], [ -65.012514, -17.915368 ], [ -65.011975, -17.915939 ], [ -65.012204, -17.916602 ], [ -65.011989, -17.917105 ], [ -65.011997, -17.917512 ], [ -65.01224, -17.918144 ], [ -65.012108, -17.918821 ], [ -65.012286, -17.919878 ], [ -65.012489, -17.920214 ], [ -65.011686, -17.92078 ], [ -65.011336, -17.921285 ], [ -65.011194, -17.921993 ], [ -65.011932, -17.922949 ], [ -65.011885, -17.923551 ], [ -65.011816, -17.923826 ], [ -65.011463, -17.92406 ], [ -65.012112, -17.924146 ], [ -65.012191, -17.924158 ], [ -65.012293, -17.924215 ], [ -65.012378, -17.924298 ], [ -65.012583, -17.924428 ], [ -65.012618, -17.924417 ], [ -65.013227, -17.92445 ], [ -65.013304, -17.924448 ], [ -65.014302, -17.924589 ], [ -65.01438, -17.92476 ], [ -65.014405, -17.924763 ], [ -65.014514, -17.924756 ], [ -65.014687, -17.924671 ], [ -65.014687, -17.924671 ], [ -65.01469, -17.92467 ], [ -65.014693, -17.924669 ], [ -65.014696, -17.924668 ], [ -65.014696, -17.924668 ], [ -65.014878, -17.924622 ], [ -65.01488, -17.924622 ], [ -65.014883, -17.924621 ], [ -65.014886, -17.924621 ], [ -65.014888, -17.924621 ], [ -65.015056, -17.924613 ], [ -65.015141, -17.924558 ], [ -65.015223, -17.924496 ], [ -65.015223, -17.924496 ], [ -65.015226, -17.924494 ], [ -65.015228, -17.924493 ], [ -65.015231, -17.924491 ], [ -65.015234, -17.92449 ], [ -65.015237, -17.924489 ], [ -65.01524, -17.924488 ], [ -65.015243, -17.924487 ], [ -65.015246, -17.924487 ], [ -65.015249, -17.924487 ], [ -65.01525, -17.924487 ], [ -65.015363, -17.92448 ], [ -65.015439, -17.924373 ], [ -65.015441, -17.924372 ], [ -65.015442, -17.924369 ], [ -65.015445, -17.924367 ], [ -65.015447, -17.924365 ], [ -65.015449, -17.924363 ], [ -65.015452, -17.924361 ], [ -65.015454, -17.92436 ], [ -65.015457, -17.924358 ], [ -65.01546, -17.924357 ], [ -65.015461, -17.924357 ], [ -65.015644, -17.924289 ], [ -65.015657, -17.924214 ], [ -65.015657, -17.924214 ], [ -65.015658, -17.924211 ], [ -65.015659, -17.924208 ], [ -65.01566, -17.924205 ], [ -65.015661, -17.924203 ], [ -65.015663, -17.9242 ], [ -65.015714, -17.924112 ], [ -65.015714, -17.924112 ], [ -65.015715, -17.92411 ], [ -65.015717, -17.924107 ], [ -65.015719, -17.924105 ], [ -65.015721, -17.924103 ], [ -65.015837, -17.92399 ], [ -65.015838, -17.923988 ], [ -65.015919, -17.923915 ], [ -65.016013, -17.923799 ], [ -65.016015, -17.923797 ], [ -65.016017, -17.923795 ], [ -65.016019, -17.923793 ], [ -65.016021, -17.923791 ], [ -65.016024, -17.923789 ], [ -65.016026, -17.923788 ], [ -65.016028, -17.923787 ], [ -65.016233, -17.923679 ], [ -65.016413, -17.923573 ], [ -65.016414, -17.923572 ], [ -65.016417, -17.923571 ], [ -65.016419, -17.923569 ], [ -65.016587, -17.923499 ], [ -65.016588, -17.923499 ], [ -65.01659, -17.923498 ], [ -65.016593, -17.923497 ], [ -65.016596, -17.923496 ], [ -65.016599, -17.923496 ], [ -65.016603, -17.923496 ], [ -65.016604, -17.923496 ], [ -65.016735, -17.923489 ], [ -65.016773, -17.923428 ], [ -65.016774, -17.923427 ], [ -65.016775, -17.923424 ], [ -65.016777, -17.923422 ], [ -65.016779, -17.92342 ], [ -65.016782, -17.923418 ], [ -65.016784, -17.923416 ], [ -65.016785, -17.923415 ], [ -65.016953, -17.923295 ], [ -65.016954, -17.923294 ], [ -65.016957, -17.923293 ], [ -65.016959, -17.923291 ], [ -65.016962, -17.92329 ], [ -65.016962, -17.92329 ], [ -65.017105, -17.923232 ], [ -65.017107, -17.923231 ], [ -65.01711, -17.92323 ], [ -65.017111, -17.92323 ], [ -65.01728, -17.923186 ], [ -65.0174, -17.923122 ], [ -65.017557, -17.922993 ], [ -65.017678, -17.922881 ], [ -65.017679, -17.92288 ], [ -65.017681, -17.922878 ], [ -65.017684, -17.922876 ], [ -65.017687, -17.922874 ], [ -65.017689, -17.922873 ], [ -65.017692, -17.922872 ], [ -65.017695, -17.922871 ], [ -65.017698, -17.92287 ], [ -65.0177, -17.922869 ], [ -65.017885, -17.922831 ], [ -65.018049, -17.922768 ], [ -65.018255, -17.922679 ], [ -65.018255, -17.922679 ], [ -65.018258, -17.922678 ], [ -65.018261, -17.922677 ], [ -65.018264, -17.922676 ], [ -65.018267, -17.922676 ], [ -65.01827, -17.922676 ], [ -65.018273, -17.922675 ], [ -65.018436, -17.922674 ], [ -65.018439, -17.922674 ], [ -65.018442, -17.922674 ], [ -65.018443, -17.922674 ], [ -65.018483, -17.922679 ], [ -65.018487, -17.922678 ], [ -65.018571, -17.92269 ], [ -65.018666, -17.92267 ], [ -65.018684, -17.922642 ], [ -65.018748, -17.922572 ], [ -65.018893, -17.922522 ], [ -65.018894, -17.922522 ], [ -65.018896, -17.922521 ], [ -65.018899, -17.922521 ], [ -65.018902, -17.92252 ], [ -65.018904, -17.92252 ], [ -65.019047, -17.922506 ], [ -65.019048, -17.922506 ], [ -65.019051, -17.922506 ], [ -65.019055, -17.922506 ], [ -65.019058, -17.922506 ], [ -65.019061, -17.922506 ], [ -65.019062, -17.922507 ], [ -65.01931, -17.92256 ], [ -65.019311, -17.92256 ], [ -65.019313, -17.922561 ], [ -65.019542, -17.922627 ], [ -65.019639, -17.922655 ], [ -65.019798, -17.922653 ], [ -65.019924, -17.9226 ], [ -65.020066, -17.922536 ], [ -65.020067, -17.922536 ], [ -65.02007, -17.922535 ], [ -65.020073, -17.922534 ], [ -65.020075, -17.922533 ], [ -65.020248, -17.922495 ], [ -65.020273, -17.922487 ], [ -65.020366, -17.922463 ], [ -65.020415, -17.922455 ], [ -65.020416, -17.922454 ], [ -65.020419, -17.922454 ], [ -65.020422, -17.922454 ], [ -65.020552, -17.922453 ], [ -65.020556, -17.922453 ], [ -65.020559, -17.922453 ], [ -65.02056, -17.922453 ], [ -65.020626, -17.922463 ], [ -65.020718, -17.922478 ], [ -65.020749, -17.922482 ], [ -65.020751, -17.922483 ], [ -65.020751, -17.922483 ], [ -65.020968, -17.922521 ], [ -65.020966, -17.922419 ], [ -65.020966, -17.922416 ], [ -65.020967, -17.92241 ], [ -65.02097, -17.922402 ], [ -65.020971, -17.922399 ], [ -65.020972, -17.922396 ], [ -65.020976, -17.922392 ], [ -65.021029, -17.922321 ], [ -65.021078, -17.922202 ], [ -65.021078, -17.922201 ], [ -65.021079, -17.922199 ], [ -65.021081, -17.922196 ], [ -65.021082, -17.922193 ], [ -65.021084, -17.922191 ], [ -65.021091, -17.922184 ], [ -65.021175, -17.922115 ], [ -65.021176, -17.922113 ], [ -65.021179, -17.922112 ], [ -65.021181, -17.92211 ], [ -65.02119, -17.922106 ], [ -65.021193, -17.922105 ], [ -65.021195, -17.922105 ], [ -65.021332, -17.922074 ], [ -65.021477, -17.922002 ], [ -65.021482, -17.922 ], [ -65.021482, -17.922 ], [ -65.021485, -17.921998 ], [ -65.021488, -17.921997 ], [ -65.021491, -17.921996 ], [ -65.021494, -17.921996 ], [ -65.021497, -17.921995 ], [ -65.021499, -17.921995 ], [ -65.021662, -17.921981 ], [ -65.021725, -17.921959 ], [ -65.021746, -17.921952 ], [ -65.02177, -17.921892 ], [ -65.021773, -17.921885 ], [ -65.021771, -17.921757 ], [ -65.021772, -17.921748 ], [ -65.021773, -17.921747 ], [ -65.0218, -17.921631 ], [ -65.021804, -17.921616 ], [ -65.021804, -17.921614 ], [ -65.021805, -17.921612 ], [ -65.021806, -17.921609 ], [ -65.021807, -17.921606 ], [ -65.021809, -17.921603 ], [ -65.02181, -17.921601 ], [ -65.021812, -17.921599 ], [ -65.021812, -17.921598 ], [ -65.021889, -17.921504 ], [ -65.021891, -17.921502 ], [ -65.021893, -17.9215 ], [ -65.021895, -17.921498 ], [ -65.021897, -17.921496 ], [ -65.021898, -17.921496 ], [ -65.021989, -17.921429 ], [ -65.022016, -17.921348 ], [ -65.022016, -17.921348 ], [ -65.022017, -17.921345 ], [ -65.022019, -17.921343 ], [ -65.02202, -17.92134 ], [ -65.022022, -17.921337 ], [ -65.022023, -17.921335 ], [ -65.022025, -17.921333 ], [ -65.022027, -17.921331 ], [ -65.02203, -17.921328 ], [ -65.02203, -17.921328 ], [ -65.022132, -17.921241 ], [ -65.022218, -17.921156 ], [ -65.02222, -17.921152 ], [ -65.022266, -17.921041 ], [ -65.022296, -17.920914 ], [ -65.022296, -17.920912 ], [ -65.022297, -17.92091 ], [ -65.022298, -17.920907 ], [ -65.0223, -17.920904 ], [ -65.022301, -17.920901 ], [ -65.022303, -17.920899 ], [ -65.022304, -17.920897 ], [ -65.022306, -17.920894 ], [ -65.022307, -17.920893 ], [ -65.02243, -17.920763 ], [ -65.022487, -17.920696 ], [ -65.02249, -17.920693 ], [ -65.022547, -17.920615 ], [ -65.022548, -17.920614 ], [ -65.02255, -17.920612 ], [ -65.022552, -17.920609 ], [ -65.022554, -17.920607 ], [ -65.022557, -17.920606 ], [ -65.022559, -17.920604 ], [ -65.022562, -17.920602 ], [ -65.022565, -17.920601 ], [ -65.022567, -17.9206 ], [ -65.02257, -17.920598 ], [ -65.022573, -17.920598 ], [ -65.022575, -17.920597 ], [ -65.022718, -17.920565 ], [ -65.022719, -17.920564 ], [ -65.022722, -17.920564 ], [ -65.022724, -17.920563 ], [ -65.022802, -17.920556 ], [ -65.022803, -17.920556 ], [ -65.022806, -17.920556 ], [ -65.022809, -17.920556 ], [ -65.022812, -17.920557 ], [ -65.022815, -17.920557 ], [ -65.022818, -17.920558 ], [ -65.022821, -17.920559 ], [ -65.022824, -17.92056 ], [ -65.022826, -17.92056 ], [ -65.022917, -17.9206 ], [ -65.022935, -17.920608 ], [ -65.02303, -17.920641 ], [ -65.023102, -17.92064 ], [ -65.023215, -17.92062 ], [ -65.023244, -17.920615 ], [ -65.02339, -17.920571 ], [ -65.023392, -17.92057 ], [ -65.023395, -17.92057 ], [ -65.023398, -17.920569 ], [ -65.0234, -17.920569 ], [ -65.02354, -17.920555 ], [ -65.023659, -17.92053 ], [ -65.023748, -17.920505 ], [ -65.023749, -17.920504 ], [ -65.023752, -17.920504 ], [ -65.023755, -17.920503 ], [ -65.023758, -17.920503 ], [ -65.023761, -17.920503 ], [ -65.023858, -17.920502 ], [ -65.023861, -17.920502 ], [ -65.023865, -17.920502 ], [ -65.023868, -17.920503 ], [ -65.023871, -17.920503 ], [ -65.023874, -17.920504 ], [ -65.023877, -17.920505 ], [ -65.023879, -17.920506 ], [ -65.02388, -17.920507 ], [ -65.024005, -17.920568 ], [ -65.024006, -17.920568 ], [ -65.024008, -17.92057 ], [ -65.024108, -17.92063 ], [ -65.02417, -17.920629 ], [ -65.024253, -17.920623 ], [ -65.024341, -17.920592 ], [ -65.024402, -17.920494 ], [ -65.024453, -17.920401 ], [ -65.024517, -17.920315 ], [ -65.024503, -17.920504 ], [ -65.02433, -17.922893 ], [ -65.028884, -17.925667 ], [ -65.029371, -17.925657 ], [ -65.030123, -17.924769 ], [ -65.0309, -17.924895 ], [ -65.031347, -17.92494 ], [ -65.031791, -17.925109 ], [ -65.032262, -17.925403 ], [ -65.032469, -17.925981 ], [ -65.033088, -17.926118 ], [ -65.033771, -17.925917 ], [ -65.034683, -17.926394 ], [ -65.035511, -17.926726 ], [ -65.036037, -17.926858 ], [ -65.036513, -17.9269 ], [ -65.03696, -17.92679 ], [ -65.037442, -17.926827 ], [ -65.037838, -17.92725 ], [ -65.03823, -17.927896 ], [ -65.038619, -17.928303 ], [ -65.03899, -17.928631 ], [ -65.039109, -17.928713 ], [ -65.039851, -17.928658 ], [ -65.040791, -17.929147 ], [ -65.042686, -17.930132 ], [ -65.041859, -17.93006 ], [ -65.039931, -17.929894 ], [ -65.039742, -17.929894 ], [ -65.032936, -17.930419 ], [ -65.031796, -17.931087 ], [ -65.030078, -17.932094 ], [ -65.029533, -17.932269 ], [ -65.028969, -17.93245 ], [ -65.028339, -17.932107 ], [ -65.027238, -17.931508 ], [ -65.026566, -17.931142 ], [ -65.026137, -17.930908 ], [ -65.025037, -17.930309 ], [ -65.023814, -17.929644 ], [ -65.022359, -17.928851 ], [ -65.022105, -17.93034 ], [ -65.022001, -17.930952 ], [ -65.021972, -17.931121 ], [ -65.021975, -17.931135 ], [ -65.022076, -17.931561 ], [ -65.022093, -17.931632 ], [ -65.021703, -17.932027 ], [ -65.021554, -17.931811 ], [ -65.021553, -17.931812 ], [ -65.021342, -17.932522 ], [ -65.020847, -17.932909 ], [ -65.02075, -17.933299 ], [ -65.020713, -17.933446 ], [ -65.020768, -17.934746 ], [ -65.020451, -17.935036 ], [ -65.020361, -17.93584 ], [ -65.020089, -17.936531 ], [ -65.020327, -17.937697 ], [ -65.020132, -17.938168 ], [ -65.019457, -17.940852 ], [ -65.018721, -17.943776 ], [ -65.01839, -17.945092 ], [ -65.018234, -17.945416 ], [ -65.018409, -17.945574 ], [ -65.018588, -17.945719 ], [ -65.023989, -17.950097 ], [ -65.024134, -17.95011 ], [ -65.024304, -17.950125 ], [ -65.024369, -17.950131 ], [ -65.024475, -17.950164 ], [ -65.024628, -17.95021 ], [ -65.024729, -17.950242 ], [ -65.024793, -17.950297 ], [ -65.024972, -17.95045 ], [ -65.025072, -17.950504 ], [ -65.025157, -17.950551 ], [ -65.025213, -17.950581 ], [ -65.025312, -17.950713 ], [ -65.025399, -17.950818 ], [ -65.025496, -17.950922 ], [ -65.025637, -17.950978 ], [ -65.025706, -17.950969 ], [ -65.025796, -17.950957 ], [ -65.025861, -17.950919 ], [ -65.026002, -17.950898 ], [ -65.026115, -17.950897 ], [ -65.026274, -17.950977 ], [ -65.026337, -17.951009 ], [ -65.026412, -17.951064 ], [ -65.026518, -17.951141 ], [ -65.026658, -17.951197 ], [ -65.026798, -17.951215 ], [ -65.026879, -17.951194 ], [ -65.027037, -17.951155 ], [ -65.027184, -17.951137 ], [ -65.027286, -17.951124 ], [ -65.027377, -17.951113 ], [ -65.027468, -17.951122 ], [ -65.027625, -17.951138 ], [ -65.027717, -17.951148 ], [ -65.027977, -17.951241 ], [ -65.028118, -17.951316 ], [ -65.0282, -17.951392 ], [ -65.028239, -17.951429 ], [ -65.02838, -17.951523 ], [ -65.028459, -17.951565 ], [ -65.028583, -17.951631 ], [ -65.028729, -17.951697 ], [ -65.028922, -17.951766 ], [ -65.029037, -17.951801 ], [ -65.029125, -17.951828 ], [ -65.029223, -17.951859 ], [ -65.02938, -17.951888 ], [ -65.029528, -17.951915 ], [ -65.029726, -17.951952 ], [ -65.029892, -17.951983 ], [ -65.030248, -17.952049 ], [ -65.02951, -17.955209 ], [ -65.029636, -17.95529 ], [ -65.038393, -17.960906 ], [ -65.040245, -17.962171 ], [ -65.040483, -17.962187 ], [ -65.040623, -17.962185 ], [ -65.040744, -17.962184 ], [ -65.04083, -17.962245 ], [ -65.041043, -17.962397 ], [ -65.041159, -17.96251 ], [ -65.041323, -17.962669 ], [ -65.041395, -17.962738 ], [ -65.041536, -17.962875 ], [ -65.041714, -17.962925 ], [ -65.041792, -17.962947 ], [ -65.041938, -17.962988 ], [ -65.042063, -17.963068 ], [ -65.042203, -17.963157 ], [ -65.042376, -17.963267 ], [ -65.042443, -17.963336 ], [ -65.042538, -17.963436 ], [ -65.042608, -17.963509 ], [ -65.042676, -17.96358 ], [ -65.042785, -17.96361 ], [ -65.043252, -17.963741 ], [ -65.043403, -17.963726 ], [ -65.043635, -17.963703 ], [ -65.043781, -17.963775 ], [ -65.043968, -17.963866 ], [ -65.044281, -17.963863 ], [ -65.044744, -17.964115 ], [ -65.0459, -17.964504 ], [ -65.045525, -17.96587 ], [ -65.045043, -17.967309 ], [ -65.044518, -17.968577 ], [ -65.04405, -17.969652 ], [ -65.04366, -17.97046 ], [ -65.043441, -17.970938 ], [ -65.043085, -17.971248 ], [ -65.042572, -17.971427 ], [ -65.041179, -17.971863 ], [ -65.040065, -17.972295 ], [ -65.039051, -17.972784 ], [ -65.037859, -17.97337 ], [ -65.036807, -17.974012 ], [ -65.035957, -17.974805 ], [ -65.03551, -17.97588 ], [ -65.034946, -17.977225 ], [ -65.034442, -17.978531 ], [ -65.034037, -17.979854 ], [ -65.033707, -17.980737 ], [ -65.033561, -17.981032 ], [ -65.033258, -17.981641 ], [ -65.03287, -17.98262 ], [ -65.032621, -17.983579 ], [ -65.03217, -17.984329 ], [ -65.03174, -17.985137 ], [ -65.03131, -17.986002 ], [ -65.030901, -17.986905 ], [ -65.030348, -17.987739 ], [ -65.03136, -17.988293 ], [ -65.042922, -17.991978 ], [ -65.052457, -17.99563 ], [ -65.061374, -17.998698 ], [ -65.065311, -18.00654 ], [ -65.072068, -18.00948 ], [ -65.07253, -18.010855 ], [ -65.072512, -18.011027 ], [ -65.072577, -18.011222 ], [ -65.072597, -18.011428 ], [ -65.072569, -18.011571 ], [ -65.072482, -18.011811 ], [ -65.072432, -18.011908 ], [ -65.072374, -18.012023 ], [ -65.072293, -18.012091 ], [ -65.072236, -18.012139 ], [ -65.072028, -18.012285 ], [ -65.071879, -18.012401 ], [ -65.071851, -18.012612 ], [ -65.071799, -18.012809 ], [ -65.071765, -18.012938 ], [ -65.071668, -18.013139 ], [ -65.071666, -18.013186 ], [ -65.071662, -18.013471 ], [ -65.071663, -18.01356 ], [ -65.071645, -18.013723 ], [ -65.071556, -18.013848 ], [ -65.071478, -18.01404 ], [ -65.071434, -18.014142 ], [ -65.071331, -18.014328 ], [ -65.071273, -18.014412 ], [ -65.071159, -18.014547 ], [ -65.071125, -18.014579 ], [ -65.071037, -18.014733 ], [ -65.07098, -18.014806 ], [ -65.070909, -18.014897 ], [ -65.070911, -18.015079 ], [ -65.070835, -18.015211 ], [ -65.070735, -18.015387 ], [ -65.070589, -18.015713 ], [ -65.070491, -18.015946 ], [ -65.070483, -18.016087 ], [ -65.070485, -18.016221 ], [ -65.070467, -18.016384 ], [ -65.070415, -18.016501 ], [ -65.070369, -18.016605 ], [ -65.070243, -18.01669 ], [ -65.070129, -18.016793 ], [ -65.070048, -18.016888 ], [ -65.069994, -18.016953 ], [ -65.069873, -18.017035 ], [ -65.069736, -18.017128 ], [ -65.069611, -18.017226 ], [ -65.069466, -18.017321 ], [ -65.069319, -18.0174 ], [ -65.069209, -18.017382 ], [ -65.069184, -18.017363 ], [ -65.069038, -18.017246 ], [ -65.068987, -18.017203 ], [ -65.068883, -18.017086 ], [ -65.068735, -18.016957 ], [ -65.068534, -18.016921 ], [ -65.068354, -18.016923 ], [ -65.068185, -18.016944 ], [ -65.068016, -18.017003 ], [ -65.067957, -18.017109 ], [ -65.067938, -18.017204 ], [ -65.06802, -18.01739 ], [ -65.068102, -18.017576 ], [ -65.068165, -18.017795 ], [ -65.068197, -18.017957 ], [ -65.068198, -18.018091 ], [ -65.06813, -18.018254 ], [ -65.068014, -18.01835 ], [ -65.06801, -18.018353 ], [ -65.067873, -18.018467 ], [ -65.067685, -18.018622 ], [ -65.06756, -18.018707 ], [ -65.067387, -18.018826 ], [ -65.067194, -18.01902 ], [ -65.067071, -18.019145 ], [ -65.067023, -18.019249 ], [ -65.066949, -18.01941 ], [ -65.066925, -18.019462 ], [ -65.06687, -18.019532 ], [ -65.066797, -18.019626 ], [ -65.06666, -18.0197 ], [ -65.066598, -18.019733 ], [ -65.06648, -18.019878 ], [ -65.066402, -18.020051 ], [ -65.066359, -18.020193 ], [ -65.066325, -18.0203 ], [ -65.066231, -18.020518 ], [ -65.06615, -18.020704 ], [ -65.066123, -18.02082 ], [ -65.066093, -18.020953 ], [ -65.066045, -18.021106 ], [ -65.065898, -18.021284 ], [ -65.065793, -18.021436 ], [ -65.065701, -18.021598 ], [ -65.065687, -18.021651 ], [ -65.065652, -18.021792 ], [ -65.065447, -18.022373 ], [ -65.065502, -18.023 ], [ -65.065502, -18.023023 ], [ -65.065635, -18.023196 ], [ -65.065756, -18.023518 ], [ -65.065962, -18.023978 ], [ -65.066095, -18.024208 ], [ -65.066324, -18.024518 ], [ -65.066444, -18.024633 ], [ -65.066433, -18.024875 ], [ -65.066374, -18.02514 ], [ -65.066219, -18.025393 ], [ -65.066064, -18.025612 ], [ -65.065777, -18.025842 ], [ -65.065454, -18.026061 ], [ -65.065274, -18.026153 ], [ -65.065131, -18.026257 ], [ -65.06458, -18.026591 ], [ -65.06458, -18.026614 ], [ -65.064532, -18.026637 ], [ -65.064245, -18.026937 ], [ -65.064114, -18.027167 ], [ -65.064067, -18.027294 ], [ -65.064056, -18.027581 ], [ -65.064092, -18.027708 ], [ -65.064213, -18.027972 ], [ -65.064322, -18.028122 ], [ -65.064575, -18.028386 ], [ -65.064719, -18.028501 ], [ -65.064755, -18.028513 ], [ -65.064755, -18.028513 ], [ -65.064755, -18.028513 ], [ -65.064803, -18.02857 ], [ -65.065248, -18.028834 ], [ -65.065248, -18.028834 ], [ -65.066571, -18.02957 ], [ -65.066571, -18.02957 ], [ -65.066908, -18.029788 ], [ -65.066908, -18.029788 ], [ -65.06704, -18.029891 ], [ -65.06704, -18.029892 ], [ -65.06727, -18.03026 ], [ -65.067271, -18.030616 ], [ -65.067308, -18.030777 ], [ -65.067335, -18.031721 ], [ -65.067384, -18.031928 ], [ -65.067385, -18.032193 ], [ -65.067446, -18.03248 ], [ -65.067447, -18.03263 ], [ -65.067508, -18.032917 ], [ -65.067592, -18.033079 ], [ -65.067688, -18.033147 ], [ -65.067689, -18.033147 ], [ -65.067797, -18.033262 ], [ -65.067894, -18.0334 ], [ -65.068207, -18.033734 ], [ -65.068363, -18.033849 ], [ -65.068363, -18.033849 ], [ -65.068375, -18.033883 ], [ -65.068544, -18.03401 ], [ -65.068544, -18.03401 ], [ -65.069013, -18.034262 ], [ -65.069037, -18.034262 ], [ -65.069037, -18.034262 ], [ -65.069097, -18.034297 ], [ -65.069337, -18.034331 ], [ -65.069457, -18.034331 ], [ -65.069625, -18.034308 ], [ -65.069816, -18.034239 ], [ -65.069972, -18.034043 ], [ -65.070067, -18.033836 ], [ -65.070209, -18.033306 ], [ -65.070179, -18.031776 ], [ -65.070262, -18.031626 ], [ -65.070406, -18.031488 ], [ -65.070669, -18.031327 ], [ -65.070789, -18.031326 ], [ -65.070981, -18.03128 ], [ -65.071197, -18.03128 ], [ -65.071401, -18.031245 ], [ -65.071761, -18.031245 ], [ -65.071953, -18.031222 ], [ -65.072252, -18.031129 ], [ -65.072384, -18.031037 ], [ -65.072635, -18.030818 ], [ -65.072874, -18.030508 ], [ -65.073065, -18.030162 ], [ -65.073207, -18.029805 ], [ -65.073337, -18.029333 ], [ -65.073492, -18.028953 ], [ -65.073802, -18.028378 ], [ -65.073921, -18.028228 ], [ -65.074244, -18.027906 ], [ -65.074268, -18.027906 ], [ -65.074399, -18.027779 ], [ -65.075081, -18.027295 ], [ -65.076745, -18.0262 ], [ -65.07702, -18.025993 ], [ -65.077224, -18.025889 ], [ -65.077571, -18.025751 ], [ -65.077787, -18.025704 ], [ -65.078135, -18.025704 ], [ -65.079276, -18.025933 ], [ -65.079696, -18.025956 ], [ -65.080536, -18.025943 ], [ -65.081147, -18.025816 ], [ -65.08183, -18.025597 ], [ -65.082177, -18.025436 ], [ -65.082249, -18.025378 ], [ -65.082896, -18.025067 ], [ -65.08298, -18.024997 ], [ -65.083004, -18.024997 ], [ -65.083219, -18.024744 ], [ -65.083314, -18.024583 ], [ -65.083397, -18.024399 ], [ -65.08348, -18.024145 ], [ -65.083504, -18.023984 ], [ -65.083551, -18.023823 ], [ -65.083668, -18.02311 ], [ -65.083679, -18.022868 ], [ -65.083738, -18.022557 ], [ -65.083809, -18.02235 ], [ -65.083845, -18.022177 ], [ -65.084189, -18.021303 ], [ -65.084462, -18.02052 ], [ -65.084521, -18.020244 ], [ -65.084651, -18.019806 ], [ -65.084698, -18.019461 ], [ -65.084733, -18.019346 ], [ -65.084733, -18.019231 ], [ -65.08478, -18.019024 ], [ -65.084803, -18.018782 ], [ -65.084862, -18.018529 ], [ -65.084981, -18.01816 ], [ -65.085076, -18.017988 ], [ -65.085135, -18.017826 ], [ -65.085207, -18.017723 ], [ -65.085266, -18.017573 ], [ -65.08554, -18.017009 ], [ -65.085778, -18.016572 ], [ -65.085981, -18.016238 ], [ -65.086696, -18.014914 ], [ -65.086874, -18.014534 ], [ -65.087244, -18.013923 ], [ -65.08771, -18.013394 ], [ -65.087937, -18.013186 ], [ -65.088128, -18.012956 ], [ -65.088964, -18.012081 ], [ -65.089442, -18.011654 ], [ -65.089598, -18.01147 ], [ -65.08998, -18.01109 ], [ -65.090471, -18.010744 ], [ -65.090542, -18.010664 ], [ -65.090794, -18.010525 ], [ -65.091165, -18.010387 ], [ -65.091381, -18.010283 ], [ -65.091848, -18.010168 ], [ -65.092687, -18.010029 ], [ -65.093203, -18.010028 ], [ -65.093563, -18.010097 ], [ -65.094032, -18.010223 ], [ -65.094608, -18.010406 ], [ -65.094897, -18.010475 ], [ -65.095654, -18.010831 ], [ -65.095858, -18.0109 ], [ -65.095858, -18.0109 ], [ -65.09599, -18.010969 ], [ -65.096519, -18.011037 ], [ -65.097226, -18.011037 ], [ -65.097382, -18.011013 ], [ -65.097778, -18.010909 ], [ -65.097934, -18.010898 ], [ -65.098065, -18.01084 ], [ -65.098185, -18.010817 ], [ -65.099623, -18.010309 ], [ -65.099995, -18.010228 ], [ -65.100186, -18.010159 ], [ -65.10039, -18.010113 ], [ -65.101085, -18.009893 ], [ -65.10214, -18.009593 ], [ -65.102379, -18.009547 ], [ -65.102415, -18.009524 ], [ -65.103183, -18.009431 ], [ -65.103243, -18.009408 ], [ -65.103339, -18.009408 ], [ -65.10347, -18.009373 ], [ -65.103602, -18.009373 ], [ -65.103603, -18.009373 ], [ -65.103603, -18.009373 ], [ -65.103615, -18.009384 ], [ -65.10377, -18.009384 ], [ -65.103951, -18.009418 ], [ -65.10431, -18.009418 ], [ -65.104431, -18.009441 ], [ -65.104527, -18.009441 ], [ -65.104611, -18.009464 ], [ -65.104743, -18.009464 ], [ -65.104995, -18.009509 ], [ -65.105127, -18.009509 ], [ -65.105451, -18.009566 ], [ -65.106183, -18.009577 ], [ -65.106591, -18.009611 ], [ -65.107479, -18.00961 ], [ -65.107622, -18.009576 ], [ -65.107766, -18.009575 ], [ -65.108438, -18.009425 ], [ -65.108534, -18.009425 ], [ -65.108665, -18.00939 ], [ -65.108821, -18.00939 ], [ -65.109013, -18.009344 ], [ -65.1096, -18.009113 ], [ -65.109636, -18.009113 ], [ -65.110079, -18.008836 ], [ -65.110749, -18.008502 ], [ -65.111049, -18.008386 ], [ -65.111181, -18.008363 ], [ -65.111756, -18.008351 ], [ -65.112993, -18.008453 ], [ -65.113281, -18.008453 ], [ -65.113496, -18.00843 ], [ -65.113664, -18.00843 ], [ -65.114024, -18.008372 ], [ -65.11442, -18.008279 ], [ -65.114623, -18.008187 ], [ -65.114815, -18.00806 ], [ -65.114982, -18.007922 ], [ -65.115137, -18.007738 ], [ -65.11534, -18.007415 ], [ -65.115399, -18.007265 ], [ -65.115494, -18.006932 ], [ -65.11554, -18.006517 ], [ -65.115515, -18.006345 ], [ -65.115515, -18.006115 ], [ -65.115416, -18.005539 ], [ -65.115125, -18.0047 ], [ -65.114908, -18.004419 ], [ -65.114569, -18.004137 ], [ -65.114569, -18.004137 ], [ -65.114111, -18.003747 ], [ -65.114111, -18.003735 ], [ -65.114016, -18.003607 ], [ -65.113968, -18.00356 ], [ -65.113957, -18.003491 ], [ -65.113886, -18.003386 ], [ -65.113792, -18.003189 ], [ -65.113792, -18.003154 ], [ -65.113769, -18.003119 ], [ -65.113769, -18.003061 ], [ -65.11371, -18.002922 ], [ -65.113711, -18.002876 ], [ -65.113688, -18.00276 ], [ -65.113691, -18.002413 ], [ -65.113705, -18.002286 ], [ -65.113753, -18.002217 ], [ -65.11379, -18.002137 ], [ -65.113875, -18.002057 ], [ -65.113899, -18.002011 ], [ -65.114057, -18.001909 ], [ -65.114093, -18.001909 ], [ -65.114129, -18.001875 ], [ -65.114285, -18.001842 ], [ -65.114478, -18.001845 ], [ -65.114526, -18.001834 ], [ -65.11485, -18.001838 ], [ -65.114946, -18.001816 ], [ -65.115176, -18.001622 ], [ -65.115201, -18.001576 ], [ -65.115298, -18.001508 ], [ -65.115479, -18.001348 ], [ -65.115637, -18.001235 ], [ -65.115709, -18.001166 ], [ -65.115794, -18.001121 ], [ -65.115879, -18.001053 ], [ -65.115951, -18.00103 ], [ -65.116084, -18.000951 ], [ -65.116192, -18.000918 ], [ -65.116422, -18.000793 ], [ -65.116566, -18.000726 ], [ -65.116687, -18.000658 ], [ -65.11723, -18.000399 ], [ -65.117471, -18.000298 ], [ -65.1177, -18.000231 ], [ -65.117929, -18.000188 ], [ -65.118037, -18.000154 ], [ -65.118061, -18.000154 ], [ -65.118061, -18.000143 ], [ -65.118121, -18.000144 ], [ -65.118158, -18.000121 ], [ -65.11823, -18.000099 ], [ -65.118278, -18.000099 ], [ -65.11835, -18.000066 ], [ -65.118447, -18.000044 ], [ -65.118663, -18.000011 ], [ -65.118783, -18.000013 ], [ -65.118916, -17.999991 ], [ -65.11936, -17.999997 ], [ -65.119624, -17.999977 ], [ -65.120009, -17.999981 ], [ -65.1202, -18.000018 ], [ -65.12038, -18.000044 ], [ -65.120548, -18.000057 ], [ -65.120729, -18.000059 ], [ -65.120885, -18.000073 ], [ -65.121293, -18.000078 ], [ -65.121413, -18.000044 ], [ -65.121533, -18.000046 ], [ -65.121954, -17.999982 ], [ -65.122159, -17.999984 ], [ -65.122579, -17.999954 ], [ -65.12276, -17.999922 ], [ -65.123, -17.999902 ], [ -65.123361, -17.999825 ], [ -65.123445, -17.999815 ], [ -65.123566, -17.999781 ], [ -65.123818, -17.999738 ], [ -65.12395, -17.99974 ], [ -65.123951, -17.999728 ], [ -65.124023, -17.999729 ], [ -65.124119, -17.999719 ], [ -65.124431, -17.999722 ], [ -65.124755, -17.999738 ], [ -65.125476, -17.999746 ], [ -65.125704, -17.999761 ], [ -65.126737, -17.999773 ], [ -65.126965, -17.999764 ], [ -65.127277, -17.999768 ], [ -65.127794, -17.999682 ], [ -65.127951, -17.999637 ], [ -65.128107, -17.999605 ], [ -65.128192, -17.999571 ], [ -65.12824, -17.999537 ], [ -65.128325, -17.999503 ], [ -65.128542, -17.999344 ], [ -65.128748, -17.999219 ], [ -65.129318, -17.998648 ], [ -65.12956, -17.998386 ], [ -65.129791, -17.99818 ], [ -65.129997, -17.997975 ], [ -65.130337, -17.997586 ], [ -65.130726, -17.997105 ], [ -65.130884, -17.996934 ], [ -65.13092, -17.996911 ], [ -65.130981, -17.996843 ], [ -65.131307, -17.996569 ], [ -65.13132, -17.996546 ], [ -65.13138, -17.996501 ], [ -65.131417, -17.996455 ], [ -65.131695, -17.996204 ], [ -65.131853, -17.996021 ], [ -65.131914, -17.995964 ], [ -65.131914, -17.995952 ], [ -65.132084, -17.995723 ], [ -65.132121, -17.995643 ], [ -65.13217, -17.995597 ], [ -65.132194, -17.995551 ], [ -65.132207, -17.995505 ], [ -65.132255, -17.995425 ], [ -65.132328, -17.995345 ], [ -65.13239, -17.995207 ], [ -65.132536, -17.995012 ], [ -65.13256, -17.994932 ], [ -65.132633, -17.99484 ], [ -65.132926, -17.994347 ], [ -65.133135, -17.99391 ], [ -65.133172, -17.993772 ], [ -65.133295, -17.99345 ], [ -65.133507, -17.99269 ], [ -65.133532, -17.992517 ], [ -65.133572, -17.992147 ], [ -65.133574, -17.991962 ], [ -65.1336, -17.991766 ], [ -65.133603, -17.991431 ], [ -65.133615, -17.991385 ], [ -65.133617, -17.991235 ], [ -65.133593, -17.991165 ], [ -65.133571, -17.991026 ], [ -65.13356, -17.990899 ], [ -65.133537, -17.990818 ], [ -65.133526, -17.990691 ], [ -65.133446, -17.990216 ], [ -65.133449, -17.989939 ], [ -65.133438, -17.989892 ], [ -65.13344, -17.989615 ], [ -65.13348, -17.989281 ], [ -65.133492, -17.989281 ], [ -65.133492, -17.989246 ], [ -65.133542, -17.989015 ], [ -65.133629, -17.988716 ], [ -65.133642, -17.988635 ], [ -65.133643, -17.988508 ], [ -65.133668, -17.988381 ], [ -65.13367, -17.988208 ], [ -65.133696, -17.988024 ], [ -65.1337, -17.987561 ], [ -65.133739, -17.987308 ], [ -65.13374, -17.987146 ], [ -65.133791, -17.986846 ], [ -65.133829, -17.986685 ], [ -65.133891, -17.986477 ], [ -65.133965, -17.98627 ], [ -65.134039, -17.986098 ], [ -65.134076, -17.985948 ], [ -65.134125, -17.985856 ], [ -65.134199, -17.985638 ], [ -65.13426, -17.985511 ], [ -65.134298, -17.985396 ], [ -65.13441, -17.984924 ], [ -65.134412, -17.984727 ], [ -65.13445, -17.984531 ], [ -65.134553, -17.983816 ], [ -65.134655, -17.983205 ], [ -65.134743, -17.982813 ], [ -65.134744, -17.982663 ], [ -65.134794, -17.982467 ], [ -65.134845, -17.982213 ], [ -65.13492, -17.981902 ], [ -65.134969, -17.981787 ], [ -65.135167, -17.981212 ], [ -65.135289, -17.981005 ], [ -65.135289, -17.980982 ], [ -65.135313, -17.980983 ], [ -65.135483, -17.980811 ], [ -65.135555, -17.980754 ], [ -65.1357, -17.980675 ], [ -65.135809, -17.98063 ], [ -65.136014, -17.980529 ], [ -65.136182, -17.980473 ], [ -65.136436, -17.980326 ], [ -65.136617, -17.980247 ], [ -65.136967, -17.980066 ], [ -65.137196, -17.979988 ], [ -65.137389, -17.979933 ], [ -65.137581, -17.979889 ], [ -65.137786, -17.979799 ], [ -65.137991, -17.979697 ], [ -65.138244, -17.979654 ], [ -65.138389, -17.979563 ], [ -65.138533, -17.979588 ], [ -65.138702, -17.979498 ], [ -65.13887, -17.979442 ], [ -65.138991, -17.979386 ], [ -65.139316, -17.979274 ], [ -65.139485, -17.979195 ], [ -65.139727, -17.979059 ], [ -65.139847, -17.979003 ], [ -65.140077, -17.978879 ], [ -65.140258, -17.978811 ], [ -65.140487, -17.978687 ], [ -65.141029, -17.978462 ], [ -65.141162, -17.978395 ], [ -65.1415, -17.978248 ], [ -65.14162, -17.978215 ], [ -65.14197, -17.978081 ], [ -65.142066, -17.978082 ], [ -65.14215, -17.978048 ], [ -65.142187, -17.978014 ], [ -65.142427, -17.978017 ], [ -65.142498, -17.978052 ], [ -65.14257, -17.978076 ], [ -65.142594, -17.978076 ], [ -65.142594, -17.978077 ], [ -65.142594, -17.978077 ], [ -65.14269, -17.978159 ], [ -65.142809, -17.978206 ], [ -65.142809, -17.978206 ], [ -65.142809, -17.978206 ], [ -65.142881, -17.978276 ], [ -65.142917, -17.978277 ], [ -65.142917, -17.978277 ], [ -65.142917, -17.978277 ], [ -65.142928, -17.978312 ], [ -65.143119, -17.978429 ], [ -65.143119, -17.978429 ], [ -65.143203, -17.978523 ], [ -65.143298, -17.978605 ], [ -65.143441, -17.978745 ], [ -65.143572, -17.978851 ], [ -65.143572, -17.978851 ], [ -65.143643, -17.978886 ], [ -65.143787, -17.978934 ], [ -65.143859, -17.978947 ], [ -65.144051, -17.978949 ], [ -65.144111, -17.978938 ], [ -65.144208, -17.978881 ], [ -65.144353, -17.978768 ], [ -65.144571, -17.978551 ], [ -65.14491, -17.978254 ], [ -65.14508, -17.978071 ], [ -65.145347, -17.977832 ], [ -65.14548, -17.977695 ], [ -65.145589, -17.977569 ], [ -65.145723, -17.977443 ], [ -65.145832, -17.977295 ], [ -65.145954, -17.977157 ], [ -65.146087, -17.977032 ], [ -65.146403, -17.976666 ], [ -65.146658, -17.976345 ], [ -65.14706, -17.975714 ], [ -65.147122, -17.975588 ], [ -65.147182, -17.975508 ], [ -65.147268, -17.975347 ], [ -65.147329, -17.975267 ], [ -65.14739, -17.975141 ], [ -65.147451, -17.975072 ], [ -65.147548, -17.9749 ], [ -65.147743, -17.974648 ], [ -65.147961, -17.974443 ], [ -65.148082, -17.97434 ], [ -65.148275, -17.974238 ], [ -65.148444, -17.974182 ], [ -65.148588, -17.974161 ], [ -65.148829, -17.974095 ], [ -65.149118, -17.973971 ], [ -65.149335, -17.973916 ], [ -65.149672, -17.973804 ], [ -65.149998, -17.973681 ], [ -65.150155, -17.973613 ], [ -65.150637, -17.973365 ], [ -65.150794, -17.973251 ], [ -65.151061, -17.972989 ], [ -65.151182, -17.972886 ], [ -65.151255, -17.972806 ], [ -65.151303, -17.972772 ], [ -65.151389, -17.972657 ], [ -65.151449, -17.972589 ], [ -65.151449, -17.972566 ], [ -65.15151, -17.972497 ], [ -65.151523, -17.972439 ], [ -65.151584, -17.972313 ], [ -65.151645, -17.97221 ], [ -65.151707, -17.972003 ], [ -65.151709, -17.971748 ], [ -65.151665, -17.971401 ], [ -65.15163, -17.971274 ], [ -65.151606, -17.971216 ], [ -65.151583, -17.971111 ], [ -65.151548, -17.971007 ], [ -65.151537, -17.970903 ], [ -65.151514, -17.970833 ], [ -65.15149, -17.970833 ], [ -65.15149, -17.970833 ], [ -65.15149, -17.970833 ], [ -65.151478, -17.970821 ], [ -65.151478, -17.97081 ], [ -65.151466, -17.97081 ], [ -65.151466, -17.97081 ], [ -65.151466, -17.97081 ], [ -65.151467, -17.970775 ], [ -65.151443, -17.970751 ], [ -65.151443, -17.970717 ], [ -65.151407, -17.970693 ], [ -65.151407, -17.970693 ], [ -65.151408, -17.970647 ], [ -65.151385, -17.970566 ], [ -65.151385, -17.970543 ], [ -65.151326, -17.970403 ], [ -65.151184, -17.970136 ], [ -65.151103, -17.969904 ], [ -65.150997, -17.969695 ], [ -65.150973, -17.969625 ], [ -65.150891, -17.969474 ], [ -65.150867, -17.969393 ], [ -65.150785, -17.96923 ], [ -65.150703, -17.968998 ], [ -65.150669, -17.968824 ], [ -65.150564, -17.968442 ], [ -65.150403, -17.967758 ], [ -65.15038, -17.967619 ], [ -65.150384, -17.967192 ], [ -65.150409, -17.967053 ], [ -65.150483, -17.966869 ], [ -65.15052, -17.966812 ], [ -65.150629, -17.966674 ], [ -65.150799, -17.966503 ], [ -65.151017, -17.966309 ], [ -65.151186, -17.966173 ], [ -65.151392, -17.965967 ], [ -65.151465, -17.965875 ], [ -65.151562, -17.965773 ], [ -65.151672, -17.965624 ], [ -65.151732, -17.965578 ], [ -65.151879, -17.965268 ], [ -65.151892, -17.965222 ], [ -65.151895, -17.964945 ], [ -65.151995, -17.964484 ], [ -65.15207, -17.964207 ], [ -65.152107, -17.964104 ], [ -65.152231, -17.963666 ], [ -65.152269, -17.963505 ], [ -65.152392, -17.963159 ], [ -65.152441, -17.962998 ], [ -65.152539, -17.962838 ], [ -65.152685, -17.962678 ], [ -65.152769, -17.962621 ], [ -65.152854, -17.962552 ], [ -65.153023, -17.962462 ], [ -65.153119, -17.962452 ], [ -65.153227, -17.962453 ], [ -65.153311, -17.962442 ], [ -65.153696, -17.962447 ], [ -65.154019, -17.96252 ], [ -65.154151, -17.962568 ], [ -65.154282, -17.962604 ], [ -65.154402, -17.962652 ], [ -65.154402, -17.962652 ], [ -65.154486, -17.962699 ], [ -65.154629, -17.962747 ], [ -65.154629, -17.962747 ], [ -65.15482, -17.962853 ], [ -65.155, -17.962925 ], [ -65.155, -17.962925 ], [ -65.155251, -17.963078 ], [ -65.155251, -17.963078 ], [ -65.155416, -17.963192 ], [ -65.155416, -17.963192 ], [ -65.155465, -17.963248 ], [ -65.155596, -17.963324 ], [ -65.155679, -17.963355 ], [ -65.15574, -17.963384 ], [ -65.155788, -17.963408 ], [ -65.155884, -17.963432 ], [ -65.156051, -17.963492 ], [ -65.156128, -17.963504 ], [ -65.156219, -17.963517 ], [ -65.156303, -17.963518 ], [ -65.156438, -17.963541 ], [ -65.156591, -17.963567 ], [ -65.156723, -17.963592 ], [ -65.156747, -17.963604 ], [ -65.156907, -17.963646 ], [ -65.15698, -17.963674 ], [ -65.157042, -17.963697 ], [ -65.157116, -17.96372 ], [ -65.157116, -17.96372 ], [ -65.157159, -17.963743 ], [ -65.157159, -17.963743 ], [ -65.157209, -17.963766 ], [ -65.157209, -17.963766 ], [ -65.157259, -17.963801 ], [ -65.157259, -17.963801 ], [ -65.157302, -17.963844 ], [ -65.157769, -17.963626 ], [ -65.158888, -17.963417 ], [ -65.160144, -17.963161 ], [ -65.160673, -17.963155 ], [ -65.161661, -17.963387 ], [ -65.161901, -17.963384 ], [ -65.162044, -17.963325 ], [ -65.16286, -17.963339 ], [ -65.163018, -17.963407 ], [ -65.163018, -17.963407 ], [ -65.163018, -17.963407 ], [ -65.163164, -17.963532 ], [ -65.163653, -17.964195 ], [ -65.163932, -17.964376 ], [ -65.164222, -17.964477 ], [ -65.164582, -17.964508 ], [ -65.165145, -17.964421 ], [ -65.165815, -17.964229 ], [ -65.165958, -17.964147 ], [ -65.166229, -17.96381 ], [ -65.166975, -17.962269 ], [ -65.167043, -17.961991 ], [ -65.167657, -17.960509 ], [ -65.167874, -17.959711 ], [ -65.167841, -17.959112 ], [ -65.167644, -17.957996 ], [ -65.167635, -17.957362 ], [ -65.167805, -17.956669 ], [ -65.168157, -17.956135 ], [ -65.168466, -17.955866 ], [ -65.169049, -17.955549 ], [ -65.169322, -17.955292 ], [ -65.169522, -17.955037 ], [ -65.169759, -17.954815 ], [ -65.170045, -17.95465 ], [ -65.170666, -17.954482 ], [ -65.171339, -17.954521 ], [ -65.172723, -17.954702 ], [ -65.173037, -17.954848 ], [ -65.173037, -17.954848 ], [ -65.174238, -17.955711 ], [ -65.174456, -17.955813 ], [ -65.174926, -17.955934 ], [ -65.175262, -17.955977 ], [ -65.175694, -17.955961 ], [ -65.176197, -17.955874 ], [ -65.176304, -17.955804 ], [ -65.176491, -17.955445 ], [ -65.176423, -17.954892 ], [ -65.176307, -17.954352 ], [ -65.176303, -17.954064 ], [ -65.176383, -17.953809 ], [ -65.176861, -17.952847 ], [ -65.176936, -17.952224 ], [ -65.177159, -17.951899 ], [ -65.178438, -17.951516 ], [ -65.179194, -17.951473 ], [ -65.180227, -17.951508 ], [ -65.180227, -17.951508 ], [ -65.180227, -17.951508 ], [ -65.180734, -17.952528 ], [ -65.181116, -17.953158 ], [ -65.181605, -17.953787 ], [ -65.182078, -17.95407 ], [ -65.182379, -17.95417 ], [ -65.183002, -17.954106 ], [ -65.183431, -17.953847 ], [ -65.184882, -17.952091 ], [ -65.186029, -17.95096 ], [ -65.186978, -17.950177 ], [ -65.187498, -17.949595 ], [ -65.187877, -17.94928 ], [ -65.188342, -17.949021 ], [ -65.189501, -17.948663 ], [ -65.190363, -17.948515 ], [ -65.191104, -17.948299 ], [ -65.191653, -17.948051 ], [ -65.191878, -17.947876 ], [ -65.19273, -17.947014 ], [ -65.193133, -17.946686 ], [ -65.195029, -17.945847 ], [ -65.195828, -17.945423 ], [ -65.197476, -17.944875 ], [ -65.198144, -17.944579 ], [ -65.198786, -17.944169 ], [ -65.199212, -17.943761 ], [ -65.199448, -17.943482 ], [ -65.199483, -17.943389 ], [ -65.199392, -17.94294 ], [ -65.199207, -17.942631 ], [ -65.19782, -17.941344 ], [ -65.196881, -17.940398 ], [ -65.196562, -17.939894 ], [ -65.196449, -17.939584 ], [ -65.196421, -17.939319 ], [ -65.196536, -17.938165 ], [ -65.196683, -17.937518 ], [ -65.196722, -17.936953 ], [ -65.196644, -17.936562 ], [ -65.196507, -17.936206 ], [ -65.196248, -17.935736 ], [ -65.196242, -17.935333 ], [ -65.196323, -17.935113 ], [ -65.196592, -17.93466 ], [ -65.196804, -17.934393 ], [ -65.198719, -17.933185 ], [ -65.199289, -17.93274 ], [ -65.199512, -17.932392 ], [ -65.199822, -17.931467 ], [ -65.199917, -17.931373 ], [ -65.200864, -17.93134 ], [ -65.201091, -17.93121 ], [ -65.201351, -17.930966 ], [ -65.201544, -17.930998 ], [ -65.201544, -17.930998 ], [ -65.201931, -17.931201 ], [ -65.201931, -17.931201 ], [ -65.201931, -17.931201 ], [ -65.202235, -17.931463 ], [ -65.203665, -17.932381 ], [ -65.203665, -17.932381 ], [ -65.204674, -17.933234 ], [ -65.204674, -17.933234 ], [ -65.205243, -17.933562 ], [ -65.205508, -17.933617 ], [ -65.20606, -17.933634 ], [ -65.206301, -17.933689 ], [ -65.206591, -17.933835 ], [ -65.206591, -17.933835 ], [ -65.206616, -17.933904 ], [ -65.206596, -17.934158 ], [ -65.206324, -17.934415 ], [ -65.20561, -17.934803 ], [ -65.205228, -17.934957 ], [ -65.204836, -17.935227 ], [ -65.204587, -17.935483 ], [ -65.204543, -17.935714 ], [ -65.204621, -17.93614 ], [ -65.204742, -17.936207 ], [ -65.205128, -17.936318 ], [ -65.205766, -17.936438 ], [ -65.206357, -17.936616 ], [ -65.208109, -17.936608 ], [ -65.20854, -17.936511 ], [ -65.208814, -17.936393 ], [ -65.209548, -17.93567 ], [ -65.209987, -17.935354 ], [ -65.210893, -17.934929 ], [ -65.211152, -17.93458 ], [ -65.211279, -17.934245 ], [ -65.211234, -17.933634 ], [ -65.210885, -17.93275 ], [ -65.210869, -17.932497 ], [ -65.211861, -17.929777 ], [ -65.212152, -17.929163 ], [ -65.212246, -17.929081 ], [ -65.212342, -17.929057 ], [ -65.212882, -17.929074 ], [ -65.213232, -17.929163 ], [ -65.213976, -17.929189 ], [ -65.21479, -17.92903 ], [ -65.215606, -17.928963 ], [ -65.217046, -17.928936 ], [ -65.217332, -17.928841 ], [ -65.217976, -17.928545 ], [ -65.218225, -17.928346 ], [ -65.218931, -17.927359 ], [ -65.219226, -17.927056 ], [ -65.219401, -17.926697 ], [ -65.219398, -17.926535 ], [ -65.21925, -17.926214 ], [ -65.218944, -17.925826 ], [ -65.218482, -17.925462 ], [ -65.218482, -17.925462 ], [ -65.218022, -17.925179 ], [ -65.217418, -17.924921 ], [ -65.217418, -17.924921 ], [ -65.216813, -17.924582 ], [ -65.216439, -17.924459 ], [ -65.215897, -17.924361 ], [ -65.215248, -17.924322 ], [ -65.215248, -17.924322 ], [ -65.215248, -17.924322 ], [ -65.215138, -17.924162 ], [ -65.215086, -17.923932 ], [ -65.215142, -17.923666 ], [ -65.215378, -17.923399 ], [ -65.216162, -17.922848 ], [ -65.216592, -17.92267 ], [ -65.216939, -17.922609 ], [ -65.218162, -17.922549 ], [ -65.21888, -17.92238 ], [ -65.219178, -17.922261 ], [ -65.219812, -17.922116 ], [ -65.221637, -17.922153 ], [ -65.223167, -17.921687 ], [ -65.224874, -17.921057 ], [ -65.225424, -17.920901 ], [ -65.226034, -17.920802 ], [ -65.228623, -17.920542 ], [ -65.228838, -17.920471 ], [ -65.229218, -17.920213 ], [ -65.230294, -17.919936 ], [ -65.230831, -17.919699 ], [ -65.231247, -17.919395 ], [ -65.231447, -17.919185 ], [ -65.231951, -17.918373 ], [ -65.232329, -17.917919 ], [ -65.232708, -17.917604 ], [ -65.234055, -17.916904 ], [ -65.233871, -17.916726 ], [ -65.233338, -17.916375 ], [ -65.233338, -17.916375 ], [ -65.232972, -17.91601 ], [ -65.232342, -17.915579 ], [ -65.231315, -17.915141 ], [ -65.231315, -17.915141 ], [ -65.230758, -17.914824 ], [ -65.230758, -17.914824 ], [ -65.230539, -17.914619 ], [ -65.230305, -17.914242 ], [ -65.230334, -17.913757 ], [ -65.230449, -17.913445 ], [ -65.230683, -17.913027 ], [ -65.230973, -17.912367 ], [ -65.230993, -17.91209 ], [ -65.23092, -17.912022 ], [ -65.230919, -17.911976 ], [ -65.229887, -17.911169 ], [ -65.229887, -17.911169 ], [ -65.229764, -17.911009 ], [ -65.229615, -17.910676 ], [ -65.229681, -17.910237 ], [ -65.22981, -17.910017 ], [ -65.230229, -17.909562 ], [ -65.230425, -17.909411 ], [ -65.230627, -17.909293 ], [ -65.231124, -17.908838 ], [ -65.231298, -17.908433 ], [ -65.231162, -17.908169 ], [ -65.230794, -17.90762 ], [ -65.230584, -17.907219 ], [ -65.230577, -17.906804 ], [ -65.230704, -17.906434 ], [ -65.231153, -17.905945 ], [ -65.232354, -17.905216 ], [ -65.232779, -17.904751 ], [ -65.233159, -17.904458 ], [ -65.233403, -17.903937 ], [ -65.233754, -17.903345 ], [ -65.234601, -17.902183 ], [ -65.234928, -17.901603 ], [ -65.235053, -17.901129 ], [ -65.235037, -17.900864 ], [ -65.234973, -17.900611 ], [ -65.234863, -17.900439 ], [ -65.234081, -17.899538 ], [ -65.233951, -17.898882 ], [ -65.233945, -17.898444 ], [ -65.234041, -17.897682 ], [ -65.234167, -17.897301 ], [ -65.234471, -17.896732 ], [ -65.234871, -17.896232 ], [ -65.236493, -17.894739 ], [ -65.236957, -17.893685 ], [ -65.237207, -17.89352 ], [ -65.237483, -17.893517 ], [ -65.238409, -17.893657 ], [ -65.238614, -17.893724 ], [ -65.23877, -17.893722 ], [ -65.239084, -17.893834 ], [ -65.239589, -17.893897 ], [ -65.239851, -17.893744 ], [ -65.239919, -17.893536 ], [ -65.239917, -17.893398 ], [ -65.239816, -17.893065 ], [ -65.239284, -17.891976 ], [ -65.239221, -17.891769 ], [ -65.239229, -17.89155 ], [ -65.239348, -17.891456 ], [ -65.240315, -17.891111 ], [ -65.241223, -17.890859 ], [ -65.241772, -17.890645 ], [ -65.242021, -17.890412 ], [ -65.242373, -17.889924 ], [ -65.242583, -17.88953 ], [ -65.242686, -17.889183 ], [ -65.242669, -17.888837 ], [ -65.242025, -17.887496 ], [ -65.241618, -17.886774 ], [ -65.241468, -17.886361 ], [ -65.241437, -17.885935 ], [ -65.241517, -17.88568 ], [ -65.241741, -17.885389 ], [ -65.243088, -17.884026 ], [ -65.243658, -17.882786 ], [ -65.243943, -17.88261 ], [ -65.244421, -17.882466 ], [ -65.244912, -17.882392 ], [ -65.245091, -17.882309 ], [ -65.245469, -17.881936 ], [ -65.245703, -17.881518 ], [ -65.245977, -17.880581 ], [ -65.246094, -17.879623 ], [ -65.246153, -17.878747 ], [ -65.246302, -17.8775 ], [ -65.246471, -17.876726 ], [ -65.246837, -17.875535 ], [ -65.246869, -17.875315 ], [ -65.246841, -17.875016 ], [ -65.246202, -17.874009 ], [ -65.245604, -17.872598 ], [ -65.245564, -17.872333 ], [ -65.245592, -17.871791 ], [ -65.245764, -17.871213 ], [ -65.245803, -17.870659 ], [ -65.245942, -17.8703 ], [ -65.246188, -17.869882 ], [ -65.246443, -17.869315 ], [ -65.246486, -17.86898 ], [ -65.246486, -17.868219 ], [ -65.246684, -17.867768 ], [ -65.246873, -17.867593 ], [ -65.248087, -17.866922 ], [ -65.248382, -17.866619 ], [ -65.248629, -17.866282 ], [ -65.249337, -17.865479 ], [ -65.250855, -17.864342 ], [ -65.251335, -17.863992 ], [ -65.25142, -17.863946 ], [ -65.25189, -17.863558 ], [ -65.252205, -17.863168 ], [ -65.252267, -17.862868 ], [ -65.252268, -17.862603 ], [ -65.252281, -17.862557 ], [ -65.25221, -17.862303 ], [ -65.252163, -17.862014 ], [ -65.252178, -17.861611 ], [ -65.252264, -17.86122 ], [ -65.252338, -17.860978 ], [ -65.252544, -17.860507 ], [ -65.25298, -17.859922 ], [ -65.253717, -17.8592 ], [ -65.254079, -17.858961 ], [ -65.254476, -17.858779 ], [ -65.254657, -17.858757 ], [ -65.254825, -17.858712 ], [ -65.255065, -17.85868 ], [ -65.25527, -17.858681 ], [ -65.255593, -17.858845 ], [ -65.255797, -17.858927 ], [ -65.255893, -17.858951 ], [ -65.256205, -17.858953 ], [ -65.256554, -17.858898 ], [ -65.256951, -17.858785 ], [ -65.257059, -17.858705 ], [ -65.25776, -17.858018 ], [ -65.257808, -17.857996 ], [ -65.257821, -17.857961 ], [ -65.258183, -17.857595 ], [ -65.258448, -17.857412 ], [ -65.258449, -17.857355 ], [ -65.258546, -17.857205 ], [ -65.259271, -17.856392 ], [ -65.259476, -17.856197 ], [ -65.260043, -17.855809 ], [ -65.261006, -17.855378 ], [ -65.261355, -17.855265 ], [ -65.261705, -17.855118 ], [ -65.261705, -17.855094 ], [ -65.261753, -17.855095 ], [ -65.262248, -17.854683 ], [ -65.262913, -17.853915 ], [ -65.263202, -17.853641 ], [ -65.263287, -17.853584 ], [ -65.263577, -17.853182 ], [ -65.263735, -17.852906 ], [ -65.263808, -17.852711 ], [ -65.264051, -17.852251 ], [ -65.264184, -17.852056 ], [ -65.264389, -17.851942 ], [ -65.264691, -17.851702 ], [ -65.26486, -17.851496 ], [ -65.26507, -17.850564 ], [ -65.265143, -17.850299 ], [ -65.265253, -17.849988 ], [ -65.265399, -17.849678 ], [ -65.265532, -17.849483 ], [ -65.26581, -17.849162 ], [ -65.266245, -17.848819 ], [ -65.266582, -17.848637 ], [ -65.267075, -17.848468 ], [ -65.267304, -17.848446 ], [ -65.267352, -17.848423 ], [ -65.267821, -17.848358 ], [ -65.268398, -17.848166 ], [ -65.268795, -17.848099 ], [ -65.269217, -17.847906 ], [ -65.269866, -17.847772 ], [ -65.270082, -17.847751 ], [ -65.270599, -17.847778 ], [ -65.271007, -17.84778 ], [ -65.27168, -17.847704 ], [ -65.271873, -17.847648 ], [ -65.271993, -17.847557 ], [ -65.27215, -17.847466 ], [ -65.272282, -17.847432 ], [ -65.272752, -17.84717 ], [ -65.273018, -17.846941 ], [ -65.273331, -17.846724 ], [ -65.273597, -17.846496 ], [ -65.273838, -17.846336 ], [ -65.274237, -17.845912 ], [ -65.274551, -17.845499 ], [ -65.274709, -17.845247 ], [ -65.274782, -17.84504 ], [ -65.274812, -17.844025 ], [ -65.274482, -17.842916 ], [ -65.274579, -17.842663 ], [ -65.2747, -17.842502 ], [ -65.274857, -17.84233 ], [ -65.275486, -17.841539 ], [ -65.275874, -17.840896 ], [ -65.27596, -17.840643 ], [ -65.276105, -17.840367 ], [ -65.276179, -17.840137 ], [ -65.276397, -17.839758 ], [ -65.276481, -17.839667 ], [ -65.276699, -17.839484 ], [ -65.276999, -17.83944 ], [ -65.277095, -17.839475 ], [ -65.277527, -17.839536 ], [ -65.278248, -17.839552 ], [ -65.278464, -17.839519 ], [ -65.278994, -17.839315 ], [ -65.278994, -17.839315 ], [ -65.279789, -17.83894 ], [ -65.280078, -17.838769 ], [ -65.280102, -17.838769 ], [ -65.280102, -17.838746 ], [ -65.280475, -17.83868 ], [ -65.2808, -17.838544 ], [ -65.281557, -17.838411 ], [ -65.282362, -17.838428 ], [ -65.282542, -17.838464 ], [ -65.282962, -17.838593 ], [ -65.283285, -17.838711 ], [ -65.283525, -17.838817 ], [ -65.283741, -17.838876 ], [ -65.283993, -17.838924 ], [ -65.284221, -17.838925 ], [ -65.284401, -17.838903 ], [ -65.284534, -17.838847 ], [ -65.284739, -17.838721 ], [ -65.285583, -17.838001 ], [ -65.285921, -17.837772 ], [ -65.285957, -17.837727 ], [ -65.285982, -17.837634 ], [ -65.28623, -17.837286 ], [ -65.286248, -17.837256 ], [ -65.286297, -17.837188 ], [ -65.28646, -17.837042 ], [ -65.286608, -17.836813 ], [ -65.286708, -17.836701 ], [ -65.2868, -17.836625 ], [ -65.286907, -17.836541 ], [ -65.287035, -17.836415 ], [ -65.287249, -17.836268 ], [ -65.287484, -17.83612 ], [ -65.287777, -17.835951 ], [ -65.288176, -17.835822 ], [ -65.288877, -17.835561 ], [ -65.289094, -17.83552 ], [ -65.28913, -17.835486 ], [ -65.289166, -17.835487 ], [ -65.289336, -17.835399 ], [ -65.289495, -17.835253 ], [ -65.289718, -17.834924 ], [ -65.289768, -17.834799 ], [ -65.289855, -17.834651 ], [ -65.290133, -17.833968 ], [ -65.290162, -17.83375 ], [ -65.290228, -17.833453 ], [ -65.290291, -17.833305 ], [ -65.290409, -17.832802 ], [ -65.290576, -17.832254 ], [ -65.290702, -17.831992 ], [ -65.29079, -17.831764 ], [ -65.290915, -17.831514 ], [ -65.291052, -17.83131 ], [ -65.291175, -17.831163 ], [ -65.29126, -17.831096 ], [ -65.291334, -17.831006 ], [ -65.291443, -17.830928 ], [ -65.291652, -17.830679 ], [ -65.29185, -17.830408 ], [ -65.292114, -17.829827 ], [ -65.292178, -17.829599 ], [ -65.292195, -17.829381 ], [ -65.292188, -17.829151 ], [ -65.292146, -17.82884 ], [ -65.291944, -17.828146 ], [ -65.291936, -17.827985 ], [ -65.291957, -17.827549 ], [ -65.291984, -17.827365 ], [ -65.292433, -17.825364 ], [ -65.292497, -17.825182 ], [ -65.292537, -17.82501 ], [ -65.292587, -17.824896 ], [ -65.292601, -17.824816 ], [ -65.292638, -17.824759 ], [ -65.292651, -17.824702 ], [ -65.292713, -17.824589 ], [ -65.292803, -17.824326 ], [ -65.292936, -17.823651 ], [ -65.292943, -17.823341 ], [ -65.292923, -17.823145 ], [ -65.292928, -17.822904 ], [ -65.292906, -17.822789 ], [ -65.292905, -17.822249 ], [ -65.292849, -17.822064 ], [ -65.292699, -17.82121 ], [ -65.292631, -17.820439 ], [ -65.292635, -17.820243 ], [ -65.292661, -17.820141 ], [ -65.292748, -17.81997 ], [ -65.292822, -17.819891 ], [ -65.292944, -17.819802 ], [ -65.293331, -17.819626 ], [ -65.294044, -17.819354 ], [ -65.294261, -17.819324 ], [ -65.294357, -17.819292 ], [ -65.294465, -17.819294 ], [ -65.294514, -17.819272 ], [ -65.29455, -17.819273 ], [ -65.294731, -17.81922 ], [ -65.29484, -17.819153 ], [ -65.295122, -17.818872 ], [ -65.295295, -17.8186 ], [ -65.295408, -17.818338 ], [ -65.295448, -17.818189 ], [ -65.295598, -17.817871 ], [ -65.295647, -17.817826 ], [ -65.295648, -17.817791 ], [ -65.295797, -17.817507 ], [ -65.29597, -17.817293 ], [ -65.29619, -17.817067 ], [ -65.296699, -17.816814 ], [ -65.296844, -17.816794 ], [ -65.297303, -17.816597 ], [ -65.297461, -17.816509 ], [ -65.29762, -17.816386 ], [ -65.297841, -17.816137 ], [ -65.297916, -17.815955 ], [ -65.298103, -17.815603 ], [ -65.298292, -17.81517 ], [ -65.298319, -17.815033 ], [ -65.298534, -17.814509 ], [ -65.298571, -17.814452 ], [ -65.298559, -17.814452 ], [ -65.298559, -17.814429 ], [ -65.298488, -17.814382 ], [ -65.298512, -17.814382 ], [ -65.298412, -17.814001 ], [ -65.298273, -17.813745 ], [ -65.298093, -17.813167 ], [ -65.297944, -17.812865 ], [ -65.297855, -17.812518 ], [ -65.297862, -17.812196 ], [ -65.297891, -17.811921 ], [ -65.297929, -17.811819 ], [ -65.298079, -17.811558 ], [ -65.298385, -17.811231 ], [ -65.298616, -17.811063 ], [ -65.299185, -17.810834 ], [ -65.299716, -17.81065 ], [ -65.300202, -17.810385 ], [ -65.300871, -17.809894 ], [ -65.300933, -17.809814 ], [ -65.301188, -17.809636 ], [ -65.301529, -17.809425 ], [ -65.301879, -17.809306 ], [ -65.302155, -17.809266 ], [ -65.302263, -17.809268 ], [ -65.302372, -17.809225 ], [ -65.302637, -17.809173 ], [ -65.302758, -17.809118 ], [ -65.303001, -17.808974 ], [ -65.303111, -17.808861 ], [ -65.303419, -17.808466 ], [ -65.303578, -17.808308 ], [ -65.304142, -17.808309 ], [ -65.304299, -17.808266 ], [ -65.304658, -17.808274 ], [ -65.304851, -17.808255 ], [ -65.305529, -17.807948 ], [ -65.305578, -17.807903 ], [ -65.306803, -17.807205 ], [ -65.3069, -17.807184 ], [ -65.307761, -17.806697 ], [ -65.308214, -17.806235 ], [ -65.308461, -17.805919 ], [ -65.308536, -17.805736 ], [ -65.30855, -17.805656 ], [ -65.308542, -17.805449 ], [ -65.308558, -17.805289 ], [ -65.308583, -17.805209 ], [ -65.308585, -17.805105 ], [ -65.308713, -17.804706 ], [ -65.308825, -17.804502 ], [ -65.308914, -17.804274 ], [ -65.308979, -17.804045 ], [ -65.309131, -17.803646 ], [ -65.309231, -17.803442 ], [ -65.309466, -17.803102 ], [ -65.309711, -17.802843 ], [ -65.310224, -17.802406 ], [ -65.310588, -17.802183 ], [ -65.310799, -17.801855 ], [ -65.310973, -17.801525 ], [ -65.311157, -17.801322 ], [ -65.311292, -17.801199 ], [ -65.311365, -17.801154 ], [ -65.311788, -17.800968 ], [ -65.31239, -17.800866 ], [ -65.312499, -17.800834 ], [ -65.312644, -17.800756 ], [ -65.312888, -17.800532 ], [ -65.312914, -17.800452 ], [ -65.31329, -17.799667 ], [ -65.313393, -17.799336 ], [ -65.313847, -17.798243 ], [ -65.313886, -17.798094 ], [ -65.313949, -17.797934 ], [ -65.31399, -17.797705 ], [ -65.314092, -17.797397 ], [ -65.314084, -17.797202 ], [ -65.314038, -17.797086 ], [ -65.313887, -17.796853 ], [ -65.313746, -17.796701 ], [ -65.313688, -17.796607 ], [ -65.313454, -17.796361 ], [ -65.313088, -17.796066 ], [ -65.312804, -17.795876 ], [ -65.312711, -17.795702 ], [ -65.312599, -17.795355 ], [ -65.3126, -17.795297 ], [ -65.312638, -17.795195 ], [ -65.312797, -17.795026 ], [ -65.312919, -17.794936 ], [ -65.312944, -17.794902 ], [ -65.3132, -17.79469 ], [ -65.313856, -17.79429 ], [ -65.313978, -17.794177 ], [ -65.314262, -17.793758 ], [ -65.314348, -17.793668 ], [ -65.314591, -17.793513 ], [ -65.314748, -17.793458 ], [ -65.314941, -17.793417 ], [ -65.315097, -17.793408 ], [ -65.31523, -17.793365 ], [ -65.315545, -17.7932 ], [ -65.315703, -17.7931 ], [ -65.315862, -17.792942 ], [ -65.316072, -17.792659 ], [ -65.316288, -17.792055 ], [ -65.316264, -17.792054 ], [ -65.316353, -17.791826 ], [ -65.316624, -17.791442 ], [ -65.317004, -17.791036 ], [ -65.31714, -17.790866 ], [ -65.317555, -17.790508 ], [ -65.317748, -17.79042 ], [ -65.317943, -17.790309 ], [ -65.319032, -17.789804 ], [ -65.319612, -17.789575 ], [ -65.320012, -17.789388 ], [ -65.320182, -17.789265 ], [ -65.320352, -17.789165 ], [ -65.320572, -17.788998 ], [ -65.32079, -17.788853 ], [ -65.321961, -17.787924 ], [ -65.322167, -17.787802 ], [ -65.32236, -17.787726 ], [ -65.322589, -17.787673 ], [ -65.323096, -17.787523 ], [ -65.323397, -17.787483 ], [ -65.323481, -17.787485 ], [ -65.324053, -17.787658 ], [ -65.324736, -17.787673 ], [ -65.324904, -17.787653 ], [ -65.325145, -17.787601 ], [ -65.325434, -17.787561 ], [ -65.325712, -17.787452 ], [ -65.326145, -17.787381 ], [ -65.326672, -17.787392 ], [ -65.326815, -17.78743 ], [ -65.32703, -17.787515 ], [ -65.327323, -17.787808 ], [ -65.327499, -17.788007 ], [ -65.327943, -17.787994 ], [ -65.328173, -17.787906 ], [ -65.32856, -17.787719 ], [ -65.329035, -17.787373 ], [ -65.329338, -17.78723 ], [ -65.329857, -17.787057 ], [ -65.33017, -17.787007 ], [ -65.330422, -17.787012 ], [ -65.330819, -17.786951 ], [ -65.331107, -17.786935 ], [ -65.332449, -17.786975 ], [ -65.332797, -17.786936 ], [ -65.333159, -17.786852 ], [ -65.333616, -17.786804 ], [ -65.33503, -17.786822 ], [ -65.33546, -17.7869 ], [ -65.33608, -17.787074 ], [ -65.336235, -17.787135 ], [ -65.33639, -17.787161 ], [ -65.336498, -17.787198 ], [ -65.336785, -17.787204 ], [ -65.337072, -17.787245 ], [ -65.337468, -17.787253 ], [ -65.337779, -17.787294 ], [ -65.338702, -17.787325 ], [ -65.339311, -17.787419 ], [ -65.339443, -17.787421 ], [ -65.339443, -17.787433 ], [ -65.339634, -17.787449 ], [ -65.339635, -17.787437 ], [ -65.339851, -17.787396 ], [ -65.339971, -17.787398 ], [ -65.340091, -17.787424 ], [ -65.340328, -17.787532 ], [ -65.340625, -17.787699 ], [ -65.340933, -17.787844 ], [ -65.341028, -17.787903 ], [ -65.341434, -17.788004 ], [ -65.341686, -17.787998 ], [ -65.341951, -17.787911 ], [ -65.342196, -17.787675 ], [ -65.342748, -17.787055 ], [ -65.342919, -17.786921 ], [ -65.34321, -17.786754 ], [ -65.343391, -17.786712 ], [ -65.344542, -17.786714 ], [ -65.344867, -17.78664 ], [ -65.344952, -17.786596 ], [ -65.34511, -17.786473 ], [ -65.345583, -17.786241 ], [ -65.345812, -17.786177 ], [ -65.345968, -17.786158 ], [ -65.347102, -17.786142 ], [ -65.347233, -17.786134 ], [ -65.347755, -17.786075 ], [ -65.348113, -17.785901 ], [ -65.348518, -17.785775 ], [ -65.348627, -17.78572 ], [ -65.348675, -17.785721 ], [ -65.349026, -17.78559 ], [ -65.349157, -17.785593 ], [ -65.349506, -17.785531 ], [ -65.34977, -17.785537 ], [ -65.349878, -17.785516 ], [ -65.350154, -17.785522 ], [ -65.350576, -17.785405 ], [ -65.350672, -17.785407 ], [ -65.350975, -17.785264 ], [ -65.35106, -17.785197 ], [ -65.351278, -17.785086 ], [ -65.351485, -17.784953 ], [ -65.352143, -17.784438 ], [ -65.352229, -17.784336 ], [ -65.352326, -17.784258 ], [ -65.352571, -17.783999 ], [ -65.352645, -17.783897 ], [ -65.352768, -17.783785 ], [ -65.352952, -17.783559 ], [ -65.353074, -17.783447 ], [ -65.353292, -17.783336 ], [ -65.353811, -17.783186 ], [ -65.354437, -17.783085 ], [ -65.354556, -17.783087 ], [ -65.355158, -17.782973 ], [ -65.355762, -17.782779 ], [ -65.356233, -17.782582 ], [ -65.356679, -17.782477 ], [ -65.356727, -17.782478 ], [ -65.356932, -17.782413 ], [ -65.35722, -17.782419 ], [ -65.357736, -17.782396 ], [ -65.357977, -17.782343 ], [ -65.358387, -17.782214 ], [ -65.358821, -17.782097 ], [ -65.359088, -17.781953 ], [ -65.359358, -17.781672 ], [ -65.35942, -17.78157 ], [ -65.359496, -17.781364 ], [ -65.359496, -17.781364 ], [ -65.359524, -17.781158 ], [ -65.359531, -17.780791 ], [ -65.35949, -17.780445 ], [ -65.359401, -17.780133 ], [ -65.359319, -17.780005 ], [ -65.359216, -17.779784 ], [ -65.35904, -17.779608 ], [ -65.359017, -17.77955 ], [ -65.358734, -17.779303 ], [ -65.358676, -17.779198 ], [ -65.358631, -17.779059 ], [ -65.358591, -17.778668 ], [ -65.358727, -17.778452 ], [ -65.358874, -17.778306 ], [ -65.358971, -17.778239 ], [ -65.359117, -17.778173 ], [ -65.359152, -17.778174 ], [ -65.359201, -17.778129 ], [ -65.359443, -17.778019 ], [ -65.359504, -17.778009 ], [ -65.35971, -17.777899 ], [ -65.359976, -17.777789 ], [ -65.36012, -17.777746 ], [ -65.360181, -17.777702 ], [ -65.360217, -17.777702 ], [ -65.360339, -17.777625 ], [ -65.360411, -17.777603 ], [ -65.360714, -17.777449 ], [ -65.360823, -17.777416 ], [ -65.360932, -17.777361 ], [ -65.360968, -17.777362 ], [ -65.361053, -17.777306 ], [ -65.361355, -17.777175 ], [ -65.361463, -17.777154 ], [ -65.3615, -17.777132 ], [ -65.3618, -17.777092 ], [ -65.362004, -17.777097 ], [ -65.362306, -17.777061 ], [ -65.362232, -17.777004 ], [ -65.326914, -17.758822 ], [ -65.325053, -17.758561 ], [ -65.321903, -17.758119 ], [ -65.293624, -17.754144 ], [ -65.293528, -17.75413 ], [ -65.285077, -17.762005 ], [ -65.271132, -17.774997 ], [ -65.271132, -17.774996 ], [ -65.271132, -17.774996 ], [ -65.249261, -17.749022 ], [ -65.254366, -17.739379 ], [ -65.278405, -17.711658 ], [ -65.281814, -17.706451 ], [ -65.280548, -17.704943 ], [ -65.280536, -17.704908 ], [ -65.280404, -17.704771 ], [ -65.280019, -17.704254 ], [ -65.280006, -17.704219 ], [ -65.279561, -17.703737 ], [ -65.278852, -17.703013 ], [ -65.277697, -17.7016 ], [ -65.276711, -17.700451 ], [ -65.276218, -17.69998 ], [ -65.275593, -17.699521 ], [ -65.275593, -17.699521 ], [ -65.274921, -17.698993 ], [ -65.274921, -17.698993 ], [ -65.274272, -17.698395 ], [ -65.273707, -17.697775 ], [ -65.273153, -17.697028 ], [ -65.272635, -17.696167 ], [ -65.27249, -17.69596 ], [ -65.272142, -17.695661 ], [ -65.271722, -17.695397 ], [ -65.271722, -17.695397 ], [ -65.271181, -17.694984 ], [ -65.271181, -17.694983 ], [ -65.270652, -17.694467 ], [ -65.270135, -17.693881 ], [ -65.269425, -17.692904 ], [ -65.26898, -17.69241 ], [ -65.26856, -17.692066 ], [ -65.268559, -17.692066 ], [ -65.26644, -17.689886 ], [ -65.262145, -17.686609 ], [ -65.261689, -17.686506 ], [ -65.261533, -17.686449 ], [ -65.261533, -17.686449 ], [ -65.261533, -17.686449 ], [ -65.261317, -17.686265 ], [ -65.261125, -17.686046 ], [ -65.260944, -17.685771 ], [ -65.260642, -17.685104 ], [ -65.260558, -17.685024 ], [ -65.26051, -17.685001 ], [ -65.260235, -17.684944 ], [ -65.259396, -17.68484 ], [ -65.25839, -17.684634 ], [ -65.257539, -17.684381 ], [ -65.256807, -17.684083 ], [ -65.256807, -17.684083 ], [ -65.256147, -17.683738 ], [ -65.256147, -17.683738 ], [ -65.255559, -17.683359 ], [ -65.255559, -17.683359 ], [ -65.255031, -17.683049 ], [ -65.255031, -17.683049 ], [ -65.25454, -17.682808 ], [ -65.253988, -17.682704 ], [ -65.253246, -17.682659 ], [ -65.252671, -17.682682 ], [ -65.252264, -17.682682 ], [ -65.252264, -17.682682 ], [ -65.25206, -17.682555 ], [ -65.25206, -17.682555 ], [ -65.251628, -17.682142 ], [ -65.251219, -17.681659 ], [ -65.250606, -17.680993 ], [ -65.249909, -17.680384 ], [ -65.249909, -17.680384 ], [ -65.249081, -17.679775 ], [ -65.24908, -17.679775 ], [ -65.24812, -17.679143 ], [ -65.24812, -17.679143 ], [ -65.246956, -17.678443 ], [ -65.246956, -17.678443 ], [ -65.24602, -17.677684 ], [ -65.24602, -17.677684 ], [ -65.24399, -17.675996 ], [ -65.243041, -17.675168 ], [ -65.240457, -17.67431 ], [ -65.240457, -17.67431 ], [ -65.237538, -17.672506 ], [ -65.237538, -17.672506 ], [ -65.24064, -17.665891 ], [ -65.243118, -17.660642 ], [ -65.246166, -17.655084 ], [ -65.248143, -17.651941 ], [ -65.251565, -17.647171 ], [ -65.254976, -17.640911 ], [ -65.254989, -17.635194 ], [ -65.255385, -17.633257 ], [ -65.259265, -17.627898 ], [ -65.263825, -17.623176 ], [ -65.264216, -17.622419 ], [ -65.26424, -17.621532 ], [ -65.264186, -17.621118 ], [ -65.264183, -17.6209 ], [ -65.264285, -17.620462 ], [ -65.264542, -17.619988 ], [ -65.264858, -17.619503 ], [ -65.265152, -17.619098 ], [ -65.26543, -17.618441 ], [ -65.265597, -17.617565 ], [ -65.26568, -17.616632 ], [ -65.265645, -17.615885 ], [ -65.26538, -17.614851 ], [ -65.265298, -17.61415 ], [ -65.265322, -17.613298 ], [ -65.265321, -17.612389 ], [ -65.265067, -17.611355 ], [ -65.264634, -17.610299 ], [ -65.264227, -17.609485 ], [ -65.263716, -17.608832 ], [ -65.263302, -17.60834 ], [ -65.262813, -17.607619 ], [ -65.262481, -17.607 ], [ -65.262135, -17.606185 ], [ -65.261596, -17.604474 ], [ -65.261299, -17.60374 ], [ -65.260871, -17.603098 ], [ -65.260314, -17.602642 ], [ -65.260314, -17.602641 ], [ -65.259732, -17.602128 ], [ -65.259268, -17.601475 ], [ -65.25859, -17.600006 ], [ -65.25804, -17.599228 ], [ -65.257396, -17.598484 ], [ -65.256489, -17.597811 ], [ -65.256489, -17.597811 ], [ -65.255679, -17.597241 ], [ -65.255679, -17.597241 ], [ -65.254375, -17.596433 ], [ -65.254375, -17.596433 ], [ -65.253133, -17.595773 ], [ -65.253133, -17.595773 ], [ -65.252747, -17.595523 ], [ -65.251059, -17.59539 ], [ -65.250144, -17.595226 ], [ -65.250144, -17.595226 ], [ -65.249407, -17.594709 ], [ -65.249407, -17.594709 ], [ -65.253016, -17.592529 ], [ -65.253694, -17.592191 ], [ -65.254312, -17.591911 ], [ -65.254836, -17.5917 ], [ -65.256039, -17.591313 ], [ -65.256884, -17.590962 ], [ -65.257811, -17.590461 ], [ -65.258713, -17.589949 ], [ -65.259865, -17.58932 ], [ -65.260792, -17.588853 ], [ -65.261768, -17.588432 ], [ -65.26247, -17.588163 ], [ -65.264437, -17.587575 ], [ -65.265617, -17.587199 ], [ -65.266461, -17.586848 ], [ -65.269154, -17.582578 ], [ -65.273314, -17.579554 ], [ -65.297767, -17.555213 ], [ -65.300202, -17.55225 ], [ -65.323469, -17.537535 ], [ -65.339969, -17.52015 ], [ -65.344013, -17.514843 ], [ -65.344011, -17.514838 ], [ -65.33912, -17.497568 ], [ -65.339146, -17.496804 ], [ -65.337927, -17.493463 ], [ -65.338002, -17.491472 ], [ -65.337305, -17.488352 ], [ -65.338075, -17.485432 ], [ -65.337516, -17.479945 ], [ -65.337734, -17.478338 ], [ -65.337549, -17.476354 ], [ -65.338417, -17.475009 ], [ -65.332965, -17.472664 ], [ -65.333341, -17.470979 ], [ -65.333714, -17.468988 ], [ -65.335453, -17.468051 ], [ -65.335516, -17.466751 ], [ -65.334134, -17.465339 ], [ -65.333794, -17.465209 ], [ -65.333264, -17.464961 ], [ -65.332899, -17.464657 ], [ -65.332762, -17.464542 ], [ -65.332428, -17.464219 ], [ -65.332305, -17.464025 ], [ -65.331735, -17.463663 ], [ -65.33011, -17.462988 ], [ -65.329486, -17.462085 ], [ -65.329587, -17.460799 ], [ -65.329378, -17.460538 ], [ -65.329037, -17.460058 ], [ -65.328871, -17.45984 ], [ -65.328672, -17.459579 ], [ -65.328402, -17.45903 ], [ -65.328276, -17.458479 ], [ -65.32827, -17.458436 ], [ -65.328207, -17.45799 ], [ -65.327193, -17.456993 ], [ -65.325508, -17.455943 ], [ -65.322525, -17.453504 ], [ -65.322317, -17.451727 ], [ -65.321827, -17.449598 ], [ -65.320155, -17.449262 ], [ -65.31859, -17.450081 ], [ -65.318669, -17.449013 ], [ -65.318275, -17.447149 ], [ -65.316879, -17.446721 ], [ -65.313906, -17.446133 ], [ -65.314539, -17.44488 ], [ -65.314631, -17.443031 ], [ -65.312911, -17.440719 ], [ -65.310754, -17.438609 ], [ -65.308459, -17.43838 ], [ -65.3059, -17.428436 ], [ -65.306336, -17.426297 ], [ -65.306372, -17.426253 ], [ -65.306439, -17.426048 ], [ -65.30648, -17.425922 ], [ -65.306527, -17.425808 ], [ -65.30671, -17.425365 ], [ -65.307233, -17.424946 ], [ -65.307369, -17.424857 ], [ -65.307664, -17.424664 ], [ -65.308891, -17.423154 ], [ -65.310011, -17.419612 ], [ -65.310584, -17.417797 ], [ -65.310678, -17.415076 ], [ -65.311337, -17.414643 ], [ -65.311356, -17.414559 ], [ -65.311469, -17.413984 ], [ -65.311631, -17.413453 ], [ -65.311696, -17.412883 ], [ -65.310499, -17.411038 ], [ -65.308238, -17.40804 ], [ -65.304977, -17.407889 ], [ -65.304146, -17.406842 ], [ -65.304293, -17.403728 ], [ -65.302036, -17.401085 ], [ -65.293818, -17.395843 ], [ -65.292856, -17.393008 ], [ -65.291164, -17.39107 ], [ -65.288921, -17.389495 ], [ -65.287426, -17.388445 ], [ -65.28539, -17.388557 ], [ -65.284264, -17.387414 ], [ -65.28344, -17.388224 ], [ -65.283073, -17.388447 ], [ -65.283032, -17.388511 ], [ -65.282918, -17.388687 ], [ -65.282516, -17.389151 ], [ -65.281993, -17.389478 ], [ -65.28142, -17.389644 ], [ -65.281102, -17.389749 ], [ -65.278759, -17.391746 ], [ -65.276174, -17.392487 ], [ -65.274253, -17.394466 ], [ -65.272022, -17.393869 ], [ -65.271263, -17.392365 ], [ -65.270778, -17.390592 ], [ -65.270297, -17.389174 ], [ -65.268342, -17.388396 ], [ -65.266769, -17.388592 ], [ -65.266473, -17.387083 ], [ -65.266018, -17.384462 ], [ -65.266007, -17.384278 ], [ -65.263551, -17.383024 ], [ -65.259946, -17.383688 ], [ -65.25818, -17.383174 ], [ -65.257406, -17.381777 ], [ -65.257123, -17.380073 ], [ -65.257561, -17.378022 ], [ -65.256872, -17.377457 ], [ -65.256862, -17.37746 ], [ -65.256502, -17.377561 ], [ -65.255339, -17.378136 ], [ -65.252868, -17.37952 ], [ -65.249499, -17.377846 ], [ -65.248284, -17.375534 ], [ -65.245745, -17.373797 ], [ -65.244886, -17.37176 ], [ -65.241173, -17.37109 ], [ -65.23677, -17.369766 ], [ -65.233538, -17.367885 ], [ -65.231289, -17.365775 ], [ -65.230605, -17.362847 ], [ -65.228378, -17.362554 ], [ -65.225174, -17.360431 ], [ -65.224712, -17.35811 ], [ -65.226538, -17.355865 ], [ -65.22474, -17.352772 ], [ -65.226766, -17.349495 ], [ -65.227511, -17.34438 ], [ -65.231085, -17.341227 ], [ -65.232152, -17.337568 ], [ -65.231911, -17.332945 ], [ -65.229937, -17.330565 ], [ -65.229625, -17.327722 ], [ -65.22801, -17.32436 ], [ -65.228159, -17.323656 ], [ -65.228155, -17.323555 ], [ -65.228258, -17.322948 ], [ -65.228436, -17.322307 ], [ -65.228455, -17.322266 ], [ -65.228711, -17.321061 ], [ -65.229253, -17.321151 ], [ -65.229951, -17.320871 ], [ -65.230593, -17.320844 ], [ -65.231129, -17.320823 ], [ -65.23159, -17.320649 ], [ -65.23205, -17.320379 ], [ -65.232346, -17.319998 ], [ -65.232608, -17.319512 ], [ -65.232815, -17.319001 ], [ -65.233017, -17.318502 ], [ -65.233032, -17.318429 ], [ -65.233025, -17.3179 ], [ -65.231437, -17.316761 ], [ -65.229118, -17.316431 ], [ -65.226971, -17.314049 ], [ -65.227033, -17.312451 ], [ -65.229578, -17.308509 ], [ -65.231948, -17.30537 ], [ -65.23172, -17.301814 ], [ -65.235125, -17.300086 ], [ -65.236284, -17.296294 ], [ -65.236211, -17.295949 ], [ -65.236113, -17.295374 ], [ -65.236088, -17.294776 ], [ -65.236093, -17.294653 ], [ -65.235598, -17.293231 ], [ -65.235766, -17.291806 ], [ -65.236298, -17.291439 ], [ -65.236293, -17.291419 ], [ -65.236603, -17.290889 ], [ -65.23679, -17.290743 ], [ -65.237105, -17.290498 ], [ -65.237583, -17.290152 ], [ -65.237948, -17.289837 ], [ -65.238036, -17.289761 ], [ -65.238562, -17.289369 ], [ -65.238901, -17.289024 ], [ -65.239143, -17.287766 ], [ -65.238464, -17.285194 ], [ -65.237048, -17.282986 ], [ -65.237673, -17.281022 ], [ -65.236423, -17.277211 ], [ -65.236814, -17.276374 ], [ -65.236871, -17.276011 ], [ -65.237058, -17.275754 ], [ -65.237736, -17.270918 ], [ -65.237717, -17.270698 ], [ -65.23774, -17.270123 ], [ -65.23781, -17.269571 ], [ -65.237991, -17.269104 ], [ -65.237991, -17.269099 ], [ -65.237993, -17.269098 ], [ -65.238024, -17.269019 ], [ -65.238501, -17.268628 ], [ -65.238678, -17.268535 ], [ -65.239027, -17.268351 ], [ -65.239673, -17.268166 ], [ -65.240247, -17.26805 ], [ -65.240869, -17.267866 ], [ -65.241002, -17.267813 ], [ -65.241399, -17.267656 ], [ -65.241578, -17.26753 ], [ -65.241921, -17.267289 ], [ -65.242447, -17.266944 ], [ -65.242834, -17.266733 ], [ -65.243593, -17.2653 ], [ -65.241073, -17.263638 ], [ -65.240807, -17.263259 ], [ -65.240712, -17.263198 ], [ -65.240304, -17.262738 ], [ -65.240277, -17.26271 ], [ -65.239919, -17.262325 ], [ -65.239702, -17.261819 ], [ -65.239689, -17.261662 ], [ -65.239095, -17.260814 ], [ -65.240244, -17.256265 ], [ -65.242712, -17.253657 ], [ -65.241947, -17.251709 ], [ -65.243651, -17.247154 ], [ -65.242795, -17.245206 ], [ -65.2432, -17.240487 ], [ -65.244915, -17.238069 ], [ -65.237357, -17.229363 ], [ -65.208837, -17.208828 ], [ -65.182177, -17.139423 ], [ -65.177251, -17.142915 ] ] ] ] } }
]
}
