{
"type": "FeatureCollection",
"name": "COCHABAMBA",
"crs": { "type": "name", "properties": { "name": "urn:ogc:def:crs:OGC:1.3:CRS84" } },
"bbox": [ -67.005947, -18.681702, -64.188284, -15.702382 ],                                                                        
"features": [
{ "type": "Feature", "properties": { "FID_LIMITE": 8, "FID_Limi_1": -1, "FID_MUNICI": 0, "FID_muni_1": 0, "UPTE_MUNIC": "Aiquile", "AREAMUN": 0.0, "AREABAS": 0.0, "area_defin": 0.0, "regiones": "Cono Sur", "FID_ragayp": 0, "Name": null, "descriptio": null, "timestamp": null, "begin": null, "end": null, "altitudeMo": null, "tessellate": 0, "extrude": 0, "visibility": 0, "drawOrder": 0, "icon": null, "OBJECTID": 0, "SUPERF_KM2": 0.0, "DEPARTAMEN": null, "PROVINCIA": null, "F_LEY_PROV": null, "COD_MUN": null, "COD_PROV": null, "TIOC": null, "F_LEY_TIOC": null, "COD_TIOC": null, "FID_raga_1": 0, "Name_1": null, "descript_1": null, "timestam_1": null, "begin_1": null, "end_1": null, "altitude_1": null, "tessella_1": 0, "extrude_1": 0, "visibili_1": 0, "drawOrde_1": 0, "icon_1": null, "OBJECTID_1": 0, "SUPERF_K_1": 0.0, "DEPARTAM_1": null, "PROVINCI_1": null, "F_LEY_PR_1": null, "COD_MUN_1": null, "COD_PROV_1": null, "TIOC_1": null, "F_LEY_TI_1": null, "FID_MAPA_B": 8, "OBJECTID_2": 277, "CODIGO": "030201", "COD_DEP": "3", "NOM_DEP": "Cochabamba", "COD_PROV_2": "2", "NOM_PROV": "Campero", "COD_MUN_12": "1", "NOM_MUN": "Aiquile", "Shape_Leng": 268962.71891400003, "Shape_Area": 2719469103.0, "AREA_has": 271928.43910600001 }, "bbox": [ -67.005947, -18.681702, -64.188284, -15.702382 ], "geometry": { "type": "MultiLineString", "coordinates": [ [ [ -66.217835, -16.920003 ], [ -66.217789, -16.919571 ] ], [ [ -66.217835, -16.920003 ], [ -66.217787, -16.920087 ] ], [ [ -66.217787, -16.920087 ], [ -66.21779, -16.920074 ], [ -66.217835, -16.920003 ] ], [ [ -66.217787, -16.920087 ], [ -66.21777, -16.920166 ], [ -66.217736, -16.920213 ], [ -66.217693, -16.920341 ], [ -66.217657, -16.920354 ], [ -66.217624, -16.920435 ], [ -66.217591, -16.920493 ], [ -66.217579, -16.920494 ], [ -66.217522, -16.920576 ], [ -66.217485, -16.920614 ] ], [ [ -66.217485, -16.920614 ], [ -66.217787, -16.920087 ] ], [ [ -66.217485, -16.920614 ], [ -66.217483, -16.920618 ], [ -66.217476, -16.920623 ], [ -66.217485, -16.920614 ] ], [ [ -65.828733, -17.987084 ], [ -65.828738, -17.987095 ], [ -65.828905, -17.98727 ], [ -65.82923, -17.987599 ], [ -65.829616, -17.98815 ], [ -65.832014, -17.992882 ], [ -65.833919, -17.991068 ], [ -65.8353, -17.989413 ], [ -65.839577, -17.985829 ], [ -65.842278, -17.984324 ], [ -65.844455, -17.980954 ], [ -65.847754, -17.980239 ], [ -65.85053, -17.978519 ], [ -65.854158, -17.977397 ], [ -65.859167, -17.974561 ], [ -65.863342, -17.97066 ], [ -65.866252, -17.969572 ], [ -65.867858, -17.970445 ], [ -65.869596, -17.971511 ], [ -65.871542, -17.973442 ], [ -65.872861, -17.976371 ], [ -65.874876, -17.978302 ], [ -65.877518, -17.978836 ], [ -65.880299, -17.980302 ], [ -65.882732, -17.982033 ], [ -65.884212, -17.981751 ], [ -65.886627, -17.981636 ], [ -65.888992, -17.982282 ], [ -65.890103, -17.982902 ], [ -65.89038, -17.984566 ], [ -65.890519, -17.985897 ], [ -65.89191, -17.986098 ], [ -65.8933, -17.986032 ], [ -65.895179, -17.985434 ], [ -65.896708, -17.986699 ], [ -65.897124, -17.988296 ], [ -65.897889, -17.989495 ], [ -65.899071, -17.98863 ], [ -65.900393, -17.988098 ], [ -65.901645, -17.9873 ], [ -65.904496, -17.987834 ], [ -65.906582, -17.988833 ], [ -65.908529, -17.990298 ], [ -65.91131, -17.991364 ], [ -65.912884, -17.99261 ], [ -65.91423, -17.993894 ], [ -65.915621, -17.993961 ], [ -65.918125, -17.99323 ], [ -65.919794, -17.992299 ], [ -65.921533, -17.992633 ], [ -65.923063, -17.993765 ], [ -65.924592, -17.995629 ], [ -65.926609, -17.996095 ], [ -65.928486, -17.996429 ], [ -65.930295, -17.995697 ], [ -65.931895, -17.993235 ], [ -65.9328, -17.991106 ], [ -65.933288, -17.988112 ], [ -65.935306, -17.984785 ], [ -65.937218, -17.982054 ], [ -65.938715, -17.982058 ], [ -65.939897, -17.982923 ], [ -65.941218, -17.98279 ], [ -65.943722, -17.980196 ], [ -65.943375, -17.978266 ], [ -65.943153, -17.975552 ], [ -65.944054, -17.972826 ], [ -65.943305, -17.970027 ], [ -65.94308, -17.968592 ], [ -65.943396, -17.967099 ], [ -65.944356, -17.965292 ], [ -65.945481, -17.962351 ], [ -65.944732, -17.960485 ], [ -65.944807, -17.959624 ], [ -65.945707, -17.958405 ], [ -65.947282, -17.958118 ], [ -65.949306, -17.958406 ], [ -65.950431, -17.958047 ], [ -65.951031, -17.957043 ], [ -65.951256, -17.955493 ], [ -65.951434, -17.952943 ], [ -65.952552, -17.951423 ], [ -65.953483, -17.950758 ], [ -65.955558, -17.950349 ], [ -65.957704, -17.950085 ], [ -65.958379, -17.949511 ], [ -65.959429, -17.949152 ], [ -65.960403, -17.949368 ], [ -65.961303, -17.950085 ], [ -65.961452, -17.950946 ], [ -65.961302, -17.952309 ], [ -65.961552, -17.953372 ], [ -65.961527, -17.954443 ], [ -65.961976, -17.955825 ], [ -65.962951, -17.956687 ], [ -65.964975, -17.956902 ], [ -65.9661, -17.956045 ], [ -65.96817, -17.954762 ], [ -65.969145, -17.954762 ], [ -65.96997, -17.95426 ], [ -65.972294, -17.948807 ], [ -65.973194, -17.948018 ], [ -65.974694, -17.947205 ], [ -65.980166, -17.942997 ], [ -65.982179, -17.942277 ], [ -65.984948, -17.94055 ], [ -65.986164, -17.939553 ], [ -65.986314, -17.938549 ], [ -65.987909, -17.936296 ], [ -65.989087, -17.93532 ], [ -65.990028, -17.93527 ], [ -65.990961, -17.934746 ], [ -65.991336, -17.933813 ], [ -65.991186, -17.932594 ], [ -65.991336, -17.931661 ], [ -65.99276, -17.9308 ], [ -65.992835, -17.929724 ], [ -65.992565, -17.92879 ], [ -65.992611, -17.927643 ], [ -65.993248, -17.926321 ], [ -65.993733, -17.924712 ], [ -65.99375, -17.922835 ], [ -65.99366, -17.921401 ], [ -65.994314, -17.920281 ], [ -65.995503, -17.919816 ], [ -65.998017, -17.917213 ], [ -66.001614, -17.914702 ], [ -66.002139, -17.912908 ], [ -66.002888, -17.912693 ], [ -66.004387, -17.912621 ], [ -66.005391, -17.911854 ], [ -66.006066, -17.910706 ], [ -66.007639, -17.909845 ], [ -66.009738, -17.91006 ], [ -66.011887, -17.908501 ], [ -66.013161, -17.906492 ], [ -66.013685, -17.899891 ], [ -66.015034, -17.897523 ], [ -66.015184, -17.891783 ], [ -66.017357, -17.890204 ], [ -66.020204, -17.886186 ], [ -66.020504, -17.884177 ], [ -66.018255, -17.881163 ], [ -66.019004, -17.879656 ], [ -66.022826, -17.878293 ], [ -66.025748, -17.87614 ], [ -66.027696, -17.872408 ], [ -66.027021, -17.869297 ], [ -66.027171, -17.866786 ], [ -66.028145, -17.865781 ], [ -66.030018, -17.865924 ], [ -66.031666, -17.864991 ], [ -66.032565, -17.863269 ], [ -66.03279, -17.860901 ], [ -66.033838, -17.858246 ], [ -66.034384, -17.856259 ], [ -66.034385, -17.85626 ], [ -66.034587, -17.855524 ], [ -66.036759, -17.8533 ], [ -66.040505, -17.852079 ], [ -66.042753, -17.8505 ], [ -66.043052, -17.847845 ], [ -66.04485, -17.846482 ], [ -66.045449, -17.845405 ], [ -66.045223, -17.842679 ], [ -66.047096, -17.840526 ], [ -66.047596, -17.83928 ], [ -66.050893, -17.839494 ], [ -66.052466, -17.840068 ], [ -66.055312, -17.837986 ], [ -66.057484, -17.832963 ], [ -66.058532, -17.831241 ], [ -66.061079, -17.830738 ], [ -66.06415, -17.829876 ], [ -66.066472, -17.828727 ], [ -66.067745, -17.827363 ], [ -66.070292, -17.826717 ], [ -66.073063, -17.824635 ], [ -66.077932, -17.821978 ], [ -66.081603, -17.822264 ], [ -66.0834, -17.820541 ], [ -66.084222, -17.816738 ], [ -66.086918, -17.814369 ], [ -66.08939, -17.81322 ], [ -66.091037, -17.811712 ], [ -66.096879, -17.810776 ], [ -66.101257, -17.808354 ], [ -66.105169, -17.807619 ], [ -66.108956, -17.806039 ], [ -66.111262, -17.806354 ], [ -66.120975, -17.800038 ], [ -66.124762, -17.798774 ], [ -66.126902, -17.797353 ], [ -66.128191, -17.796376 ], [ -66.130029, -17.794984 ], [ -66.134474, -17.793877 ], [ -66.137947, -17.793197 ], [ -66.137953, -17.793197 ] ], [ [ -66.137953, -17.793197 ], [ -66.137946, -17.793186 ], [ -66.13906, -17.793266 ], [ -66.139536, -17.792937 ], [ -66.140118, -17.792542 ], [ -66.140473, -17.792042 ], [ -66.140536, -17.791776 ], [ -66.14058, -17.791589 ], [ -66.140581, -17.791599 ], [ -66.140474, -17.792053 ], [ -66.140119, -17.792553 ], [ -66.139061, -17.793276 ], [ -66.137953, -17.793197 ] ], [ [ -66.137953, -17.793197 ], [ -66.138846, -17.794624 ], [ -66.138985, -17.795103 ], [ -66.13908, -17.7966 ], [ -66.139362, -17.797832 ], [ -66.139765, -17.799166 ], [ -66.139556, -17.799603 ], [ -66.139562, -17.799969 ], [ -66.139601, -17.80014 ], [ -66.139821, -17.800492 ], [ -66.140259, -17.800923 ], [ -66.140296, -17.801037 ], [ -66.140268, -17.80154 ], [ -66.140056, -17.802526 ], [ -66.139964, -17.802778 ], [ -66.139949, -17.803327 ], [ -66.139903, -17.803488 ], [ -66.139715, -17.803684 ], [ -66.139586, -17.803891 ], [ -66.139473, -17.804292 ], [ -66.139464, -17.805253 ], [ -66.139546, -17.805927 ], [ -66.139512, -17.806065 ], [ -66.139323, -17.806238 ], [ -66.138802, -17.806586 ], [ -66.13865, -17.806805 ], [ -66.138389, -17.807711 ], [ -66.138235, -17.808628 ], [ -66.13824, -17.808913 ], [ -66.138367, -17.809404 ], [ -66.138359, -17.809656 ], [ -66.137809, -17.810484 ], [ -66.137496, -17.811162 ], [ -66.137294, -17.812022 ], [ -66.137289, -17.812445 ], [ -66.137224, -17.812915 ], [ -66.137168, -17.813921 ], [ -66.137002, -17.814838 ], [ -66.136448, -17.816913 ], [ -66.136362, -17.818321 ], [ -66.136347, -17.819866 ], [ -66.13637, -17.820517 ], [ -66.136492, -17.820558 ], [ -66.137056, -17.82059 ], [ -66.138267, -17.820568 ], [ -66.139558, -17.820759 ], [ -66.139859, -17.820916 ], [ -66.140101, -17.821108 ], [ -66.140395, -17.821494 ], [ -66.140532, -17.82187 ], [ -66.140562, -17.822259 ], [ -66.140498, -17.822797 ], [ -66.140647, -17.823161 ], [ -66.140793, -17.82332 ], [ -66.140856, -17.823502 ], [ -66.140858, -17.82364 ], [ -66.140421, -17.824765 ], [ -66.140377, -17.825017 ], [ -66.140421, -17.825565 ], [ -66.140544, -17.825781 ], [ -66.140981, -17.826189 ], [ -66.141117, -17.826462 ], [ -66.14106, -17.82668 ], [ -66.140944, -17.826898 ], [ -66.140865, -17.827219 ], [ -66.140869, -17.827459 ], [ -66.141202, -17.828096 ], [ -66.141364, -17.828518 ], [ -66.141366, -17.829455 ], [ -66.141264, -17.829799 ], [ -66.141244, -17.83084 ], [ -66.141332, -17.831137 ], [ -66.141262, -17.831443 ], [ -66.141219, -17.831888 ], [ -66.140558, -17.832873 ], [ -66.139978, -17.833345 ], [ -66.139071, -17.833871 ], [ -66.138372, -17.834556 ], [ -66.137497, -17.836082 ], [ -66.136861, -17.837821 ], [ -66.136223, -17.839656 ], [ -66.135799, -17.840815 ], [ -66.135273, -17.841973 ], [ -66.134438, -17.843514 ], [ -66.133809, -17.844767 ], [ -66.132227, -17.847003 ], [ -66.130021, -17.850015 ], [ -66.128473, -17.852167 ], [ -66.12735, -17.853746 ], [ -66.126322, -17.855128 ], [ -66.125991, -17.856045 ], [ -66.125674, -17.856724 ], [ -66.125399, -17.857373 ], [ -66.125045, -17.858201 ], [ -66.124767, -17.858958 ], [ -66.124374, -17.859895 ], [ -66.124061, -17.860543 ], [ -66.123756, -17.861323 ], [ -66.123546, -17.86171 ], [ -66.123451, -17.861991 ], [ -66.123309, -17.862357 ], [ -66.122721, -17.863733 ], [ -66.122344, -17.86466 ], [ -66.12152, -17.866566 ], [ -66.121025, -17.867816 ], [ -66.120624, -17.868808 ], [ -66.119848, -17.870625 ], [ -66.119424, -17.871638 ], [ -66.119142, -17.872284 ], [ -66.119, -17.872672 ], [ -66.118432, -17.87395 ], [ -66.118101, -17.874812 ], [ -66.117843, -17.875372 ], [ -66.116392, -17.878896 ], [ -66.116162, -17.878734 ], [ -66.115727, -17.878625 ], [ -66.115134, -17.878672 ], [ -66.114618, -17.878804 ], [ -66.114052, -17.879016 ], [ -66.113745, -17.87928 ], [ -66.113334, -17.87991 ], [ -66.113159, -17.880276 ], [ -66.112466, -17.881352 ], [ -66.112148, -17.881718 ], [ -66.112172, -17.881741 ], [ -66.11195, -17.88221 ], [ -66.111301, -17.884005 ], [ -66.111031, -17.884417 ], [ -66.110361, -17.886464 ], [ -66.110081, -17.887116 ], [ -66.109811, -17.887551 ], [ -66.109576, -17.887826 ], [ -66.109304, -17.888067 ], [ -66.108466, -17.888994 ], [ -66.108207, -17.889338 ], [ -66.108057, -17.889772 ], [ -66.108036, -17.890035 ], [ -66.108427, -17.890925 ], [ -66.108897, -17.891278 ], [ -66.109941, -17.89179 ], [ -66.110229, -17.891972 ], [ -66.11088, -17.892553 ], [ -66.111134, -17.89286 ], [ -66.111293, -17.893203 ], [ -66.111441, -17.893671 ], [ -66.111878, -17.895923 ], [ -66.111965, -17.89602 ], [ -66.112299, -17.896089 ], [ -66.112475, -17.89622 ], [ -66.112617, -17.896382 ], [ -66.124188, -17.902338 ], [ -66.124414, -17.902598 ], [ -66.124844, -17.902902 ], [ -66.126866, -17.904695 ], [ -66.127774, -17.905469 ], [ -66.128434, -17.90604 ], [ -66.129405, -17.906886 ], [ -66.130376, -17.907631 ], [ -66.132108, -17.909179 ], [ -66.133908, -17.910789 ], [ -66.134386, -17.910847 ], [ -66.134762, -17.910699 ], [ -66.135087, -17.910138 ], [ -66.135313, -17.910069 ], [ -66.135505, -17.910091 ], [ -66.135684, -17.910159 ], [ -66.135875, -17.91017 ], [ -66.136743, -17.909802 ], [ -66.137029, -17.909801 ], [ -66.137281, -17.909846 ], [ -66.137581, -17.909982 ], [ -66.138387, -17.910597 ], [ -66.13906, -17.911029 ], [ -66.13942, -17.911131 ], [ -66.139886, -17.911164 ], [ -66.140461, -17.911437 ], [ -66.141147, -17.911892 ], [ -66.141976, -17.91255 ], [ -66.142495, -17.912614 ], [ -66.142948, -17.912563 ], [ -66.143696, -17.912456 ], [ -66.144649, -17.91227 ], [ -66.144922, -17.912178 ], [ -66.145292, -17.91212 ], [ -66.145674, -17.912164 ], [ -66.146299, -17.912483 ], [ -66.146658, -17.912596 ], [ -66.14735, -17.912571 ], [ -66.147767, -17.91249 ], [ -66.148433, -17.912271 ], [ -66.148801, -17.912053 ], [ -66.149278, -17.911994 ], [ -66.14978, -17.912061 ], [ -66.15008, -17.912175 ], [ -66.15079, -17.912755 ], [ -66.151418, -17.913405 ], [ -66.151622, -17.913461 ], [ -66.151825, -17.913461 ], [ -66.152194, -17.913357 ], [ -66.152538, -17.913184 ], [ -66.153965, -17.912643 ], [ -66.156706, -17.912235 ], [ -66.158612, -17.911841 ], [ -66.15879, -17.911738 ], [ -66.16197, -17.911032 ], [ -66.169704, -17.914094 ], [ -66.181916, -17.915097 ], [ -66.195575, -17.91518 ], [ -66.197901, -17.924576 ], [ -66.20691, -17.930512 ], [ -66.241394, -17.934719 ], [ -66.248958, -17.938386 ], [ -66.24595, -17.957332 ], [ -66.252691, -17.956459 ], [ -66.259404, -17.955238 ], [ -66.259527, -17.955572 ], [ -66.259731, -17.955882 ], [ -66.260385, -17.956627 ], [ -66.260533, -17.956901 ], [ -66.260894, -17.957748 ], [ -66.261115, -17.958114 ], [ -66.261215, -17.958377 ], [ -66.261338, -17.95856 ], [ -66.261533, -17.95873 ], [ -66.261835, -17.958865 ], [ -66.262042, -17.959001 ], [ -66.262349, -17.959481 ], [ -66.262547, -17.959858 ], [ -66.262858, -17.960625 ], [ -66.263129, -17.961082 ], [ -66.263398, -17.961424 ], [ -66.263776, -17.961777 ], [ -66.263801, -17.961834 ], [ -66.264531, -17.96247 ], [ -66.26509, -17.962879 ], [ -66.265346, -17.963117 ], [ -66.265468, -17.963197 ], [ -66.265651, -17.96339 ], [ -66.265882, -17.963549 ], [ -66.266148, -17.963684 ], [ -66.266245, -17.963706 ], [ -66.266911, -17.964042 ], [ -66.267299, -17.964258 ], [ -66.267539, -17.964475 ], [ -66.267726, -17.964761 ], [ -66.267864, -17.964918 ], [ -66.268972, -17.966012 ], [ -66.269238, -17.96617 ], [ -66.270455, -17.967169 ], [ -66.270504, -17.967238 ], [ -66.270807, -17.96735 ], [ -66.27111, -17.967496 ], [ -66.271474, -17.967757 ], [ -66.271803, -17.968052 ], [ -66.2726, -17.968568 ], [ -66.273186, -17.9691 ], [ -66.273669, -17.969335 ], [ -66.27392, -17.969433 ], [ -66.274237, -17.969658 ], [ -66.285045, -17.962855 ], [ -66.286277, -17.962514 ], [ -66.286494, -17.962512 ], [ -66.28779, -17.962269 ], [ -66.288139, -17.962266 ], [ -66.288139, -17.962266 ], [ -66.288212, -17.962322 ], [ -66.288442, -17.9624 ], [ -66.289492, -17.96262 ], [ -66.289494, -17.96262 ], [ -66.289612, -17.962618 ], [ -66.289613, -17.962618 ], [ -66.28983, -17.962662 ], [ -66.289832, -17.962662 ], [ -66.289974, -17.962661 ], [ -66.289974, -17.962661 ], [ -66.290336, -17.962726 ], [ -66.29095, -17.962754 ], [ -66.290951, -17.962754 ], [ -66.291551, -17.962725 ], [ -66.292725, -17.962322 ], [ -66.293109, -17.962215 ], [ -66.293205, -17.962214 ], [ -66.293229, -17.962191 ], [ -66.294023, -17.962159 ], [ -66.294024, -17.96216 ], [ -66.294757, -17.962186 ], [ -66.294757, -17.962186 ], [ -66.294949, -17.962161 ], [ -66.295236, -17.962044 ], [ -66.296016, -17.96184 ], [ -66.296388, -17.961767 ], [ -66.298239, -17.961611 ], [ -66.29944, -17.961414 ], [ -66.299692, -17.961354 ], [ -66.300221, -17.961349 ], [ -66.300221, -17.961349 ], [ -66.300451, -17.961404 ], [ -66.300717, -17.961516 ], [ -66.301261, -17.961671 ], [ -66.302188, -17.961765 ], [ -66.30219, -17.961765 ], [ -66.302537, -17.961762 ], [ -66.302922, -17.9617 ], [ -66.304064, -17.961654 ], [ -66.304064, -17.961654 ], [ -66.304065, -17.961677 ], [ -66.304067, -17.961677 ], [ -66.304137, -17.961676 ], [ -66.304137, -17.961676 ], [ -66.304475, -17.961753 ], [ -66.304477, -17.961753 ], [ -66.305281, -17.961734 ], [ -66.306085, -17.96161 ], [ -66.307876, -17.961442 ], [ -66.308057, -17.961441 ], [ -66.308663, -17.961424 ], [ -66.309112, -17.961369 ], [ -66.309666, -17.961312 ], [ -66.30986, -17.961131 ], [ -66.309997, -17.960831 ], [ -66.310208, -17.960351 ], [ -66.310366, -17.959578 ], [ -66.310543, -17.959334 ], [ -66.311041, -17.958824 ], [ -66.311934, -17.958125 ], [ -66.312531, -17.957751 ], [ -66.313031, -17.957378 ], [ -66.313471, -17.956982 ], [ -66.313826, -17.956519 ], [ -66.314651, -17.955292 ], [ -66.315513, -17.954122 ], [ -66.315643, -17.953902 ], [ -66.315714, -17.953821 ], [ -66.316079, -17.953208 ], [ -66.316578, -17.951881 ], [ -66.316942, -17.951268 ], [ -66.317274, -17.950885 ], [ -66.317583, -17.950618 ], [ -66.318143, -17.950233 ], [ -66.318395, -17.950138 ], [ -66.318491, -17.950137 ], [ -66.318755, -17.950077 ], [ -66.319428, -17.950047 ], [ -66.319825, -17.949985 ], [ -66.320269, -17.949946 ], [ -66.320271, -17.949946 ], [ -66.320908, -17.949997 ], [ -66.32091, -17.949997 ], [ -66.321148, -17.949994 ], [ -66.321149, -17.949995 ], [ -66.321269, -17.950016 ], [ -66.321644, -17.950173 ], [ -66.322008, -17.950365 ], [ -66.322117, -17.950387 ], [ -66.322554, -17.950658 ], [ -66.323196, -17.950985 ], [ -66.323812, -17.951139 ], [ -66.32433, -17.951226 ], [ -66.325811, -17.951291 ], [ -66.32662, -17.951466 ], [ -66.326669, -17.951512 ], [ -66.326798, -17.952177 ], [ -66.326836, -17.95228 ], [ -66.32698, -17.952436 ], [ -66.327134, -17.952559 ], [ -66.335246, -17.959101 ], [ -66.33749, -17.96058 ], [ -66.362118, -17.961627 ], [ -66.36919, -17.9621 ], [ -66.369287, -17.962134 ], [ -66.384596, -17.96295 ], [ -66.384712, -17.962998 ], [ -66.38482, -17.963091 ], [ -66.384875, -17.963138 ], [ -66.385018, -17.963226 ], [ -66.385167, -17.963359 ], [ -66.385276, -17.963466 ], [ -66.385364, -17.963533 ], [ -66.385459, -17.963593 ], [ -66.385534, -17.963647 ], [ -66.386295, -17.964067 ], [ -66.387983, -17.96513 ], [ -66.389781, -17.966318 ], [ -66.390149, -17.966576 ], [ -66.390367, -17.966684 ], [ -66.390599, -17.966779 ], [ -66.390983, -17.96685 ], [ -66.391272, -17.966881 ], [ -66.391272, -17.96688 ], [ -66.391561, -17.966832 ], [ -66.391562, -17.966832 ], [ -66.392247, -17.966946 ], [ -66.392561, -17.967082 ], [ -66.393024, -17.967501 ], [ -66.393109, -17.967558 ], [ -66.393109, -17.967581 ], [ -66.393378, -17.967877 ], [ -66.393563, -17.96822 ], [ -66.394311, -17.970039 ], [ -66.394337, -17.970154 ], [ -66.395831, -17.973656 ], [ -66.395945, -17.974045 ], [ -66.396037, -17.97455 ], [ -66.396212, -17.97587 ], [ -66.396328, -17.976398 ], [ -66.39655, -17.976809 ], [ -66.397408, -17.977903 ], [ -66.39777, -17.978819 ], [ -66.398485, -17.979973 ], [ -66.398865, -17.98044 ], [ -66.399414, -17.980986 ], [ -66.399755, -17.981269 ], [ -66.400362, -17.981596 ], [ -66.401099, -17.981795 ], [ -66.401521, -17.98186 ], [ -66.401523, -17.98186 ], [ -66.401858, -17.981856 ], [ -66.402434, -17.981781 ], [ -66.404807, -17.980999 ], [ -66.405668, -17.980406 ], [ -66.406099, -17.980102 ], [ -66.406929, -17.979663 ], [ -66.407206, -17.979483 ], [ -66.410526, -17.977432 ], [ -66.431439, -17.973363 ], [ -66.433161, -17.973261 ], [ -66.435439, -17.974926 ], [ -66.438354, -17.976772 ], [ -66.440151, -17.977409 ], [ -66.441217, -17.977787 ], [ -66.445221, -17.979287 ], [ -66.446123, -17.981093 ], [ -66.446151, -17.98115 ], [ -66.454904, -17.98801 ], [ -66.461274, -17.993381 ], [ -66.471302, -18.000057 ], [ -66.472609, -18.000563 ], [ -66.471837, -18.003668 ], [ -66.474476, -18.006581 ], [ -66.47943, -18.01053 ], [ -66.484033, -18.012971 ], [ -66.485278, -18.013809 ], [ -66.485051, -18.014206 ], [ -66.485977, -18.015164 ], [ -66.486738, -18.015715 ], [ -66.487119, -18.015991 ], [ -66.48912, -18.01744 ], [ -66.492818, -18.02104 ], [ -66.493546, -18.02195 ], [ -66.493431, -18.022046 ], [ -66.494718, -18.02295 ], [ -66.498798, -18.026524 ], [ -66.50174, -18.028405 ], [ -66.512068, -18.03635 ], [ -66.51588, -18.041838 ], [ -66.518395, -18.046597 ], [ -66.521555, -18.049091 ], [ -66.525729, -18.052384 ], [ -66.533453, -18.058439 ], [ -66.53979, -18.060828 ], [ -66.541279, -18.06155 ], [ -66.548361, -18.065227 ], [ -66.556813, -18.068628 ], [ -66.557322, -18.068833 ], [ -66.561964, -18.071362 ], [ -66.565852, -18.072614 ], [ -66.566383, -18.072198 ], [ -66.572413, -18.075254 ], [ -66.573402, -18.075389 ], [ -66.577512, -18.075987 ], [ -66.589669, -18.083347 ], [ -66.595322, -18.084284 ], [ -66.601095, -18.082345 ], [ -66.607309, -18.082534 ], [ -66.616687, -18.08342 ], [ -66.616789, -18.083586 ], [ -66.617016, -18.083954 ], [ -66.624268, -18.090649 ], [ -66.624755, -18.090926 ], [ -66.629455, -18.092583 ], [ -66.629928, -18.092914 ], [ -66.635164, -18.096718 ], [ -66.641733, -18.099697 ], [ -66.652154, -18.107323 ], [ -66.656964, -18.10933 ], [ -66.663736, -18.111735 ], [ -66.664886, -18.112264 ], [ -66.670626, -18.114908 ], [ -66.683079, -18.119755 ], [ -66.689488, -18.121703 ], [ -66.692341, -18.12309 ], [ -66.694174, -18.123982 ], [ -66.700452, -18.128721 ], [ -66.712663, -18.136279 ], [ -66.720411, -18.128213 ], [ -66.723643, -18.126551 ], [ -66.730835, -18.126475 ], [ -66.732479, -18.127468 ], [ -66.7482, -18.130622 ], [ -66.758996, -18.130486 ], [ -66.794067, -18.130039 ], [ -66.794454, -18.130047 ], [ -66.800289, -18.123395 ], [ -66.804262, -18.119765 ], [ -66.815039, -18.11211 ], [ -66.817377, -18.10998 ], [ -66.820738, -18.103541 ], [ -66.823152, -18.098917 ], [ -66.84667, -18.054115 ], [ -66.841818, -18.051409 ], [ -66.828418, -18.034779 ], [ -66.822917, -18.027013 ], [ -66.822338, -18.026196 ], [ -66.822155, -18.025936 ], [ -66.821294, -18.024721 ], [ -66.813943, -18.016995 ], [ -66.812142, -18.015102 ], [ -66.801217, -18.003702 ], [ -66.788416, -17.988194 ], [ -66.78142, -17.984636 ], [ -66.774287, -17.977567 ], [ -66.767032, -17.969901 ], [ -66.76018, -17.964089 ], [ -66.749631, -17.953437 ], [ -66.748037, -17.952525 ], [ -66.747275, -17.952089 ], [ -66.742792, -17.945384 ], [ -66.73757, -17.939575 ], [ -66.730764, -17.931592 ], [ -66.72758, -17.925232 ], [ -66.721656, -17.911867 ], [ -66.716568, -17.902422 ], [ -66.715126, -17.900075 ], [ -66.714145, -17.897895 ], [ -66.71484, -17.890804 ], [ -66.713845, -17.884505 ], [ -66.714833, -17.881735 ], [ -66.712781, -17.8806 ], [ -66.711889, -17.880336 ], [ -66.713451, -17.877681 ], [ -66.714172, -17.872225 ], [ -66.716326, -17.86749 ], [ -66.718057, -17.858983 ], [ -66.718128, -17.857864 ], [ -66.717423, -17.854017 ], [ -66.719223, -17.851897 ], [ -66.719225, -17.850253 ], [ -66.721537, -17.844273 ], [ -66.721066, -17.842678 ], [ -66.721743, -17.83994 ], [ -66.722938, -17.834922 ], [ -66.7239, -17.823019 ], [ -66.731856, -17.809156 ], [ -66.737004, -17.803959 ], [ -66.74403, -17.797157 ], [ -66.752223, -17.791199 ], [ -66.75844, -17.792445 ], [ -66.761379, -17.79041 ], [ -66.76737, -17.789421 ], [ -66.772415, -17.781791 ], [ -66.787659, -17.780393 ], [ -66.795706, -17.781876 ], [ -66.795853, -17.781903 ], [ -66.80087, -17.769302 ], [ -66.800902, -17.769223 ], [ -66.802715, -17.768831 ], [ -66.802887, -17.768794 ], [ -66.805561, -17.762291 ], [ -66.805578, -17.762248 ], [ -66.806275, -17.761974 ], [ -66.80645, -17.761905 ], [ -66.807747, -17.759774 ], [ -66.807826, -17.759644 ], [ -66.811011, -17.759788 ], [ -66.811802, -17.758077 ], [ -66.815367, -17.750361 ], [ -66.819255, -17.744641 ], [ -66.820391, -17.741139 ], [ -66.822066, -17.736546 ], [ -66.82852, -17.733689 ], [ -66.83059, -17.730223 ], [ -66.837921, -17.725278 ], [ -66.838021, -17.72521 ], [ -66.851415, -17.718895 ], [ -66.86147, -17.705215 ], [ -66.861636, -17.70515 ], [ -66.861674, -17.705098 ], [ -66.868438, -17.702468 ], [ -66.870152, -17.693945 ], [ -66.874901, -17.690012 ], [ -66.876861, -17.685959 ], [ -66.891949, -17.66621 ], [ -66.890445, -17.657855 ], [ -66.887851, -17.646734 ], [ -66.888212, -17.63999 ], [ -66.883495, -17.633308 ], [ -66.875703, -17.630921 ], [ -66.872376, -17.624607 ], [ -66.872179, -17.617287 ], [ -66.876334, -17.614008 ], [ -66.882167, -17.604964 ], [ -66.884125, -17.601869 ], [ -66.885065, -17.600424 ], [ -66.88963, -17.59762 ], [ -66.888391, -17.591153 ], [ -66.888266, -17.589585 ], [ -66.887557, -17.588055 ], [ -66.887842, -17.586283 ], [ -66.887005, -17.584308 ], [ -66.886961, -17.582469 ], [ -66.887695, -17.581843 ], [ -66.887852, -17.579752 ], [ -66.887008, -17.578411 ], [ -66.886631, -17.576695 ], [ -66.884935, -17.574711 ], [ -66.884882, -17.573569 ], [ -66.884451, -17.570901 ], [ -66.885121, -17.570084 ], [ -66.885401, -17.568756 ], [ -66.885284, -17.567486 ], [ -66.883804, -17.567212 ], [ -66.882681, -17.563798 ], [ -66.882296, -17.562952 ], [ -66.881378, -17.562245 ], [ -66.880576, -17.56047 ], [ -66.878139, -17.559269 ], [ -66.876661, -17.559538 ], [ -66.875838, -17.559685 ], [ -66.875621, -17.558581 ], [ -66.874787, -17.557837 ], [ -66.874798, -17.556956 ], [ -66.873888, -17.556139 ], [ -66.8739, -17.55511 ], [ -66.874437, -17.553958 ], [ -66.874254, -17.552649 ], [ -66.87453, -17.551206 ], [ -66.874839, -17.550507 ], [ -66.875192, -17.54985 ], [ -66.875768, -17.549021 ], [ -66.876288, -17.548168 ], [ -66.87664, -17.547469 ], [ -66.876649, -17.546726 ], [ -66.87649, -17.545609 ], [ -66.876551, -17.544039 ], [ -66.877565, -17.542745 ], [ -66.877498, -17.541904 ], [ -66.876917, -17.541489 ], [ -66.875698, -17.541068 ], [ -66.8748, -17.540445 ], [ -66.87379, -17.540281 ], [ -66.872301, -17.540163 ], [ -66.871348, -17.539744 ], [ -66.870607, -17.539378 ], [ -66.869757, -17.539165 ], [ -66.868796, -17.53941 ], [ -66.867626, -17.539295 ], [ -66.865553, -17.539018 ], [ -66.863317, -17.539045 ], [ -66.862292, -17.540168 ], [ -66.860855, -17.539647 ], [ -66.857375, -17.537295 ], [ -66.855516, -17.536917 ], [ -66.851596, -17.53524 ], [ -66.847936, -17.534128 ], [ -66.845383, -17.533896 ], [ -66.841923, -17.533859 ], [ -66.839798, -17.533478 ], [ -66.8388, -17.532343 ], [ -66.838069, -17.531161 ], [ -66.836769, -17.528593 ], [ -66.835136, -17.527145 ], [ -66.83349, -17.526769 ], [ -66.832315, -17.527063 ], [ -66.830226, -17.528501 ], [ -66.82907, -17.52743 ], [ -66.827744, -17.526451 ], [ -66.825153, -17.524993 ], [ -66.824903, -17.523662 ], [ -66.820748, -17.519428 ], [ -66.819124, -17.518225 ], [ -66.817949, -17.517559 ], [ -66.81764, -17.516738 ], [ -66.817133, -17.514588 ], [ -66.816299, -17.513149 ], [ -66.816048, -17.511869 ], [ -66.816112, -17.51095 ], [ -66.817297, -17.509738 ], [ -66.817308, -17.508818 ], [ -66.817958, -17.507841 ], [ -66.817837, -17.506903 ], [ -66.81758, -17.505866 ], [ -66.817168, -17.505229 ], [ -66.816246, -17.504788 ], [ -66.817009, -17.503874 ], [ -66.81708, -17.502614 ], [ -66.817806, -17.502018 ], [ -66.818799, -17.50157 ], [ -66.820312, -17.500236 ], [ -66.821037, -17.499698 ], [ -66.822731, -17.495723 ], [ -66.82288, -17.493254 ], [ -66.823674, -17.49197 ], [ -66.824072, -17.49117 ], [ -66.82567, -17.490211 ], [ -66.827457, -17.489679 ], [ -66.828139, -17.487688 ], [ -66.82887, -17.486633 ], [ -66.829032, -17.485571 ], [ -66.829958, -17.483197 ], [ -66.83088, -17.481848 ], [ -66.83148, -17.481116 ], [ -66.832395, -17.47969 ], [ -66.833275, -17.478694 ], [ -66.8343, -17.478073 ], [ -66.835366, -17.476533 ], [ -66.835571, -17.47441 ], [ -66.835376, -17.473144 ], [ -66.835086, -17.472365 ], [ -66.835251, -17.471848 ], [ -66.835854, -17.47071 ], [ -66.836672, -17.46971 ], [ -66.836966, -17.466765 ], [ -66.837358, -17.464852 ], [ -66.837592, -17.463824 ], [ -66.837503, -17.462012 ], [ -66.837447, -17.460484 ], [ -66.837083, -17.459947 ], [ -66.836762, -17.458949 ], [ -66.836361, -17.456203 ], [ -66.836182, -17.454823 ], [ -66.836121, -17.453686 ], [ -66.836599, -17.453039 ], [ -66.836034, -17.451625 ], [ -66.836198, -17.450313 ], [ -66.83695, -17.449255 ], [ -66.838105, -17.448593 ], [ -66.840532, -17.446737 ], [ -66.840842, -17.445604 ], [ -66.842058, -17.445726 ], [ -66.842308, -17.443631 ], [ -66.843661, -17.441834 ], [ -66.846569, -17.439983 ], [ -66.848869, -17.439475 ], [ -66.851061, -17.438717 ], [ -66.852698, -17.437989 ], [ -66.854033, -17.437684 ], [ -66.855985, -17.438486 ], [ -66.857989, -17.438011 ], [ -66.859523, -17.437044 ], [ -66.860727, -17.436445 ], [ -66.861653, -17.435985 ], [ -66.862551, -17.435538 ], [ -66.863576, -17.434803 ], [ -66.864645, -17.434497 ], [ -66.865712, -17.432517 ], [ -66.867029, -17.430614 ], [ -66.867897, -17.429167 ], [ -66.868431, -17.427823 ], [ -66.869184, -17.426659 ], [ -66.870264, -17.426031 ], [ -66.871317, -17.42536 ], [ -66.872347, -17.42513 ], [ -66.873433, -17.423969 ], [ -66.875519, -17.422748 ], [ -66.875991, -17.420374 ], [ -66.876339, -17.419028 ], [ -66.876838, -17.417797 ], [ -66.877191, -17.415733 ], [ -66.876831, -17.414913 ], [ -66.875924, -17.413305 ], [ -66.87498, -17.411767 ], [ -66.874289, -17.410766 ], [ -66.873781, -17.409688 ], [ -66.87279, -17.409222 ], [ -66.872167, -17.408683 ], [ -66.871991, -17.4079 ], [ -66.871615, -17.406942 ], [ -66.871158, -17.406363 ], [ -66.87091, -17.405473 ], [ -66.869414, -17.40361 ], [ -66.868201, -17.402993 ], [ -66.867351, -17.402878 ], [ -66.866838, -17.402481 ], [ -66.866664, -17.401485 ], [ -66.866867, -17.399995 ], [ -66.867519, -17.398663 ], [ -66.865645, -17.396857 ], [ -66.865399, -17.395789 ], [ -66.864926, -17.394579 ], [ -66.865236, -17.390672 ], [ -66.86477, -17.389424 ], [ -66.863858, -17.388313 ], [ -66.862239, -17.387586 ], [ -66.860576, -17.387269 ], [ -66.859641, -17.386949 ], [ -66.858655, -17.386852 ], [ -66.8578, -17.385808 ], [ -66.856583, -17.384962 ], [ -66.854584, -17.384424 ], [ -66.852278, -17.3846 ], [ -66.850541, -17.384782 ], [ -66.848198, -17.385533 ], [ -66.846257, -17.385398 ], [ -66.847973, -17.38434 ], [ -66.8497, -17.383471 ], [ -66.8502, -17.380242 ], [ -66.85049, -17.378026 ], [ -66.850317, -17.375932 ], [ -66.850348, -17.373269 ], [ -66.849239, -17.372116 ], [ -66.84846, -17.370966 ], [ -66.847877, -17.369945 ], [ -66.847163, -17.368923 ], [ -66.846782, -17.367587 ], [ -66.84642, -17.366885 ], [ -66.845887, -17.365104 ], [ -66.845707, -17.363581 ], [ -66.845863, -17.36149 ], [ -66.846486, -17.359428 ], [ -66.845954, -17.353692 ], [ -66.847099, -17.351802 ], [ -66.848374, -17.35004 ], [ -66.849119, -17.348463 ], [ -66.850701, -17.34867 ], [ -66.852087, -17.348685 ], [ -66.853671, -17.348765 ], [ -66.856379, -17.348667 ], [ -66.857847, -17.347352 ], [ -66.85853, -17.345393 ], [ -66.858999, -17.34313 ], [ -66.859242, -17.340962 ], [ -66.855639, -17.338514 ], [ -66.852286, -17.337273 ], [ -66.850039, -17.337503 ], [ -66.84874, -17.338123 ], [ -66.847143, -17.336711 ], [ -66.84631, -17.334546 ], [ -66.846127, -17.333276 ], [ -66.846207, -17.332072 ], [ -66.845306, -17.330033 ], [ -66.844144, -17.327801 ], [ -66.843968, -17.325897 ], [ -66.843656, -17.324372 ], [ -66.843938, -17.322853 ], [ -66.844047, -17.320981 ], [ -66.843119, -17.31942 ], [ -66.842617, -17.317259 ], [ -66.843758, -17.315622 ], [ -66.84502, -17.314938 ], [ -66.847202, -17.314645 ], [ -66.849588, -17.313783 ], [ -66.851386, -17.31247 ], [ -66.853704, -17.311798 ], [ -66.855252, -17.31176 ], [ -66.859008, -17.309889 ], [ -66.864582, -17.307348 ], [ -66.866722, -17.303501 ], [ -66.869595, -17.301948 ], [ -66.873356, -17.302052 ], [ -66.877423, -17.298544 ], [ -66.880643, -17.294076 ], [ -66.88265, -17.291751 ], [ -66.885955, -17.289649 ], [ -66.888237, -17.288005 ], [ -66.888576, -17.281414 ], [ -66.888566, -17.276531 ], [ -66.888078, -17.273038 ], [ -66.886529, -17.270092 ], [ -66.885909, -17.267435 ], [ -66.877724, -17.231938 ], [ -66.888688, -17.201012 ], [ -66.886086, -17.17783 ], [ -66.885227, -17.171334 ], [ -66.88462, -17.165383 ], [ -66.890399, -17.139596 ], [ -66.910845, -17.114312 ], [ -66.935145, -17.100006 ], [ -66.954971, -17.07014 ], [ -66.975911, -17.050479 ], [ -66.985862, -17.028212 ], [ -67.002839, -16.983845 ], [ -67.005947, -16.954038 ], [ -66.991966, -16.933018 ], [ -66.973304, -16.924829 ], [ -66.976823, -16.907424 ], [ -66.960746, -16.882521 ], [ -66.958836, -16.880181 ], [ -66.928978, -16.844466 ], [ -66.906661, -16.839429 ], [ -66.883234, -16.838916 ], [ -66.834755, -16.84168 ], [ -66.831641, -16.837231 ], [ -66.829465, -16.836686 ], [ -66.827494, -16.835446 ], [ -66.826645, -16.834415 ], [ -66.82474, -16.833239 ], [ -66.821703, -16.83287 ], [ -66.821124, -16.831272 ], [ -66.819532, -16.830229 ], [ -66.815851, -16.829722 ], [ -66.813064, -16.82763 ], [ -66.811186, -16.826046 ], [ -66.808667, -16.823384 ], [ -66.805459, -16.819748 ], [ -66.802692, -16.817694 ], [ -66.799733, -16.815497 ], [ -66.79863, -16.813323 ], [ -66.797053, -16.810991 ], [ -66.795185, -16.810644 ], [ -66.791011, -16.809085 ], [ -66.78952, -16.80701 ], [ -66.78792, -16.806489 ], [ -66.785151, -16.806743 ], [ -66.781875, -16.803524 ], [ -66.780951, -16.799825 ], [ -66.781953, -16.798187 ], [ -66.784308, -16.795342 ], [ -66.783834, -16.793573 ], [ -66.783193, -16.791626 ], [ -66.781959, -16.790328 ], [ -66.780374, -16.78851 ], [ -66.778695, -16.787124 ], [ -66.776744, -16.785996 ], [ -66.775701, -16.783661 ], [ -66.772937, -16.783393 ], [ -66.770957, -16.784596 ], [ -66.769157, -16.785799 ], [ -66.767382, -16.784843 ], [ -66.763825, -16.784559 ], [ -66.760566, -16.779721 ], [ -66.760869, -16.776872 ], [ -66.759462, -16.774966 ], [ -66.760118, -16.772463 ], [ -66.759876, -16.770303 ], [ -66.757925, -16.769085 ], [ -66.753282, -16.768893 ], [ -66.7509, -16.767777 ], [ -66.750482, -16.763956 ], [ -66.748093, -16.761958 ], [ -66.744896, -16.760301 ], [ -66.743151, -16.756837 ], [ -66.74194, -16.753462 ], [ -66.743805, -16.749831 ], [ -66.743007, -16.746556 ], [ -66.744558, -16.743972 ], [ -66.745749, -16.741559 ], [ -66.745604, -16.738793 ], [ -66.742667, -16.737742 ], [ -66.740716, -16.736436 ], [ -66.741182, -16.734883 ], [ -66.743991, -16.731701 ], [ -66.743943, -16.728332 ], [ -66.744554, -16.722668 ], [ -66.74468, -16.719091 ], [ -66.746946, -16.716511 ], [ -66.747776, -16.714356 ], [ -66.749551, -16.71401 ], [ -66.758585, -16.698352 ], [ -66.75506, -16.680162 ], [ -66.744089, -16.652857 ], [ -66.742288, -16.6279 ], [ -66.738539, -16.583166 ], [ -66.74201, -16.577673 ], [ -66.743023, -16.576591 ], [ -66.742295, -16.574714 ], [ -66.741643, -16.571748 ], [ -66.742976, -16.570064 ], [ -66.743319, -16.567528 ], [ -66.745707, -16.566454 ], [ -66.748554, -16.56357 ], [ -66.749284, -16.560009 ], [ -66.751911, -16.557625 ], [ -66.752898, -16.55574 ], [ -66.753672, -16.554413 ], [ -66.75413, -16.55206 ], [ -66.755654, -16.550015 ], [ -66.758449, -16.546223 ], [ -66.760039, -16.543876 ], [ -66.762986, -16.543107 ], [ -66.765058, -16.542272 ], [ -66.765381, -16.541367 ], [ -66.765029, -16.539484 ], [ -66.766466, -16.537112 ], [ -66.768538, -16.533348 ], [ -66.77069, -16.531003 ], [ -66.772834, -16.529383 ], [ -66.773242, -16.526545 ], [ -66.774274, -16.523892 ], [ -66.775935, -16.520758 ], [ -66.774493, -16.515977 ], [ -66.770966, -16.513566 ], [ -66.768192, -16.509961 ], [ -66.769188, -16.505072 ], [ -66.76946, -16.5032 ], [ -66.77136, -16.501035 ], [ -66.775032, -16.498608 ], [ -66.779012, -16.494883 ], [ -66.782987, -16.491521 ], [ -66.787108, -16.486469 ], [ -66.788904, -16.482614 ], [ -66.788388, -16.478744 ], [ -66.78831, -16.474817 ], [ -66.788111, -16.470526 ], [ -66.786469, -16.46677 ], [ -66.784088, -16.463476 ], [ -66.794098, -16.462675 ], [ -66.790096, -16.4561 ], [ -66.788207, -16.45204 ], [ -66.787932, -16.448896 ], [ -66.788095, -16.445635 ], [ -66.78783, -16.441646 ], [ -66.787573, -16.438076 ], [ -66.786876, -16.43545 ], [ -66.786116, -16.43372 ], [ -66.785384, -16.433172 ], [ -66.78498, -16.431674 ], [ -66.785068, -16.430247 ], [ -66.785717, -16.428824 ], [ -66.785363, -16.426137 ], [ -66.784087, -16.423987 ], [ -66.782694, -16.419968 ], [ -66.783075, -16.41749 ], [ -66.784651, -16.414985 ], [ -66.787097, -16.413302 ], [ -66.788834, -16.41209 ], [ -66.78938, -16.410497 ], [ -66.789437, -16.408696 ], [ -66.789395, -16.406283 ], [ -66.790726, -16.403777 ], [ -66.792011, -16.401343 ], [ -66.792175, -16.400254 ], [ -66.793037, -16.398731 ], [ -66.793727, -16.396867 ], [ -66.794554, -16.395378 ], [ -66.794258, -16.393642 ], [ -66.793634, -16.393102 ], [ -66.793194, -16.391604 ], [ -66.794059, -16.389877 ], [ -66.795064, -16.388185 ], [ -66.794813, -16.385601 ], [ -66.794806, -16.383188 ], [ -66.794831, -16.381115 ], [ -66.794991, -16.379451 ], [ -66.795422, -16.378707 ], [ -66.79599, -16.377968 ], [ -66.796222, -16.376504 ], [ -66.796242, -16.374839 ], [ -66.796043, -16.37375 ], [ -66.796551, -16.372462 ], [ -66.797048, -16.371198 ], [ -66.797326, -16.369438 ], [ -66.796266, -16.366853 ], [ -66.795398, -16.365895 ], [ -66.795026, -16.364634 ], [ -66.795283, -16.363685 ], [ -66.796212, -16.362469 ], [ -66.796482, -16.360466 ], [ -66.796453, -16.357989 ], [ -66.797765, -16.356092 ], [ -66.798569, -16.353515 ], [ -66.798352, -16.351067 ], [ -66.797824, -16.348072 ], [ -66.796336, -16.346021 ], [ -66.79488, -16.344175 ], [ -66.795183, -16.341356 ], [ -66.795664, -16.337735 ], [ -66.796638, -16.334661 ], [ -66.796912, -16.332609 ], [ -66.797069, -16.329892 ], [ -66.798213, -16.32833 ], [ -66.798604, -16.327004 ], [ -66.797872, -16.325428 ], [ -66.797457, -16.323491 ], [ -66.797866, -16.320655 ], [ -66.798711, -16.317943 ], [ -66.799793, -16.31632 ], [ -66.801132, -16.314096 ], [ -66.802479, -16.312468 ], [ -66.802728, -16.31133 ], [ -66.802494, -16.309999 ], [ -66.801826, -16.308241 ], [ -66.802292, -16.305889 ], [ -66.80331, -16.303275 ], [ -66.802956, -16.301399 ], [ -66.802119, -16.299217 ], [ -66.802229, -16.297596 ], [ -66.80189, -16.296315 ], [ -66.801909, -16.294744 ], [ -66.802362, -16.293419 ], [ -66.803881, -16.291861 ], [ -66.806584, -16.290736 ], [ -66.807482, -16.28881 ], [ -66.806953, -16.285906 ], [ -66.808111, -16.283137 ], [ -66.811514, -16.280992 ], [ -66.813589, -16.280104 ], [ -66.814955, -16.280962 ], [ -66.816573, -16.281762 ], [ -66.818404, -16.280269 ], [ -66.817675, -16.278449 ], [ -66.816879, -16.276932 ], [ -66.817846, -16.274464 ], [ -66.818495, -16.272476 ], [ -66.820271, -16.270438 ], [ -66.822676, -16.268044 ], [ -66.824743, -16.267943 ], [ -66.826739, -16.268505 ], [ -66.828616, -16.268523 ], [ -66.829258, -16.26708 ], [ -66.829229, -16.264179 ], [ -66.830951, -16.261477 ], [ -66.834983, -16.25916 ], [ -66.837936, -16.258163 ], [ -66.840387, -16.257402 ], [ -66.841901, -16.256451 ], [ -66.843405, -16.256347 ], [ -66.846303, -16.254868 ], [ -66.84898, -16.250971 ], [ -66.850324, -16.24851 ], [ -66.852108, -16.245933 ], [ -66.853195, -16.244012 ], [ -66.852341, -16.242008 ], [ -66.852682, -16.239534 ], [ -66.853236, -16.236238 ], [ -66.852801, -16.234962 ], [ -66.852211, -16.234173 ], [ -66.851657, -16.233283 ], [ -66.850465, -16.232691 ], [ -66.849769, -16.231901 ], [ -66.848624, -16.230325 ], [ -66.847303, -16.22878 ], [ -66.84669, -16.22687 ], [ -66.847382, -16.224974 ], [ -66.848876, -16.223666 ], [ -66.849314, -16.222345 ], [ -66.848801, -16.22098 ], [ -66.848248, -16.220022 ], [ -66.847664, -16.218792 ], [ -66.847292, -16.21736 ], [ -66.847491, -16.215425 ], [ -66.847191, -16.213858 ], [ -66.848227, -16.212612 ], [ -66.848282, -16.210947 ], [ -66.847485, -16.209749 ], [ -66.84528, -16.208501 ], [ -66.845436, -16.207177 ], [ -66.845594, -16.205683 ], [ -66.845822, -16.20419 ], [ -66.845765, -16.203034 ], [ -66.845498, -16.201773 ], [ -66.845121, -16.200818 ], [ -66.844395, -16.199654 ], [ -66.843212, -16.19835 ], [ -66.843457, -16.196472 ], [ -66.844923, -16.194131 ], [ -66.847764, -16.192108 ], [ -66.849729, -16.190076 ], [ -66.85163, -16.184854 ], [ -66.851708, -16.181337 ], [ -66.852803, -16.178691 ], [ -66.854266, -16.176653 ], [ -66.855221, -16.175274 ], [ -66.85681, -16.173298 ], [ -66.858017, -16.171802 ], [ -66.858982, -16.169516 ], [ -66.860754, -16.167966 ], [ -66.861462, -16.166221 ], [ -66.862679, -16.163879 ], [ -66.864514, -16.162877 ], [ -66.865954, -16.162285 ], [ -66.867966, -16.161583 ], [ -66.870426, -16.160101 ], [ -66.870331, -16.15738 ], [ -66.870302, -16.153002 ], [ -66.869669, -16.151579 ], [ -66.869209, -16.150713 ], [ -66.869975, -16.149453 ], [ -66.871777, -16.147932 ], [ -66.873568, -16.147409 ], [ -66.87447, -16.146513 ], [ -66.875146, -16.144844 ], [ -66.875259, -16.143168 ], [ -66.874917, -16.140082 ], [ -66.876021, -16.137964 ], [ -66.877775, -16.136534 ], [ -66.880178, -16.135882 ], [ -66.882638, -16.134324 ], [ -66.884274, -16.132786 ], [ -66.885338, -16.131245 ], [ -66.884708, -16.130059 ], [ -66.883821, -16.12908 ], [ -66.883671, -16.128236 ], [ -66.883762, -16.127166 ], [ -66.884331, -16.125898 ], [ -66.884995, -16.125574 ], [ -66.887145, -16.125066 ], [ -66.888577, -16.123874 ], [ -66.889179, -16.122349 ], [ -66.889527, -16.121064 ], [ -66.893488, -16.118445 ], [ -66.894386, -16.112013 ], [ -66.897394, -16.111887 ], [ -66.898905, -16.111099 ], [ -66.899346, -16.109009 ], [ -66.900123, -16.1066 ], [ -66.902247, -16.10332 ], [ -66.904335, -16.103264 ], [ -66.906743, -16.104581 ], [ -66.908326, -16.104922 ], [ -66.911094, -16.103745 ], [ -66.911201, -16.10157 ], [ -66.911383, -16.100202 ], [ -66.912655, -16.098444 ], [ -66.914595, -16.096613 ], [ -66.920348, -16.097527 ], [ -66.91961, -16.096268 ], [ -66.919204, -16.095135 ], [ -66.9188, -16.093921 ], [ -66.919335, -16.090703 ], [ -66.918944, -16.0882 ], [ -66.9188, -16.086103 ], [ -66.919085, -16.082801 ], [ -66.918859, -16.080541 ], [ -66.918642, -16.077395 ], [ -66.918341, -16.074329 ], [ -66.917954, -16.071423 ], [ -66.916233, -16.06842 ], [ -66.913239, -16.067338 ], [ -66.911512, -16.067106 ], [ -66.911997, -16.066233 ], [ -66.9113, -16.065545 ], [ -66.910698, -16.064722 ], [ -66.910096, -16.063944 ], [ -66.910529, -16.062951 ], [ -66.911615, -16.06242 ], [ -66.912564, -16.061479 ], [ -66.912815, -16.05994 ], [ -66.912049, -16.056984 ], [ -66.911127, -16.055341 ], [ -66.910057, -16.054468 ], [ -66.909275, -16.052917 ], [ -66.909572, -16.05147 ], [ -66.910523, -16.050347 ], [ -66.910776, -16.048718 ], [ -66.910176, -16.047759 ], [ -66.908868, -16.047109 ], [ -66.908979, -16.045479 ], [ -66.909598, -16.044715 ], [ -66.91111, -16.043825 ], [ -66.912528, -16.04298 ], [ -66.912819, -16.042031 ], [ -66.912414, -16.04044 ], [ -66.912326, -16.038897 ], [ -66.912302, -16.037763 ], [ -66.912405, -16.036148 ], [ -66.911206, -16.034849 ], [ -66.911221, -16.033489 ], [ -66.911563, -16.032178 ], [ -66.911952, -16.030958 ], [ -66.912571, -16.030195 ], [ -66.912535, -16.029106 ], [ -66.912617, -16.025888 ], [ -66.913383, -16.024446 ], [ -66.914756, -16.023418 ], [ -66.915379, -16.022201 ], [ -66.915512, -16.019467 ], [ -66.914698, -16.017604 ], [ -66.913215, -16.015814 ], [ -66.913729, -16.01453 ], [ -66.915753, -16.012538 ], [ -66.916779, -16.010293 ], [ -66.915964, -16.00843 ], [ -66.916322, -16.006177 ], [ -66.917344, -16.004254 ], [ -66.920366, -16.002514 ], [ -66.92148, -15.999786 ], [ -66.920299, -15.997447 ], [ -66.919356, -15.996941 ], [ -66.917858, -15.996562 ], [ -66.916552, -15.995776 ], [ -66.91562, -15.995176 ], [ -66.914828, -15.994669 ], [ -66.914221, -15.994299 ], [ -66.912958, -15.993968 ], [ -66.911693, -15.993727 ], [ -66.910248, -15.992759 ], [ -66.909599, -15.992027 ], [ -66.90969, -15.990998 ], [ -66.911254, -15.989601 ], [ -66.911795, -15.988446 ], [ -66.911424, -15.987235 ], [ -66.911827, -15.985429 ], [ -66.912671, -15.982931 ], [ -66.913511, -15.980804 ], [ -66.913463, -15.979227 ], [ -66.910169, -15.974174 ], [ -66.909364, -15.973098 ], [ -66.90779, -15.971966 ], [ -66.906175, -15.970231 ], [ -66.905043, -15.968222 ], [ -66.905017, -15.966225 ], [ -66.90513, -15.964648 ], [ -66.904516, -15.963667 ], [ -66.902988, -15.962722 ], [ -66.902084, -15.961923 ], [ -66.90103, -15.961679 ], [ -66.900265, -15.96094 ], [ -66.899409, -15.960501 ], [ -66.899042, -15.958919 ], [ -66.898581, -15.957103 ], [ -66.897541, -15.955513 ], [ -66.895966, -15.954568 ], [ -66.894588, -15.953161 ], [ -66.893154, -15.952496 ], [ -66.890756, -15.952145 ], [ -66.889207, -15.951141 ], [ -66.888571, -15.950169 ], [ -66.887954, -15.949904 ], [ -66.887309, -15.948854 ], [ -66.886773, -15.947905 ], [ -66.886102, -15.94661 ], [ -66.885184, -15.944964 ], [ -66.884276, -15.943156 ], [ -66.883632, -15.941971 ], [ -66.882915, -15.941089 ], [ -66.881856, -15.941409 ], [ -66.880531, -15.942483 ], [ -66.879443, -15.943378 ], [ -66.878313, -15.943363 ], [ -66.877213, -15.942689 ], [ -66.87647, -15.941428 ], [ -66.875443, -15.939851 ], [ -66.874591, -15.938763 ], [ -66.873626, -15.938057 ], [ -66.871433, -15.937756 ], [ -66.868353, -15.937016 ], [ -66.867563, -15.936458 ], [ -66.866961, -15.934409 ], [ -66.868929, -15.932989 ], [ -66.871986, -15.930819 ], [ -66.87661, -15.927639 ], [ -66.878264, -15.925492 ], [ -66.878138, -15.923145 ], [ -66.876146, -15.921511 ], [ -66.874334, -15.920687 ], [ -66.873751, -15.918974 ], [ -66.876218, -15.916638 ], [ -66.879648, -15.913001 ], [ -66.880343, -15.909925 ], [ -66.883104, -15.907003 ], [ -66.885299, -15.904665 ], [ -66.887098, -15.901404 ], [ -66.888761, -15.898143 ], [ -66.888248, -15.895384 ], [ -66.886511, -15.893005 ], [ -66.883949, -15.891668 ], [ -66.881537, -15.889022 ], [ -66.880759, -15.885736 ], [ -66.88121, -15.883161 ], [ -66.882064, -15.880767 ], [ -66.882842, -15.87872 ], [ -66.885432, -15.875578 ], [ -66.887547, -15.873057 ], [ -66.888642, -15.871745 ], [ -66.8915, -15.870499 ], [ -66.894068, -15.871312 ], [ -66.898228, -15.875419 ], [ -66.901219, -15.874663 ], [ -66.903009, -15.872189 ], [ -66.90263, -15.869562 ], [ -66.903206, -15.86642 ], [ -66.903248, -15.862486 ], [ -66.9007, -15.858461 ], [ -66.899993, -15.85727 ], [ -66.89993, -15.856399 ], [ -66.900343, -15.855112 ], [ -66.901097, -15.853703 ], [ -66.901477, -15.852316 ], [ -66.901449, -15.851121 ], [ -66.901365, -15.849712 ], [ -66.902406, -15.848438 ], [ -66.902492, -15.848149 ], [ -66.90232, -15.84735 ], [ -66.902444, -15.847097 ], [ -66.902919, -15.84622 ], [ -66.903075, -15.844996 ], [ -66.903282, -15.844402 ], [ -66.903329, -15.843874 ], [ -66.903293, -15.843364 ], [ -66.903278, -15.842953 ], [ -66.90351, -15.841997 ], [ -66.903298, -15.84027 ], [ -66.90239, -15.839204 ], [ -66.901879, -15.838587 ], [ -66.901551, -15.836915 ], [ -66.900994, -15.835241 ], [ -66.900141, -15.834342 ], [ -66.899172, -15.833554 ], [ -66.899181, -15.832218 ], [ -66.899106, -15.831649 ], [ -66.899093, -15.830944 ], [ -66.898798, -15.830279 ], [ -66.898953, -15.829594 ], [ -66.898911, -15.828983 ], [ -66.898652, -15.828431 ], [ -66.896764, -15.827523 ], [ -66.896316, -15.826406 ], [ -66.896844, -15.825466 ], [ -66.896913, -15.824354 ], [ -66.896004, -15.823344 ], [ -66.895155, -15.822112 ], [ -66.893894, -15.821766 ], [ -66.892078, -15.820038 ], [ -66.891458, -15.818405 ], [ -66.890556, -15.816783 ], [ -66.889616, -15.816123 ], [ -66.888994, -15.815686 ], [ -66.888372, -15.815132 ], [ -66.888114, -15.81466 ], [ -66.887676, -15.814048 ], [ -66.88752, -15.813459 ], [ -66.887223, -15.812889 ], [ -66.886704, -15.812159 ], [ -66.886181, -15.811919 ], [ -66.885639, -15.811503 ], [ -66.883893, -15.810115 ], [ -66.882712, -15.808949 ], [ -66.882513, -15.809489 ], [ -66.882395, -15.81016 ], [ -66.881603, -15.810247 ], [ -66.880979, -15.809462 ], [ -66.881622, -15.808467 ], [ -66.881463, -15.807242 ], [ -66.879193, -15.804607 ], [ -66.877103, -15.801906 ], [ -66.876467, -15.800843 ], [ -66.874388, -15.798572 ], [ -66.87323, -15.797113 ], [ -66.872366, -15.796635 ], [ -66.871882, -15.796454 ], [ -66.870733, -15.79615 ], [ -66.868365, -15.794446 ], [ -66.866758, -15.793453 ], [ -66.866075, -15.792996 ], [ -66.865671, -15.792934 ], [ -66.863999, -15.792375 ], [ -66.859099, -15.792996 ], [ -66.857734, -15.792103 ], [ -66.856978, -15.791001 ], [ -66.856274, -15.790623 ], [ -66.855647, -15.790676 ], [ -66.854478, -15.790334 ], [ -66.851069, -15.787938 ], [ -66.849998, -15.78791 ], [ -66.84951, -15.788102 ], [ -66.849005, -15.788137 ], [ -66.848511, -15.788877 ], [ -66.848129, -15.788785 ], [ -66.847414, -15.788455 ], [ -66.846929, -15.789008 ], [ -66.84633, -15.790203 ], [ -66.844501, -15.791959 ], [ -66.84291, -15.792922 ], [ -66.840835, -15.794298 ], [ -66.839774, -15.794231 ], [ -66.807244, -15.778696 ], [ -66.800029, -15.77819 ], [ -66.796886, -15.776277 ], [ -66.796113, -15.776816 ], [ -66.79156, -15.781349 ], [ -66.790648, -15.78181 ], [ -66.789391, -15.782241 ], [ -66.788356, -15.782237 ], [ -66.787931, -15.782043 ], [ -66.788025, -15.780891 ], [ -66.787813, -15.779818 ], [ -66.787022, -15.77968 ], [ -66.786588, -15.779877 ], [ -66.786751, -15.780832 ], [ -66.786528, -15.781207 ], [ -66.785924, -15.7817 ], [ -66.785269, -15.781774 ], [ -66.784984, -15.782299 ], [ -66.784528, -15.782307 ], [ -66.784205, -15.782022 ], [ -66.783934, -15.78211 ], [ -66.783569, -15.78274 ], [ -66.783145, -15.783007 ], [ -66.781749, -15.782979 ], [ -66.781152, -15.782626 ], [ -66.780952, -15.782152 ], [ -66.781044, -15.781146 ], [ -66.780762, -15.779634 ], [ -66.780314, -15.779417 ], [ -66.77988, -15.779604 ], [ -66.779206, -15.780587 ], [ -66.778041, -15.781503 ], [ -66.777096, -15.781676 ], [ -66.776003, -15.782592 ], [ -66.775232, -15.782569 ], [ -66.77423, -15.783572 ], [ -66.773631, -15.783609 ], [ -66.77296, -15.785501 ], [ -66.772046, -15.785509 ], [ -66.771377, -15.786276 ], [ -66.770178, -15.786199 ], [ -66.769598, -15.786699 ], [ -66.769493, -15.788741 ], [ -66.766461, -15.791526 ], [ -66.765522, -15.791593 ], [ -66.764238, -15.792829 ], [ -66.763943, -15.793796 ], [ -66.763404, -15.794178 ], [ -66.76217, -15.794029 ], [ -66.76044, -15.793705 ], [ -66.759747, -15.794448 ], [ -66.759646, -15.795996 ], [ -66.757179, -15.795431 ], [ -66.756627, -15.796459 ], [ -66.754666, -15.798005 ], [ -66.753671, -15.797921 ], [ -66.752891, -15.798137 ], [ -66.752566, -15.799521 ], [ -66.752574, -15.80047 ], [ -66.751318, -15.80159 ], [ -66.749472, -15.802598 ], [ -66.748373, -15.802516 ], [ -66.747273, -15.802383 ], [ -66.747035, -15.800818 ], [ -66.746311, -15.800379 ], [ -66.745409, -15.800492 ], [ -66.743719, -15.79956 ], [ -66.743381, -15.7982 ], [ -66.742646, -15.79801 ], [ -66.74069, -15.800011 ], [ -66.739445, -15.80014 ], [ -66.738802, -15.801091 ], [ -66.737478, -15.801186 ], [ -66.736344, -15.802065 ], [ -66.735208, -15.804646 ], [ -66.733694, -15.805339 ], [ -66.732639, -15.805646 ], [ -66.731317, -15.807212 ], [ -66.730178, -15.807839 ], [ -66.729174, -15.807198 ], [ -66.728555, -15.807665 ], [ -66.72773, -15.808286 ], [ -66.72679, -15.808302 ], [ -66.726236, -15.807617 ], [ -66.726599, -15.806433 ], [ -66.726478, -15.805575 ], [ -66.725844, -15.805181 ], [ -66.724489, -15.805148 ], [ -66.723795, -15.805131 ], [ -66.722229, -15.805805 ], [ -66.721625, -15.805153 ], [ -66.721238, -15.801971 ], [ -66.720505, -15.801882 ], [ -66.719631, -15.802707 ], [ -66.718901, -15.804174 ], [ -66.71838, -15.806139 ], [ -66.719034, -15.80717 ], [ -66.719205, -15.807977 ], [ -66.718697, -15.808745 ], [ -66.718174, -15.808754 ], [ -66.718153, -15.80759 ], [ -66.71746, -15.806843 ], [ -66.71494, -15.806228 ], [ -66.714145, -15.805635 ], [ -66.713763, -15.804781 ], [ -66.713837, -15.80311 ], [ -66.714489, -15.80158 ], [ -66.714161, -15.800776 ], [ -66.714089, -15.799715 ], [ -66.714335, -15.798901 ], [ -66.715214, -15.79838 ], [ -66.716262, -15.798395 ], [ -66.717322, -15.79875 ], [ -66.717694, -15.799653 ], [ -66.718281, -15.800301 ], [ -66.718708, -15.799947 ], [ -66.718986, -15.798429 ], [ -66.719584, -15.797243 ], [ -66.721953, -15.79533 ], [ -66.72488, -15.794779 ], [ -66.725234, -15.794089 ], [ -66.725055, -15.793505 ], [ -66.724159, -15.793065 ], [ -66.723985, -15.792157 ], [ -66.72418, -15.791344 ], [ -66.72473, -15.791039 ], [ -66.725847, -15.791063 ], [ -66.7267, -15.790375 ], [ -66.72671, -15.789682 ], [ -66.726046, -15.787669 ], [ -66.726293, -15.786906 ], [ -66.728141, -15.785052 ], [ -66.728118, -15.783838 ], [ -66.727687, -15.783087 ], [ -66.726842, -15.782646 ], [ -66.725435, -15.782822 ], [ -66.7246, -15.782886 ], [ -66.724015, -15.78234 ], [ -66.724206, -15.781375 ], [ -66.72558, -15.78087 ], [ -66.726162, -15.780486 ], [ -66.726474, -15.779666 ], [ -66.726348, -15.778454 ], [ -66.725654, -15.777656 ], [ -66.725568, -15.776922 ], [ -66.724792, -15.776175 ], [ -66.724527, -15.776018 ], [ -66.723688, -15.775919 ], [ -66.722185, -15.776603 ], [ -66.721402, -15.776616 ], [ -66.720692, -15.776019 ], [ -66.720231, -15.775472 ], [ -66.719848, -15.774517 ], [ -66.719221, -15.774528 ], [ -66.718366, -15.776364 ], [ -66.717749, -15.776881 ], [ -66.7167, -15.776696 ], [ -66.715498, -15.776666 ], [ -66.715067, -15.775965 ], [ -66.715046, -15.774802 ], [ -66.715756, -15.773626 ], [ -66.71735, -15.772232 ], [ -66.720148, -15.770919 ], [ -66.721118, -15.76978 ], [ -66.721407, -15.768317 ], [ -66.721338, -15.767407 ], [ -66.720909, -15.766949 ], [ -66.720444, -15.766754 ], [ -66.719719, -15.766888 ], [ -66.717473, -15.767473 ], [ -66.714076, -15.767481 ], [ -66.712403, -15.767459 ], [ -66.711873, -15.767012 ], [ -66.711707, -15.766509 ], [ -66.711902, -15.765747 ], [ -66.713855, -15.763942 ], [ -66.713869, -15.763172 ], [ -66.713212, -15.763093 ], [ -66.713197, -15.762233 ], [ -66.712718, -15.761786 ], [ -66.711978, -15.761292 ], [ -66.711188, -15.760952 ], [ -66.710803, -15.759896 ], [ -66.71022, -15.75945 ], [ -66.710505, -15.757877 ], [ -66.710283, -15.757172 ], [ -66.708836, -15.755172 ], [ -66.708351, -15.754371 ], [ -66.707619, -15.754333 ], [ -66.706478, -15.754808 ], [ -66.705815, -15.75573 ], [ -66.70504, -15.756199 ], [ -66.704358, -15.756058 ], [ -66.703824, -15.75541 ], [ -66.703549, -15.754655 ], [ -66.703738, -15.753589 ], [ -66.704017, -15.751909 ], [ -66.703747, -15.75116 ], [ -66.702642, -15.751075 ], [ -66.701824, -15.75175 ], [ -66.701039, -15.751712 ], [ -66.699816, -15.7505 ], [ -66.698814, -15.75003 ], [ -66.69782, -15.749945 ], [ -66.697012, -15.750714 ], [ -66.696343, -15.750826 ], [ -66.695747, -15.750429 ], [ -66.695398, -15.749702 ], [ -66.695465, -15.748317 ], [ -66.696718, -15.745981 ], [ -66.698894, -15.743052 ], [ -66.698882, -15.742401 ], [ -66.698538, -15.741959 ], [ -66.697818, -15.741686 ], [ -66.695627, -15.741438 ], [ -66.694739, -15.741209 ], [ -66.69415, -15.740858 ], [ -66.694427, -15.7388 ], [ -66.695128, -15.73795 ], [ -66.69617, -15.737632 ], [ -66.698567, -15.737547 ], [ -66.700427, -15.737822 ], [ -66.701056, -15.737592 ], [ -66.701493, -15.736752 ], [ -66.701382, -15.735615 ], [ -66.700872, -15.734923 ], [ -66.699814, -15.734535 ], [ -66.698418, -15.734307 ], [ -66.698181, -15.733741 ], [ -66.698918, -15.733351 ], [ -66.699457, -15.732698 ], [ -66.700504, -15.732124 ], [ -66.701285, -15.730479 ], [ -66.701234, -15.729921 ], [ -66.7005, -15.729364 ], [ -66.700213, -15.728536 ], [ -66.700331, -15.727526 ], [ -66.700996, -15.72677 ], [ -66.70198, -15.726184 ], [ -66.703769, -15.726177 ], [ -66.70515, -15.726349 ], [ -66.705448, -15.725336 ], [ -66.708345, -15.722921 ], [ -66.708644, -15.721952 ], [ -66.709536, -15.721235 ], [ -66.710842, -15.720906 ], [ -66.712159, -15.721191 ], [ -66.713984, -15.719538 ], [ -66.714447, -15.717646 ], [ -66.717566, -15.715008 ], [ -66.718426, -15.715037 ], [ -66.719259, -15.714032 ], [ -66.719561, -15.712927 ], [ -66.719349, -15.712331 ], [ -66.718451, -15.712346 ], [ -66.718091, -15.712127 ], [ -66.718051, -15.711572 ], [ -66.719002, -15.710282 ], [ -66.719807, -15.710268 ], [ -66.719893, -15.709877 ], [ -66.719712, -15.70844 ], [ -66.720059, -15.707985 ], [ -66.720697, -15.707284 ], [ -66.720814, -15.706937 ], [ -66.720675, -15.70668 ], [ -66.720355, -15.706435 ], [ -66.719505, -15.706436 ], [ -66.718732, -15.705623 ], [ -66.718077, -15.705303 ], [ -66.718074, -15.704342 ], [ -66.717899, -15.703933 ], [ -66.716941, -15.702956 ], [ -66.716658, -15.702382 ], [ -66.714648, -15.702591 ], [ -66.713024, -15.703602 ], [ -66.712232, -15.703942 ], [ -66.71011, -15.706118 ], [ -66.70645, -15.707875 ], [ -66.705823, -15.7099 ], [ -66.703561, -15.710181 ], [ -66.677802, -15.732044 ], [ -66.669512, -15.738768 ], [ -66.667501, -15.740283 ], [ -66.662532, -15.744151 ], [ -66.655137, -15.750349 ], [ -66.651685, -15.752797 ], [ -66.651295, -15.753999 ], [ -66.650381, -15.754611 ], [ -66.648956, -15.755432 ], [ -66.647, -15.756364 ], [ -66.643967, -15.758204 ], [ -66.643483, -15.759905 ], [ -66.6343, -15.769718 ], [ -66.632664, -15.770244 ], [ -66.628162, -15.777289 ], [ -66.625826, -15.778922 ], [ -66.624844, -15.781527 ], [ -66.623215, -15.782451 ], [ -66.619703, -15.787389 ], [ -66.617707, -15.790808 ], [ -66.616684, -15.791144 ], [ -66.616112, -15.793643 ], [ -66.614785, -15.795348 ], [ -66.614732, -15.797052 ], [ -66.614399, -15.801439 ], [ -66.614115, -15.802838 ], [ -66.612713, -15.804952 ], [ -66.61444, -15.809524 ], [ -66.614064, -15.811522 ], [ -66.613041, -15.811838 ], [ -66.613922, -15.81511 ], [ -66.612334, -15.815452 ], [ -66.609973, -15.814598 ], [ -66.608709, -15.812926 ], [ -66.604661, -15.815626 ], [ -66.601373, -15.814625 ], [ -66.598136, -15.81645 ], [ -66.596154, -15.816914 ], [ -66.595538, -15.813666 ], [ -66.594481, -15.813248 ], [ -66.593055, -15.813199 ], [ -66.592209, -15.811979 ], [ -66.591319, -15.812574 ], [ -66.589971, -15.812669 ], [ -66.588987, -15.812177 ], [ -66.588594, -15.811167 ], [ -66.587087, -15.810756 ], [ -66.586388, -15.809388 ], [ -66.585139, -15.810861 ], [ -66.584241, -15.811582 ], [ -66.583426, -15.811543 ], [ -66.582426, -15.810107 ], [ -66.581402, -15.807292 ], [ -66.580264, -15.806585 ], [ -66.578806, -15.806225 ], [ -66.577659, -15.806023 ], [ -66.576747, -15.806982 ], [ -66.576368, -15.806266 ], [ -66.576657, -15.805375 ], [ -66.575801, -15.804356 ], [ -66.574953, -15.80453 ], [ -66.575447, -15.805912 ], [ -66.574356, -15.806286 ], [ -66.573365, -15.805025 ], [ -66.572566, -15.804451 ], [ -66.571608, -15.804351 ], [ -66.568965, -15.805723 ], [ -66.567901, -15.807415 ], [ -66.566177, -15.807614 ], [ -66.564968, -15.808225 ], [ -66.564374, -15.80912 ], [ -66.563131, -15.809062 ], [ -66.562994, -15.808626 ], [ -66.562596, -15.807673 ], [ -66.561809, -15.806284 ], [ -66.560497, -15.805346 ], [ -66.559198, -15.805146 ], [ -66.558296, -15.805899 ], [ -66.558093, -15.807378 ], [ -66.557643, -15.807754 ], [ -66.55725, -15.807097 ], [ -66.557309, -15.806136 ], [ -66.556466, -15.805855 ], [ -66.555551, -15.80587 ], [ -66.555039, -15.807059 ], [ -66.555599, -15.808923 ], [ -66.557602, -15.809821 ], [ -66.558823, -15.809875 ], [ -66.558644, -15.810583 ], [ -66.557848, -15.810777 ], [ -66.557002, -15.810348 ], [ -66.556167, -15.810583 ], [ -66.554597, -15.812306 ], [ -66.553184, -15.813341 ], [ -66.552011, -15.812644 ], [ -66.551538, -15.811766 ], [ -66.551521, -15.810807 ], [ -66.550466, -15.811488 ], [ -66.549472, -15.811283 ], [ -66.549597, -15.809731 ], [ -66.54915, -15.80966 ], [ -66.548484, -15.810647 ], [ -66.547977, -15.810522 ], [ -66.547535, -15.810146 ], [ -66.547956, -15.809296 ], [ -66.547633, -15.808918 ], [ -66.54696, -15.808967 ], [ -66.546132, -15.809134 ], [ -66.544652, -15.810766 ], [ -66.544062, -15.810778 ], [ -66.54342, -15.810328 ], [ -66.542732, -15.809458 ], [ -66.542098, -15.80943 ], [ -66.541506, -15.809551 ], [ -66.540933, -15.808487 ], [ -66.540327, -15.807807 ], [ -66.539852, -15.807814 ], [ -66.539333, -15.807554 ], [ -66.539432, -15.806441 ], [ -66.539227, -15.806023 ], [ -66.538831, -15.805991 ], [ -66.53816, -15.807048 ], [ -66.537738, -15.806929 ], [ -66.537651, -15.80647 ], [ -66.537371, -15.806321 ], [ -66.536855, -15.806215 ], [ -66.536434, -15.806648 ], [ -66.535871, -15.806576 ], [ -66.535705, -15.806118 ], [ -66.535692, -15.80539 ], [ -66.535445, -15.804858 ], [ -66.53475, -15.804682 ], [ -66.533809, -15.805168 ], [ -66.533134, -15.805264 ], [ -66.532808, -15.804837 ], [ -66.532545, -15.803497 ], [ -66.531892, -15.803463 ], [ -66.530927, -15.804775 ], [ -66.530354, -15.804784 ], [ -66.529994, -15.804266 ], [ -66.530299, -15.803489 ], [ -66.529975, -15.803155 ], [ -66.529558, -15.802977 ], [ -66.528709, -15.80367 ], [ -66.527694, -15.803902 ], [ -66.526865, -15.803885 ], [ -66.526198, -15.80405 ], [ -66.525639, -15.804892 ], [ -66.52481, -15.804813 ], [ -66.52343, -15.80428 ], [ -66.52302, -15.804533 ], [ -66.521605, -15.807487 ], [ -66.520473, -15.80837 ], [ -66.520029, -15.808469 ], [ -66.519636, -15.807828 ], [ -66.519802, -15.806406 ], [ -66.519574, -15.806101 ], [ -66.519127, -15.806047 ], [ -66.518663, -15.806887 ], [ -66.518348, -15.807077 ], [ -66.517896, -15.806745 ], [ -66.51772, -15.805761 ], [ -66.51727, -15.805552 ], [ -66.516675, -15.806148 ], [ -66.516731, -15.807182 ], [ -66.51616, -15.807986 ], [ -66.515367, -15.808172 ], [ -66.513937, -15.80801 ], [ -66.512786, -15.80758 ], [ -66.511055, -15.806399 ], [ -66.509954, -15.806048 ], [ -66.509292, -15.806243 ], [ -66.509069, -15.806783 ], [ -66.509606, -15.807896 ], [ -66.508953, -15.808682 ], [ -66.508654, -15.807866 ], [ -66.507461, -15.807701 ], [ -66.506945, -15.808259 ], [ -66.507199, -15.809041 ], [ -66.508161, -15.80967 ], [ -66.508077, -15.810316 ], [ -66.506848, -15.81089 ], [ -66.505697, -15.810217 ], [ -66.504868, -15.811166 ], [ -66.503515, -15.81062 ], [ -66.502665, -15.811003 ], [ -66.501109, -15.811811 ], [ -66.50035, -15.811915 ], [ -66.49992, -15.812743 ], [ -66.500991, -15.813241 ], [ -66.501047, -15.813746 ], [ -66.500325, -15.81424 ], [ -66.499386, -15.813957 ], [ -66.498243, -15.813884 ], [ -66.498495, -15.815488 ], [ -66.498758, -15.816179 ], [ -66.497837, -15.816756 ], [ -66.496552, -15.817918 ], [ -66.495688, -15.817518 ], [ -66.494483, -15.81938 ], [ -66.49317, -15.820392 ], [ -66.492429, -15.82018 ], [ -66.491671, -15.821365 ], [ -66.49102, -15.821274 ], [ -66.491001, -15.820159 ], [ -66.490579, -15.819764 ], [ -66.48823, -15.819802 ], [ -66.486806, -15.820093 ], [ -66.486588, -15.82081 ], [ -66.487375, -15.82102 ], [ -66.487388, -15.821555 ], [ -66.488027, -15.821411 ], [ -66.488568, -15.820733 ], [ -66.489216, -15.820857 ], [ -66.489319, -15.821524 ], [ -66.488449, -15.821806 ], [ -66.487912, -15.823604 ], [ -66.487281, -15.823564 ], [ -66.486025, -15.822871 ], [ -66.485661, -15.823149 ], [ -66.485921, -15.823837 ], [ -66.485687, -15.824665 ], [ -66.485233, -15.825074 ], [ -66.484406, -15.825221 ], [ -66.484373, -15.82598 ], [ -66.484728, -15.826724 ], [ -66.484114, -15.82701 ], [ -66.483652, -15.827464 ], [ -66.483207, -15.828363 ], [ -66.482287, -15.828467 ], [ -66.481697, -15.829012 ], [ -66.481847, -15.829678 ], [ -66.482386, -15.830382 ], [ -66.484626, -15.830526 ], [ -66.486591, -15.832234 ], [ -66.486339, -15.832951 ], [ -66.483531, -15.833804 ], [ -66.482571, -15.834266 ], [ -66.482354, -15.835072 ], [ -66.482598, -15.835827 ], [ -66.483024, -15.836489 ], [ -66.483036, -15.837203 ], [ -66.482401, -15.837793 ], [ -66.482412, -15.838435 ], [ -66.484258, -15.838628 ], [ -66.484899, -15.83835 ], [ -66.485571, -15.837416 ], [ -66.486236, -15.837368 ], [ -66.48583, -15.838203 ], [ -66.484843, -15.839547 ], [ -66.484533, -15.840852 ], [ -66.48429, -15.841806 ], [ -66.483973, -15.842278 ], [ -66.483142, -15.842983 ], [ -66.482936, -15.843627 ], [ -66.482945, -15.845117 ], [ -66.482645, -15.845699 ], [ -66.48203, -15.846109 ], [ -66.481408, -15.846448 ], [ -66.480549, -15.846697 ], [ -66.479764, -15.846986 ], [ -66.478774, -15.847349 ], [ -66.478218, -15.847593 ], [ -66.477849, -15.847852 ], [ -66.477745, -15.848324 ], [ -66.477922, -15.848864 ], [ -66.478432, -15.849181 ], [ -66.478777, -15.849718 ], [ -66.478879, -15.850223 ], [ -66.478473, -15.851075 ], [ -66.477923, -15.851292 ], [ -66.477319, -15.851235 ], [ -66.476505, -15.850698 ], [ -66.47583, -15.850021 ], [ -66.475624, -15.849061 ], [ -66.4757, -15.847217 ], [ -66.475267, -15.846801 ], [ -66.474642, -15.846802 ], [ -66.473222, -15.847144 ], [ -66.472477, -15.847007 ], [ -66.471607, -15.846787 ], [ -66.47084, -15.846295 ], [ -66.470592, -15.845612 ], [ -66.469821, -15.844845 ], [ -66.469486, -15.844249 ], [ -66.46923, -15.843525 ], [ -66.468409, -15.84338 ], [ -66.467576, -15.843577 ], [ -66.467053, -15.843754 ], [ -66.465717, -15.844389 ], [ -66.464944, -15.844946 ], [ -66.464044, -15.844914 ], [ -66.463327, -15.844559 ], [ -66.462983, -15.843831 ], [ -66.462875, -15.843007 ], [ -66.462428, -15.841822 ], [ -66.46174, -15.840366 ], [ -66.461648, -15.837709 ], [ -66.462129, -15.835363 ], [ -66.461739, -15.834723 ], [ -66.461157, -15.834385 ], [ -66.460623, -15.834166 ], [ -66.460275, -15.833936 ], [ -66.45938, -15.833916 ], [ -66.458838, -15.833725 ], [ -66.457361, -15.833439 ], [ -66.45538, -15.83341 ], [ -66.454563, -15.833283 ], [ -66.45436, -15.832507 ], [ -66.454397, -15.83191 ], [ -66.455097, -15.831303 ], [ -66.455322, -15.830566 ], [ -66.455185, -15.829845 ], [ -66.454809, -15.829595 ], [ -66.454108, -15.829459 ], [ -66.453131, -15.829867 ], [ -66.451693, -15.831217 ], [ -66.448513, -15.831224 ], [ -66.446458, -15.830948 ], [ -66.446036, -15.830393 ], [ -66.444138, -15.830148 ], [ -66.443273, -15.829663 ], [ -66.441892, -15.828991 ], [ -66.440942, -15.828784 ], [ -66.439583, -15.829581 ], [ -66.43511, -15.831208 ], [ -66.433318, -15.831695 ], [ -66.430623, -15.831921 ], [ -66.427689, -15.832105 ], [ -66.425082, -15.831963 ], [ -66.423844, -15.83157 ], [ -66.421334, -15.831609 ], [ -66.414894, -15.831665 ], [ -66.413763, -15.831958 ], [ -66.412067, -15.832535 ], [ -66.410604, -15.832833 ], [ -66.409138, -15.832994 ], [ -66.407652, -15.832886 ], [ -66.406037, -15.832424 ], [ -66.404669, -15.832026 ], [ -66.402156, -15.83182 ], [ -66.39961, -15.832456 ], [ -66.398022, -15.833571 ], [ -66.395472, -15.835432 ], [ -66.394241, -15.835785 ], [ -66.392943, -15.835925 ], [ -66.391489, -15.835918 ], [ -66.390553, -15.835483 ], [ -66.389732, -15.834478 ], [ -66.388828, -15.834102 ], [ -66.387435, -15.834164 ], [ -66.386142, -15.834504 ], [ -66.385345, -15.834966 ], [ -66.384556, -15.83584 ], [ -66.384075, -15.836723 ], [ -66.384041, -15.838401 ], [ -66.384427, -15.839294 ], [ -66.384994, -15.839854 ], [ -66.385899, -15.840349 ], [ -66.387417, -15.840415 ], [ -66.388402, -15.84013 ], [ -66.389327, -15.839906 ], [ -66.390256, -15.839952 ], [ -66.391223, -15.840386 ], [ -66.391762, -15.841156 ], [ -66.392089, -15.8422 ], [ -66.392298, -15.843634 ], [ -66.391945, -15.845014 ], [ -66.391159, -15.846064 ], [ -66.390611, -15.846287 ], [ -66.389707, -15.84646 ], [ -66.388828, -15.846495 ], [ -66.386837, -15.846476 ], [ -66.385147, -15.846261 ], [ -66.384426, -15.846386 ], [ -66.383871, -15.846762 ], [ -66.382895, -15.847616 ], [ -66.381532, -15.849405 ], [ -66.379943, -15.850628 ], [ -66.378992, -15.851122 ], [ -66.377974, -15.851348 ], [ -66.375869, -15.851291 ], [ -66.374872, -15.850917 ], [ -66.37378, -15.850365 ], [ -66.37257, -15.850204 ], [ -66.371799, -15.850366 ], [ -66.371095, -15.850826 ], [ -66.369635, -15.852407 ], [ -66.368915, -15.853766 ], [ -66.368654, -15.854819 ], [ -66.368735, -15.855986 ], [ -66.369149, -15.856638 ], [ -66.37019, -15.857246 ], [ -66.371724, -15.858774 ], [ -66.372415, -15.859504 ], [ -66.372729, -15.860231 ], [ -66.372868, -15.861052 ], [ -66.372303, -15.862296 ], [ -66.37091, -15.863968 ], [ -66.370159, -15.864393 ], [ -66.369278, -15.864733 ], [ -66.367861, -15.864822 ], [ -66.366646, -15.864332 ], [ -66.365449, -15.863136 ], [ -66.364592, -15.862874 ], [ -66.363644, -15.862889 ], [ -66.362514, -15.863274 ], [ -66.361627, -15.864067 ], [ -66.361078, -15.865268 ], [ -66.360871, -15.867059 ], [ -66.361129, -15.868393 ], [ -66.362222, -15.870063 ], [ -66.362776, -15.871202 ], [ -66.363046, -15.871886 ], [ -66.363181, -15.872697 ], [ -66.362953, -15.873366 ], [ -66.36226, -15.87364 ], [ -66.360332, -15.874541 ], [ -66.359582, -15.875011 ], [ -66.3596, -15.875558 ], [ -66.360189, -15.876236 ], [ -66.361171, -15.876546 ], [ -66.361651, -15.876905 ], [ -66.361977, -15.877941 ], [ -66.361865, -15.879573 ], [ -66.361469, -15.880209 ], [ -66.360627, -15.88091 ], [ -66.360213, -15.88165 ], [ -66.360085, -15.882477 ], [ -66.360274, -15.883245 ], [ -66.36058, -15.883753 ], [ -66.36097, -15.884435 ], [ -66.361164, -15.88478 ], [ -66.361072, -15.885262 ], [ -66.36076, -15.886043 ], [ -66.360342, -15.886554 ], [ -66.359531, -15.886808 ], [ -66.35811, -15.886558 ], [ -66.35723, -15.886628 ], [ -66.356942, -15.887249 ], [ -66.356431, -15.887807 ], [ -66.355867, -15.888091 ], [ -66.354822, -15.888066 ], [ -66.353886, -15.887861 ], [ -66.353213, -15.88804 ], [ -66.352815, -15.888453 ], [ -66.352226, -15.88856 ], [ -66.351487, -15.888584 ], [ -66.350518, -15.888909 ], [ -66.349924, -15.889696 ], [ -66.349688, -15.890779 ], [ -66.349115, -15.891657 ], [ -66.34901, -15.892797 ], [ -66.349251, -15.894261 ], [ -66.349865, -15.896222 ], [ -66.350025, -15.897567 ], [ -66.349909, -15.898475 ], [ -66.349579, -15.899169 ], [ -66.346874, -15.902147 ], [ -66.345402, -15.903009 ], [ -66.3442, -15.903342 ], [ -66.342965, -15.903541 ], [ -66.342228, -15.903912 ], [ -66.341527, -15.904552 ], [ -66.341202, -15.905486 ], [ -66.341067, -15.906686 ], [ -66.34124, -15.907822 ], [ -66.34175, -15.908713 ], [ -66.342535, -15.90939 ], [ -66.343395, -15.90981 ], [ -66.344762, -15.909905 ], [ -66.345899, -15.909888 ], [ -66.34703, -15.909503 ], [ -66.347873, -15.908894 ], [ -66.348918, -15.908093 ], [ -66.3497, -15.907674 ], [ -66.350221, -15.90762 ], [ -66.350886, -15.907908 ], [ -66.351463, -15.908204 ], [ -66.352088, -15.908783 ], [ -66.352241, -15.909422 ], [ -66.352253, -15.910156 ], [ -66.352075, -15.910846 ], [ -66.351395, -15.911589 ], [ -66.3506, -15.912185 ], [ -66.349559, -15.912876 ], [ -66.348799, -15.913711 ], [ -66.348482, -15.914279 ], [ -66.348261, -15.914858 ], [ -66.348301, -15.915397 ], [ -66.348169, -15.917405 ], [ -66.347891, -15.918019 ], [ -66.347209, -15.918679 ], [ -66.345922, -15.919448 ], [ -66.344905, -15.919764 ], [ -66.344285, -15.919713 ], [ -66.34267, -15.919379 ], [ -66.3414, -15.919339 ], [ -66.340382, -15.919594 ], [ -66.339648, -15.920115 ], [ -66.338573, -15.920986 ], [ -66.337632, -15.921794 ], [ -66.335883, -15.922749 ], [ -66.334588, -15.923069 ], [ -66.333051, -15.922992 ], [ -66.332455, -15.923252 ], [ -66.331936, -15.923709 ], [ -66.331544, -15.924344 ], [ -66.331499, -15.925364 ], [ -66.331668, -15.92626 ], [ -66.332174, -15.926881 ], [ -66.33283, -15.927261 ], [ -66.333547, -15.927519 ], [ -66.334413, -15.927476 ], [ -66.335615, -15.927128 ], [ -66.337401, -15.926561 ], [ -66.338365, -15.926397 ], [ -66.340528, -15.926512 ], [ -66.341491, -15.926722 ], [ -66.342491, -15.927276 ], [ -66.343496, -15.928159 ], [ -66.344255, -15.929106 ], [ -66.344866, -15.930474 ], [ -66.345031, -15.931101 ], [ -66.344916, -15.931642 ], [ -66.344572, -15.932198 ], [ -66.342015, -15.934084 ], [ -66.340635, -15.934884 ], [ -66.340209, -15.93531 ], [ -66.339848, -15.935975 ], [ -66.339588, -15.937087 ], [ -66.339326, -15.939938 ], [ -66.339933, -15.942954 ], [ -66.33985, -15.943525 ], [ -66.339446, -15.944068 ], [ -66.339035, -15.944439 ], [ -66.338507, -15.944675 ], [ -66.337734, -15.944816 ], [ -66.337029, -15.945216 ], [ -66.335961, -15.946161 ], [ -66.335039, -15.946625 ], [ -66.333417, -15.947789 ], [ -66.332045, -15.949038 ], [ -66.3308, -15.950555 ], [ -66.330292, -15.951405 ], [ -66.329863, -15.951918 ], [ -66.329373, -15.952255 ], [ -66.328541, -15.952508 ], [ -66.32727, -15.952637 ], [ -66.325516, -15.952569 ], [ -66.322889, -15.952497 ], [ -66.321825, -15.952761 ], [ -66.320751, -15.953347 ], [ -66.319714, -15.954292 ], [ -66.318539, -15.954788 ], [ -66.317553, -15.955353 ], [ -66.316882, -15.955933 ], [ -66.316359, -15.957172 ], [ -66.316464, -15.958259 ], [ -66.316856, -15.959078 ], [ -66.316805, -15.959761 ], [ -66.317491, -15.960214 ], [ -66.318158, -15.960388 ], [ -66.318913, -15.960238 ], [ -66.319526, -15.960046 ], [ -66.320325, -15.959621 ], [ -66.321315, -15.959284 ], [ -66.322048, -15.959208 ], [ -66.32305, -15.959393 ], [ -66.323698, -15.959483 ], [ -66.324743, -15.96024 ], [ -66.325564, -15.961144 ], [ -66.326314, -15.962039 ], [ -66.326468, -15.962516 ], [ -66.326835, -15.962967 ], [ -66.326988, -15.964149 ], [ -66.326886, -15.965115 ], [ -66.326586, -15.965668 ], [ -66.326023, -15.965998 ], [ -66.325129, -15.966378 ], [ -66.323994, -15.966789 ], [ -66.322342, -15.967114 ], [ -66.321753, -15.967173 ], [ -66.321199, -15.967361 ], [ -66.320771, -15.967697 ], [ -66.320562, -15.96815 ], [ -66.320541, -15.968779 ], [ -66.320772, -15.969615 ], [ -66.322115, -15.972301 ], [ -66.322286, -15.973156 ], [ -66.322138, -15.973578 ], [ -66.321679, -15.973915 ], [ -66.320815, -15.974138 ], [ -66.319982, -15.974331 ], [ -66.318498, -15.974443 ], [ -66.317845, -15.974304 ], [ -66.316846, -15.97384 ], [ -66.316097, -15.973525 ], [ -66.31498, -15.973329 ], [ -66.313709, -15.973289 ], [ -66.312922, -15.973445 ], [ -66.312169, -15.973777 ], [ -66.311132, -15.974114 ], [ -66.310093, -15.97436 ], [ -66.309009, -15.974743 ], [ -66.308345, -15.974707 ], [ -66.307929, -15.974691 ], [ -66.307476, -15.974673 ], [ -66.306794, -15.974594 ], [ -66.306107, -15.974305 ], [ -66.305169, -15.97372 ], [ -66.304676, -15.973487 ], [ -66.303892, -15.97329 ], [ -66.303056, -15.973303 ], [ -66.302285, -15.973525 ], [ -66.30155, -15.974015 ], [ -66.301064, -15.974622 ], [ -66.30083, -15.975404 ], [ -66.300749, -15.976185 ], [ -66.300978, -15.9769 ], [ -66.301545, -15.977461 ], [ -66.302596, -15.977825 ], [ -66.303519, -15.978129 ], [ -66.304333, -15.978621 ], [ -66.305385, -15.979201 ], [ -66.306064, -15.980107 ], [ -66.306462, -15.981248 ], [ -66.306527, -15.982347 ], [ -66.306436, -15.983027 ], [ -66.306219, -15.983625 ], [ -66.305758, -15.98456 ], [ -66.304776, -15.9854 ], [ -66.304125, -15.98619 ], [ -66.30323, -15.987128 ], [ -66.30268, -15.987679 ], [ -66.30191, -15.987922 ], [ -66.300794, -15.988259 ], [ -66.299802, -15.988503 ], [ -66.298337, -15.988755 ], [ -66.29615, -15.988802 ], [ -66.295063, -15.989142 ], [ -66.29439, -15.989612 ], [ -66.293667, -15.990156 ], [ -66.293204, -15.990851 ], [ -66.292982, -15.991772 ], [ -66.292854, -15.992599 ], [ -66.293015, -15.993743 ], [ -66.293357, -15.99438 ], [ -66.293703, -15.995245 ], [ -66.293957, -15.996296 ], [ -66.29381, -15.996874 ], [ -66.294161, -15.997468 ], [ -66.295016, -15.997769 ], [ -66.295993, -15.997739 ], [ -66.296927, -15.996937 ], [ -66.297537, -15.996447 ], [ -66.298282, -15.995667 ], [ -66.299384, -15.994901 ], [ -66.300242, -15.994318 ], [ -66.301045, -15.994186 ], [ -66.30154, -15.994178 ], [ -66.302151, -15.994438 ], [ -66.302691, -15.995007 ], [ -66.303021, -15.995684 ], [ -66.303183, -15.996415 ], [ -66.303137, -15.99709 ], [ -66.302992, -15.997691 ], [ -66.302722, -15.998235 ], [ -66.302389, -15.998719 ], [ -66.301839, -15.999147 ], [ -66.301071, -15.999518 ], [ -66.300269, -15.999741 ], [ -66.297825, -16.000011 ], [ -66.296275, -16.000011 ], [ -66.294598, -15.999558 ], [ -66.293421, -15.999239 ], [ -66.292476, -15.998474 ], [ -66.291871, -15.999171 ], [ -66.291117, -15.999458 ], [ -66.290266, -15.999608 ], [ -66.288555, -16.001544 ], [ -66.287889, -16.002075 ], [ -66.286992, -16.002272 ], [ -66.285776, -16.00182 ], [ -66.285028, -16.001064 ], [ -66.284585, -16.000013 ], [ -66.284573, -15.999329 ], [ -66.284745, -15.998272 ], [ -66.285012, -15.997213 ], [ -66.285043, -15.996567 ], [ -66.28461, -15.995797 ], [ -66.284077, -15.995072 ], [ -66.283552, -15.994851 ], [ -66.282745, -15.994771 ], [ -66.282056, -15.994028 ], [ -66.28134, -15.993829 ], [ -66.280382, -15.993146 ], [ -66.279504, -15.992832 ], [ -66.278531, -15.992709 ], [ -66.277668, -15.992776 ], [ -66.277051, -15.992966 ], [ -66.276533, -15.993453 ], [ -66.276366, -15.994594 ], [ -66.276485, -15.995122 ], [ -66.2773, -15.995789 ], [ -66.277631, -15.996418 ], [ -66.277742, -15.997238 ], [ -66.277605, -15.999587 ], [ -66.277769, -16.000894 ], [ -66.278113, -16.002331 ], [ -66.278321, -16.004216 ], [ -66.278528, -16.005803 ], [ -66.2793, -16.00739 ], [ -66.280379, -16.008728 ], [ -66.28156, -16.00957 ], [ -66.282946, -16.010015 ], [ -66.284742, -16.010211 ], [ -66.286691, -16.00996 ], [ -66.288075, -16.009759 ], [ -66.28931, -16.010002 ], [ -66.289817, -16.010495 ], [ -66.290046, -16.011231 ], [ -66.289907, -16.011959 ], [ -66.289542, -16.01227 ], [ -66.288668, -16.012676 ], [ -66.286542, -16.013284 ], [ -66.284183, -16.013833 ], [ -66.281568, -16.014432 ], [ -66.280268, -16.014568 ], [ -66.279237, -16.014878 ], [ -66.277949, -16.015707 ], [ -66.276391, -16.017416 ], [ -66.275125, -16.018567 ], [ -66.273829, -16.019454 ], [ -66.272393, -16.02025 ], [ -66.271163, -16.020599 ], [ -66.269778, -16.020601 ], [ -66.26829, -16.020603 ], [ -66.266597, -16.020406 ], [ -66.265108, -16.019962 ], [ -66.263814, -16.019154 ], [ -66.262489, -16.017832 ], [ -66.261718, -16.016493 ], [ -66.260843, -16.014907 ], [ -66.260468, -16.014152 ], [ -66.25981, -16.013168 ], [ -66.25886, -16.012789 ], [ -66.257734, -16.012616 ], [ -66.256297, -16.012599 ], [ -66.255212, -16.012982 ], [ -66.254228, -16.013685 ], [ -66.253544, -16.014455 ], [ -66.253165, -16.015352 ], [ -66.252906, -16.016315 ], [ -66.252772, -16.017746 ], [ -66.252584, -16.018971 ], [ -66.251852, -16.019494 ], [ -66.250768, -16.019607 ], [ -66.249151, -16.019106 ], [ -66.247874, -16.01822 ], [ -66.246588, -16.01737 ], [ -66.2455, -16.016759 ], [ -66.244237, -16.015814 ], [ -66.244059, -16.01459 ], [ -66.243893, -16.013614 ], [ -66.243794, -16.012725 ], [ -66.243668, -16.01097 ], [ -66.243393, -16.008627 ], [ -66.242724, -16.006495 ], [ -66.242107, -16.005553 ], [ -66.241286, -16.005008 ], [ -66.240157, -16.00491 ], [ -66.238926, -16.005209 ], [ -66.237645, -16.005856 ], [ -66.236979, -16.006799 ], [ -66.236621, -16.007891 ], [ -66.236316, -16.009628 ], [ -66.236369, -16.011265 ], [ -66.236473, -16.012704 ], [ -66.23668, -16.013944 ], [ -66.236989, -16.014886 ], [ -66.237408, -16.016202 ], [ -66.237659, -16.017366 ], [ -66.237302, -16.018905 ], [ -66.236944, -16.019699 ], [ -66.235728, -16.020431 ], [ -66.234254, -16.020664 ], [ -66.232712, -16.021165 ], [ -66.232382, -16.022532 ], [ -66.232845, -16.023872 ], [ -66.233718, -16.025012 ], [ -66.234694, -16.025904 ], [ -66.235669, -16.02625 ], [ -66.237016, -16.026516 ], [ -66.237846, -16.027204 ], [ -66.238, -16.027564 ], [ -66.238229, -16.028814 ], [ -66.238209, -16.029706 ], [ -66.238028, -16.03074 ], [ -66.237813, -16.031501 ], [ -66.237496, -16.031991 ], [ -66.237083, -16.032485 ], [ -66.235331, -16.033394 ], [ -66.234447, -16.033495 ], [ -66.23337, -16.033695 ], [ -66.23255, -16.034043 ], [ -66.229116, -16.037173 ], [ -66.228501, -16.038017 ], [ -66.228502, -16.038662 ], [ -66.228964, -16.039158 ], [ -66.229786, -16.039901 ], [ -66.230608, -16.040545 ], [ -66.230996, -16.04187 ], [ -66.230875, -16.042492 ], [ -66.23037, -16.042755 ], [ -66.229533, -16.04258 ], [ -66.228711, -16.041788 ], [ -66.227154, -16.040702 ], [ -66.225939, -16.040302 ], [ -66.223168, -16.040305 ], [ -66.220398, -16.040904 ], [ -66.21855, -16.040161 ], [ -66.217472, -16.038972 ], [ -66.215723, -16.036509 ], [ -66.215165, -16.036457 ], [ -66.214185, -16.036495 ], [ -66.212904, -16.037885 ], [ -66.211827, -16.037886 ], [ -66.211262, -16.037192 ], [ -66.210953, -16.03625 ], [ -66.210845, -16.035486 ], [ -66.210527, -16.03533 ], [ -66.210131, -16.035137 ], [ -66.209207, -16.03516 ], [ -66.208233, -16.035707 ], [ -66.207123, -16.036378 ], [ -66.20649, -16.0368 ], [ -66.205464, -16.037195 ], [ -66.20407, -16.037492 ], [ -66.202626, -16.037745 ], [ -66.200335, -16.038299 ], [ -66.198614, -16.038812 ], [ -66.195667, -16.039341 ], [ -66.194436, -16.039739 ], [ -66.192795, -16.040188 ], [ -66.191461, -16.040586 ], [ -66.189974, -16.041083 ], [ -66.187768, -16.04173 ], [ -66.185717, -16.042526 ], [ -66.183255, -16.043421 ], [ -66.181409, -16.044068 ], [ -66.179203, -16.045062 ], [ -66.17669, -16.046107 ], [ -66.174895, -16.046753 ], [ -66.173049, -16.047449 ], [ -66.171612, -16.047947 ], [ -66.169766, -16.048544 ], [ -66.168124, -16.048793 ], [ -66.166944, -16.048844 ], [ -66.165815, -16.048894 ], [ -66.164533, -16.048846 ], [ -66.163044, -16.048648 ], [ -66.161608, -16.048302 ], [ -66.159811, -16.047808 ], [ -66.158374, -16.047064 ], [ -66.156936, -16.045776 ], [ -66.156114, -16.044486 ], [ -66.155395, -16.042998 ], [ -66.154829, -16.041014 ], [ -66.154501, -16.038779 ], [ -66.154444, -16.038226 ], [ -66.153799, -16.037289 ], [ -66.15326, -16.036549 ], [ -66.151952, -16.036055 ], [ -66.150669, -16.036105 ], [ -66.148976, -16.036206 ], [ -66.147642, -16.036455 ], [ -66.146206, -16.037002 ], [ -66.144822, -16.037846 ], [ -66.143745, -16.03874 ], [ -66.142874, -16.039882 ], [ -66.142054, -16.041321 ], [ -66.141535, -16.043143 ], [ -66.140519, -16.046581 ], [ -66.140161, -16.048269 ], [ -66.140004, -16.049186 ], [ -66.139393, -16.050998 ], [ -66.139086, -16.051842 ], [ -66.138419, -16.052834 ], [ -66.13724, -16.053728 ], [ -66.136214, -16.054076 ], [ -66.135239, -16.053879 ], [ -66.134264, -16.053234 ], [ -66.133002, -16.051581 ], [ -66.131317, -16.049262 ], [ -66.129421, -16.04731 ], [ -66.128241, -16.045194 ], [ -66.127821, -16.04423 ], [ -66.12775, -16.042441 ], [ -66.128019, -16.041428 ], [ -66.12862, -16.040456 ], [ -66.130023, -16.039197 ], [ -66.131071, -16.038577 ], [ -66.13359, -16.037773 ], [ -66.134428, -16.037323 ], [ -66.134952, -16.036759 ], [ -66.135049, -16.036097 ], [ -66.134987, -16.035227 ], [ -66.134641, -16.034314 ], [ -66.133917, -16.0335 ], [ -66.133226, -16.032697 ], [ -66.132246, -16.032267 ], [ -66.130432, -16.031991 ], [ -66.129112, -16.032515 ], [ -66.128292, -16.033145 ], [ -66.127014, -16.035142 ], [ -66.126047, -16.036405 ], [ -66.124936, -16.038037 ], [ -66.124141, -16.0388 ], [ -66.12346, -16.039455 ], [ -66.122472, -16.040518 ], [ -66.120663, -16.04178 ], [ -66.119372, -16.042575 ], [ -66.118518, -16.042881 ], [ -66.117213, -16.042963 ], [ -66.115656, -16.042597 ], [ -66.114645, -16.041702 ], [ -66.114181, -16.040482 ], [ -66.114096, -16.039139 ], [ -66.114432, -16.037958 ], [ -66.115063, -16.037144 ], [ -66.115989, -16.036411 ], [ -66.117713, -16.0347 ], [ -66.118638, -16.033479 ], [ -66.119941, -16.030629 ], [ -66.120991, -16.028309 ], [ -66.122696, -16.024199 ], [ -66.123471, -16.022609 ], [ -66.12389, -16.020777 ], [ -66.123829, -16.019069 ], [ -66.123242, -16.017925 ], [ -66.12242, -16.016883 ], [ -66.121509, -16.016254 ], [ -66.12032, -16.015996 ], [ -66.118756, -16.016064 ], [ -66.117857, -16.016169 ], [ -66.115728, -16.016521 ], [ -66.113457, -16.017323 ], [ -66.112698, -16.018042 ], [ -66.112087, -16.018895 ], [ -66.1118, -16.020257 ], [ -66.111736, -16.022037 ], [ -66.112051, -16.024004 ], [ -66.112586, -16.025647 ], [ -66.113235, -16.026968 ], [ -66.113748, -16.028129 ], [ -66.113924, -16.028865 ], [ -66.113658, -16.029759 ], [ -66.112508, -16.030919 ], [ -66.111662, -16.03142 ], [ -66.109765, -16.032567 ], [ -66.108127, -16.033967 ], [ -66.106729, -16.035398 ], [ -66.1063, -16.03575 ], [ -66.104708, -16.036722 ], [ -66.103486, -16.037428 ], [ -66.10183, -16.037635 ], [ -66.10046, -16.03747 ], [ -66.099069, -16.036987 ], [ -66.098115, -16.036634 ], [ -66.097015, -16.036054 ], [ -66.095953, -16.035148 ], [ -66.095178, -16.033787 ], [ -66.094775, -16.032311 ], [ -66.094985, -16.030968 ], [ -66.095658, -16.029869 ], [ -66.096583, -16.028769 ], [ -66.097719, -16.028077 ], [ -66.099529, -16.027751 ], [ -66.100824, -16.027495 ], [ -66.101506, -16.026976 ], [ -66.10179, -16.026196 ], [ -66.101926, -16.0249 ], [ -66.10176, -16.024039 ], [ -66.10078, -16.022639 ], [ -66.09926, -16.021713 ], [ -66.098172, -16.020887 ], [ -66.097101, -16.020093 ], [ -66.095122, -16.017828 ], [ -66.094033, -16.017437 ], [ -66.092746, -16.017542 ], [ -66.091899, -16.017967 ], [ -66.091058, -16.018758 ], [ -66.090645, -16.019696 ], [ -66.090393, -16.020714 ], [ -66.090459, -16.022986 ], [ -66.089916, -16.024654 ], [ -66.088855, -16.026021 ], [ -66.086892, -16.028449 ], [ -66.086301, -16.030109 ], [ -66.086274, -16.031704 ], [ -66.086592, -16.033897 ], [ -66.087815, -16.036003 ], [ -66.088413, -16.037921 ], [ -66.088383, -16.039022 ], [ -66.087807, -16.039731 ], [ -66.08627, -16.040428 ], [ -66.08485, -16.040474 ], [ -66.083708, -16.040328 ], [ -66.082753, -16.039883 ], [ -66.081854, -16.039266 ], [ -66.081378, -16.038452 ], [ -66.081388, -16.037472 ], [ -66.081603, -16.036047 ], [ -66.081901, -16.034622 ], [ -66.082277, -16.03309 ], [ -66.082401, -16.032226 ], [ -66.082096, -16.031133 ], [ -66.081795, -16.030036 ], [ -66.081165, -16.029174 ], [ -66.078571, -16.026523 ], [ -66.077067, -16.024784 ], [ -66.076533, -16.024012 ], [ -66.076138, -16.022963 ], [ -66.07586, -16.021138 ], [ -66.075916, -16.017784 ], [ -66.075666, -16.016811 ], [ -66.075211, -16.016132 ], [ -66.074464, -16.015833 ], [ -66.073786, -16.016065 ], [ -66.073047, -16.016775 ], [ -66.072499, -16.017558 ], [ -66.072275, -16.018139 ], [ -66.072356, -16.019527 ], [ -66.072561, -16.020867 ], [ -66.072453, -16.021956 ], [ -66.072003, -16.02279 ], [ -66.071405, -16.023822 ], [ -66.070753, -16.024237 ], [ -66.070049, -16.024938 ], [ -66.069033, -16.025245 ], [ -66.067693, -16.025399 ], [ -66.066521, -16.025281 ], [ -66.064546, -16.025251 ], [ -66.062169, -16.02492 ], [ -66.060347, -16.024501 ], [ -66.059022, -16.023942 ], [ -66.057969, -16.022851 ], [ -66.057604, -16.021312 ], [ -66.057503, -16.019739 ], [ -66.057914, -16.017997 ], [ -66.058367, -16.01633 ], [ -66.05904, -16.015394 ], [ -66.059352, -16.013883 ], [ -66.059697, -16.011564 ], [ -66.059412, -16.010015 ], [ -66.058495, -16.009003 ], [ -66.057807, -16.008243 ], [ -66.05683, -16.007831 ], [ -66.0553, -16.007502 ], [ -66.053918, -16.007483 ], [ -66.051882, -16.00776 ], [ -66.050464, -16.008093 ], [ -66.049026, -16.00794 ], [ -66.047912, -16.007789 ], [ -66.046928, -16.007599 ], [ -66.045967, -16.007374 ], [ -66.04427, -16.007272 ], [ -66.043268, -16.007337 ], [ -66.041968, -16.007319 ], [ -66.040827, -16.007563 ], [ -66.039329, -16.007835 ], [ -66.038144, -16.008729 ], [ -66.037146, -16.009613 ], [ -66.036382, -16.010549 ], [ -66.035335, -16.012526 ], [ -66.034591, -16.013487 ], [ -66.034062, -16.014058 ], [ -66.033206, -16.014272 ], [ -66.032339, -16.014088 ], [ -66.031516, -16.013509 ], [ -66.030973, -16.012827 ], [ -66.030827, -16.011649 ], [ -66.030699, -16.009929 ], [ -66.030664, -16.007554 ], [ -66.030143, -16.007155 ], [ -66.029436, -16.007146 ], [ -66.028827, -16.007553 ], [ -66.028383, -16.008154 ], [ -66.028796, -16.009615 ], [ -66.029273, -16.011666 ], [ -66.029123, -16.013346 ], [ -66.028732, -16.013899 ], [ -66.01852, -16.022057 ], [ -66.017572, -16.0233 ], [ -66.017126, -16.024044 ], [ -66.016994, -16.025033 ], [ -66.017217, -16.026749 ], [ -66.017648, -16.028317 ], [ -66.018567, -16.02982 ], [ -66.019136, -16.030702 ], [ -66.01966, -16.03169 ], [ -66.019727, -16.032768 ], [ -66.019318, -16.033757 ], [ -66.018754, -16.034087 ], [ -66.017935, -16.034076 ], [ -66.017015, -16.033591 ], [ -66.015521, -16.032382 ], [ -66.01401, -16.030199 ], [ -66.013185, -16.029266 ], [ -66.01205, -16.028249 ], [ -66.011123, -16.027474 ], [ -66.009868, -16.026559 ], [ -66.007787, -16.024905 ], [ -66.006084, -16.023904 ], [ -66.00465, -16.023285 ], [ -66.003807, -16.022854 ], [ -66.003056, -16.022175 ], [ -66.002331, -16.0213 ], [ -66.001876, -16.02001 ], [ -66.001937, -16.019269 ], [ -66.0024, -16.018292 ], [ -66.003073, -16.017641 ], [ -66.003842, -16.0169 ], [ -66.005363, -16.016534 ], [ -66.008622, -16.016236 ], [ -66.009728, -16.015902 ], [ -66.010431, -16.015462 ], [ -66.010727, -16.014696 ], [ -66.010531, -16.013896 ], [ -66.010064, -16.013568 ], [ -66.009229, -16.013404 ], [ -66.008502, -16.013566 ], [ -66.007752, -16.013862 ], [ -66.004868, -16.014032 ], [ -66.003846, -16.013751 ], [ -66.00323, -16.013415 ], [ -66.002818, -16.013076 ], [ -66.000757, -16.011769 ], [ -65.999224, -16.010568 ], [ -65.997326, -16.009758 ], [ -65.995899, -16.009581 ], [ -65.994386, -16.009689 ], [ -65.992903, -16.009967 ], [ -65.991852, -16.010635 ], [ -65.990935, -16.011028 ], [ -65.98998, -16.01126 ], [ -65.989159, -16.011348 ], [ -65.988187, -16.010968 ], [ -65.987414, -16.01029 ], [ -65.986742, -16.00961 ], [ -65.984611, -16.00654 ], [ -65.983632, -16.005717 ], [ -65.98226, -16.005184 ], [ -65.980879, -16.005313 ], [ -65.979306, -16.005581 ], [ -65.977985, -16.005697 ], [ -65.977215, -16.005216 ], [ -65.976591, -16.00429 ], [ -65.976475, -16.003357 ], [ -65.976873, -16.002711 ], [ -65.977428, -16.002409 ], [ -65.978338, -16.002051 ], [ -65.97974, -16.002004 ], [ -65.981629, -16.001841 ], [ -65.982646, -16.001368 ], [ -65.98321, -16.000653 ], [ -65.98319, -15.99937 ], [ -65.982967, -15.997598 ], [ -65.983244, -15.996719 ], [ -65.983983, -15.996408 ], [ -65.984937, -15.996304 ], [ -65.986275, -15.996769 ], [ -65.98721, -15.997139 ], [ -65.988294, -15.997528 ], [ -65.989466, -15.997568 ], [ -65.989879, -15.997363 ], [ -65.990353, -15.996843 ], [ -65.990476, -15.996275 ], [ -65.990495, -15.995648 ], [ -65.990428, -15.995035 ], [ -65.990345, -15.993997 ], [ -65.990483, -15.992888 ], [ -65.990465, -15.991662 ], [ -65.990677, -15.990433 ], [ -65.991034, -15.989285 ], [ -65.991347, -15.988589 ], [ -65.991851, -15.988019 ], [ -65.992277, -15.987567 ], [ -65.992731, -15.987115 ], [ -65.993388, -15.986715 ], [ -65.994249, -15.986453 ], [ -65.995226, -15.9863 ], [ -65.996582, -15.98614 ], [ -65.997873, -15.98604 ], [ -65.99862, -15.98589 ], [ -65.999239, -15.985656 ], [ -65.999699, -15.985203 ], [ -66.000085, -15.984752 ], [ -66.00018, -15.984196 ], [ -66.000115, -15.983695 ], [ -65.999907, -15.983307 ], [ -65.99941, -15.982813 ], [ -65.998914, -15.982401 ], [ -65.998189, -15.982105 ], [ -65.997408, -15.981921 ], [ -65.996658, -15.98182 ], [ -65.995392, -15.981949 ], [ -65.993865, -15.98197 ], [ -65.992106, -15.981883 ], [ -65.990712, -15.981317 ], [ -65.989377, -15.980555 ], [ -65.9888, -15.979933 ], [ -65.988327, -15.97976 ], [ -65.987844, -15.980158 ], [ -65.987726, -15.980729 ], [ -65.987813, -15.981943 ], [ -65.987887, -15.983001 ], [ -65.987999, -15.984231 ], [ -65.987957, -15.985788 ], [ -65.987681, -15.986903 ], [ -65.987092, -15.987654 ], [ -65.986684, -15.988185 ], [ -65.985895, -15.988576 ], [ -65.984945, -15.9887 ], [ -65.984021, -15.988574 ], [ -65.983005, -15.988031 ], [ -65.981748, -15.986849 ], [ -65.980494, -15.985835 ], [ -65.97965, -15.985262 ], [ -65.978669, -15.984863 ], [ -65.977884, -15.984701 ], [ -65.976524, -15.984357 ], [ -65.975311, -15.984123 ], [ -65.974353, -15.983691 ], [ -65.973481, -15.983173 ], [ -65.972953, -15.982567 ], [ -65.972539, -15.98182 ], [ -65.972375, -15.980457 ], [ -65.972453, -15.979445 ], [ -65.972679, -15.978621 ], [ -65.972804, -15.977614 ], [ -65.972698, -15.976996 ], [ -65.972339, -15.975748 ], [ -65.97223, -15.974549 ], [ -65.972217, -15.973657 ], [ -65.97235, -15.972931 ], [ -65.972771, -15.972172 ], [ -65.973422, -15.971383 ], [ -65.974362, -15.970673 ], [ -65.975158, -15.969937 ], [ -65.97598, -15.969006 ], [ -65.976458, -15.968219 ], [ -65.976551, -15.967227 ], [ -65.976258, -15.966382 ], [ -65.975758, -15.965692 ], [ -65.975309, -15.965169 ], [ -65.974422, -15.96493 ], [ -65.973385, -15.965 ], [ -65.972406, -15.965433 ], [ -65.971004, -15.967005 ], [ -65.970493, -15.968099 ], [ -65.970261, -15.969087 ], [ -65.969793, -15.969537 ], [ -65.968846, -15.96983 ], [ -65.967605, -15.969679 ], [ -65.966294, -15.968666 ], [ -65.965129, -15.967818 ], [ -65.963968, -15.967276 ], [ -65.962661, -15.966569 ], [ -65.962423, -15.966057 ], [ -65.96244, -15.965248 ], [ -65.962911, -15.963988 ], [ -65.964173, -15.961657 ], [ -65.964728, -15.960725 ], [ -65.966041, -15.95927 ], [ -65.967692, -15.957922 ], [ -65.969234, -15.957015 ], [ -65.970814, -15.956743 ], [ -65.972119, -15.956962 ], [ -65.973161, -15.957602 ], [ -65.974154, -15.958508 ], [ -65.974744, -15.959448 ], [ -65.975102, -15.960251 ], [ -65.975259, -15.961169 ], [ -65.97519, -15.962313 ], [ -65.975405, -15.963258 ], [ -65.975847, -15.963865 ], [ -65.976342, -15.964248 ], [ -65.977035, -15.96435 ], [ -65.97755, -15.964064 ], [ -65.977917, -15.963557 ], [ -65.978103, -15.963054 ], [ -65.978025, -15.962137 ], [ -65.977766, -15.961488 ], [ -65.977183, -15.960724 ], [ -65.975901, -15.956367 ], [ -65.975272, -15.954228 ], [ -65.974886, -15.953481 ], [ -65.974328, -15.952708 ], [ -65.973628, -15.952132 ], [ -65.972756, -15.951643 ], [ -65.971887, -15.95132 ], [ -65.970962, -15.951138 ], [ -65.969839, -15.951181 ], [ -65.96895, -15.951444 ], [ -65.967806, -15.95199 ], [ -65.966777, -15.952589 ], [ -65.965809, -15.952807 ], [ -65.964905, -15.952615 ], [ -65.963976, -15.952126 ], [ -65.963097, -15.95119 ], [ -65.962322, -15.949389 ], [ -65.961794, -15.948342 ], [ -65.961355, -15.947853 ], [ -65.960763, -15.947236 ], [ -65.959483, -15.946418 ], [ -65.957962, -15.94485 ], [ -65.957518, -15.944047 ], [ -65.957187, -15.943048 ], [ -65.957116, -15.942129 ], [ -65.957219, -15.94132 ], [ -65.959438, -15.938185 ], [ -65.960381, -15.937201 ], [ -65.960843, -15.936834 ], [ -65.961048, -15.936338 ], [ -65.961091, -15.935789 ], [ -65.960996, -15.935233 ], [ -65.960643, -15.934764 ], [ -65.960264, -15.934462 ], [ -65.95957, -15.934221 ], [ -65.958875, -15.934035 ], [ -65.95827, -15.933988 ], [ -65.95755, -15.934054 ], [ -65.956892, -15.934314 ], [ -65.956297, -15.934794 ], [ -65.955698, -15.935417 ], [ -65.954839, -15.935819 ], [ -65.95392, -15.935999 ], [ -65.953115, -15.936094 ], [ -65.952421, -15.935936 ], [ -65.951809, -15.935442 ], [ -65.951281, -15.934781 ], [ -65.951064, -15.933752 ], [ -65.950994, -15.932889 ], [ -65.951504, -15.93187 ], [ -65.952432, -15.930768 ], [ -65.952869, -15.930122 ], [ -65.953526, -15.928757 ], [ -65.953917, -15.927887 ], [ -65.954531, -15.926597 ], [ -65.954832, -15.92545 ], [ -65.955018, -15.924388 ], [ -65.955061, -15.923439 ], [ -65.954894, -15.922904 ], [ -65.95447, -15.922388 ], [ -65.95403, -15.921837 ], [ -65.95339, -15.921427 ], [ -65.952521, -15.921077 ], [ -65.951537, -15.920812 ], [ -65.950637, -15.920614 ], [ -65.94961, -15.920521 ], [ -65.948795, -15.920586 ], [ -65.947937, -15.920833 ], [ -65.947108, -15.92129 ], [ -65.946511, -15.921856 ], [ -65.945894, -15.922497 ], [ -65.945264, -15.923239 ], [ -65.944929, -15.923996 ], [ -65.944683, -15.924891 ], [ -65.944582, -15.925869 ], [ -65.944807, -15.927454 ], [ -65.94506, -15.92904 ], [ -65.945482, -15.930316 ], [ -65.945937, -15.931843 ], [ -65.946044, -15.932555 ], [ -65.945838, -15.93335 ], [ -65.945612, -15.933687 ], [ -65.944982, -15.933919 ], [ -65.94426, -15.933845 ], [ -65.943623, -15.933631 ], [ -65.942951, -15.932943 ], [ -65.942271, -15.931754 ], [ -65.941767, -15.930813 ], [ -65.94098, -15.930155 ], [ -65.940279, -15.929523 ], [ -65.939348, -15.928895 ], [ -65.938819, -15.928177 ], [ -65.938521, -15.927457 ], [ -65.938332, -15.926372 ], [ -65.938402, -15.925228 ], [ -65.93873, -15.924053 ], [ -65.939374, -15.92279 ], [ -65.940646, -15.9213 ], [ -65.941522, -15.920347 ], [ -65.942618, -15.91957 ], [ -65.943603, -15.918617 ], [ -65.944026, -15.91813 ], [ -65.944292, -15.91744 ], [ -65.944282, -15.916771 ], [ -65.944184, -15.915964 ], [ -65.943945, -15.915354 ], [ -65.94339, -15.914832 ], [ -65.942633, -15.914341 ], [ -65.941506, -15.914049 ], [ -65.938389, -15.913924 ], [ -65.936517, -15.913815 ], [ -65.935715, -15.913989 ], [ -65.934492, -15.914464 ], [ -65.933655, -15.914965 ], [ -65.933004, -15.915754 ], [ -65.932047, -15.916913 ], [ -65.931298, -15.917338 ], [ -65.930408, -15.917518 ], [ -65.929053, -15.917452 ], [ -65.92827, -15.917101 ], [ -65.927831, -15.916605 ], [ -65.927328, -15.915748 ], [ -65.926907, -15.914471 ], [ -65.926452, -15.912888 ], [ -65.926057, -15.912265 ], [ -65.925343, -15.9119 ], [ -65.924505, -15.911716 ], [ -65.923351, -15.911936 ], [ -65.922875, -15.912546 ], [ -65.922611, -15.91425 ], [ -65.922094, -15.91632 ], [ -65.921564, -15.917554 ], [ -65.920669, -15.919406 ], [ -65.91906, -15.921714 ], [ -65.917541, -15.924058 ], [ -65.916647, -15.925025 ], [ -65.915778, -15.9258 ], [ -65.914693, -15.926484 ], [ -65.913748, -15.926915 ], [ -65.912484, -15.927155 ], [ -65.911678, -15.927221 ], [ -65.911131, -15.927201 ], [ -65.910407, -15.92696 ], [ -65.910049, -15.926742 ], [ -65.909723, -15.926206 ], [ -65.909635, -15.925353 ], [ -65.909852, -15.924403 ], [ -65.910124, -15.923312 ], [ -65.910167, -15.92228 ], [ -65.910098, -15.9215 ], [ -65.909714, -15.920836 ], [ -65.909102, -15.920399 ], [ -65.908434, -15.920017 ], [ -65.907451, -15.91978 ], [ -65.903527, -15.919331 ], [ -65.900379, -15.918816 ], [ -65.898501, -15.918632 ], [ -65.897142, -15.918232 ], [ -65.896358, -15.917852 ], [ -65.895804, -15.917358 ], [ -65.895307, -15.916835 ], [ -65.895094, -15.916085 ], [ -65.895022, -15.915082 ], [ -65.895155, -15.9143 ], [ -65.895635, -15.913683 ], [ -65.896087, -15.913191 ], [ -65.89657, -15.912836 ], [ -65.897465, -15.912652 ], [ -65.899109, -15.912769 ], [ -65.900541, -15.912988 ], [ -65.901793, -15.913152 ], [ -65.902628, -15.913085 ], [ -65.904148, -15.912687 ], [ -65.904921, -15.912273 ], [ -65.905529, -15.911679 ], [ -65.905824, -15.910979 ], [ -65.905874, -15.910448 ], [ -65.905635, -15.909838 ], [ -65.905138, -15.909371 ], [ -65.904356, -15.909075 ], [ -65.903461, -15.90892 ], [ -65.89879, -15.90862 ], [ -65.898124, -15.908406 ], [ -65.897542, -15.907996 ], [ -65.896985, -15.907306 ], [ -65.896802, -15.906612 ], [ -65.896876, -15.905705 ], [ -65.897684, -15.90433 ], [ -65.898648, -15.902782 ], [ -65.89926, -15.90124 ], [ -65.899337, -15.900556 ], [ -65.900436, -15.898528 ], [ -65.901244, -15.896935 ], [ -65.901578, -15.896178 ], [ -65.901486, -15.895733 ], [ -65.901134, -15.895292 ], [ -65.900555, -15.895104 ], [ -65.899709, -15.895241 ], [ -65.898779, -15.895797 ], [ -65.897843, -15.896841 ], [ -65.896908, -15.897941 ], [ -65.89635, -15.899147 ], [ -65.895266, -15.903761 ], [ -65.8947, -15.904466 ], [ -65.894005, -15.904935 ], [ -65.892984, -15.905297 ], [ -65.891775, -15.905369 ], [ -65.889178, -15.905041 ], [ -65.887644, -15.904588 ], [ -65.886219, -15.903631 ], [ -65.88575, -15.90308 ], [ -65.885427, -15.902638 ], [ -65.885129, -15.901946 ], [ -65.884886, -15.901085 ], [ -65.884344, -15.897412 ], [ -65.884242, -15.897059 ], [ -65.883811, -15.89636 ], [ -65.880689, -15.893586 ], [ -65.880308, -15.893117 ], [ -65.880155, -15.892478 ], [ -65.880241, -15.891431 ], [ -65.881111, -15.889803 ], [ -65.881275, -15.889188 ], [ -65.881159, -15.888731 ], [ -65.880592, -15.887803 ], [ -65.879576, -15.887231 ], [ -65.878855, -15.887157 ], [ -65.877449, -15.88751 ], [ -65.876192, -15.888307 ], [ -65.874414, -15.889185 ], [ -65.872841, -15.889606 ], [ -65.870364, -15.889639 ], [ -65.86728, -15.889485 ], [ -65.864707, -15.88885 ], [ -65.86378, -15.888472 ], [ -65.863138, -15.887923 ], [ -65.862611, -15.887289 ], [ -65.862283, -15.886541 ], [ -65.862122, -15.885302 ], [ -65.862101, -15.883825 ], [ -65.862406, -15.882957 ], [ -65.863021, -15.881694 ], [ -65.865397, -15.878568 ], [ -65.865774, -15.877783 ], [ -65.865851, -15.877085 ], [ -65.865812, -15.876333 ], [ -65.865571, -15.875583 ], [ -65.864842, -15.874952 ], [ -65.864116, -15.874543 ], [ -65.863279, -15.874443 ], [ -65.862531, -15.874536 ], [ -65.861775, -15.874823 ], [ -65.860935, -15.876023 ], [ -65.860289, -15.876852 ], [ -65.859294, -15.877813 ], [ -65.858492, -15.87813 ], [ -65.857516, -15.878366 ], [ -65.85669, -15.87899 ], [ -65.85613, -15.880141 ], [ -65.855694, -15.881771 ], [ -65.853395, -15.884789 ], [ -65.852926, -15.885514 ], [ -65.852816, -15.886178 ], [ -65.852898, -15.886731 ], [ -65.853253, -15.887113 ], [ -65.853819, -15.887146 ], [ -65.854699, -15.886906 ], [ -65.855513, -15.886409 ], [ -65.856584, -15.886255 ], [ -65.857227, -15.886454 ], [ -65.85781, -15.88692 ], [ -65.85805, -15.887614 ], [ -65.857973, -15.888312 ], [ -65.857668, -15.889153 ], [ -65.856417, -15.890816 ], [ -65.856231, -15.89143 ], [ -65.85624, -15.892071 ], [ -65.857533, -15.895873 ], [ -65.85757, -15.896486 ], [ -65.857444, -15.897133 ], [ -65.856952, -15.897553 ], [ -65.856058, -15.897509 ], [ -65.855594, -15.897264 ], [ -65.854596, -15.89594 ], [ -65.852789, -15.894458 ], [ -65.852122, -15.89416 ], [ -65.849832, -15.893131 ], [ -65.849336, -15.892719 ], [ -65.848984, -15.892222 ], [ -65.848744, -15.891584 ], [ -65.848529, -15.890639 ], [ -65.848345, -15.889805 ], [ -65.848141, -15.889257 ], [ -65.847695, -15.888699 ], [ -65.846439, -15.888101 ], [ -65.84564, -15.888001 ], [ -65.844951, -15.888177 ], [ -65.843246, -15.889789 ], [ -65.842741, -15.890045 ], [ -65.84204, -15.890056 ], [ -65.841461, -15.889868 ], [ -65.841023, -15.889456 ], [ -65.840726, -15.888846 ], [ -65.840716, -15.888094 ], [ -65.841079, -15.887308 ], [ -65.842725, -15.886255 ], [ -65.845461, -15.883914 ], [ -65.845575, -15.883346 ], [ -65.845363, -15.882652 ], [ -65.844781, -15.882186 ], [ -65.843679, -15.881484 ], [ -65.842839, -15.881319 ], [ -65.841809, -15.881807 ], [ -65.839416, -15.883734 ], [ -65.838435, -15.88524 ], [ -65.838121, -15.885853 ], [ -65.838, -15.886608 ], [ -65.838, -15.887488 ], [ -65.838362, -15.888654 ], [ -65.838979, -15.88951 ], [ -65.843709, -15.894048 ], [ -65.844611, -15.894677 ], [ -65.845508, -15.894972 ], [ -65.846473, -15.895065 ], [ -65.847442, -15.895239 ], [ -65.848547, -15.895857 ], [ -65.849068, -15.896152 ], [ -65.849389, -15.896454 ], [ -65.849741, -15.896951 ], [ -65.85004, -15.897672 ], [ -65.850078, -15.898341 ], [ -65.849973, -15.899067 ], [ -65.849568, -15.899817 ], [ -65.848259, -15.900449 ], [ -65.847547, -15.90047 ], [ -65.84705, -15.900193 ], [ -65.846523, -15.899587 ], [ -65.846283, -15.898893 ], [ -65.846377, -15.897555 ], [ -65.846169, -15.896943 ], [ -65.845855, -15.896383 ], [ -65.845062, -15.896002 ], [ -65.844242, -15.895756 ], [ -65.842984, -15.895786 ], [ -65.841579, -15.896195 ], [ -65.840916, -15.896204 ], [ -65.840161, -15.895795 ], [ -65.839515, -15.894884 ], [ -65.838178, -15.892002 ], [ -65.836568, -15.890183 ], [ -65.835176, -15.889477 ], [ -65.834649, -15.888912 ], [ -65.834032, -15.888056 ], [ -65.833881, -15.887528 ], [ -65.833856, -15.885772 ], [ -65.834304, -15.884846 ], [ -65.835048, -15.882383 ], [ -65.835068, -15.88177 ], [ -65.834888, -15.881243 ], [ -65.834564, -15.880773 ], [ -65.833978, -15.88054 ], [ -65.833409, -15.880593 ], [ -65.83298, -15.880794 ], [ -65.832525, -15.88119 ], [ -65.832128, -15.882 ], [ -65.831698, -15.883877 ], [ -65.831172, -15.885361 ], [ -65.830721, -15.88612 ], [ -65.829728, -15.887192 ], [ -65.829161, -15.88764 ], [ -65.828956, -15.888142 ], [ -65.828871, -15.891776 ], [ -65.828679, -15.892531 ], [ -65.828362, -15.892918 ], [ -65.827769, -15.893246 ], [ -65.826846, -15.893252 ], [ -65.826122, -15.892983 ], [ -65.825539, -15.892516 ], [ -65.824982, -15.891799 ], [ -65.824825, -15.890881 ], [ -65.824977, -15.88995 ], [ -65.825459, -15.889279 ], [ -65.825748, -15.888468 ], [ -65.825873, -15.88755 ], [ -65.825693, -15.886994 ], [ -65.825292, -15.886716 ], [ -65.824447, -15.886509 ], [ -65.823843, -15.886572 ], [ -65.823444, -15.886829 ], [ -65.823015, -15.887818 ], [ -65.822992, -15.888379 ], [ -65.823214, -15.888922 ], [ -65.823179, -15.89032 ], [ -65.822699, -15.891243 ], [ -65.822304, -15.891862 ], [ -65.821759, -15.892305 ], [ -65.820902, -15.892577 ], [ -65.819838, -15.892702 ], [ -65.81871, -15.892382 ], [ -65.81726, -15.891705 ], [ -65.816593, -15.891393 ], [ -65.816018, -15.891442 ], [ -65.815359, -15.891673 ], [ -65.813411, -15.893501 ], [ -65.812795, -15.893742 ], [ -65.812104, -15.893751 ], [ -65.811467, -15.893564 ], [ -65.811116, -15.89315 ], [ -65.810668, -15.892013 ], [ -65.81054, -15.891067 ], [ -65.810598, -15.889059 ], [ -65.810963, -15.888357 ], [ -65.811445, -15.887766 ], [ -65.812045, -15.887423 ], [ -65.812846, -15.887078 ], [ -65.813765, -15.88701 ], [ -65.817035, -15.886955 ], [ -65.818387, -15.886561 ], [ -65.818911, -15.886135 ], [ -65.819049, -15.885659 ], [ -65.818899, -15.885271 ], [ -65.817181, -15.884193 ], [ -65.816835, -15.883876 ], [ -65.815531, -15.883308 ], [ -65.815069, -15.883212 ], [ -65.813947, -15.883328 ], [ -65.813004, -15.88387 ], [ -65.809783, -15.886338 ], [ -65.809442, -15.886677 ], [ -65.80884, -15.886907 ], [ -65.807173, -15.887055 ], [ -65.80654, -15.887244 ], [ -65.806197, -15.887444 ], [ -65.80577, -15.887812 ], [ -65.805545, -15.888177 ], [ -65.80558, -15.888622 ], [ -65.805989, -15.889035 ], [ -65.806684, -15.889277 ], [ -65.807471, -15.889964 ], [ -65.807857, -15.890823 ], [ -65.808339, -15.892322 ], [ -65.808681, -15.894102 ], [ -65.809625, -15.897136 ], [ -65.809761, -15.897993 ], [ -65.809697, -15.898828 ], [ -65.809533, -15.899472 ], [ -65.809301, -15.899888 ], [ -65.808706, -15.900371 ], [ -65.808136, -15.900521 ], [ -65.80733, -15.900532 ], [ -65.80655, -15.900403 ], [ -65.805333, -15.899917 ], [ -65.804435, -15.89951 ], [ -65.80281, -15.898667 ], [ -65.801033, -15.897268 ], [ -65.799537, -15.895308 ], [ -65.796985, -15.892024 ], [ -65.796745, -15.891358 ], [ -65.796607, -15.889659 ], [ -65.796537, -15.888795 ], [ -65.796384, -15.888128 ], [ -65.796062, -15.887798 ], [ -65.795525, -15.887737 ], [ -65.79468, -15.887844 ], [ -65.794194, -15.888101 ], [ -65.793452, -15.888584 ], [ -65.792763, -15.888761 ], [ -65.792393, -15.889072 ], [ -65.791827, -15.889832 ], [ -65.790965, -15.889983 ], [ -65.79045, -15.89024 ], [ -65.789937, -15.890665 ], [ -65.789303, -15.89059 ], [ -65.788404, -15.890155 ], [ -65.78758, -15.889309 ], [ -65.787122, -15.88914 ], [ -65.785941, -15.889128 ], [ -65.785313, -15.889526 ], [ -65.784548, -15.890512 ], [ -65.784035, -15.890687 ], [ -65.783607, -15.891183 ], [ -65.783505, -15.892031 ], [ -65.782977, -15.892454 ], [ -65.782612, -15.893063 ], [ -65.782492, -15.893884 ], [ -65.782485, -15.895473 ], [ -65.782323, -15.895914 ], [ -65.781948, -15.896232 ], [ -65.779932, -15.896314 ], [ -65.779207, -15.895961 ], [ -65.77779, -15.895533 ], [ -65.77721, -15.895234 ], [ -65.776111, -15.894941 ], [ -65.775673, -15.894529 ], [ -65.775118, -15.893754 ], [ -65.77475, -15.892897 ], [ -65.774667, -15.890499 ], [ -65.774123, -15.889976 ], [ -65.771718, -15.889729 ], [ -65.770536, -15.88966 ], [ -65.768841, -15.889961 ], [ -65.767608, -15.890423 ], [ -65.76641, -15.891274 ], [ -65.766071, -15.891725 ], [ -65.765853, -15.892964 ], [ -65.765952, -15.893566 ], [ -65.76616, -15.894038 ], [ -65.766633, -15.89444 ], [ -65.767434, -15.894752 ], [ -65.768626, -15.894577 ], [ -65.769384, -15.893829 ], [ -65.769985, -15.89357 ], [ -65.770717, -15.893636 ], [ -65.771169, -15.893813 ], [ -65.771292, -15.894362 ], [ -65.771242, -15.89492 ], [ -65.770568, -15.89547 ], [ -65.767546, -15.896362 ], [ -65.76585, -15.896634 ], [ -65.764003, -15.896435 ], [ -65.762873, -15.895975 ], [ -65.762232, -15.895426 ], [ -65.761232, -15.894238 ], [ -65.760817, -15.894225 ], [ -65.760491, -15.894528 ], [ -65.760297, -15.895033 ], [ -65.760363, -15.895645 ], [ -65.76236, -15.898435 ], [ -65.76497, -15.901803 ], [ -65.766545, -15.903205 ], [ -65.766755, -15.903843 ], [ -65.766645, -15.904263 ], [ -65.766046, -15.904689 ], [ -65.765143, -15.905055 ], [ -65.764182, -15.90527 ], [ -65.763259, -15.905254 ], [ -65.762623, -15.905095 ], [ -65.761781, -15.904548 ], [ -65.75984, -15.901702 ], [ -65.759304, -15.901356 ], [ -65.758537, -15.901164 ], [ -65.757845, -15.901169 ], [ -65.757042, -15.901403 ], [ -65.75621, -15.901848 ], [ -65.755627, -15.902436 ], [ -65.754625, -15.904501 ], [ -65.754069, -15.90526 ], [ -65.753367, -15.905578 ], [ -65.752691, -15.905584 ], [ -65.751937, -15.905259 ], [ -65.751154, -15.904823 ], [ -65.749845, -15.904027 ], [ -65.74932, -15.90332 ], [ -65.748216, -15.902009 ], [ -65.747773, -15.901764 ], [ -65.747188, -15.90182 ], [ -65.746651, -15.902093 ], [ -65.746201, -15.902935 ], [ -65.746063, -15.905502 ], [ -65.745808, -15.905811 ], [ -65.745409, -15.906095 ], [ -65.744606, -15.906384 ], [ -65.743771, -15.906423 ], [ -65.742383, -15.905113 ], [ -65.741413, -15.904641 ], [ -65.740693, -15.904622 ], [ -65.740174, -15.904601 ], [ -65.739686, -15.904466 ], [ -65.739045, -15.904225 ], [ -65.738407, -15.903898 ], [ -65.73779, -15.90324 ], [ -65.737186, -15.903105 ], [ -65.7367, -15.903362 ], [ -65.736421, -15.904063 ], [ -65.736479, -15.904433 ], [ -65.737239, -15.904861 ], [ -65.73857, -15.90529 ], [ -65.739964, -15.906081 ], [ -65.740425, -15.906575 ], [ -65.740554, -15.907103 ], [ -65.7407, -15.90843 ], [ -65.740567, -15.910227 ], [ -65.740867, -15.91106 ], [ -65.741916, -15.911967 ], [ -65.742528, -15.912461 ], [ -65.744726, -15.91313 ], [ -65.745566, -15.91344 ], [ -65.746094, -15.913892 ], [ -65.746395, -15.914465 ], [ -65.74653, -15.915147 ], [ -65.746473, -15.916565 ], [ -65.74608, -15.917322 ], [ -65.744623, -15.91906 ], [ -65.744238, -15.919576 ], [ -65.743962, -15.9205 ], [ -65.744046, -15.922408 ], [ -65.743708, -15.923026 ], [ -65.743252, -15.923394 ], [ -65.741783, -15.923437 ], [ -65.741037, -15.923618 ], [ -65.740668, -15.924054 ], [ -65.740438, -15.924751 ], [ -65.740633, -15.925728 ], [ -65.740815, -15.926339 ], [ -65.741343, -15.927029 ], [ -65.742335, -15.927964 ], [ -65.744795, -15.928742 ], [ -65.745465, -15.929318 ], [ -65.745767, -15.930076 ], [ -65.745865, -15.930924 ], [ -65.745705, -15.931603 ], [ -65.745338, -15.932472 ], [ -65.745196, -15.932807 ], [ -65.744744, -15.93351 ], [ -65.744131, -15.933852 ], [ -65.743195, -15.934003 ], [ -65.741867, -15.933797 ], [ -65.74097, -15.93353 ], [ -65.740069, -15.932984 ], [ -65.739576, -15.932711 ], [ -65.738263, -15.931501 ], [ -65.738103, -15.931096 ], [ -65.737995, -15.929944 ], [ -65.738158, -15.929439 ], [ -65.738568, -15.9289 ], [ -65.738701, -15.928457 ], [ -65.738673, -15.927929 ], [ -65.73826, -15.927068 ], [ -65.737707, -15.926629 ], [ -65.736377, -15.926311 ], [ -65.735626, -15.926209 ], [ -65.734185, -15.926144 ], [ -65.733581, -15.926235 ], [ -65.733125, -15.926503 ], [ -65.733047, -15.92689 ], [ -65.73308, -15.929327 ], [ -65.733115, -15.930451 ], [ -65.733446, -15.931172 ], [ -65.734206, -15.931971 ], [ -65.734702, -15.932411 ], [ -65.734999, -15.933076 ], [ -65.734805, -15.933608 ], [ -65.734435, -15.933947 ], [ -65.733938, -15.93413 ], [ -65.732851, -15.934023 ], [ -65.731287, -15.933458 ], [ -65.730503, -15.932966 ], [ -65.729566, -15.93189 ], [ -65.72879, -15.929639 ], [ -65.7285, -15.929163 ], [ -65.727996, -15.928732 ], [ -65.726889, -15.927798 ], [ -65.725466, -15.927035 ], [ -65.722951, -15.92637 ], [ -65.72237, -15.926071 ], [ -65.721817, -15.925631 ], [ -65.721525, -15.925177 ], [ -65.721538, -15.924157 ], [ -65.721815, -15.923345 ], [ -65.722327, -15.922865 ], [ -65.723017, -15.922717 ], [ -65.724426, -15.92256 ], [ -65.724882, -15.922163 ], [ -65.725135, -15.921547 ], [ -65.725318, -15.920841 ], [ -65.725101, -15.920013 ], [ -65.724702, -15.919517 ], [ -65.724208, -15.919189 ], [ -65.723485, -15.918975 ], [ -65.72224, -15.918545 ], [ -65.720855, -15.918304 ], [ -65.7193, -15.918442 ], [ -65.71812, -15.918513 ], [ -65.717569, -15.918269 ], [ -65.716986, -15.917802 ], [ -65.716428, -15.917029 ], [ -65.716129, -15.91539 ], [ -65.71613, -15.914719 ], [ -65.716309, -15.913959 ], [ -65.716122, -15.91352 ], [ -65.715801, -15.913189 ], [ -65.715326, -15.913066 ], [ -65.714447, -15.913234 ], [ -65.712784, -15.913868 ], [ -65.711982, -15.914157 ], [ -65.709438, -15.915558 ], [ -65.709098, -15.916117 ], [ -65.707784, -15.916942 ], [ -65.707211, -15.917228 ], [ -65.705575, -15.917695 ], [ -65.704225, -15.91799 ], [ -65.702818, -15.918371 ], [ -65.701903, -15.918856 ], [ -65.701219, -15.91945 ], [ -65.700596, -15.920266 ], [ -65.700116, -15.921183 ], [ -65.700085, -15.922062 ], [ -65.70011, -15.92267 ], [ -65.700289, -15.923142 ], [ -65.700987, -15.923663 ], [ -65.702026, -15.923761 ], [ -65.702316, -15.923925 ], [ -65.703018, -15.924725 ], [ -65.704694, -15.925066 ], [ -65.706856, -15.925095 ], [ -65.70741, -15.925267 ], [ -65.707699, -15.925698 ], [ -65.707705, -15.926116 ], [ -65.707424, -15.926677 ], [ -65.707055, -15.927044 ], [ -65.706284, -15.927556 ], [ -65.704333, -15.928221 ], [ -65.702874, -15.92902 ], [ -65.702068, -15.929086 ], [ -65.70129, -15.92904 ], [ -65.700537, -15.928743 ], [ -65.699838, -15.92825 ], [ -65.699138, -15.927617 ], [ -65.698318, -15.926568 ], [ -65.697287, -15.924936 ], [ -65.696918, -15.923876 ], [ -65.696657, -15.923048 ], [ -65.696678, -15.922462 ], [ -65.696901, -15.921902 ], [ -65.697409, -15.921087 ], [ -65.697775, -15.920497 ], [ -65.697856, -15.920022 ], [ -65.697729, -15.91946 ], [ -65.697381, -15.919024 ], [ -65.696803, -15.918864 ], [ -65.69611, -15.918789 ], [ -65.695623, -15.91899 ], [ -65.695311, -15.919329 ], [ -65.694918, -15.9198 ], [ -65.694808, -15.920232 ], [ -65.694698, -15.92115 ], [ -65.694805, -15.92221 ], [ -65.695005, -15.923089 ], [ -65.695273, -15.924007 ], [ -65.695239, -15.92493 ], [ -65.694946, -15.925636 ], [ -65.694397, -15.926165 ], [ -65.693777, -15.92627 ], [ -65.692901, -15.926162 ], [ -65.692318, -15.925738 ], [ -65.691647, -15.92548 ], [ -65.691011, -15.925349 ], [ -65.689772, -15.925337 ], [ -65.689, -15.925736 ], [ -65.688367, -15.925828 ], [ -65.687872, -15.925472 ], [ -65.687648, -15.924459 ], [ -65.68754, -15.923717 ], [ -65.687323, -15.922516 ], [ -65.687179, -15.921315 ], [ -65.687459, -15.92043 ], [ -65.688022, -15.919364 ], [ -65.688502, -15.918689 ], [ -65.688931, -15.918345 ], [ -65.689645, -15.917978 ], [ -65.690845, -15.917789 ], [ -65.691374, -15.917832 ], [ -65.692734, -15.917625 ], [ -65.693382, -15.917318 ], [ -65.693955, -15.91706 ], [ -65.694238, -15.916666 ], [ -65.69429, -15.916275 ], [ -65.693973, -15.915943 ], [ -65.693104, -15.915871 ], [ -65.69207, -15.916107 ], [ -65.690897, -15.916735 ], [ -65.689804, -15.916916 ], [ -65.688131, -15.916742 ], [ -65.687057, -15.916198 ], [ -65.685952, -15.915375 ], [ -65.6851, -15.914159 ], [ -65.684711, -15.913012 ], [ -65.684457, -15.912094 ], [ -65.684203, -15.911211 ], [ -65.683765, -15.909429 ], [ -65.683297, -15.908605 ], [ -65.682769, -15.907887 ], [ -65.681808, -15.907118 ], [ -65.681034, -15.906463 ], [ -65.680104, -15.90559 ], [ -65.679534, -15.904695 ], [ -65.679335, -15.903902 ], [ -65.679425, -15.90327 ], [ -65.679476, -15.902909 ], [ -65.679899, -15.902207 ], [ -65.680383, -15.901755 ], [ -65.680665, -15.901277 ], [ -65.680629, -15.90072 ], [ -65.68005, -15.900483 ], [ -65.679476, -15.900734 ], [ -65.678792, -15.901272 ], [ -65.678277, -15.901558 ], [ -65.676693, -15.901577 ], [ -65.676149, -15.901863 ], [ -65.675954, -15.902501 ], [ -65.676121, -15.902907 ], [ -65.676568, -15.903586 ], [ -65.676885, -15.904117 ], [ -65.677069, -15.904973 ], [ -65.67687, -15.906231 ], [ -65.676057, -15.907179 ], [ -65.675074, -15.907703 ], [ -65.673812, -15.908137 ], [ -65.669203, -15.90822 ], [ -65.66837, -15.908428 ], [ -65.667825, -15.908546 ], [ -65.667134, -15.90861 ], [ -65.66667, -15.908365 ], [ -65.666562, -15.907931 ], [ -65.667059, -15.907301 ], [ -65.668851, -15.905522 ], [ -65.669101, -15.904878 ], [ -65.669493, -15.903953 ], [ -65.669371, -15.90324 ], [ -65.6691, -15.902895 ], [ -65.668691, -15.901961 ], [ -65.668627, -15.901458 ], [ -65.668731, -15.900812 ], [ -65.669003, -15.900605 ], [ -65.669505, -15.900523 ], [ -65.670717, -15.900703 ], [ -65.671222, -15.900748 ], [ -65.671808, -15.900411 ], [ -65.671816, -15.89988 ], [ -65.671277, -15.89947 ], [ -65.670438, -15.899201 ], [ -65.669312, -15.898992 ], [ -65.668327, -15.898538 ], [ -65.667425, -15.897928 ], [ -65.666356, -15.897718 ], [ -65.665753, -15.897809 ], [ -65.664695, -15.898408 ], [ -65.664331, -15.899221 ], [ -65.664229, -15.900137 ], [ -65.66438, -15.900736 ], [ -65.664823, -15.902312 ], [ -65.665029, -15.904119 ], [ -65.664761, -15.905628 ], [ -65.664478, -15.906022 ], [ -65.663755, -15.90632 ], [ -65.66276, -15.906824 ], [ -65.661533, -15.907731 ], [ -65.661024, -15.90849 ], [ -65.660816, -15.910194 ], [ -65.660382, -15.910728 ], [ -65.659972, -15.91098 ], [ -65.659191, -15.910942 ], [ -65.658671, -15.910473 ], [ -65.658118, -15.907665 ], [ -65.657451, -15.906188 ], [ -65.656337, -15.904854 ], [ -65.655074, -15.904096 ], [ -65.653699, -15.903517 ], [ -65.651132, -15.903477 ], [ -65.650537, -15.90326 ], [ -65.650203, -15.902899 ], [ -65.650018, -15.902287 ], [ -65.650354, -15.90164 ], [ -65.65084, -15.900596 ], [ -65.651104, -15.899433 ], [ -65.651143, -15.897609 ], [ -65.65081, -15.896277 ], [ -65.650005, -15.894856 ], [ -65.64952, -15.894022 ], [ -65.648532, -15.893337 ], [ -65.647924, -15.893149 ], [ -65.647376, -15.893128 ], [ -65.646686, -15.893248 ], [ -65.646115, -15.893618 ], [ -65.645433, -15.894323 ], [ -65.644438, -15.895339 ], [ -65.643594, -15.896606 ], [ -65.643239, -15.897705 ], [ -65.642985, -15.898842 ], [ -65.642731, -15.899235 ], [ -65.642215, -15.899381 ], [ -65.641435, -15.899223 ], [ -65.639584, -15.898716 ], [ -65.638252, -15.898175 ], [ -65.637378, -15.897461 ], [ -65.637113, -15.897018 ], [ -65.637094, -15.895046 ], [ -65.63693, -15.894381 ], [ -65.63658, -15.893678 ], [ -65.635914, -15.893436 ], [ -65.635312, -15.89338 ], [ -65.634734, -15.89356 ], [ -65.634165, -15.89407 ], [ -65.63393, -15.894766 ], [ -65.633816, -15.896082 ], [ -65.633533, -15.896448 ], [ -65.633218, -15.896436 ], [ -65.631996, -15.895686 ], [ -65.631378, -15.894662 ], [ -65.631357, -15.894021 ], [ -65.631646, -15.89337 ], [ -65.632999, -15.890822 ], [ -65.633002, -15.890265 ], [ -65.632795, -15.889461 ], [ -65.632484, -15.888877 ], [ -65.632045, -15.888522 ], [ -65.631423, -15.888286 ], [ -65.630689, -15.88823 ], [ -65.630086, -15.888376 ], [ -65.629562, -15.889094 ], [ -65.627738, -15.891388 ], [ -65.627162, -15.89173 ], [ -65.626557, -15.891737 ], [ -65.62511, -15.891225 ], [ -65.623453, -15.890102 ], [ -65.623072, -15.889605 ], [ -65.622939, -15.888572 ], [ -65.622954, -15.887847 ], [ -65.623145, -15.887327 ], [ -65.625013, -15.885956 ], [ -65.625383, -15.885617 ], [ -65.625437, -15.885078 ], [ -65.625192, -15.884253 ], [ -65.62464, -15.883842 ], [ -65.623858, -15.883517 ], [ -65.622821, -15.883529 ], [ -65.622187, -15.883509 ], [ -65.621843, -15.883249 ], [ -65.621738, -15.882752 ], [ -65.62197, -15.882169 ], [ -65.623659, -15.879337 ], [ -65.623852, -15.878421 ], [ -65.623832, -15.877718 ], [ -65.623436, -15.877065 ], [ -65.622732, -15.876644 ], [ -65.62198, -15.876458 ], [ -65.621045, -15.875968 ], [ -65.620865, -15.87564 ], [ -65.620896, -15.875049 ], [ -65.621118, -15.874405 ], [ -65.621602, -15.873953 ], [ -65.623703, -15.873816 ], [ -65.624495, -15.873469 ], [ -65.625035, -15.873026 ], [ -65.62554, -15.872403 ], [ -65.625954, -15.871865 ], [ -65.627071, -15.871405 ], [ -65.628232, -15.871273 ], [ -65.628679, -15.870995 ], [ -65.628837, -15.870458 ], [ -65.628548, -15.869798 ], [ -65.628139, -15.869357 ], [ -65.627586, -15.868889 ], [ -65.626777, -15.868704 ], [ -65.624991, -15.868698 ], [ -65.624039, -15.86857 ], [ -65.623446, -15.868438 ], [ -65.621649, -15.868655 ], [ -65.620354, -15.86881 ], [ -65.619459, -15.868625 ], [ -65.618393, -15.867959 ], [ -65.618233, -15.867413 ], [ -65.618314, -15.866938 ], [ -65.618624, -15.866433 ], [ -65.619053, -15.866204 ], [ -65.620578, -15.866019 ], [ -65.621065, -15.865873 ], [ -65.621234, -15.865537 ], [ -65.620995, -15.865292 ], [ -65.619727, -15.86483 ], [ -65.619014, -15.864474 ], [ -65.618031, -15.863243 ], [ -65.617512, -15.862342 ], [ -65.617168, -15.862006 ], [ -65.616781, -15.861994 ], [ -65.616552, -15.862164 ], [ -65.616375, -15.862731 ], [ -65.616859, -15.865841 ], [ -65.616754, -15.866595 ], [ -65.616415, -15.867157 ], [ -65.615991, -15.867416 ], [ -65.615683, -15.867446 ], [ -65.615228, -15.867453 ], [ -65.614941, -15.867188 ], [ -65.61423, -15.866691 ], [ -65.613488, -15.86597 ], [ -65.612152, -15.86442 ], [ -65.611003, -15.862473 ], [ -65.610202, -15.861153 ], [ -65.609561, -15.860575 ], [ -65.608835, -15.860201 ], [ -65.608148, -15.859961 ], [ -65.607306, -15.859933 ], [ -65.6063, -15.860169 ], [ -65.60504, -15.860713 ], [ -65.603492, -15.86129 ], [ -65.602043, -15.862281 ], [ -65.601001, -15.862519 ], [ -65.598642, -15.862714 ], [ -65.598064, -15.862554 ], [ -65.597728, -15.862187 ], [ -65.597106, -15.862036 ], [ -65.596677, -15.862236 ], [ -65.596336, -15.862603 ], [ -65.59611, -15.863196 ], [ -65.596365, -15.863778 ], [ -65.597019, -15.864212 ], [ -65.597942, -15.86434 ], [ -65.599328, -15.864574 ], [ -65.60063, -15.865033 ], [ -65.601723, -15.865583 ], [ -65.603173, -15.866407 ], [ -65.603617, -15.866837 ], [ -65.603778, -15.867427 ], [ -65.603367, -15.867966 ], [ -65.602586, -15.867965 ], [ -65.601694, -15.867855 ], [ -65.599725, -15.866554 ], [ -65.599258, -15.866262 ], [ -65.598714, -15.866087 ], [ -65.59753, -15.865906 ], [ -65.594822, -15.865883 ], [ -65.59407, -15.865669 ], [ -65.593272, -15.865102 ], [ -65.592788, -15.864485 ], [ -65.592165, -15.864398 ], [ -65.59175, -15.864584 ], [ -65.591574, -15.865047 ], [ -65.591722, -15.865913 ], [ -65.591915, -15.866576 ], [ -65.591816, -15.867203 ], [ -65.591467, -15.867547 ], [ -65.590797, -15.867509 ], [ -65.590054, -15.867328 ], [ -65.589497, -15.866931 ], [ -65.589126, -15.86621 ], [ -65.589091, -15.865274 ], [ -65.589242, -15.864374 ], [ -65.589764, -15.863548 ], [ -65.590287, -15.863153 ], [ -65.592222, -15.862005 ], [ -65.592819, -15.861394 ], [ -65.592932, -15.860674 ], [ -65.592562, -15.859845 ], [ -65.591231, -15.858802 ], [ -65.589926, -15.85768 ], [ -65.588164, -15.856566 ], [ -65.586888, -15.855884 ], [ -65.58596, -15.855421 ], [ -65.585006, -15.855126 ], [ -65.58417, -15.855108 ], [ -65.583481, -15.855256 ], [ -65.582851, -15.855542 ], [ -65.582453, -15.855965 ], [ -65.58226, -15.856444 ], [ -65.582285, -15.856864 ], [ -65.58234, -15.857269 ], [ -65.582637, -15.858368 ], [ -65.582762, -15.859662 ], [ -65.582682, -15.860231 ], [ -65.582327, -15.860986 ], [ -65.581921, -15.861588 ], [ -65.581102, -15.86209 ], [ -65.580097, -15.862232 ], [ -65.579279, -15.862158 ], [ -65.578181, -15.862123 ], [ -65.576735, -15.861638 ], [ -65.575343, -15.860929 ], [ -65.573873, -15.859727 ], [ -65.57324, -15.859488 ], [ -65.57254, -15.859518 ], [ -65.571929, -15.859771 ], [ -65.571444, -15.860139 ], [ -65.570899, -15.860711 ], [ -65.570787, -15.861205 ], [ -65.571105, -15.861793 ], [ -65.573384, -15.863211 ], [ -65.573899, -15.86375 ], [ -65.574107, -15.864388 ], [ -65.574226, -15.864976 ], [ -65.574098, -15.865543 ], [ -65.573608, -15.86604 ], [ -65.573137, -15.866249 ], [ -65.571943, -15.866391 ], [ -65.570976, -15.866281 ], [ -65.570063, -15.866393 ], [ -65.569366, -15.866661 ], [ -65.568709, -15.867059 ], [ -65.567882, -15.867766 ], [ -65.567057, -15.868584 ], [ -65.566192, -15.86994 ], [ -65.565793, -15.871109 ], [ -65.565396, -15.871615 ], [ -65.565005, -15.871681 ], [ -65.564472, -15.871459 ], [ -65.564093, -15.871157 ], [ -65.563906, -15.870708 ], [ -65.563993, -15.870071 ], [ -65.564158, -15.869399 ], [ -65.564554, -15.868818 ], [ -65.565863, -15.867595 ], [ -65.566769, -15.866329 ], [ -65.567461, -15.86455 ], [ -65.56786, -15.86307 ], [ -65.5685, -15.861959 ], [ -65.569125, -15.860809 ], [ -65.570156, -15.858883 ], [ -65.570626, -15.85791 ], [ -65.570851, -15.857007 ], [ -65.570647, -15.856259 ], [ -65.570093, -15.855861 ], [ -65.569514, -15.855589 ], [ -65.568937, -15.855568 ], [ -65.568163, -15.855801 ], [ -65.567363, -15.856368 ], [ -65.566679, -15.856961 ], [ -65.566198, -15.857608 ], [ -65.565555, -15.859054 ], [ -65.565355, -15.859701 ], [ -65.564925, -15.860428 ], [ -65.564546, -15.861068 ], [ -65.564056, -15.86137 ], [ -65.563289, -15.861476 ], [ -65.562396, -15.861366 ], [ -65.561356, -15.860968 ], [ -65.5608, -15.860139 ], [ -65.560704, -15.859284 ], [ -65.560968, -15.858646 ], [ -65.561619, -15.857746 ], [ -65.561635, -15.857134 ], [ -65.561393, -15.856599 ], [ -65.560649, -15.856196 ], [ -65.558887, -15.855827 ], [ -65.558284, -15.855945 ], [ -65.557856, -15.856285 ], [ -65.557691, -15.856873 ], [ -65.557616, -15.857942 ], [ -65.557919, -15.858957 ], [ -65.559788, -15.860975 ], [ -65.560261, -15.861403 ], [ -65.56055, -15.862053 ], [ -65.560727, -15.864644 ], [ -65.561616, -15.867189 ], [ -65.561839, -15.868907 ], [ -65.561856, -15.869933 ], [ -65.561632, -15.8704 ], [ -65.56085, -15.870507 ], [ -65.56033, -15.870146 ], [ -65.559997, -15.869497 ], [ -65.559553, -15.868596 ], [ -65.559257, -15.867695 ], [ -65.558772, -15.866784 ], [ -65.558244, -15.865929 ], [ -65.557502, -15.864766 ], [ -65.556713, -15.863911 ], [ -65.555922, -15.862805 ], [ -65.555163, -15.862061 ], [ -65.554264, -15.861542 ], [ -65.553053, -15.861472 ], [ -65.550949, -15.861386 ], [ -65.550437, -15.861096 ], [ -65.549959, -15.860561 ], [ -65.54976, -15.859915 ], [ -65.549823, -15.858889 ], [ -65.550134, -15.858412 ], [ -65.550734, -15.858014 ], [ -65.551968, -15.857693 ], [ -65.554548, -15.857296 ], [ -65.555215, -15.857013 ], [ -65.555757, -15.856561 ], [ -65.555865, -15.856058 ], [ -65.555659, -15.855642 ], [ -65.554992, -15.855343 ], [ -65.553858, -15.855383 ], [ -65.552435, -15.855903 ], [ -65.551287, -15.856195 ], [ -65.548581, -15.856311 ], [ -65.547811, -15.856534 ], [ -65.545315, -15.857799 ], [ -65.543826, -15.858514 ], [ -65.542219, -15.859035 ], [ -65.539771, -15.859063 ], [ -65.538297, -15.858634 ], [ -65.537428, -15.858254 ], [ -65.536382, -15.857542 ], [ -65.535779, -15.856663 ], [ -65.535433, -15.855345 ], [ -65.535115, -15.854322 ], [ -65.534691, -15.853658 ], [ -65.534197, -15.853301 ], [ -65.53359, -15.853113 ], [ -65.533045, -15.853287 ], [ -65.532532, -15.853767 ], [ -65.532167, -15.854496 ], [ -65.531741, -15.855003 ], [ -65.531199, -15.855407 ], [ -65.530234, -15.855457 ], [ -65.529627, -15.8552 ], [ -65.528148, -15.853316 ], [ -65.527562, -15.85257 ], [ -65.527127, -15.852352 ], [ -65.526753, -15.852356 ], [ -65.526381, -15.852556 ], [ -65.52627, -15.85292 ], [ -65.526222, -15.853433 ], [ -65.526564, -15.854142 ], [ -65.527679, -15.85535 ], [ -65.528921, -15.856558 ], [ -65.529909, -15.857395 ], [ -65.530419, -15.857891 ], [ -65.530759, -15.858531 ], [ -65.530862, -15.859437 ], [ -65.530764, -15.860148 ], [ -65.530412, -15.86058 ], [ -65.529613, -15.860887 ], [ -65.529138, -15.86092 ], [ -65.528457, -15.860687 ], [ -65.526737, -15.860035 ], [ -65.526361, -15.859592 ], [ -65.525456, -15.857541 ], [ -65.524752, -15.856788 ], [ -65.524091, -15.85572 ], [ -65.52285, -15.852688 ], [ -65.52233, -15.851798 ], [ -65.521628, -15.851179 ], [ -65.520697, -15.850787 ], [ -65.519675, -15.850485 ], [ -65.518466, -15.850007 ], [ -65.517627, -15.849568 ], [ -65.51694, -15.848879 ], [ -65.516782, -15.848173 ], [ -65.516775, -15.847403 ], [ -65.517194, -15.846894 ], [ -65.517549, -15.846357 ], [ -65.518207, -15.84562 ], [ -65.518324, -15.84497 ], [ -65.51787, -15.844617 ], [ -65.517112, -15.84481 ], [ -65.513266, -15.847357 ], [ -65.512601, -15.847624 ], [ -65.512022, -15.847606 ], [ -65.511527, -15.847248 ], [ -65.511426, -15.846633 ], [ -65.511515, -15.845593 ], [ -65.510591, -15.843678 ], [ -65.510493, -15.842989 ], [ -65.510573, -15.842211 ], [ -65.511012, -15.841689 ], [ -65.513147, -15.841089 ], [ -65.514103, -15.840908 ], [ -65.514635, -15.840627 ], [ -65.514863, -15.840264 ], [ -65.514878, -15.839639 ], [ -65.514282, -15.839451 ], [ -65.512991, -15.839552 ], [ -65.509747, -15.840283 ], [ -65.508995, -15.840763 ], [ -65.508778, -15.84124 ], [ -65.508922, -15.842058 ], [ -65.509241, -15.842615 ], [ -65.509405, -15.843245 ], [ -65.50917, -15.84404 ], [ -65.508024, -15.845088 ], [ -65.504439, -15.847114 ], [ -65.503375, -15.847601 ], [ -65.50253, -15.847697 ], [ -65.501858, -15.847446 ], [ -65.500591, -15.84548 ], [ -65.500439, -15.844356 ], [ -65.500797, -15.843624 ], [ -65.502154, -15.842525 ], [ -65.502865, -15.842344 ], [ -65.503064, -15.84179 ], [ -65.502805, -15.841137 ], [ -65.502311, -15.840797 ], [ -65.501062, -15.840682 ], [ -65.499807, -15.840136 ], [ -65.496521, -15.837413 ], [ -65.495714, -15.837077 ], [ -65.494546, -15.836271 ], [ -65.49436, -15.835626 ], [ -65.494885, -15.834843 ], [ -65.495767, -15.8341 ], [ -65.499277, -15.833283 ], [ -65.503189, -15.832977 ], [ -65.503903, -15.832582 ], [ -65.50403, -15.83202 ], [ -65.503919, -15.831416 ], [ -65.500864, -15.82826 ], [ -65.499791, -15.82797 ], [ -65.499383, -15.827371 ], [ -65.498755, -15.827076 ], [ -65.497457, -15.826617 ], [ -65.496382, -15.826112 ], [ -65.495751, -15.825558 ], [ -65.495118, -15.824832 ], [ -65.494435, -15.823589 ], [ -65.494106, -15.822212 ], [ -65.494119, -15.819623 ], [ -65.494107, -15.818718 ], [ -65.493978, -15.818165 ], [ -65.493515, -15.817603 ], [ -65.492934, -15.81748 ], [ -65.492224, -15.817704 ], [ -65.491739, -15.818184 ], [ -65.491257, -15.818794 ], [ -65.490768, -15.818929 ], [ -65.490275, -15.818675 ], [ -65.490044, -15.818031 ], [ -65.490169, -15.817339 ], [ -65.490828, -15.816555 ], [ -65.490996, -15.81569 ], [ -65.490809, -15.815002 ], [ -65.490398, -15.814187 ], [ -65.490477, -15.813324 ], [ -65.490908, -15.812197 ], [ -65.491705, -15.811713 ], [ -65.492816, -15.811485 ], [ -65.494425, -15.811941 ], [ -65.495987, -15.812096 ], [ -65.497769, -15.812075 ], [ -65.498746, -15.811805 ], [ -65.501571, -15.809615 ], [ -65.502235, -15.809306 ], [ -65.504907, -15.809146 ], [ -65.505349, -15.808839 ], [ -65.505474, -15.80819 ], [ -65.505376, -15.807415 ], [ -65.505054, -15.806599 ], [ -65.503612, -15.805278 ], [ -65.501862, -15.804306 ], [ -65.500655, -15.804018 ], [ -65.499453, -15.804032 ], [ -65.498743, -15.804299 ], [ -65.497999, -15.805429 ], [ -65.497698, -15.806295 ], [ -65.496648, -15.80786 ], [ -65.494444, -15.809827 ], [ -65.493869, -15.810136 ], [ -65.493244, -15.8101 ], [ -65.492616, -15.809762 ], [ -65.492207, -15.809119 ], [ -65.492455, -15.803853 ], [ -65.492823, -15.801582 ], [ -65.493422, -15.800399 ], [ -65.493996, -15.799705 ], [ -65.494888, -15.798778 ], [ -65.495279, -15.797954 ], [ -65.495789, -15.79592 ], [ -65.495779, -15.795144 ], [ -65.495502, -15.794371 ], [ -65.494987, -15.794011 ], [ -65.494072, -15.793999 ], [ -65.492828, -15.794272 ], [ -65.490475, -15.794989 ], [ -65.489185, -15.795176 ], [ -65.487534, -15.79498 ], [ -65.486507, -15.794776 ], [ -65.484725, -15.794796 ], [ -65.484231, -15.794457 ], [ -65.484002, -15.793985 ], [ -65.484128, -15.793293 ], [ -65.485094, -15.79216 ], [ -65.485264, -15.791511 ], [ -65.485122, -15.790779 ], [ -65.484483, -15.789536 ], [ -65.48322, -15.788256 ], [ -65.482456, -15.787747 ], [ -65.481202, -15.7872 ], [ -65.47995, -15.78687 ], [ -65.478075, -15.786503 ], [ -65.477492, -15.786207 ], [ -65.477261, -15.78552 ], [ -65.477565, -15.784912 ], [ -65.478492, -15.784212 ], [ -65.479689, -15.783723 ], [ -65.480358, -15.783509 ], [ -65.481291, -15.783487 ], [ -65.481821, -15.783181 ], [ -65.481813, -15.782491 ], [ -65.48145, -15.781978 ], [ -65.480862, -15.781251 ], [ -65.480497, -15.780522 ], [ -65.480168, -15.779102 ], [ -65.480095, -15.776816 ], [ -65.4803, -15.775347 ], [ -65.480738, -15.774738 ], [ -65.482013, -15.773343 ], [ -65.482274, -15.772822 ], [ -65.482223, -15.772262 ], [ -65.481772, -15.771793 ], [ -65.481012, -15.771629 ], [ -65.471611, -15.771563 ], [ -65.470694, -15.77176 ], [ -65.469482, -15.772395 ], [ -65.468522, -15.772655 ], [ -65.467688, -15.772602 ], [ -65.466781, -15.771929 ], [ -65.465999, -15.770943 ], [ -65.46547, -15.769644 ], [ -65.465388, -15.768216 ], [ -65.465624, -15.766473 ], [ -65.466124, -15.765411 ], [ -65.466167, -15.764674 ], [ -65.466165, -15.763484 ], [ -65.46545, -15.762684 ], [ -65.464548, -15.762383 ], [ -65.463459, -15.762582 ], [ -65.462965, -15.763349 ], [ -65.46233, -15.76477 ], [ -65.461319, -15.766087 ], [ -65.460048, -15.767095 ], [ -65.458897, -15.767481 ], [ -65.457739, -15.767184 ], [ -65.456637, -15.766264 ], [ -65.455865, -15.765546 ], [ -65.455144, -15.764913 ], [ -65.454307, -15.764674 ], [ -65.453598, -15.764434 ], [ -65.452766, -15.764567 ], [ -65.451943, -15.765509 ], [ -65.451308, -15.766137 ], [ -65.450538, -15.766084 ], [ -65.449953, -15.765469 ], [ -65.449482, -15.763672 ], [ -65.44889, -15.762498 ], [ -65.447916, -15.761515 ], [ -65.446883, -15.761029 ], [ -65.446558, -15.76066 ], [ -65.446678, -15.759975 ], [ -65.447535, -15.758892 ], [ -65.447876, -15.758221 ], [ -65.447546, -15.757417 ], [ -65.446519, -15.757026 ], [ -65.445812, -15.757374 ], [ -65.444723, -15.757511 ], [ -65.443632, -15.757461 ], [ -65.442533, -15.756852 ], [ -65.442134, -15.755675 ], [ -65.441491, -15.754942 ], [ -65.440712, -15.754821 ], [ -65.439839, -15.755529 ], [ -65.439768, -15.756385 ], [ -65.439973, -15.757378 ], [ -65.43979, -15.758188 ], [ -65.439155, -15.758754 ], [ -65.438192, -15.758765 ], [ -65.43735, -15.758091 ], [ -65.436891, -15.757288 ], [ -65.436623, -15.756296 ], [ -65.437056, -15.754986 ], [ -65.437359, -15.753491 ], [ -65.43791, -15.751248 ], [ -65.438917, -15.749621 ], [ -65.440753, -15.747487 ], [ -65.440998, -15.746552 ], [ -65.440859, -15.745621 ], [ -65.440275, -15.745069 ], [ -65.439379, -15.745327 ], [ -65.438303, -15.746582 ], [ -65.437288, -15.747526 ], [ -65.435775, -15.748095 ], [ -65.433833, -15.748435 ], [ -65.432163, -15.748267 ], [ -65.431195, -15.74778 ], [ -65.430482, -15.747229 ], [ -65.43028, -15.746423 ], [ -65.43091, -15.745422 ], [ -65.432197, -15.745266 ], [ -65.433149, -15.744838 ], [ -65.434417, -15.74358 ], [ -65.434471, -15.74271 ], [ -65.433949, -15.74197 ], [ -65.432717, -15.741733 ], [ -65.431781, -15.74232 ], [ -65.430426, -15.743687 ], [ -65.429432, -15.745252 ], [ -65.428178, -15.747752 ], [ -65.427353, -15.748507 ], [ -65.426264, -15.748643 ], [ -65.424459, -15.74798 ], [ -65.422068, -15.746577 ], [ -65.421673, -15.745773 ], [ -65.421407, -15.744968 ], [ -65.42178, -15.74397 ], [ -65.422607, -15.743582 ], [ -65.423419, -15.743325 ], [ -65.425791, -15.741253 ], [ -65.426573, -15.740906 ], [ -65.427282, -15.740271 ], [ -65.427755, -15.739118 ], [ -65.427422, -15.738127 ], [ -65.426766, -15.737353 ], [ -65.425782, -15.736969 ], [ -65.424455, -15.736855 ], [ -65.423024, -15.737564 ], [ -65.422085, -15.738492 ], [ -65.420532, -15.741498 ], [ -65.420033, -15.742746 ], [ -65.419334, -15.743313 ], [ -65.418374, -15.743511 ], [ -65.416768, -15.743404 ], [ -65.415738, -15.743105 ], [ -65.4147, -15.742184 ], [ -65.413266, -15.740273 ], [ -65.409191, -15.736877 ], [ -65.408645, -15.734793 ], [ -65.408248, -15.733741 ], [ -65.407641, -15.733318 ], [ -65.406835, -15.733632 ], [ -65.40627, -15.734695 ], [ -65.405901, -15.736066 ], [ -65.406048, -15.737681 ], [ -65.406697, -15.738295 ], [ -65.407724, -15.738284 ], [ -65.408941, -15.738146 ], [ -65.409768, -15.738512 ], [ -65.410494, -15.739185 ], [ -65.410699, -15.740302 ], [ -65.410387, -15.741051 ], [ -65.407838, -15.742571 ], [ -65.406942, -15.742705 ], [ -65.405653, -15.742284 ], [ -65.404865, -15.74166 ], [ -65.403961, -15.740252 ], [ -65.403293, -15.738022 ], [ -65.403038, -15.731659 ], [ -65.402753, -15.730321 ], [ -65.402226, -15.729146 ], [ -65.401126, -15.72835 ], [ -65.399904, -15.728115 ], [ -65.39888, -15.728375 ], [ -65.39791, -15.729551 ], [ -65.396288, -15.731697 ], [ -65.395524, -15.732203 ], [ -65.394369, -15.732153 ], [ -65.393341, -15.73204 ], [ -65.392574, -15.73236 ], [ -65.391432, -15.733429 ], [ -65.390727, -15.733561 ], [ -65.38944, -15.733202 ], [ -65.388853, -15.7324 ], [ -65.388648, -15.731346 ], [ -65.388755, -15.729542 ], [ -65.388298, -15.728864 ], [ -65.387204, -15.728565 ], [ -65.385979, -15.728081 ], [ -65.384816, -15.72741 ], [ -65.383853, -15.726608 ], [ -65.272646, -15.738465 ], [ -65.177824, -15.74853 ], [ -64.95177, -15.772356 ], [ -64.825829, -15.785527 ], [ -64.778182, -15.790491 ], [ -64.729899, -15.802008 ], [ -64.729439, -15.803181 ], [ -64.729266, -15.804925 ], [ -64.728988, -15.807079 ], [ -64.728906, -15.809136 ], [ -64.728825, -15.811203 ], [ -64.728992, -15.813449 ], [ -64.72941, -15.816124 ], [ -64.730274, -15.818938 ], [ -64.730938, -15.821515 ], [ -64.731846, -15.823708 ], [ -64.732949, -15.825707 ], [ -64.734199, -15.82739 ], [ -64.736788, -15.829808 ], [ -64.738532, -15.831516 ], [ -64.740029, -15.833369 ], [ -64.741477, -15.835079 ], [ -64.742529, -15.836888 ], [ -64.743338, -15.838985 ], [ -64.743912, -15.84116 ], [ -64.743934, -15.843742 ], [ -64.743918, -15.846145 ], [ -64.743974, -15.848333 ], [ -64.744173, -15.849945 ], [ -64.744631, -15.851483 ], [ -64.745349, -15.853163 ], [ -64.746253, -15.854842 ], [ -64.747372, -15.856551 ], [ -64.748311, -15.857978 ], [ -64.749435, -15.859512 ], [ -64.750339, -15.861226 ], [ -64.750908, -15.862692 ], [ -64.751364, -15.864051 ], [ -64.75145, -15.865413 ], [ -64.751129, -15.866814 ], [ -64.750805, -15.868001 ], [ -64.750259, -15.869117 ], [ -64.749379, -15.870164 ], [ -64.748497, -15.870996 ], [ -64.747354, -15.871687 ], [ -64.746284, -15.872269 ], [ -64.74477, -15.872784 ], [ -64.743252, -15.873004 ], [ -64.741254, -15.873307 ], [ -64.739701, -15.87375 ], [ -64.737704, -15.874196 ], [ -64.735968, -15.874891 ], [ -64.733865, -15.875877 ], [ -64.732317, -15.876893 ], [ -64.730772, -15.878304 ], [ -64.729636, -15.879784 ], [ -64.728723, -15.881369 ], [ -64.727997, -15.883133 ], [ -64.727495, -15.885073 ], [ -64.727029, -15.886913 ], [ -64.726344, -15.889143 ], [ -64.725324, -15.891231 ], [ -64.724264, -15.892961 ], [ -64.723426, -15.894617 ], [ -64.722997, -15.896486 ], [ -64.723161, -15.898314 ], [ -64.723692, -15.899744 ], [ -64.724631, -15.901279 ], [ -64.725827, -15.902417 ], [ -64.727166, -15.903016 ], [ -64.728576, -15.903148 ], [ -64.730018, -15.902814 ], [ -64.731199, -15.902159 ], [ -64.732228, -15.901182 ], [ -64.733439, -15.899738 ], [ -64.734425, -15.898044 ], [ -64.735597, -15.896457 ], [ -64.73677, -15.894977 ], [ -64.738166, -15.893531 ], [ -64.739822, -15.892119 ], [ -64.741112, -15.891248 ], [ -64.742329, -15.890664 ], [ -64.743774, -15.890545 ], [ -64.745059, -15.890922 ], [ -64.746104, -15.891738 ], [ -64.746746, -15.893096 ], [ -64.746909, -15.894816 ], [ -64.74655, -15.896182 ], [ -64.745858, -15.897586 ], [ -64.744539, -15.899354 ], [ -64.74259, -15.901128 ], [ -64.740971, -15.902432 ], [ -64.739348, -15.903363 ], [ -64.737686, -15.904022 ], [ -64.736395, -15.90475 ], [ -64.735106, -15.905693 ], [ -64.733708, -15.906923 ], [ -64.732569, -15.908116 ], [ -64.73169, -15.909342 ], [ -64.730922, -15.910568 ], [ -64.730158, -15.912152 ], [ -64.72954, -15.913556 ], [ -64.729366, -15.914884 ], [ -64.729378, -15.916355 ], [ -64.729613, -15.917823 ], [ -64.730295, -15.919568 ], [ -64.731457, -15.921065 ], [ -64.733058, -15.921841 ], [ -64.734877, -15.922257 ], [ -64.737175, -15.922274 ], [ -64.739509, -15.922076 ], [ -64.741692, -15.921664 ], [ -64.744139, -15.921752 ], [ -64.745959, -15.922168 ], [ -64.747746, -15.923086 ], [ -64.749425, -15.924363 ], [ -64.750585, -15.925609 ], [ -64.751379, -15.927396 ], [ -64.752324, -15.929504 ], [ -64.752927, -15.93207 ], [ -64.753284, -15.934793 ], [ -64.753753, -15.937622 ], [ -64.754441, -15.939948 ], [ -64.754812, -15.943951 ], [ -64.755381, -15.946265 ], [ -64.755818, -15.948187 ], [ -64.756009, -15.949406 ], [ -64.756142, -15.950312 ], [ -64.756142, -15.951016 ], [ -64.755971, -15.951606 ], [ -64.755714, -15.952158 ], [ -64.755304, -15.952472 ], [ -64.754638, -15.952653 ], [ -64.75401, -15.952862 ], [ -64.753144, -15.953015 ], [ -64.75244, -15.953043 ], [ -64.751592, -15.952739 ], [ -64.750898, -15.952329 ], [ -64.749727, -15.951844 ], [ -64.748243, -15.951202 ], [ -64.747457, -15.950973 ], [ -64.746401, -15.95083 ], [ -64.745073, -15.950859 ], [ -64.744031, -15.95083 ], [ -64.742917, -15.950673 ], [ -64.741894, -15.950545 ], [ -64.740609, -15.950374 ], [ -64.739524, -15.950159 ], [ -64.73821, -15.949931 ], [ -64.737085, -15.949688 ], [ -64.73588, -15.949297 ], [ -64.73453, -15.949032 ], [ -64.733302, -15.948874 ], [ -64.731903, -15.948874 ], [ -64.730755, -15.949017 ], [ -64.72967, -15.94936 ], [ -64.728713, -15.949731 ], [ -64.727814, -15.950202 ], [ -64.727157, -15.950688 ], [ -64.726572, -15.95133 ], [ -64.726172, -15.952001 ], [ -64.725997, -15.952812 ], [ -64.725958, -15.9542 ], [ -64.726044, -15.955342 ], [ -64.726272, -15.956504 ], [ -64.726843, -15.957646 ], [ -64.7274, -15.958588 ], [ -64.728042, -15.959616 ], [ -64.728614, -15.960516 ], [ -64.729213, -15.961586 ], [ -64.72966, -15.962362 ], [ -64.73006, -15.963233 ], [ -64.730303, -15.964004 ], [ -64.730531, -15.964903 ], [ -64.731256, -15.966548 ], [ -64.731923, -15.968185 ], [ -64.732513, -15.969251 ], [ -64.732913, -15.970374 ], [ -64.733522, -15.971459 ], [ -64.734017, -15.972373 ], [ -64.734989, -15.973483 ], [ -64.735893, -15.974268 ], [ -64.736773, -15.975148 ], [ -64.737487, -15.975862 ], [ -64.73832, -15.976409 ], [ -64.739224, -15.977004 ], [ -64.739962, -15.977504 ], [ -64.740818, -15.978099 ], [ -64.74127, -15.978694 ], [ -64.741627, -15.979408 ], [ -64.741699, -15.980169 ], [ -64.741437, -15.980788 ], [ -64.740723, -15.981297 ], [ -64.739843, -15.981701 ], [ -64.738748, -15.982034 ], [ -64.737725, -15.982177 ], [ -64.736535, -15.982177 ], [ -64.735084, -15.981963 ], [ -64.733624, -15.981692 ], [ -64.732209, -15.981594 ], [ -64.73102, -15.981564 ], [ -64.729622, -15.981594 ], [ -64.728521, -15.981653 ], [ -64.72748, -15.981564 ], [ -64.72638, -15.981059 ], [ -64.725309, -15.980315 ], [ -64.724417, -15.979244 ], [ -64.723881, -15.978114 ], [ -64.723703, -15.976746 ], [ -64.723881, -15.975437 ], [ -64.724179, -15.974247 ], [ -64.724328, -15.97282 ], [ -64.724387, -15.971243 ], [ -64.724298, -15.969738 ], [ -64.72403, -15.96834 ], [ -64.723524, -15.966853 ], [ -64.722781, -15.965723 ], [ -64.721829, -15.964504 ], [ -64.720758, -15.963611 ], [ -64.719658, -15.963016 ], [ -64.718647, -15.9626 ], [ -64.717308, -15.962362 ], [ -64.716178, -15.962362 ], [ -64.715077, -15.96254 ], [ -64.713789, -15.963106 ], [ -64.712511, -15.964028 ], [ -64.711529, -15.96492 ], [ -64.710607, -15.96605 ], [ -64.709834, -15.96727 ], [ -64.709387, -15.968697 ], [ -64.709209, -15.970274 ], [ -64.709239, -15.971791 ], [ -64.709298, -15.973248 ], [ -64.709566, -15.974795 ], [ -64.709982, -15.975955 ], [ -64.710428, -15.977025 ], [ -64.711023, -15.978185 ], [ -64.711797, -15.979226 ], [ -64.712719, -15.980267 ], [ -64.713908, -15.981249 ], [ -64.715336, -15.982231 ], [ -64.718652, -15.984497 ], [ -64.721002, -15.986014 ], [ -64.723233, -15.987382 ], [ -64.725464, -15.98872 ], [ -64.72707, -15.98988 ], [ -64.728587, -15.990951 ], [ -64.729628, -15.991784 ], [ -64.731204, -15.993093 ], [ -64.732543, -15.99433 ], [ -64.733375, -15.995669 ], [ -64.733851, -15.996888 ], [ -64.734238, -15.998375 ], [ -64.734476, -15.999922 ], [ -64.734357, -16.001587 ], [ -64.733941, -16.003015 ], [ -64.733227, -16.004205 ], [ -64.732424, -16.005222 ], [ -64.731621, -16.005817 ], [ -64.730609, -16.006204 ], [ -64.729598, -16.006293 ], [ -64.728051, -16.005995 ], [ -64.726534, -16.005371 ], [ -64.72472, -16.004389 ], [ -64.722698, -16.003408 ], [ -64.721062, -16.002753 ], [ -64.71892, -16.00204 ], [ -64.71666, -16.001207 ], [ -64.714816, -16.00079 ], [ -64.713001, -16.000671 ], [ -64.711365, -16.000612 ], [ -64.709581, -16.000671 ], [ -64.707841, -16.001058 ], [ -64.706264, -16.001683 ], [ -64.704718, -16.002545 ], [ -64.70335, -16.003527 ], [ -64.702219, -16.004716 ], [ -64.701327, -16.005847 ], [ -64.700732, -16.007274 ], [ -64.700643, -16.00869 ], [ -64.700792, -16.010058 ], [ -64.701178, -16.011099 ], [ -64.701862, -16.011962 ], [ -64.702725, -16.012468 ], [ -64.703706, -16.012765 ], [ -64.704777, -16.012765 ], [ -64.705699, -16.012497 ], [ -64.707008, -16.011783 ], [ -64.708287, -16.010951 ], [ -64.709596, -16.010385 ], [ -64.71138, -16.009463 ], [ -64.712659, -16.008988 ], [ -64.714325, -16.00866 ], [ -64.716199, -16.008452 ], [ -64.717626, -16.008452 ], [ -64.719905, -16.008607 ], [ -64.721779, -16.009083 ], [ -64.723444, -16.009826 ], [ -64.725258, -16.010986 ], [ -64.726567, -16.012176 ], [ -64.727757, -16.013514 ], [ -64.728218, -16.014258 ], [ -64.729513, -16.016569 ], [ -64.731033, -16.020803 ], [ -64.732154, -16.026138 ], [ -64.732367, -16.02931 ], [ -64.73258, -16.032482 ], [ -64.732525, -16.034742 ], [ -64.731748, -16.036685 ], [ -64.730106, -16.038062 ], [ -64.728073, -16.038867 ], [ -64.725924, -16.039028 ], [ -64.723769, -16.038543 ], [ -64.721828, -16.037196 ], [ -64.720368, -16.035593 ], [ -64.719428, -16.034023 ], [ -64.719078, -16.032218 ], [ -64.719434, -16.030386 ], [ -64.72042, -16.028621 ], [ -64.721663, -16.027236 ], [ -64.72303, -16.025928 ], [ -64.723987, -16.025077 ], [ -64.725306, -16.023223 ], [ -64.72596, -16.021676 ], [ -64.72591, -16.020134 ], [ -64.725305, -16.018848 ], [ -64.72448, -16.017814 ], [ -64.723252, -16.017286 ], [ -64.721658, -16.017335 ], [ -64.720181, -16.0181 ], [ -64.718319, -16.020479 ], [ -64.71579, -16.023214 ], [ -64.713819, -16.024401 ], [ -64.712506, -16.025029 ], [ -64.711121, -16.025353 ], [ -64.709646, -16.025639 ], [ -64.708503, -16.025948 ], [ -64.707338, -16.026139 ], [ -64.706195, -16.026377 ], [ -64.705172, -16.026734 ], [ -64.704387, -16.027209 ], [ -64.703507, -16.027685 ], [ -64.702721, -16.028328 ], [ -64.702198, -16.029065 ], [ -64.70177, -16.030003 ], [ -64.701436, -16.031216 ], [ -64.701389, -16.032168 ], [ -64.701508, -16.033382 ], [ -64.70177, -16.034643 ], [ -64.702769, -16.036932 ], [ -64.703768, -16.038859 ], [ -64.704768, -16.04043 ], [ -64.705529, -16.041596 ], [ -64.706457, -16.042904 ], [ -64.707433, -16.044142 ], [ -64.708534, -16.045662 ], [ -64.712614, -16.050352 ], [ -64.714713, -16.052917 ], [ -64.715923, -16.055705 ], [ -64.716222, -16.057269 ], [ -64.715887, -16.058618 ], [ -64.714163, -16.059409 ], [ -64.711257, -16.059605 ], [ -64.707993, -16.059631 ], [ -64.706158, -16.060162 ], [ -64.704802, -16.061478 ], [ -64.703397, -16.063569 ], [ -64.70301, -16.066901 ], [ -64.703579, -16.070971 ], [ -64.70421, -16.075304 ], [ -64.704416, -16.07863 ], [ -64.704024, -16.081331 ], [ -64.702626, -16.084498 ], [ -64.700628, -16.086809 ], [ -64.697931, -16.087818 ], [ -64.695997, -16.088235 ], [ -64.694183, -16.0888 ], [ -64.692279, -16.089781 ], [ -64.690822, -16.091001 ], [ -64.689543, -16.09225 ], [ -64.688621, -16.093707 ], [ -64.688205, -16.094897 ], [ -64.688205, -16.096474 ], [ -64.68871, -16.097812 ], [ -64.689513, -16.09902 ], [ -64.690763, -16.099644 ], [ -64.691893, -16.100239 ], [ -64.693112, -16.100596 ], [ -64.694391, -16.101012 ], [ -64.69573, -16.101518 ], [ -64.696979, -16.102262 ], [ -64.697931, -16.103065 ], [ -64.698734, -16.103838 ], [ -64.699239, -16.104611 ], [ -64.699537, -16.105623 ], [ -64.699567, -16.106991 ], [ -64.69912, -16.108502 ], [ -64.698288, -16.110138 ], [ -64.697366, -16.111238 ], [ -64.696414, -16.112101 ], [ -64.695016, -16.113112 ], [ -64.693856, -16.114004 ], [ -64.692577, -16.114837 ], [ -64.691357, -16.115491 ], [ -64.68993, -16.116057 ], [ -64.688725, -16.116473 ], [ -64.687357, -16.116503 ], [ -64.686197, -16.116235 ], [ -64.685215, -16.115819 ], [ -64.684055, -16.115313 ], [ -64.682985, -16.114272 ], [ -64.68239, -16.113052 ], [ -64.682271, -16.111179 ], [ -64.682449, -16.109364 ], [ -64.682657, -16.10755 ], [ -64.682687, -16.105974 ], [ -64.68239, -16.104546 ], [ -64.681706, -16.102969 ], [ -64.680694, -16.101482 ], [ -64.679267, -16.099965 ], [ -64.677809, -16.098508 ], [ -64.676096, -16.097532 ], [ -64.674103, -16.09664 ], [ -64.672616, -16.095986 ], [ -64.670772, -16.095153 ], [ -64.669493, -16.094618 ], [ -64.668452, -16.094409 ], [ -64.667114, -16.094439 ], [ -64.665716, -16.094856 ], [ -64.664556, -16.095361 ], [ -64.663753, -16.095986 ], [ -64.663366, -16.096878 ], [ -64.663366, -16.097889 ], [ -64.663634, -16.09899 ], [ -64.664229, -16.10015 ], [ -64.664823, -16.100864 ], [ -64.665775, -16.101875 ], [ -64.666727, -16.102946 ], [ -64.667679, -16.103897 ], [ -64.668303, -16.104938 ], [ -64.669017, -16.106247 ], [ -64.669553, -16.107675 ], [ -64.66985, -16.109168 ], [ -64.670088, -16.111042 ], [ -64.670713, -16.112975 ], [ -64.671397, -16.1147 ], [ -64.672467, -16.116247 ], [ -64.673984, -16.117585 ], [ -64.675263, -16.118347 ], [ -64.676453, -16.118942 ], [ -64.677554, -16.119388 ], [ -64.678773, -16.119745 ], [ -64.680111, -16.120191 ], [ -64.681271, -16.120756 ], [ -64.682431, -16.12147 ], [ -64.683353, -16.122332 ], [ -64.683978, -16.123106 ], [ -64.684394, -16.124057 ], [ -64.684692, -16.125247 ], [ -64.684543, -16.126675 ], [ -64.684008, -16.127865 ], [ -64.683086, -16.128929 ], [ -64.681331, -16.130089 ], [ -64.679487, -16.131398 ], [ -64.677821, -16.132796 ], [ -64.676185, -16.134432 ], [ -64.674758, -16.136098 ], [ -64.673568, -16.137763 ], [ -64.672854, -16.138953 ], [ -64.672467, -16.1405 ], [ -64.672527, -16.142492 ], [ -64.672348, -16.145437 ], [ -64.672467, -16.148144 ], [ -64.673241, -16.151719 ], [ -64.674163, -16.154842 ], [ -64.675382, -16.157757 ], [ -64.676394, -16.160136 ], [ -64.677805, -16.162402 ], [ -64.679483, -16.164687 ], [ -64.680447, -16.166293 ], [ -64.681267, -16.168185 ], [ -64.681696, -16.169541 ], [ -64.681946, -16.171397 ], [ -64.681946, -16.173146 ], [ -64.681767, -16.175544 ], [ -64.681482, -16.177436 ], [ -64.681375, -16.179292 ], [ -64.681553, -16.181362 ], [ -64.682338, -16.182647 ], [ -64.683516, -16.184075 ], [ -64.684837, -16.185217 ], [ -64.686086, -16.185788 ], [ -64.687442, -16.186145 ], [ -64.689013, -16.185966 ], [ -64.690333, -16.185324 ], [ -64.691582, -16.184289 ], [ -64.692653, -16.183004 ], [ -64.693296, -16.181505 ], [ -64.693581, -16.179899 ], [ -64.693331, -16.178328 ], [ -64.692689, -16.176865 ], [ -64.691761, -16.175187 ], [ -64.69094, -16.174009 ], [ -64.690619, -16.172475 ], [ -64.69069, -16.171154 ], [ -64.691582, -16.169798 ], [ -64.692617, -16.169013 ], [ -64.693724, -16.16887 ], [ -64.694759, -16.169405 ], [ -64.695437, -16.170119 ], [ -64.696222, -16.171226 ], [ -64.697165, -16.172725 ], [ -64.697914, -16.174402 ], [ -64.698878, -16.175794 ], [ -64.70002, -16.17715 ], [ -64.701269, -16.178185 ], [ -64.702733, -16.179006 ], [ -64.70391, -16.179899 ], [ -64.705552, -16.180934 ], [ -64.70698, -16.182004 ], [ -64.707944, -16.183111 ], [ -64.708336, -16.18436 ], [ -64.708122, -16.185895 ], [ -64.707658, -16.187637 ], [ -64.707051, -16.188993 ], [ -64.705945, -16.190242 ], [ -64.704232, -16.191598 ], [ -64.702233, -16.192634 ], [ -64.699699, -16.193312 ], [ -64.697593, -16.194204 ], [ -64.695309, -16.195203 ], [ -64.692418, -16.196238 ], [ -64.690098, -16.197381 ], [ -64.687528, -16.199094 ], [ -64.685119, -16.200643 ], [ -64.683084, -16.201499 ], [ -64.680621, -16.202035 ], [ -64.678016, -16.202784 ], [ -64.67541, -16.203391 ], [ -64.673233, -16.204283 ], [ -64.671627, -16.204854 ], [ -64.670378, -16.205961 ], [ -64.66995, -16.207567 ], [ -64.669914, -16.209887 ], [ -64.66995, -16.212849 ], [ -64.670449, -16.215955 ], [ -64.671056, -16.218917 ], [ -64.671806, -16.22255 ], [ -64.672841, -16.22537 ], [ -64.674018, -16.227797 ], [ -64.675339, -16.230224 ], [ -64.67641, -16.232009 ], [ -64.677088, -16.233437 ], [ -64.677266, -16.234978 ], [ -64.677231, -16.23687 ], [ -64.67666, -16.238226 ], [ -64.675625, -16.239119 ], [ -64.674625, -16.239725 ], [ -64.672698, -16.239761 ], [ -64.670735, -16.239761 ], [ -64.669343, -16.23994 ], [ -64.667987, -16.240332 ], [ -64.666666, -16.240939 ], [ -64.665988, -16.241938 ], [ -64.665524, -16.24333 ], [ -64.665452, -16.244472 ], [ -64.665667, -16.246221 ], [ -64.666059, -16.247613 ], [ -64.666166, -16.249726 ], [ -64.666166, -16.251225 ], [ -64.665702, -16.252832 ], [ -64.665167, -16.254081 ], [ -64.664774, -16.255223 ], [ -64.664667, -16.256187 ], [ -64.664881, -16.257293 ], [ -64.665774, -16.258364 ], [ -64.667166, -16.259006 ], [ -64.668629, -16.259363 ], [ -64.670414, -16.259827 ], [ -64.672162, -16.260434 ], [ -64.673412, -16.261112 ], [ -64.674304, -16.261812 ], [ -64.675196, -16.263132 ], [ -64.676374, -16.264774 ], [ -64.677373, -16.26638 ], [ -64.678337, -16.267736 ], [ -64.679479, -16.26895 ], [ -64.680729, -16.270092 ], [ -64.682049, -16.271413 ], [ -64.683191, -16.272483 ], [ -64.684512, -16.274132 ], [ -64.685904, -16.275881 ], [ -64.68676, -16.27763 ], [ -64.687688, -16.279201 ], [ -64.688902, -16.280486 ], [ -64.690187, -16.281949 ], [ -64.6914, -16.283412 ], [ -64.692757, -16.284983 ], [ -64.693613, -16.286253 ], [ -64.693756, -16.287645 ], [ -64.693827, -16.28893 ], [ -64.693827, -16.290215 ], [ -64.693613, -16.291322 ], [ -64.693149, -16.292392 ], [ -64.692543, -16.293463 ], [ -64.691722, -16.294641 ], [ -64.690901, -16.295319 ], [ -64.689544, -16.295747 ], [ -64.688117, -16.295747 ], [ -64.686796, -16.295283 ], [ -64.685583, -16.294284 ], [ -64.684583, -16.293035 ], [ -64.683441, -16.291179 ], [ -64.682513, -16.28968 ], [ -64.681371, -16.288324 ], [ -64.679979, -16.287253 ], [ -64.678194, -16.286432 ], [ -64.676481, -16.285968 ], [ -64.674554, -16.285825 ], [ -64.671913, -16.286075 ], [ -64.669771, -16.286146 ], [ -64.667487, -16.286289 ], [ -64.66537, -16.286824 ], [ -64.663407, -16.287039 ], [ -64.66123, -16.287288 ], [ -64.659089, -16.287396 ], [ -64.656983, -16.287824 ], [ -64.65502, -16.288216 ], [ -64.653199, -16.289073 ], [ -64.651343, -16.29018 ], [ -64.649523, -16.291572 ], [ -64.64806, -16.293142 ], [ -64.647274, -16.294498 ], [ -64.646561, -16.29589 ], [ -64.646454, -16.297032 ], [ -64.64681, -16.298096 ], [ -64.647667, -16.298988 ], [ -64.649059, -16.299881 ], [ -64.650879, -16.300345 ], [ -64.652557, -16.300773 ], [ -64.654663, -16.301951 ], [ -64.656804, -16.302914 ], [ -64.658946, -16.303628 ], [ -64.661123, -16.304092 ], [ -64.663086, -16.304485 ], [ -64.664978, -16.305199 ], [ -64.667119, -16.306162 ], [ -64.668975, -16.307269 ], [ -64.670456, -16.307911 ], [ -64.672312, -16.308768 ], [ -64.673776, -16.30966 ], [ -64.675168, -16.310838 ], [ -64.676381, -16.312337 ], [ -64.677738, -16.313722 ], [ -64.678558, -16.315078 ], [ -64.679451, -16.316827 ], [ -64.680093, -16.318505 ], [ -64.680414, -16.319932 ], [ -64.680236, -16.321574 ], [ -64.679558, -16.322788 ], [ -64.678523, -16.323787 ], [ -64.677345, -16.324394 ], [ -64.675739, -16.324786 ], [ -64.674026, -16.324822 ], [ -64.672098, -16.324501 ], [ -64.670064, -16.323894 ], [ -64.668029, -16.32293 ], [ -64.666209, -16.321753 ], [ -64.663389, -16.320396 ], [ -64.660962, -16.31904 ], [ -64.658821, -16.317648 ], [ -64.656665, -16.316506 ], [ -64.65488, -16.315863 ], [ -64.653239, -16.315399 ], [ -64.651276, -16.31515 ], [ -64.649527, -16.315221 ], [ -64.648028, -16.315542 ], [ -64.646743, -16.316113 ], [ -64.645708, -16.316934 ], [ -64.644815, -16.318005 ], [ -64.64428, -16.319183 ], [ -64.644101, -16.320503 ], [ -64.644101, -16.322395 ], [ -64.644494, -16.324037 ], [ -64.645137, -16.3255 ], [ -64.6461, -16.326928 ], [ -64.647135, -16.328106 ], [ -64.648063, -16.328784 ], [ -64.649205, -16.329177 ], [ -64.650526, -16.329391 ], [ -64.651704, -16.329319 ], [ -64.653132, -16.329105 ], [ -64.654524, -16.329177 ], [ -64.656165, -16.329569 ], [ -64.658057, -16.330354 ], [ -64.660056, -16.331711 ], [ -64.66184, -16.333031 ], [ -64.663304, -16.334352 ], [ -64.664803, -16.335887 ], [ -64.665659, -16.337279 ], [ -64.666266, -16.339106 ], [ -64.666516, -16.340819 ], [ -64.666552, -16.343139 ], [ -64.666409, -16.345459 ], [ -64.666195, -16.347672 ], [ -64.665981, -16.349742 ], [ -64.665481, -16.35152 ], [ -64.665231, -16.353411 ], [ -64.665302, -16.35541 ], [ -64.665552, -16.357445 ], [ -64.666052, -16.359086 ], [ -64.666204, -16.359927 ], [ -64.666061, -16.360998 ], [ -64.665847, -16.361997 ], [ -64.665585, -16.363044 ], [ -64.66568, -16.364424 ], [ -64.666132, -16.365709 ], [ -64.666715, -16.366747 ], [ -64.667608, -16.367568 ], [ -64.668464, -16.368389 ], [ -64.669357, -16.36896 ], [ -64.670287, -16.369214 ], [ -64.671495, -16.369204 ], [ -64.672916, -16.368864 ], [ -64.674241, -16.368196 ], [ -64.675163, -16.367382 ], [ -64.675954, -16.365762 ], [ -64.676526, -16.363815 ], [ -64.676697, -16.36211 ], [ -64.676586, -16.360018 ], [ -64.676878, -16.357954 ], [ -64.677483, -16.356245 ], [ -64.678549, -16.354264 ], [ -64.680088, -16.352447 ], [ -64.682117, -16.350787 ], [ -64.684518, -16.349244 ], [ -64.688064, -16.347691 ], [ -64.691732, -16.345898 ], [ -64.693895, -16.345403 ], [ -64.696271, -16.344606 ], [ -64.69834, -16.343932 ], [ -64.699757, -16.343144 ], [ -64.701516, -16.342592 ], [ -64.702628, -16.342314 ], [ -64.703991, -16.342422 ], [ -64.70517, -16.342711 ], [ -64.706228, -16.343331 ], [ -64.70735, -16.344248 ], [ -64.708257, -16.34534 ], [ -64.708859, -16.346979 ], [ -64.709028, -16.348562 ], [ -64.708886, -16.350087 ], [ -64.708281, -16.351706 ], [ -64.707366, -16.353178 ], [ -64.706019, -16.354922 ], [ -64.704454, -16.35588 ], [ -64.702355, -16.356554 ], [ -64.69951, -16.356816 ], [ -64.696845, -16.356479 ], [ -64.69449, -16.356259 ], [ -64.692323, -16.356276 ], [ -64.690347, -16.35689 ], [ -64.688682, -16.35762 ], [ -64.687393, -16.358946 ], [ -64.686355, -16.360568 ], [ -64.686059, -16.362232 ], [ -64.686758, -16.364259 ], [ -64.688259, -16.36604 ], [ -64.69069, -16.367933 ], [ -64.692993, -16.36929 ], [ -64.694738, -16.370651 ], [ -64.695501, -16.372976 ], [ -64.695335, -16.375189 ], [ -64.694607, -16.376928 ], [ -64.693133, -16.378374 ], [ -64.690811, -16.379051 ], [ -64.688148, -16.379012 ], [ -64.685297, -16.378676 ], [ -64.682129, -16.377506 ], [ -64.679764, -16.37615 ], [ -64.677031, -16.375096 ], [ -64.674483, -16.37404 ], [ -64.67113, -16.372931 ], [ -64.667581, -16.371697 ], [ -64.665796, -16.371233 ], [ -64.663905, -16.370911 ], [ -64.66212, -16.371054 ], [ -64.660567, -16.371375 ], [ -64.659211, -16.372018 ], [ -64.657962, -16.37291 ], [ -64.657034, -16.373838 ], [ -64.656392, -16.374873 ], [ -64.655785, -16.376051 ], [ -64.65582, -16.377265 ], [ -64.656499, -16.378478 ], [ -64.657355, -16.379656 ], [ -64.658711, -16.380869 ], [ -64.659925, -16.38194 ], [ -64.661638, -16.383603 ], [ -64.663066, -16.385245 ], [ -64.664672, -16.387458 ], [ -64.666028, -16.389671 ], [ -64.667349, -16.392241 ], [ -64.668348, -16.394168 ], [ -64.669419, -16.39611 ], [ -64.670811, -16.398109 ], [ -64.671917, -16.399643 ], [ -64.673757, -16.401668 ], [ -64.674994, -16.403001 ], [ -64.676136, -16.404238 ], [ -64.677183, -16.405761 ], [ -64.678611, -16.407331 ], [ -64.680229, -16.408854 ], [ -64.681847, -16.409996 ], [ -64.683275, -16.410805 ], [ -64.685035, -16.411377 ], [ -64.687353, -16.411805 ], [ -64.689637, -16.412233 ], [ -64.691969, -16.412566 ], [ -64.693873, -16.412995 ], [ -64.695538, -16.413804 ], [ -64.696918, -16.414708 ], [ -64.697918, -16.415802 ], [ -64.698632, -16.417325 ], [ -64.69887, -16.418991 ], [ -64.698822, -16.420418 ], [ -64.698441, -16.421989 ], [ -64.697632, -16.423179 ], [ -64.696681, -16.423988 ], [ -64.695348, -16.424797 ], [ -64.69373, -16.425368 ], [ -64.691874, -16.425701 ], [ -64.689542, -16.425986 ], [ -64.687448, -16.425939 ], [ -64.685416, -16.426027 ], [ -64.683689, -16.426158 ], [ -64.681833, -16.426681 ], [ -64.680119, -16.42749 ], [ -64.678375, -16.428642 ], [ -64.677423, -16.429743 ], [ -64.676887, -16.430784 ], [ -64.676768, -16.43233 ], [ -64.676947, -16.433758 ], [ -64.67769, -16.435305 ], [ -64.67885, -16.436614 ], [ -64.680278, -16.437524 ], [ -64.681319, -16.438148 ], [ -64.682182, -16.438594 ], [ -64.68358, -16.439308 ], [ -64.684948, -16.44023 ], [ -64.686048, -16.44142 ], [ -64.686851, -16.442729 ], [ -64.687327, -16.443918 ], [ -64.687506, -16.445168 ], [ -64.687595, -16.447125 ], [ -64.687089, -16.449237 ], [ -64.686227, -16.450902 ], [ -64.685037, -16.452538 ], [ -64.684085, -16.453847 ], [ -64.682598, -16.455007 ], [ -64.6812, -16.456732 ], [ -64.68007, -16.458397 ], [ -64.678226, -16.46108 ], [ -64.676739, -16.463252 ], [ -64.675341, -16.465572 ], [ -64.674389, -16.467267 ], [ -64.673645, -16.469349 ], [ -64.673259, -16.471134 ], [ -64.67314, -16.472859 ], [ -64.673318, -16.474346 ], [ -64.673764, -16.475565 ], [ -64.674597, -16.476606 ], [ -64.675638, -16.477439 ], [ -64.676739, -16.478177 ], [ -64.677601, -16.478712 ], [ -64.678464, -16.479218 ], [ -64.679178, -16.479426 ], [ -64.680754, -16.479307 ], [ -64.683401, -16.478415 ], [ -64.685394, -16.476957 ], [ -64.687208, -16.475083 ], [ -64.688458, -16.473656 ], [ -64.689796, -16.472407 ], [ -64.691283, -16.471217 ], [ -64.692741, -16.470384 ], [ -64.694376, -16.469492 ], [ -64.696221, -16.468689 ], [ -64.69802, -16.468391 ], [ -64.699828, -16.468344 ], [ -64.701208, -16.468344 ], [ -64.702636, -16.468605 ], [ -64.704278, -16.469176 ], [ -64.705991, -16.469866 ], [ -64.70749, -16.470723 ], [ -64.708843, -16.471818 ], [ -64.709941, -16.472984 ], [ -64.710869, -16.474316 ], [ -64.711654, -16.476029 ], [ -64.712059, -16.477243 ], [ -64.712511, -16.479565 ], [ -64.712487, -16.48135 ], [ -64.712225, -16.483015 ], [ -64.711726, -16.484253 ], [ -64.71094, -16.485347 ], [ -64.710131, -16.485918 ], [ -64.708466, -16.486575 ], [ -64.707014, -16.486861 ], [ -64.705563, -16.486575 ], [ -64.703992, -16.48579 ], [ -64.702612, -16.484648 ], [ -64.700756, -16.483077 ], [ -64.699234, -16.481911 ], [ -64.697497, -16.480936 ], [ -64.695712, -16.480246 ], [ -64.69407, -16.479913 ], [ -64.692428, -16.479698 ], [ -64.690858, -16.479889 ], [ -64.689678, -16.480507 ], [ -64.689011, -16.481316 ], [ -64.688369, -16.48253 ], [ -64.688036, -16.483601 ], [ -64.687893, -16.484505 ], [ -64.688012, -16.485576 ], [ -64.688369, -16.486646 ], [ -64.688869, -16.487574 ], [ -64.690439, -16.488888 ], [ -64.692081, -16.489768 ], [ -64.693865, -16.490625 ], [ -64.695602, -16.491196 ], [ -64.69722, -16.491481 ], [ -64.69941, -16.491815 ], [ -64.701313, -16.492243 ], [ -64.704059, -16.492647 ], [ -64.705867, -16.492814 ], [ -64.707747, -16.493147 ], [ -64.708913, -16.493671 ], [ -64.709817, -16.494361 ], [ -64.710579, -16.495241 ], [ -64.71134, -16.496098 ], [ -64.711864, -16.497021 ], [ -64.712078, -16.498258 ], [ -64.712197, -16.499543 ], [ -64.712149, -16.500852 ], [ -64.711697, -16.502161 ], [ -64.711078, -16.503231 ], [ -64.710412, -16.504112 ], [ -64.709651, -16.505016 ], [ -64.708675, -16.505777 ], [ -64.707723, -16.50642 ], [ -64.706486, -16.507243 ], [ -64.705058, -16.50829 ], [ -64.70413, -16.509147 ], [ -64.703036, -16.510194 ], [ -64.702298, -16.511098 ], [ -64.701727, -16.512169 ], [ -64.70137, -16.513501 ], [ -64.701156, -16.515062 ], [ -64.701275, -16.516704 ], [ -64.701608, -16.51825 ], [ -64.702013, -16.519416 ], [ -64.702512, -16.520368 ], [ -64.703155, -16.521653 ], [ -64.703994, -16.523723 ], [ -64.704648, -16.5253 ], [ -64.705154, -16.527114 ], [ -64.705511, -16.52869 ], [ -64.705808, -16.530296 ], [ -64.706224, -16.531784 ], [ -64.7067, -16.532944 ], [ -64.707593, -16.533955 ], [ -64.708901, -16.53499 ], [ -64.710388, -16.535793 ], [ -64.711965, -16.536388 ], [ -64.713958, -16.536775 ], [ -64.715831, -16.536537 ], [ -64.717854, -16.536239 ], [ -64.719401, -16.535823 ], [ -64.721364, -16.535139 ], [ -64.722643, -16.534365 ], [ -64.723862, -16.533235 ], [ -64.725007, -16.532063 ], [ -64.72584, -16.530814 ], [ -64.726286, -16.529446 ], [ -64.726465, -16.52775 ], [ -64.726197, -16.526085 ], [ -64.725662, -16.524955 ], [ -64.724472, -16.523527 ], [ -64.723163, -16.522069 ], [ -64.721706, -16.520612 ], [ -64.720516, -16.519482 ], [ -64.719594, -16.518203 ], [ -64.718999, -16.516216 ], [ -64.718523, -16.514015 ], [ -64.718493, -16.512052 ], [ -64.71894, -16.510713 ], [ -64.7201, -16.509435 ], [ -64.721854, -16.508245 ], [ -64.723699, -16.507263 ], [ -64.724829, -16.506906 ], [ -64.727089, -16.506282 ], [ -64.729588, -16.505984 ], [ -64.731848, -16.505895 ], [ -64.7339, -16.505717 ], [ -64.736652, -16.505431 ], [ -64.73921, -16.505253 ], [ -64.741351, -16.505461 ], [ -64.743403, -16.505847 ], [ -64.745248, -16.50671 ], [ -64.747032, -16.507811 ], [ -64.748311, -16.509 ], [ -64.749322, -16.510279 ], [ -64.750274, -16.511796 ], [ -64.750899, -16.512986 ], [ -64.751196, -16.514533 ], [ -64.750958, -16.51593 ], [ -64.750423, -16.517239 ], [ -64.749709, -16.51825 ], [ -64.748757, -16.519654 ], [ -64.747657, -16.520576 ], [ -64.746556, -16.521231 ], [ -64.74495, -16.522064 ], [ -64.74379, -16.522837 ], [ -64.742541, -16.524146 ], [ -64.741619, -16.525603 ], [ -64.741083, -16.526912 ], [ -64.740697, -16.528339 ], [ -64.740548, -16.529648 ], [ -64.740191, -16.531022 ], [ -64.739947, -16.532615 ], [ -64.740042, -16.534234 ], [ -64.740399, -16.535722 ], [ -64.741202, -16.53712 ], [ -64.742154, -16.53822 ], [ -64.743111, -16.538799 ], [ -64.744534, -16.53944 ], [ -64.745902, -16.539886 ], [ -64.747597, -16.540332 ], [ -64.749852, -16.540486 ], [ -64.752023, -16.54129 ], [ -64.754165, -16.542331 ], [ -64.756187, -16.543788 ], [ -64.758031, -16.545394 ], [ -64.75928, -16.546614 ], [ -64.760143, -16.547506 ], [ -64.760797, -16.548725 ], [ -64.761006, -16.549826 ], [ -64.761124, -16.550986 ], [ -64.761006, -16.551997 ], [ -64.760525, -16.553176 ], [ -64.759633, -16.553926 ], [ -64.758491, -16.554069 ], [ -64.756813, -16.553748 ], [ -64.755386, -16.553462 ], [ -64.753779, -16.553498 ], [ -64.752245, -16.553819 ], [ -64.751177, -16.554566 ], [ -64.750353, -16.556032 ], [ -64.749853, -16.558495 ], [ -64.749818, -16.560886 ], [ -64.749711, -16.563063 ], [ -64.749556, -16.565947 ], [ -64.74908, -16.570087 ], [ -64.748699, -16.573561 ], [ -64.747985, -16.57694 ], [ -64.747367, -16.579891 ], [ -64.747176, -16.582737 ], [ -64.74789, -16.587591 ], [ -64.748842, -16.590398 ], [ -64.750555, -16.593301 ], [ -64.752887, -16.5953 ], [ -64.755504, -16.597489 ], [ -64.757932, -16.599345 ], [ -64.759749, -16.600668 ], [ -64.761177, -16.602274 ], [ -64.762569, -16.603559 ], [ -64.763997, -16.604737 ], [ -64.765353, -16.605808 ], [ -64.766888, -16.606343 ], [ -64.768815, -16.607093 ], [ -64.770528, -16.607949 ], [ -64.77267, -16.608413 ], [ -64.774847, -16.60902 ], [ -64.776667, -16.609627 ], [ -64.778131, -16.610269 ], [ -64.77938, -16.611233 ], [ -64.780215, -16.612197 ], [ -64.781436, -16.613709 ], [ -64.782149, -16.615103 ], [ -64.783253, -16.617262 ], [ -64.784379, -16.620018 ], [ -64.785117, -16.621898 ], [ -64.785809, -16.623162 ], [ -64.78691, -16.624409 ], [ -64.788337, -16.626433 ], [ -64.789468, -16.628039 ], [ -64.790122, -16.629556 ], [ -64.790334, -16.631102 ], [ -64.79033, -16.63262 ], [ -64.789854, -16.633929 ], [ -64.789111, -16.63491 ], [ -64.788189, -16.635683 ], [ -64.78688, -16.636492 ], [ -64.785542, -16.636998 ], [ -64.784025, -16.637266 ], [ -64.782597, -16.637296 ], [ -64.781169, -16.637087 ], [ -64.779652, -16.636849 ], [ -64.778136, -16.636671 ], [ -64.7765, -16.636403 ], [ -64.775369, -16.636403 ], [ -64.77415, -16.636552 ], [ -64.772797, -16.637075 ], [ -64.771339, -16.637908 ], [ -64.769912, -16.63892 ], [ -64.769138, -16.64002 ], [ -64.768246, -16.641358 ], [ -64.767413, -16.642518 ], [ -64.766283, -16.643946 ], [ -64.765301, -16.645195 ], [ -64.764201, -16.646445 ], [ -64.762386, -16.647991 ], [ -64.760614, -16.649591 ], [ -64.758889, -16.651079 ], [ -64.757402, -16.652625 ], [ -64.75645, -16.654053 ], [ -64.755647, -16.6556 ], [ -64.75523, -16.657235 ], [ -64.755379, -16.658842 ], [ -64.755587, -16.660656 ], [ -64.755974, -16.66225 ], [ -64.756479, -16.663559 ], [ -64.757104, -16.664778 ], [ -64.757729, -16.665909 ], [ -64.758175, -16.667396 ], [ -64.758353, -16.669329 ], [ -64.758324, -16.670965 ], [ -64.758324, -16.673023 ], [ -64.758115, -16.674927 ], [ -64.757907, -16.676325 ], [ -64.757818, -16.677663 ], [ -64.758026, -16.679121 ], [ -64.758294, -16.680489 ], [ -64.758918, -16.681678 ], [ -64.75984, -16.683005 ], [ -64.760881, -16.683927 ], [ -64.761893, -16.684671 ], [ -64.763142, -16.685444 ], [ -64.76457, -16.686128 ], [ -64.766027, -16.686425 ], [ -64.76796, -16.686634 ], [ -64.769596, -16.686307 ], [ -64.771589, -16.685652 ], [ -64.77263, -16.684552 ], [ -64.773284, -16.683035 ], [ -64.773433, -16.680982 ], [ -64.772927, -16.678811 ], [ -64.772124, -16.676908 ], [ -64.771173, -16.673862 ], [ -64.769953, -16.671512 ], [ -64.768734, -16.669133 ], [ -64.767633, -16.666813 ], [ -64.766919, -16.664642 ], [ -64.766681, -16.663047 ], [ -64.766741, -16.661441 ], [ -64.767128, -16.659746 ], [ -64.767841, -16.657961 ], [ -64.769061, -16.656593 ], [ -64.770132, -16.655522 ], [ -64.771232, -16.654749 ], [ -64.772095, -16.654214 ], [ -64.773374, -16.653827 ], [ -64.774843, -16.653767 ], [ -64.776509, -16.654095 ], [ -64.777966, -16.654868 ], [ -64.779423, -16.655879 ], [ -64.780524, -16.65695 ], [ -64.781535, -16.658288 ], [ -64.782368, -16.659746 ], [ -64.783052, -16.660757 ], [ -64.783587, -16.662304 ], [ -64.784004, -16.664534 ], [ -64.784063, -16.667271 ], [ -64.784153, -16.670638 ], [ -64.784004, -16.673672 ], [ -64.784093, -16.675873 ], [ -64.784182, -16.677955 ], [ -64.784658, -16.680322 ], [ -64.785342, -16.681899 ], [ -64.786235, -16.683386 ], [ -64.787186, -16.684784 ], [ -64.787891, -16.686193 ], [ -64.788873, -16.687472 ], [ -64.789854, -16.688484 ], [ -64.790776, -16.689376 ], [ -64.792174, -16.690358 ], [ -64.79378, -16.690952 ], [ -64.795387, -16.691518 ], [ -64.797617, -16.69238 ], [ -64.799461, -16.692856 ], [ -64.801677, -16.693171 ], [ -64.803878, -16.693647 ], [ -64.805841, -16.69448 ], [ -64.807269, -16.69561 ], [ -64.808459, -16.696919 ], [ -64.809381, -16.698376 ], [ -64.809916, -16.699863 ], [ -64.810065, -16.701946 ], [ -64.80994, -16.70401 ], [ -64.809179, -16.707198 ], [ -64.808322, -16.709197 ], [ -64.806799, -16.711434 ], [ -64.805276, -16.712623 ], [ -64.803373, -16.713861 ], [ -64.801326, -16.714812 ], [ -64.799375, -16.715384 ], [ -64.796948, -16.715336 ], [ -64.794949, -16.715003 ], [ -64.792237, -16.715098 ], [ -64.790476, -16.715574 ], [ -64.788144, -16.716621 ], [ -64.78586, -16.718144 ], [ -64.78359, -16.720104 ], [ -64.782067, -16.722293 ], [ -64.781068, -16.724768 ], [ -64.780449, -16.727576 ], [ -64.780163, -16.730336 ], [ -64.780306, -16.733287 ], [ -64.78083, -16.736047 ], [ -64.781639, -16.739254 ], [ -64.78259, -16.741777 ], [ -64.783447, -16.744299 ], [ -64.784732, -16.74644 ], [ -64.786207, -16.747754 ], [ -64.78773, -16.748658 ], [ -64.789396, -16.749562 ], [ -64.790966, -16.749943 ], [ -64.792489, -16.7498 ], [ -64.79425, -16.749181 ], [ -64.795963, -16.748087 ], [ -64.797676, -16.746326 ], [ -64.798247, -16.744708 ], [ -64.798676, -16.742471 ], [ -64.799056, -16.740377 ], [ -64.800103, -16.738807 ], [ -64.801674, -16.737189 ], [ -64.803387, -16.735523 ], [ -64.805243, -16.734476 ], [ -64.807622, -16.73381 ], [ -64.811063, -16.73283 ], [ -64.814204, -16.731783 ], [ -64.816583, -16.73026 ], [ -64.819439, -16.728356 ], [ -64.821533, -16.726833 ], [ -64.823674, -16.725596 ], [ -64.825959, -16.724787 ], [ -64.828386, -16.724549 ], [ -64.830717, -16.724644 ], [ -64.832621, -16.725263 ], [ -64.83481, -16.726738 ], [ -64.83619, -16.728214 ], [ -64.83719, -16.730117 ], [ -64.838094, -16.73164 ], [ -64.839379, -16.732877 ], [ -64.840902, -16.734781 ], [ -64.842044, -16.736542 ], [ -64.842662, -16.738874 ], [ -64.842758, -16.741158 ], [ -64.842405, -16.743302 ], [ -64.841449, -16.745524 ], [ -64.839624, -16.746688 ], [ -64.837056, -16.747906 ], [ -64.834203, -16.749397 ], [ -64.831489, -16.75206 ], [ -64.830735, -16.754035 ], [ -64.830094, -16.755498 ], [ -64.829665, -16.757367 ], [ -64.829575, -16.759591 ], [ -64.829966, -16.76156 ], [ -64.830615, -16.763275 ], [ -64.831549, -16.765228 ], [ -64.831979, -16.765845 ], [ -64.833036, -16.767378 ], [ -64.834318, -16.769088 ], [ -64.835228, -16.770765 ], [ -64.835503, -16.772233 ], [ -64.835142, -16.773492 ], [ -64.834332, -16.774431 ], [ -64.833297, -16.775193 ], [ -64.832111, -16.775706 ], [ -64.830325, -16.775794 ], [ -64.828798, -16.775351 ], [ -64.827399, -16.774336 ], [ -64.826128, -16.773305 ], [ -64.825119, -16.772156 ], [ -64.824215, -16.771041 ], [ -64.82314, -16.770142 ], [ -64.821465, -16.76889 ], [ -64.819423, -16.767342 ], [ -64.817741, -16.766639 ], [ -64.816023, -16.766045 ], [ -64.81449, -16.765269 ], [ -64.812806, -16.764388 ], [ -64.81075, -16.763402 ], [ -64.808845, -16.762701 ], [ -64.806755, -16.762146 ], [ -64.804855, -16.762019 ], [ -64.802995, -16.762071 ], [ -64.80084, -16.762484 ], [ -64.798946, -16.763039 ], [ -64.797241, -16.763807 ], [ -64.795614, -16.764968 ], [ -64.794551, -16.766627 ], [ -64.794007, -16.768246 ], [ -64.793985, -16.769824 ], [ -64.794444, -16.771147 ], [ -64.795274, -16.772359 ], [ -64.796438, -16.773425 ], [ -64.797749, -16.774202 ], [ -64.79924, -16.774476 ], [ -64.800616, -16.774404 ], [ -64.801928, -16.774058 ], [ -64.803114, -16.773474 ], [ -64.804148, -16.772628 ], [ -64.805081, -16.771544 ], [ -64.806013, -16.770436 ], [ -64.806922, -16.7694 ], [ -64.807856, -16.768483 ], [ -64.808867, -16.767733 ], [ -64.810115, -16.767244 ], [ -64.811454, -16.767089 ], [ -64.812609, -16.767187 ], [ -64.813915, -16.76757 ], [ -64.815151, -16.768383 ], [ -64.815943, -16.769416 ], [ -64.816293, -16.770991 ], [ -64.816271, -16.772641 ], [ -64.816061, -16.774042 ], [ -64.815626, -16.775301 ], [ -64.814895, -16.77667 ], [ -64.813861, -16.777611 ], [ -64.812265, -16.778371 ], [ -64.810599, -16.779282 ], [ -64.808819, -16.779979 ], [ -64.807378, -16.78114 ], [ -64.806496, -16.782402 ], [ -64.805356, -16.783883 ], [ -64.80459, -16.785503 ], [ -64.804126, -16.787587 ], [ -64.803921, -16.789597 ], [ -64.803891, -16.792071 ], [ -64.803504, -16.794135 ], [ -64.802652, -16.795995 ], [ -64.80161, -16.79732 ], [ -64.800189, -16.797989 ], [ -64.798516, -16.798243 ], [ -64.796835, -16.79766 ], [ -64.794843, -16.7969 ], [ -64.793224, -16.796317 ], [ -64.791174, -16.796096 ], [ -64.789561, -16.79605 ], [ -64.787577, -16.796306 ], [ -64.785907, -16.796799 ], [ -64.784302, -16.797733 ], [ -64.782948, -16.79894 ], [ -64.78141, -16.800328 ], [ -64.780059, -16.801834 ], [ -64.779083, -16.803696 ], [ -64.778728, -16.805552 ], [ -64.778932, -16.807463 ], [ -64.779388, -16.80979 ], [ -64.780091, -16.811935 ], [ -64.781907, -16.813713 ], [ -64.783905, -16.81501 ], [ -64.785836, -16.81583 ], [ -64.787579, -16.816389 ], [ -64.789643, -16.818044 ], [ -64.79109, -16.820124 ], [ -64.79229, -16.822444 ], [ -64.79269, -16.82537 ], [ -64.792593, -16.82818 ], [ -64.791933, -16.830636 ], [ -64.791408, -16.833774 ], [ -64.791191, -16.837552 ], [ -64.79092, -16.840423 ], [ -64.790274, -16.842939 ], [ -64.789249, -16.844884 ], [ -64.787701, -16.846548 ], [ -64.786147, -16.847637 ], [ -64.784367, -16.848441 ], [ -64.782312, -16.848158 ], [ -64.780997, -16.847768 ], [ -64.7795, -16.84692 ], [ -64.778536, -16.845838 ], [ -64.777983, -16.844064 ], [ -64.77791, -16.84263 ], [ -64.778671, -16.841075 ], [ -64.779909, -16.839744 ], [ -64.781749, -16.838925 ], [ -64.783827, -16.838161 ], [ -64.785903, -16.837225 ], [ -64.787563, -16.836292 ], [ -64.788918, -16.834617 ], [ -64.789319, -16.832949 ], [ -64.789177, -16.830483 ], [ -64.788623, -16.828594 ], [ -64.787294, -16.826712 ], [ -64.785378, -16.825696 ], [ -64.783588, -16.825367 ], [ -64.781443, -16.825386 ], [ -64.779541, -16.825862 ], [ -64.777998, -16.826449 ], [ -64.776755, -16.827378 ], [ -64.775451, -16.828077 ], [ -64.773909, -16.828837 ], [ -64.772187, -16.829483 ], [ -64.770463, -16.829842 ], [ -64.769039, -16.830543 ], [ -64.767915, -16.831298 ], [ -64.766316, -16.832402 ], [ -64.765008, -16.832643 ], [ -64.763761, -16.833113 ], [ -64.762397, -16.833813 ], [ -64.761513, -16.834853 ], [ -64.760871, -16.836293 ], [ -64.760588, -16.837902 ], [ -64.761022, -16.839735 ], [ -64.76175, -16.841163 ], [ -64.762832, -16.842244 ], [ -64.764031, -16.84298 ], [ -64.765287, -16.843485 ], [ -64.766723, -16.84415 ], [ -64.768399, -16.844939 ], [ -64.771209, -16.846005 ], [ -64.77325, -16.847594 ], [ -64.77505, -16.849013 ], [ -64.776198, -16.850667 ], [ -64.77693, -16.852439 ], [ -64.776613, -16.85394 ], [ -64.775351, -16.855056 ], [ -64.7744, -16.85623 ], [ -64.773294, -16.857435 ], [ -64.772649, -16.858128 ], [ -64.772314, -16.858848 ], [ -64.771857, -16.859749 ], [ -64.771275, -16.860591 ], [ -64.770566, -16.861105 ], [ -64.769576, -16.861442 ], [ -64.768551, -16.861331 ], [ -64.767648, -16.86098 ], [ -64.767024, -16.860597 ], [ -64.766271, -16.859797 ], [ -64.765474, -16.858882 ], [ -64.764747, -16.858028 ], [ -64.764138, -16.85667 ], [ -64.763654, -16.855383 ], [ -64.763123, -16.85436 ], [ -64.762271, -16.853435 ], [ -64.761146, -16.852608 ], [ -64.759578, -16.852167 ], [ -64.757714, -16.851992 ], [ -64.755551, -16.852249 ], [ -64.753917, -16.852693 ], [ -64.752056, -16.852877 ], [ -64.750616, -16.852793 ], [ -64.749446, -16.852445 ], [ -64.747877, -16.85198 ], [ -64.746236, -16.851659 ], [ -64.74472, -16.851576 ], [ -64.743283, -16.851828 ], [ -64.741727, -16.852773 ], [ -64.740644, -16.853739 ], [ -64.73991, -16.854988 ], [ -64.739524, -16.856211 ], [ -64.739587, -16.857717 ], [ -64.740247, -16.859241 ], [ -64.741227, -16.860548 ], [ -64.742702, -16.861587 ], [ -64.744416, -16.862252 ], [ -64.746383, -16.86288 ], [ -64.748472, -16.863221 ], [ -64.751132, -16.863533 ], [ -64.752474, -16.863665 ], [ -64.753938, -16.863653 ], [ -64.755456, -16.863951 ], [ -64.757172, -16.864271 ], [ -64.758315, -16.86438 ], [ -64.759582, -16.864417 ], [ -64.76121, -16.864636 ], [ -64.763047, -16.865278 ], [ -64.764758, -16.865712 ], [ -64.766472, -16.866414 ], [ -64.767876, -16.867209 ], [ -64.769097, -16.868334 ], [ -64.770074, -16.869909 ], [ -64.770401, -16.871759 ], [ -64.770103, -16.873017 ], [ -64.769648, -16.874187 ], [ -64.76882, -16.87524 ], [ -64.767649, -16.876146 ], [ -64.766146, -16.876757 ], [ -64.764566, -16.877129 ], [ -64.762892, -16.877323 ], [ -64.761246, -16.877248 ], [ -64.759441, -16.876665 ], [ -64.757665, -16.875933 ], [ -64.755857, -16.875112 ], [ -64.754425, -16.874286 ], [ -64.753275, -16.87346 ], [ -64.751775, -16.872301 ], [ -64.750151, -16.871215 ], [ -64.749, -16.870245 ], [ -64.747997, -16.869177 ], [ -64.747192, -16.86806 ], [ -64.746363, -16.867039 ], [ -64.745339, -16.866355 ], [ -64.744117, -16.865768 ], [ -64.742749, -16.865516 ], [ -64.741682, -16.865549 ], [ -64.740343, -16.865823 ], [ -64.739033, -16.866408 ], [ -64.737873, -16.867202 ], [ -64.736989, -16.86831 ], [ -64.73648, -16.869605 ], [ -64.736195, -16.871042 ], [ -64.736234, -16.87262 ], [ -64.736546, -16.874171 ], [ -64.736979, -16.875363 ], [ -64.737616, -16.876457 ], [ -64.738682, -16.877643 ], [ -64.739996, -16.878708 ], [ -64.741434, -16.879862 ], [ -64.742777, -16.880747 ], [ -64.744118, -16.881452 ], [ -64.745366, -16.882099 ], [ -64.746924, -16.882773 ], [ -64.748264, -16.88336 ], [ -64.749947, -16.884021 ], [ -64.751262, -16.884469 ], [ -64.752637, -16.884916 ], [ -64.753851, -16.885135 ], [ -64.754746, -16.885319 ], [ -64.75594, -16.885538 ], [ -64.756777, -16.885837 ], [ -64.757735, -16.886288 ], [ -64.758534, -16.886702 ], [ -64.759254, -16.887308 ], [ -64.759916, -16.887991 ], [ -64.760441, -16.888904 ], [ -64.760668, -16.889801 ], [ -64.760618, -16.890857 ], [ -64.760429, -16.891911 ], [ -64.760101, -16.892927 ], [ -64.759614, -16.893907 ], [ -64.758886, -16.894736 ], [ -64.758058, -16.895431 ], [ -64.75727, -16.896088 ], [ -64.756501, -16.896726 ], [ -64.755473, -16.897347 ], [ -64.754722, -16.897625 ], [ -64.753731, -16.897932 ], [ -64.752583, -16.898032 ], [ -64.751495, -16.897921 ], [ -64.750313, -16.897633 ], [ -64.749285, -16.897193 ], [ -64.748069, -16.896606 ], [ -64.746882, -16.895839 ], [ -64.745697, -16.895191 ], [ -64.744448, -16.894395 ], [ -64.74338, -16.893119 ], [ -64.742596, -16.892199 ], [ -64.74212, -16.891098 ], [ -64.741955, -16.890053 ], [ -64.741789, -16.888799 ], [ -64.741377, -16.887877 ], [ -64.740903, -16.887014 ], [ -64.739964, -16.886155 ], [ -64.738812, -16.885747 ], [ -64.737878, -16.885486 ], [ -64.736638, -16.885616 ], [ -64.735152, -16.886106 ], [ -64.733578, -16.887076 ], [ -64.732348, -16.888282 ], [ -64.731581, -16.889275 ], [ -64.730753, -16.890417 ], [ -64.729961, -16.892038 ], [ -64.729261, -16.893568 ], [ -64.7285, -16.895278 ], [ -64.727985, -16.896657 ], [ -64.727812, -16.898093 ], [ -64.728041, -16.899376 ], [ -64.728672, -16.900536 ], [ -64.729426, -16.901456 ], [ -64.730611, -16.902074 ], [ -64.732284, -16.902448 ], [ -64.733868, -16.902524 ], [ -64.735171, -16.902364 ], [ -64.736597, -16.902202 ], [ -64.737932, -16.902221 ], [ -64.739176, -16.902449 ], [ -64.740701, -16.902885 ], [ -64.742073, -16.90353 ], [ -64.743382, -16.904147 ], [ -64.744757, -16.905121 ], [ -64.745727, -16.90595 ], [ -64.746576, -16.907078 ], [ -64.747175, -16.908059 ], [ -64.74768, -16.909041 ], [ -64.748652, -16.910019 ], [ -64.749279, -16.910731 ], [ -64.74988, -16.911862 ], [ -64.7502, -16.912911 ], [ -64.750462, -16.914433 ], [ -64.750352, -16.915958 ], [ -64.749773, -16.917158 ], [ -64.748883, -16.918242 ], [ -64.747681, -16.919178 ], [ -64.745947, -16.919671 ], [ -64.744471, -16.919923 ], [ -64.743136, -16.919934 ], [ -64.742009, -16.91974 ], [ -64.740865, -16.919356 ], [ -64.739866, -16.918767 ], [ -64.739208, -16.918145 ], [ -64.738764, -16.917132 ], [ -64.738445, -16.916119 ], [ -64.737941, -16.915376 ], [ -64.737189, -16.914606 ], [ -64.736222, -16.914136 ], [ -64.735072, -16.913936 ], [ -64.734047, -16.913945 ], [ -64.732622, -16.914286 ], [ -64.731199, -16.914776 ], [ -64.729962, -16.915294 ], [ -64.728881, -16.915991 ], [ -64.727927, -16.916866 ], [ -64.726879, -16.917652 ], [ -64.726014, -16.918137 ], [ -64.725086, -16.918563 ], [ -64.724097, -16.91908 ], [ -64.722956, -16.919836 ], [ -64.721878, -16.920832 ], [ -64.721049, -16.921885 ], [ -64.720533, -16.923144 ], [ -64.720141, -16.924403 ], [ -64.719906, -16.925839 ], [ -64.720102, -16.926973 ], [ -64.720671, -16.928074 ], [ -64.721549, -16.928993 ], [ -64.72261, -16.929612 ], [ -64.723947, -16.92987 ], [ -64.725189, -16.929859 ], [ -64.726087, -16.929553 ], [ -64.726951, -16.929007 ], [ -64.727783, -16.928343 ], [ -64.728459, -16.9275 ], [ -64.728979, -16.926719 ], [ -64.729592, -16.925787 ], [ -64.73033, -16.925034 ], [ -64.73144, -16.924188 ], [ -64.732677, -16.923609 ], [ -64.734071, -16.923299 ], [ -64.735499, -16.923257 ], [ -64.736742, -16.923485 ], [ -64.737742, -16.924104 ], [ -64.738494, -16.924875 ], [ -64.739216, -16.925795 ], [ -64.7395, -16.926301 ], [ -64.739726, -16.927196 ], [ -64.73964, -16.928003 ], [ -64.739087, -16.928636 ], [ -64.738409, -16.929255 ], [ -64.737136, -16.930212 ], [ -64.736099, -16.930924 ], [ -64.735376, -16.931676 ], [ -64.73492, -16.932397 ], [ -64.73454, -16.933132 ], [ -64.734411, -16.93397 ], [ -64.734238, -16.935442 ], [ -64.73436, -16.936624 ], [ -64.734633, -16.937877 ], [ -64.735314, -16.938983 ], [ -64.736289, -16.939763 ], [ -64.737451, -16.940471 ], [ -64.738648, -16.941034 ], [ -64.739991, -16.941131 ], [ -64.741294, -16.941012 ], [ -64.742408, -16.940644 ], [ -64.743409, -16.940097 ], [ -64.744448, -16.939622 ], [ -64.745526, -16.939398 ], [ -64.746571, -16.939568 ], [ -64.747396, -16.940171 ], [ -64.747553, -16.940994 ], [ -64.747077, -16.941895 ], [ -64.746261, -16.942261 ], [ -64.745332, -16.942555 ], [ -64.744493, -16.942921 ], [ -64.743158, -16.943614 ], [ -64.741824, -16.944343 ], [ -64.740714, -16.945284 ], [ -64.739605, -16.94619 ], [ -64.738536, -16.947491 ], [ -64.73784, -16.948716 ], [ -64.736957, -16.950014 ], [ -64.735925, -16.951242 ], [ -64.735001, -16.952039 ], [ -64.733779, -16.952839 ], [ -64.732777, -16.953277 ], [ -64.731626, -16.953753 ], [ -64.730624, -16.954156 ], [ -64.729208, -16.95424 ], [ -64.727942, -16.954251 ], [ -64.726672, -16.953903 ], [ -64.72555, -16.953482 ], [ -64.724465, -16.952989 ], [ -64.723398, -16.952107 ], [ -64.722625, -16.951463 ], [ -64.721687, -16.950753 ], [ -64.720822, -16.949864 ], [ -64.720105, -16.948866 ], [ -64.71972, -16.947542 ], [ -64.719223, -16.946112 ], [ -64.718651, -16.944718 ], [ -64.717972, -16.943791 ], [ -64.716846, -16.942833 ], [ -64.715573, -16.942198 ], [ -64.71408, -16.941923 ], [ -64.712518, -16.942223 ], [ -64.71133, -16.942736 ], [ -64.710295, -16.943605 ], [ -64.70952, -16.944436 ], [ -64.708897, -16.945553 ], [ -64.708499, -16.946883 ], [ -64.708362, -16.948283 ], [ -64.708527, -16.949967 ], [ -64.70895, -16.951434 ], [ -64.708396, -16.952018 ], [ -64.707243, -16.952052 ], [ -64.705341, -16.951758 ], [ -64.703595, -16.951734 ], [ -64.702131, -16.951979 ], [ -64.7006, -16.952398 ], [ -64.699203, -16.953196 ], [ -64.699017, -16.953274 ], [ -64.697867, -16.953822 ], [ -64.696793, -16.954512 ], [ -64.69598, -16.955272 ], [ -64.695354, -16.956102 ], [ -64.694394, -16.957078 ], [ -64.693619, -16.957946 ], [ -64.69251, -16.958995 ], [ -64.691148, -16.960025 ], [ -64.689667, -16.961077 ], [ -64.688037, -16.96213 ], [ -64.686107, -16.963043 ], [ -64.684291, -16.964134 ], [ -64.682771, -16.964971 ], [ -64.681326, -16.96588 ], [ -64.679918, -16.966788 ], [ -64.678807, -16.967622 ], [ -64.677623, -16.968564 ], [ -64.676773, -16.96936 ], [ -64.675849, -16.970193 ], [ -64.675035, -16.970881 ], [ -64.674372, -16.971747 ], [ -64.673785, -16.972827 ], [ -64.673422, -16.97387 ], [ -64.67332, -16.974983 ], [ -64.673292, -16.976059 ], [ -64.673561, -16.977025 ], [ -64.674262, -16.977859 ], [ -64.675276, -16.978783 ], [ -64.676622, -16.979274 ], [ -64.677888, -16.979156 ], [ -64.678926, -16.978538 ], [ -64.679814, -16.977741 ], [ -64.680697, -16.976443 ], [ -64.681355, -16.975039 ], [ -64.681827, -16.973636 ], [ -64.682262, -16.972306 ], [ -64.682812, -16.971297 ], [ -64.683512, -16.970395 ], [ -64.6844, -16.96967 ], [ -64.685475, -16.969052 ], [ -64.686815, -16.968861 ], [ -64.68827, -16.969064 ], [ -64.689469, -16.9697 ], [ -64.690594, -16.970587 ], [ -64.691425, -16.9718 ], [ -64.691772, -16.973088 ], [ -64.691669, -16.974021 ], [ -64.691456, -16.975278 ], [ -64.691316, -16.976283 ], [ -64.691551, -16.977573 ], [ -64.691935, -16.978789 ], [ -64.692654, -16.980059 ], [ -64.693559, -16.981164 ], [ -64.694498, -16.981945 ], [ -64.695695, -16.982509 ], [ -64.696819, -16.983109 ], [ -64.698313, -16.983527 ], [ -64.699732, -16.983874 ], [ -64.700928, -16.984151 ], [ -64.702347, -16.984462 ], [ -64.703468, -16.984811 ], [ -64.704494, -16.984971 ], [ -64.705483, -16.985153 ], [ -64.706269, -16.985469 ], [ -64.707093, -16.985964 ], [ -64.708069, -16.986673 ], [ -64.708672, -16.987457 ], [ -64.709203, -16.988492 ], [ -64.709511, -16.989566 ], [ -64.709673, -16.990963 ], [ -64.709611, -16.992362 ], [ -64.7094, -16.993784 ], [ -64.708964, -16.995007 ], [ -64.708494, -16.996553 ], [ -64.708282, -16.997882 ], [ -64.708406, -16.999244 ], [ -64.708193, -17.000393 ], [ -64.707603, -17.001115 ], [ -64.706715, -17.00184 ], [ -64.705676, -17.002351 ], [ -64.704263, -17.002757 ], [ -64.70281, -17.002733 ], [ -64.70169, -17.002563 ], [ -64.700493, -17.002143 ], [ -64.699371, -17.001614 ], [ -64.698283, -17.000906 ], [ -64.697308, -17.000197 ], [ -64.696344, -16.999137 ], [ -64.695612, -16.998131 ], [ -64.695231, -16.997238 ], [ -64.695184, -16.996126 ], [ -64.695362, -16.995157 ], [ -64.695912, -16.994184 ], [ -64.696762, -16.993352 ], [ -64.697647, -16.992304 ], [ -64.698121, -16.991153 ], [ -64.698333, -16.989824 ], [ -64.698322, -16.988677 ], [ -64.697862, -16.987282 ], [ -64.697144, -16.98614 ], [ -64.696241, -16.985144 ], [ -64.69505, -16.984551 ], [ -64.693816, -16.984095 ], [ -64.692322, -16.983713 ], [ -64.691017, -16.983652 ], [ -64.689266, -16.983703 ], [ -64.687703, -16.983967 ], [ -64.686476, -16.984264 ], [ -64.685099, -16.984526 ], [ -64.683537, -16.984826 ], [ -64.682273, -16.985231 ], [ -64.681048, -16.985779 ], [ -64.679824, -16.986434 ], [ -64.678676, -16.987219 ], [ -64.677826, -16.98805 ], [ -64.677051, -16.988953 ], [ -64.676199, -16.989462 ], [ -64.675272, -16.990044 ], [ -64.674347, -16.990769 ], [ -64.673534, -16.991564 ], [ -64.672981, -16.992286 ], [ -64.672394, -16.993331 ], [ -64.672105, -16.994409 ], [ -64.671967, -16.995594 ], [ -64.672126, -16.99674 ], [ -64.672671, -16.997967 ], [ -64.673525, -16.998964 ], [ -64.674485, -16.999645 ], [ -64.675562, -17.000038 ], [ -64.676875, -17.000161 ], [ -64.677927, -16.99998 ], [ -64.679197, -16.999683 ], [ -64.680089, -16.999388 ], [ -64.68084, -16.999 ], [ -64.681617, -16.99863 ], [ -64.682111, -16.998237 ], [ -64.682386, -16.997757 ], [ -64.682692, -16.997246 ], [ -64.683215, -16.996674 ], [ -64.684111, -16.996159 ], [ -64.684884, -16.995734 ], [ -64.685907, -16.995516 ], [ -64.686838, -16.995419 ], [ -64.687895, -16.995559 ], [ -64.688767, -16.995881 ], [ -64.689549, -16.996442 ], [ -64.690238, -16.997034 ], [ -64.690867, -16.997955 ], [ -64.691247, -16.998819 ], [ -64.691381, -16.999834 ], [ -64.691359, -17.00091 ], [ -64.69109, -17.001988 ], [ -64.690634, -17.003098 ], [ -64.69024, -17.004237 ], [ -64.689877, -17.005345 ], [ -64.689606, -17.006244 ], [ -64.68946, -17.007351 ], [ -64.689501, -17.008427 ], [ -64.689728, -17.009531 ], [ -64.690175, -17.010872 ], [ -64.690462, -17.011706 ], [ -64.690814, -17.012869 ], [ -64.691012, -17.014063 ], [ -64.69093, -17.015318 ], [ -64.690659, -17.016277 ], [ -64.6902, -17.017118 ], [ -64.689554, -17.017751 ], [ -64.688629, -17.018505 ], [ -64.687577, -17.019052 ], [ -64.686028, -17.019453 ], [ -64.684704, -17.019364 ], [ -64.683319, -17.019322 ], [ -64.682097, -17.018906 ], [ -64.681367, -17.018596 ], [ -64.680489, -17.018202 ], [ -64.67975, -17.017845 ], [ -64.67899, -17.017373 ], [ -64.678224, -17.016972 ], [ -64.677497, -17.016284 ], [ -64.676642, -17.015144 ], [ -64.675764, -17.014266 ], [ -64.674939, -17.013651 ], [ -64.67389, -17.01311 ], [ -64.672744, -17.012785 ], [ -64.671825, -17.012792 ], [ -64.670933, -17.013111 ], [ -64.67002, -17.013811 ], [ -64.669171, -17.01444 ], [ -64.668331, -17.015021 ], [ -64.667292, -17.015531 ], [ -64.666375, -17.015874 ], [ -64.665183, -17.015859 ], [ -64.664088, -17.015701 ], [ -64.663313, -17.015181 ], [ -64.662858, -17.014372 ], [ -64.662652, -17.013537 ], [ -64.662643, -17.012461 ], [ -64.662832, -17.011432 ], [ -64.663471, -17.010542 ], [ -64.664307, -17.009626 ], [ -64.665144, -17.008687 ], [ -64.665634, -17.007846 ], [ -64.665946, -17.006672 ], [ -64.665861, -17.005477 ], [ -64.665502, -17.004237 ], [ -64.664998, -17.003381 ], [ -64.664321, -17.002693 ], [ -64.663471, -17.002126 ], [ -64.662326, -17.00192 ], [ -64.661059, -17.001906 ], [ -64.659918, -17.002203 ], [ -64.65873, -17.002738 ], [ -64.657643, -17.003464 ], [ -64.656663, -17.0044 ], [ -64.655628, -17.005484 ], [ -64.654594, -17.006545 ], [ -64.65383, -17.00722 ], [ -64.652965, -17.007754 ], [ -64.651974, -17.00812 ], [ -64.650709, -17.00837 ], [ -64.649568, -17.008594 ], [ -64.648425, -17.008627 ], [ -64.647257, -17.008637 ], [ -64.646112, -17.008431 ], [ -64.644966, -17.008129 ], [ -64.643845, -17.007756 ], [ -64.642698, -17.007311 ], [ -64.641396, -17.006723 ], [ -64.640099, -17.006184 ], [ -64.638801, -17.005573 ], [ -64.63743, -17.005034 ], [ -64.635986, -17.004759 ], [ -64.634668, -17.00465 ], [ -64.633275, -17.00447 ], [ -64.632131, -17.004311 ], [ -64.631063, -17.004368 ], [ -64.62981, -17.004617 ], [ -64.628697, -17.005194 ], [ -64.627865, -17.005918 ], [ -64.627128, -17.00691 ], [ -64.626733, -17.007989 ], [ -64.626742, -17.009065 ], [ -64.62697, -17.010288 ], [ -64.627571, -17.011509 ], [ -64.628357, -17.012608 ], [ -64.629328, -17.013557 ], [ -64.630265, -17.014147 ], [ -64.631356, -17.014497 ], [ -64.632381, -17.014578 ], [ -64.633345, -17.0146 ], [ -64.634277, -17.014623 ], [ -64.635366, -17.014901 ], [ -64.636489, -17.015358 ], [ -64.637689, -17.016209 ], [ -64.638609, -17.01715 ], [ -64.639274, -17.018139 ], [ -64.639982, -17.019549 ], [ -64.640429, -17.020712 ], [ -64.640717, -17.0218 ], [ -64.640767, -17.023005 ], [ -64.640898, -17.02427 ], [ -64.640987, -17.025417 ], [ -64.641058, -17.026717 ], [ -64.641168, -17.027883 ], [ -64.641317, -17.02901 ], [ -64.641526, -17.030252 ], [ -64.641578, -17.031609 ], [ -64.641472, -17.03314 ], [ -64.641337, -17.034116 ], [ -64.640924, -17.035239 ], [ -64.64032, -17.036105 ], [ -64.639671, -17.036913 ], [ -64.638664, -17.037725 ], [ -64.637759, -17.038263 ], [ -64.636703, -17.038573 ], [ -64.635572, -17.038854 ], [ -64.634529, -17.038977 ], [ -64.633441, -17.039072 ], [ -64.632307, -17.038967 ], [ -64.631097, -17.038661 ], [ -64.630073, -17.038317 ], [ -64.629371, -17.038024 ], [ -64.628493, -17.037591 ], [ -64.627413, -17.036911 ], [ -64.626472, -17.036192 ], [ -64.625591, -17.035377 ], [ -64.624807, -17.034465 ], [ -64.624221, -17.033387 ], [ -64.624154, -17.032546 ], [ -64.624365, -17.031569 ], [ -64.624696, -17.030744 ], [ -64.625305, -17.029916 ], [ -64.626114, -17.029279 ], [ -64.626844, -17.028546 ], [ -64.627493, -17.027737 ], [ -64.628023, -17.026987 ], [ -64.628374, -17.026143 ], [ -64.628644, -17.025165 ], [ -64.628835, -17.024265 ], [ -64.628766, -17.023194 ], [ -64.628519, -17.022259 ], [ -64.628193, -17.021343 ], [ -64.627667, -17.020238 ], [ -64.626962, -17.019211 ], [ -64.626178, -17.018242 ], [ -64.625296, -17.017369 ], [ -64.624254, -17.016478 ], [ -64.622951, -17.015704 ], [ -64.621873, -17.015139 ], [ -64.620916, -17.014841 ], [ -64.619821, -17.014658 ], [ -64.618729, -17.014743 ], [ -64.617876, -17.015018 ], [ -64.616987, -17.015675 ], [ -64.616437, -17.016426 ], [ -64.615907, -17.017195 ], [ -64.615797, -17.018305 ], [ -64.615807, -17.019453 ], [ -64.616156, -17.020712 ], [ -64.616603, -17.021837 ], [ -64.617327, -17.022822 ], [ -64.618249, -17.023676 ], [ -64.619073, -17.024798 ], [ -64.619741, -17.026093 ], [ -64.620348, -17.027351 ], [ -64.620657, -17.02863 ], [ -64.620629, -17.029954 ], [ -64.620501, -17.031274 ], [ -64.620152, -17.03231 ], [ -64.619307, -17.033484 ], [ -64.618203, -17.034525 ], [ -64.617413, -17.035163 ], [ -64.616224, -17.035574 ], [ -64.615111, -17.035659 ], [ -64.614055, -17.035419 ], [ -64.613077, -17.034987 ], [ -64.612272, -17.034392 ], [ -64.611781, -17.033666 ], [ -64.611463, -17.032748 ], [ -64.611155, -17.031639 ], [ -64.610949, -17.030792 ], [ -64.610759, -17.030126 ], [ -64.610545, -17.029525 ], [ -64.610194, -17.028653 ], [ -64.60971, -17.027868 ], [ -64.609108, -17.027198 ], [ -64.608149, -17.026661 ], [ -64.607161, -17.02621 ], [ -64.60625, -17.025944 ], [ -64.60522, -17.025838 ], [ -64.604057, -17.025919 ], [ -64.603104, -17.02607 ], [ -64.602033, -17.026336 ], [ -64.60058, -17.026782 ], [ -64.59961, -17.027249 ], [ -64.59878, -17.027772 ], [ -64.597931, -17.028467 ], [ -64.596843, -17.029221 ], [ -64.595755, -17.029861 ], [ -64.594706, -17.030424 ], [ -64.593638, -17.031006 ], [ -64.592491, -17.031742 ], [ -64.59168, -17.032322 ], [ -64.590811, -17.032922 ], [ -64.59004, -17.033502 ], [ -64.588954, -17.034314 ], [ -64.588203, -17.034893 ], [ -64.587575, -17.035613 ], [ -64.587048, -17.036727 ], [ -64.586779, -17.037915 ], [ -64.586928, -17.039004 ], [ -64.587476, -17.0403 ], [ -64.588381, -17.041555 ], [ -64.58914, -17.042028 ], [ -64.590058, -17.042327 ], [ -64.591232, -17.04247 ], [ -64.592541, -17.042078 ], [ -64.593554, -17.041496 ], [ -64.594384, -17.040935 ], [ -64.595234, -17.040354 ], [ -64.595886, -17.039756 ], [ -64.596457, -17.039178 ], [ -64.597147, -17.038407 ], [ -64.597898, -17.037923 ], [ -64.59889, -17.037647 ], [ -64.600159, -17.037293 ], [ -64.60133, -17.036978 ], [ -64.602337, -17.036587 ], [ -64.603168, -17.036179 ], [ -64.604059, -17.035713 ], [ -64.605069, -17.035265 ], [ -64.606141, -17.035065 ], [ -64.607433, -17.034998 ], [ -64.608588, -17.035199 ], [ -64.609704, -17.035554 ], [ -64.610764, -17.03631 ], [ -64.611489, -17.03728 ], [ -64.611837, -17.038463 ], [ -64.611847, -17.039687 ], [ -64.611558, -17.04078 ], [ -64.611111, -17.041686 ], [ -64.610582, -17.042594 ], [ -64.609992, -17.04333 ], [ -64.609074, -17.044055 ], [ -64.608064, -17.044536 ], [ -64.607364, -17.044642 ], [ -64.606335, -17.044736 ], [ -64.60526, -17.044587 ], [ -64.604141, -17.04451 ], [ -64.603049, -17.044691 ], [ -64.601958, -17.04501 ], [ -64.600844, -17.045449 ], [ -64.599656, -17.046056 ], [ -64.598358, -17.046838 ], [ -64.597494, -17.047532 ], [ -64.596848, -17.048344 ], [ -64.596235, -17.049275 ], [ -64.595499, -17.050447 ], [ -64.594767, -17.051481 ], [ -64.594116, -17.05228 ], [ -64.593223, -17.053214 ], [ -64.592515, -17.053937 ], [ -64.591338, -17.054394 ], [ -64.590469, -17.054461 ], [ -64.589193, -17.054321 ], [ -64.58807, -17.053977 ], [ -64.587104, -17.053352 ], [ -64.586319, -17.052431 ], [ -64.585626, -17.051301 ], [ -64.585366, -17.049958 ], [ -64.585319, -17.048105 ], [ -64.585222, -17.046372 ], [ -64.584804, -17.044701 ], [ -64.583952, -17.043154 ], [ -64.582822, -17.041818 ], [ -64.581508, -17.040632 ], [ -64.580163, -17.039597 ], [ -64.579037, -17.038709 ], [ -64.578469, -17.037667 ], [ -64.577993, -17.036446 ], [ -64.577676, -17.035701 ], [ -64.576921, -17.034571 ], [ -64.575763, -17.033624 ], [ -64.574483, -17.032767 ], [ -64.572988, -17.03242 ], [ -64.571621, -17.032341 ], [ -64.569883, -17.032563 ], [ -64.568303, -17.033113 ], [ -64.566787, -17.033902 ], [ -64.565645, -17.034778 ], [ -64.564872, -17.035202 ], [ -64.564068, -17.035657 ], [ -64.563484, -17.036378 ], [ -64.563306, -17.037456 ], [ -64.563349, -17.0388 ], [ -64.563702, -17.040232 ], [ -64.564458, -17.041422 ], [ -64.565523, -17.04249 ], [ -64.566526, -17.043558 ], [ -64.567903, -17.044713 ], [ -64.568965, -17.045452 ], [ -64.569966, -17.046251 ], [ -64.570844, -17.047141 ], [ -64.572283, -17.048415 ], [ -64.573364, -17.0491 ], [ -64.574769, -17.049866 ], [ -64.57642, -17.050451 ], [ -64.577761, -17.051068 ], [ -64.579072, -17.051775 ], [ -64.579886, -17.052516 ], [ -64.580643, -17.053825 ], [ -64.58084, -17.055079 ], [ -64.58057, -17.056247 ], [ -64.580083, -17.057416 ], [ -64.579593, -17.058316 ], [ -64.578979, -17.05914 ], [ -64.577803, -17.059717 ], [ -64.576345, -17.060057 ], [ -64.575134, -17.060096 ], [ -64.574168, -17.059745 ], [ -64.573075, -17.059096 ], [ -64.572107, -17.058566 ], [ -64.570892, -17.058097 ], [ -64.569585, -17.057898 ], [ -64.568188, -17.057998 ], [ -64.566947, -17.058307 ], [ -64.565772, -17.058914 ], [ -64.564691, -17.059699 ], [ -64.56383, -17.060811 ], [ -64.563125, -17.062012 ], [ -64.562451, -17.063123 ], [ -64.561931, -17.064114 ], [ -64.561314, -17.064686 ], [ -64.560073, -17.065634 ], [ -64.559055, -17.066449 ], [ -64.557696, -17.067476 ], [ -64.55643, -17.068472 ], [ -64.555165, -17.069557 ], [ -64.553714, -17.069951 ], [ -64.551998, -17.069856 ], [ -64.550652, -17.069436 ], [ -64.54964, -17.068798 ], [ -64.54907, -17.067497 ], [ -64.548912, -17.066423 ], [ -64.549012, -17.064987 ], [ -64.549523, -17.063621 ], [ -64.550071, -17.062289 ], [ -64.550359, -17.060996 ], [ -64.550349, -17.059741 ], [ -64.550115, -17.058487 ], [ -64.549433, -17.057273 ], [ -64.548419, -17.056313 ], [ -64.54707, -17.055462 ], [ -64.54524, -17.055153 ], [ -64.543635, -17.05495 ], [ -64.542444, -17.055175 ], [ -64.54077, -17.055653 ], [ -64.538948, -17.056241 ], [ -64.5372, -17.056756 ], [ -64.535524, -17.057056 ], [ -64.532939, -17.057363 ], [ -64.530703, -17.057487 ], [ -64.529097, -17.05714 ], [ -64.527157, -17.056976 ], [ -64.524768, -17.056707 ], [ -64.522716, -17.056507 ], [ -64.521299, -17.056482 ], [ -64.519958, -17.056671 ], [ -64.51862, -17.057147 ], [ -64.51747, -17.057909 ], [ -64.516434, -17.058885 ], [ -64.515772, -17.060074 ], [ -64.515597, -17.061474 ], [ -64.515906, -17.062727 ], [ -64.516435, -17.063584 ], [ -64.51711, -17.064116 ], [ -64.518083, -17.064504 ], [ -64.519233, -17.064725 ], [ -64.520499, -17.064572 ], [ -64.521728, -17.064311 ], [ -64.523253, -17.06387 ], [ -64.524779, -17.063571 ], [ -64.526122, -17.063669 ], [ -64.527693, -17.064231 ], [ -64.52908, -17.065081 ], [ -64.53002, -17.066078 ], [ -64.530552, -17.067329 ], [ -64.531235, -17.068831 ], [ -64.532179, -17.070258 ], [ -64.533569, -17.071467 ], [ -64.535405, -17.072565 ], [ -64.537158, -17.072944 ], [ -64.538688, -17.073076 ], [ -64.539994, -17.073174 ], [ -64.541152, -17.073524 ], [ -64.542499, -17.074016 ], [ -64.543624, -17.074796 ], [ -64.544751, -17.075864 ], [ -64.545693, -17.07704 ], [ -64.546525, -17.078432 ], [ -64.547172, -17.080041 ], [ -64.547632, -17.081544 ], [ -64.547868, -17.083056 ], [ -64.548477, -17.084486 ], [ -64.54912, -17.085557 ], [ -64.549578, -17.08688 ], [ -64.549475, -17.087957 ], [ -64.548997, -17.088785 ], [ -64.548218, -17.089329 ], [ -64.547101, -17.089517 ], [ -64.545796, -17.089455 ], [ -64.544228, -17.089288 ], [ -64.542659, -17.089013 ], [ -64.541203, -17.088737 ], [ -64.539897, -17.088711 ], [ -64.538104, -17.089033 ], [ -64.53664, -17.089402 ], [ -64.535351, -17.089819 ], [ -64.53389, -17.090523 ], [ -64.532431, -17.091514 ], [ -64.531021, -17.092362 ], [ -64.529239, -17.093332 ], [ -64.527678, -17.093989 ], [ -64.526314, -17.094358 ], [ -64.524976, -17.094942 ], [ -64.523838, -17.09562 ], [ -64.523024, -17.096439 ], [ -64.521815, -17.097548 ], [ -64.520579, -17.09849 ], [ -64.519736, -17.098807 ], [ -64.518966, -17.09886 ], [ -64.518002, -17.09879 ], [ -64.517253, -17.098377 ], [ -64.516157, -17.097399 ], [ -64.515185, -17.09633 ], [ -64.513994, -17.095084 ], [ -64.512709, -17.093749 ], [ -64.511831, -17.092769 ], [ -64.510735, -17.091731 ], [ -64.509486, -17.090933 ], [ -64.507988, -17.090197 ], [ -64.506616, -17.08967 ], [ -64.505433, -17.089409 ], [ -64.504253, -17.089448 ], [ -64.503104, -17.089576 ], [ -64.501864, -17.090004 ], [ -64.500595, -17.090641 ], [ -64.499669, -17.091395 ], [ -64.49912, -17.092684 ], [ -64.498882, -17.094091 ], [ -64.498834, -17.095765 ], [ -64.498845, -17.097139 ], [ -64.498997, -17.098469 ], [ -64.49899, -17.099484 ], [ -64.498774, -17.100479 ], [ -64.498543, -17.10136 ], [ -64.498072, -17.102205 ], [ -64.497482, -17.103032 ], [ -64.496851, -17.103726 ], [ -64.496336, -17.10394 ], [ -64.495522, -17.104214 ], [ -64.494731, -17.104747 ], [ -64.49386, -17.105308 ], [ -64.49285, -17.105832 ], [ -64.491681, -17.106434 ], [ -64.490016, -17.107173 ], [ -64.489207, -17.107925 ], [ -64.488199, -17.108774 ], [ -64.487328, -17.109316 ], [ -64.486543, -17.109828 ], [ -64.485553, -17.110462 ], [ -64.484471, -17.111218 ], [ -64.483761, -17.111761 ], [ -64.482926, -17.112335 ], [ -64.481783, -17.11315 ], [ -64.480732, -17.113875 ], [ -64.479651, -17.11481 ], [ -64.478665, -17.115833 ], [ -64.477986, -17.116495 ], [ -64.47734, -17.117397 ], [ -64.476881, -17.118267 ], [ -64.476623, -17.119421 ], [ -64.47665, -17.12045 ], [ -64.476811, -17.121196 ], [ -64.47719, -17.121941 ], [ -64.477879, -17.122623 ], [ -64.478784, -17.123095 ], [ -64.47997, -17.123654 ], [ -64.481185, -17.124064 ], [ -64.482306, -17.124354 ], [ -64.483553, -17.124763 ], [ -64.484799, -17.125143 ], [ -64.485984, -17.125642 ], [ -64.487171, -17.126351 ], [ -64.488015, -17.126972 ], [ -64.488925, -17.127982 ], [ -64.489369, -17.129054 ], [ -64.489565, -17.130338 ], [ -64.489388, -17.131445 ], [ -64.489024, -17.132584 ], [ -64.488535, -17.133633 ], [ -64.487921, -17.134684 ], [ -64.48718, -17.135317 ], [ -64.485879, -17.135805 ], [ -64.484266, -17.136295 ], [ -64.48281, -17.136873 ], [ -64.481697, -17.137659 ], [ -64.48083, -17.138084 ], [ -64.4799, -17.138389 ], [ -64.47903, -17.138425 ], [ -64.477879, -17.138314 ], [ -64.476788, -17.138023 ], [ -64.47545, -17.137764 ], [ -64.474351, -17.137284 ], [ -64.47357, -17.136677 ], [ -64.472809, -17.135956 ], [ -64.471968, -17.135273 ], [ -64.471266, -17.134571 ], [ -64.470625, -17.134002 ], [ -64.469786, -17.133606 ], [ -64.468927, -17.133172 ], [ -64.46791, -17.132855 ], [ -64.466596, -17.132673 ], [ -64.465103, -17.132569 ], [ -64.46403, -17.132691 ], [ -64.463256, -17.132907 ], [ -64.462223, -17.133221 ], [ -64.461233, -17.133706 ], [ -64.460498, -17.134381 ], [ -64.45981, -17.135496 ], [ -64.459164, -17.136782 ], [ -64.458735, -17.13799 ], [ -64.45813, -17.139391 ], [ -64.457759, -17.140312 ], [ -64.457147, -17.140966 ], [ -64.455739, -17.141493 ], [ -64.454528, -17.141903 ], [ -64.453356, -17.142065 ], [ -64.452321, -17.142034 ], [ -64.450865, -17.141566 ], [ -64.449509, -17.141098 ], [ -64.448089, -17.140228 ], [ -64.447269, -17.139622 ], [ -64.446366, -17.13871 ], [ -64.44562, -17.137376 ], [ -64.445054, -17.136156 ], [ -64.444367, -17.134841 ], [ -64.443742, -17.133794 ], [ -64.442738, -17.132519 ], [ -64.441576, -17.131571 ], [ -64.440497, -17.130871 ], [ -64.439259, -17.130287 ], [ -64.437963, -17.129914 ], [ -64.436609, -17.129789 ], [ -64.435297, -17.129875 ], [ -64.434166, -17.130304 ], [ -64.433017, -17.130924 ], [ -64.431751, -17.131832 ], [ -64.431378, -17.132485 ], [ -64.430911, -17.133847 ], [ -64.430466, -17.135514 ], [ -64.430282, -17.137428 ], [ -64.430554, -17.139186 ], [ -64.431204, -17.140953 ], [ -64.431809, -17.142077 ], [ -64.432754, -17.143314 ], [ -64.433659, -17.144531 ], [ -64.434403, -17.145674 ], [ -64.435065, -17.147046 ], [ -64.435448, -17.148454 ], [ -64.435682, -17.149768 ], [ -64.435767, -17.151082 ], [ -64.435726, -17.152206 ], [ -64.435611, -17.153379 ], [ -64.435496, -17.154599 ], [ -64.435182, -17.155797 ], [ -64.434598, -17.156865 ], [ -64.432675, -17.158578 ], [ -64.431865, -17.159021 ], [ -64.431204, -17.159377 ], [ -64.430467, -17.15964 ], [ -64.429885, -17.1598 ], [ -64.429244, -17.159822 ], [ -64.428869, -17.15977 ], [ -64.428247, -17.159655 ], [ -64.427468, -17.159481 ], [ -64.42675, -17.159068 ], [ -64.426186, -17.158504 ], [ -64.425714, -17.15773 ], [ -64.425303, -17.156837 ], [ -64.425046, -17.155822 ], [ -64.424851, -17.154718 ], [ -64.424655, -17.153404 ], [ -64.424675, -17.151999 ], [ -64.42476, -17.150863 ], [ -64.425028, -17.149367 ], [ -64.425326, -17.147721 ], [ -64.425435, -17.146252 ], [ -64.425381, -17.145133 ], [ -64.425238, -17.143929 ], [ -64.424917, -17.142999 ], [ -64.424644, -17.142384 ], [ -64.424191, -17.141713 ], [ -64.423514, -17.140957 ], [ -64.42281, -17.14056 ], [ -64.422196, -17.140335 ], [ -64.421285, -17.140227 ], [ -64.420552, -17.140304 ], [ -64.419926, -17.14048 ], [ -64.419287, -17.140815 ], [ -64.418561, -17.141437 ], [ -64.41797, -17.142302 ], [ -64.417365, -17.143066 ], [ -64.41679, -17.144046 ], [ -64.416187, -17.145272 ], [ -64.41566, -17.14651 ], [ -64.415428, -17.147387 ], [ -64.415166, -17.14835 ], [ -64.414829, -17.149084 ], [ -64.414459, -17.149545 ], [ -64.413911, -17.150137 ], [ -64.413244, -17.150716 ], [ -64.41259, -17.151079 ], [ -64.411995, -17.15127 ], [ -64.411235, -17.151347 ], [ -64.410279, -17.151325 ], [ -64.409637, -17.151128 ], [ -64.409087, -17.15075 ], [ -64.408287, -17.150181 ], [ -64.407561, -17.149469 ], [ -64.406958, -17.148636 ], [ -64.406005, -17.147615 ], [ -64.405276, -17.146664 ], [ -64.404747, -17.145735 ], [ -64.404416, -17.144661 ], [ -64.404301, -17.143709 ], [ -64.404345, -17.143004 ], [ -64.40419, -17.142228 ], [ -64.403848, -17.141333 ], [ -64.403369, -17.14056 ], [ -64.402656, -17.139943 ], [ -64.402156, -17.139576 ], [ -64.401596, -17.139263 ], [ -64.400857, -17.138828 ], [ -64.40006, -17.138623 ], [ -64.398886, -17.138612 ], [ -64.397893, -17.138849 ], [ -64.396981, -17.139238 ], [ -64.396108, -17.139645 ], [ -64.395197, -17.140187 ], [ -64.394308, -17.140997 ], [ -64.393399, -17.141864 ], [ -64.392886, -17.142422 ], [ -64.391996, -17.143193 ], [ -64.391524, -17.143885 ], [ -64.391093, -17.144807 ], [ -64.390802, -17.145727 ], [ -64.390548, -17.146455 ], [ -64.390555, -17.147335 ], [ -64.390859, -17.148079 ], [ -64.391501, -17.148763 ], [ -64.392281, -17.14937 ], [ -64.393099, -17.149613 ], [ -64.394053, -17.149473 ], [ -64.395007, -17.14937 ], [ -64.395982, -17.149325 ], [ -64.396976, -17.14928 ], [ -64.398129, -17.1491 ], [ -64.399521, -17.149052 ], [ -64.400736, -17.149235 ], [ -64.401709, -17.149424 ], [ -64.402866, -17.149913 ], [ -64.403924, -17.150288 ], [ -64.40494, -17.150587 ], [ -64.405997, -17.150867 ], [ -64.406916, -17.1513 ], [ -64.407956, -17.152077 ], [ -64.408678, -17.152818 ], [ -64.409302, -17.153789 ], [ -64.409827, -17.154838 ], [ -64.410154, -17.155907 ], [ -64.410341, -17.157034 ], [ -64.410331, -17.158247 ], [ -64.410217, -17.159032 ], [ -64.409906, -17.159991 ], [ -64.409355, -17.160855 ], [ -64.408823, -17.161528 ], [ -64.408111, -17.16205 ], [ -64.40712, -17.162573 ], [ -64.406049, -17.163078 ], [ -64.405175, -17.163275 ], [ -64.404618, -17.163241 ], [ -64.404159, -17.163072 ], [ -64.403599, -17.162751 ], [ -64.403118, -17.162257 ], [ -64.402298, -17.16165 ], [ -64.401377, -17.16093 ], [ -64.400536, -17.160151 ], [ -64.399772, -17.159219 ], [ -64.39907, -17.158421 ], [ -64.398366, -17.15745 ], [ -64.397941, -17.156439 ], [ -64.397358, -17.155602 ], [ -64.396656, -17.15488 ], [ -64.395815, -17.154159 ], [ -64.394836, -17.153706 ], [ -64.393859, -17.153426 ], [ -64.392824, -17.153357 ], [ -64.39181, -17.153459 ], [ -64.390838, -17.153753 ], [ -64.390005, -17.154141 ], [ -64.389232, -17.154625 ], [ -64.388323, -17.155396 ], [ -64.387534, -17.15632 ], [ -64.386946, -17.157529 ], [ -64.386557, -17.158775 ], [ -64.386328, -17.160058 ], [ -64.386178, -17.16128 ], [ -64.386123, -17.161949 ], [ -64.386268, -17.162694 ], [ -64.386433, -17.163535 ], [ -64.38654, -17.164491 ], [ -64.386823, -17.165063 ], [ -64.387245, -17.165614 ], [ -64.387805, -17.165993 ], [ -64.388702, -17.166236 ], [ -64.38952, -17.166536 ], [ -64.390297, -17.166626 ], [ -64.390853, -17.166489 ], [ -64.391429, -17.16637 ], [ -64.392205, -17.166422 ], [ -64.393161, -17.166492 ], [ -64.394196, -17.166561 ], [ -64.395253, -17.166879 ], [ -64.396171, -17.167217 ], [ -64.39721, -17.167784 ], [ -64.39813, -17.168351 ], [ -64.398892, -17.169207 ], [ -64.399556, -17.170216 ], [ -64.399963, -17.171342 ], [ -64.40003, -17.172374 ], [ -64.399906, -17.173341 ], [ -64.399659, -17.174261 ], [ -64.39919, -17.17534 ], [ -64.3986, -17.176291 ], [ -64.398022, -17.176783 ], [ -64.397531, -17.177016 ], [ -64.396735, -17.177045 ], [ -64.39579, -17.177076 ], [ -64.394928, -17.176937 ], [ -64.39362, -17.176302 ], [ -64.392471, -17.17564 ], [ -64.391158, -17.174956 ], [ -64.389636, -17.174345 ], [ -64.388042, -17.174069 ], [ -64.38655, -17.174175 ], [ -64.385333, -17.174422 ], [ -64.384566, -17.174906 ], [ -64.38385, -17.175628 ], [ -64.383148, -17.176589 ], [ -64.382408, -17.177491 ], [ -64.381521, -17.178537 ], [ -64.381044, -17.179616 ], [ -64.380458, -17.181091 ], [ -64.3797, -17.182312 ], [ -64.378973, -17.183464 ], [ -64.378682, -17.184518 ], [ -64.378352, -17.185687 ], [ -64.377844, -17.186953 ], [ -64.377177, -17.188182 ], [ -64.376209, -17.189184 ], [ -64.375574, -17.189417 ], [ -64.3747, -17.189634 ], [ -64.374123, -17.189695 ], [ -64.373306, -17.189548 ], [ -64.372639, -17.189308 ], [ -64.371708, -17.188583 ], [ -64.370776, -17.187671 ], [ -64.369739, -17.186688 ], [ -64.368763, -17.185834 ], [ -64.367906, -17.185036 ], [ -64.367097, -17.184569 ], [ -64.365643, -17.184191 ], [ -64.364537, -17.183969 ], [ -64.363417, -17.183847 ], [ -64.362312, -17.183855 ], [ -64.361299, -17.18402 ], [ -64.3603, -17.18417 ], [ -64.350763, -17.196778 ], [ -64.350059, -17.196988 ], [ -64.348524, -17.197318 ], [ -64.347026, -17.197249 ], [ -64.345477, -17.196891 ], [ -64.343962, -17.196284 ], [ -64.343304, -17.196073 ], [ -64.342646, -17.195891 ], [ -64.342136, -17.195579 ], [ -64.341582, -17.195367 ], [ -64.340911, -17.195371 ], [ -64.34027, -17.195519 ], [ -64.339734, -17.195752 ], [ -64.339199, -17.196043 ], [ -64.338605, -17.19652 ], [ -64.33819, -17.196896 ], [ -64.337835, -17.197343 ], [ -64.337346, -17.197777 ], [ -64.3369, -17.198009 ], [ -64.336363, -17.198156 ], [ -64.335828, -17.198504 ], [ -64.335156, -17.199173 ], [ -64.334942, -17.199729 ], [ -64.334745, -17.200094 ], [ -64.334468, -17.200326 ], [ -64.334011, -17.200443 ], [ -64.333593, -17.200427 ], [ -64.333056, -17.200488 ], [ -64.33256, -17.200663 ], [ -64.332284, -17.200971 ], [ -64.332267, -17.201373 ], [ -64.332529, -17.201945 ], [ -64.332791, -17.202364 ], [ -64.333173, -17.202936 ], [ -64.333416, -17.203451 ], [ -64.333679, -17.204099 ], [ -64.333962, -17.204671 ], [ -64.334244, -17.205167 ], [ -64.334724, -17.205527 ], [ -64.335345, -17.206039 ], [ -64.335857, -17.206448 ], [ -64.33614, -17.206985 ], [ -64.336176, -17.207582 ], [ -64.336066, -17.208238 ], [ -64.335791, -17.208957 ], [ -64.335174, -17.209619 ], [ -64.334555, -17.210131 ], [ -64.334063, -17.210941 ], [ -64.333542, -17.211961 ], [ -64.333176, -17.21295 ], [ -64.332937, -17.214296 ], [ -64.333008, -17.215539 ], [ -64.333175, -17.217092 ], [ -64.33362, -17.218554 ], [ -64.334565, -17.220162 ], [ -64.335382, -17.221382 ], [ -64.336044, -17.222603 ], [ -64.336707, -17.224003 ], [ -64.337186, -17.22565 ], [ -64.337104, -17.227175 ], [ -64.336927, -17.22864 ], [ -64.336658, -17.230047 ], [ -64.336048, -17.231785 ], [ -64.335339, -17.232656 ], [ -64.333914, -17.233443 ], [ -64.332519, -17.23411 ], [ -64.331154, -17.234537 ], [ -64.329538, -17.234847 ], [ -64.328265, -17.235064 ], [ -64.32696, -17.235342 ], [ -64.325811, -17.235589 ], [ -64.324819, -17.235984 ], [ -64.323332, -17.236771 ], [ -64.321909, -17.237886 ], [ -64.321262, -17.238727 ], [ -64.320927, -17.239865 ], [ -64.321153, -17.240999 ], [ -64.321722, -17.242281 ], [ -64.322382, -17.243143 ], [ -64.323068, -17.243467 ], [ -64.324109, -17.243744 ], [ -64.325158, -17.244311 ], [ -64.326356, -17.244769 ], [ -64.327886, -17.244795 ], [ -64.329041, -17.244429 ], [ -64.330269, -17.243883 ], [ -64.331833, -17.243334 ], [ -64.333474, -17.24318 ], [ -64.334556, -17.243173 ], [ -64.335679, -17.24356 ], [ -64.336615, -17.244056 ], [ -64.337704, -17.244909 ], [ -64.338684, -17.246194 ], [ -64.339182, -17.247984 ], [ -64.339568, -17.249811 ], [ -64.339734, -17.252033 ], [ -64.339938, -17.254543 ], [ -64.339989, -17.256371 ], [ -64.34013, -17.258709 ], [ -64.340265, -17.260119 ], [ -64.340376, -17.261672 ], [ -64.340334, -17.26282 ], [ -64.340166, -17.263611 ], [ -64.339722, -17.264211 ], [ -64.339203, -17.264645 ], [ -64.338284, -17.264914 ], [ -64.337413, -17.264944 ], [ -64.336315, -17.264545 ], [ -64.335092, -17.264003 ], [ -64.334042, -17.263412 ], [ -64.332618, -17.262633 ], [ -64.331594, -17.262113 ], [ -64.330722, -17.261928 ], [ -64.329776, -17.261982 ], [ -64.328334, -17.262183 ], [ -64.32652, -17.262434 ], [ -64.32493, -17.262946 ], [ -64.323838, -17.263288 ], [ -64.322647, -17.263727 ], [ -64.321552, -17.263806 ], [ -64.320407, -17.263765 ], [ -64.319287, -17.263773 ], [ -64.317969, -17.263949 ], [ -64.316503, -17.264245 ], [ -64.315362, -17.264707 ], [ -64.314594, -17.265262 ], [ -64.313903, -17.266056 ], [ -64.313227, -17.266993 ], [ -64.312581, -17.268014 ], [ -64.312184, -17.269122 ], [ -64.312162, -17.270377 ], [ -64.312047, -17.271693 ], [ -64.311869, -17.27292 ], [ -64.311658, -17.273938 ], [ -64.311104, -17.274688 ], [ -64.310549, -17.27538 ], [ -64.3099, -17.275982 ], [ -64.309187, -17.276375 ], [ -64.308317, -17.27653 ], [ -64.307449, -17.276954 ], [ -64.306022, -17.277561 ], [ -64.304469, -17.2779 ], [ -64.303474, -17.277996 ], [ -64.302663, -17.277762 ], [ -64.301945, -17.277289 ], [ -64.301322, -17.276312 ], [ -64.301096, -17.275238 ], [ -64.301058, -17.274162 ], [ -64.301362, -17.273233 ], [ -64.301915, -17.272124 ], [ -64.3025, -17.271343 ], [ -64.303492, -17.270828 ], [ -64.304671, -17.270372 ], [ -64.305817, -17.269678 ], [ -64.307056, -17.268892 ], [ -64.30805, -17.267974 ], [ -64.309133, -17.2671 ], [ -64.310586, -17.265746 ], [ -64.311449, -17.264724 ], [ -64.312003, -17.263794 ], [ -64.31215, -17.262567 ], [ -64.31201, -17.261289 ], [ -64.311579, -17.26024 ], [ -64.3109, -17.25924 ], [ -64.310173, -17.258455 ], [ -64.309298, -17.257911 ], [ -64.308325, -17.257511 ], [ -64.307303, -17.257255 ], [ -64.306457, -17.257236 ], [ -64.305636, -17.257385 ], [ -64.304619, -17.257774 ], [ -64.303901, -17.258281 ], [ -64.302835, -17.25891 ], [ -64.302018, -17.259537 ], [ -64.301054, -17.26038 ], [ -64.300138, -17.261175 ], [ -64.298751, -17.262068 ], [ -64.297311, -17.262604 ], [ -64.295674, -17.263332 ], [ -64.294482, -17.263698 ], [ -64.293586, -17.26368 ], [ -64.291969, -17.263738 ], [ -64.290726, -17.263913 ], [ -64.288769, -17.264164 ], [ -64.286894, -17.263914 ], [ -64.285939, -17.264006 ], [ -64.285034, -17.264215 ], [ -64.28382, -17.264735 ], [ -64.283065, -17.265543 ], [ -64.282586, -17.266423 ], [ -64.28227, -17.267429 ], [ -64.282176, -17.268474 ], [ -64.282836, -17.270607 ], [ -64.283649, -17.272242 ], [ -64.284537, -17.274024 ], [ -64.284842, -17.274824 ], [ -64.28491, -17.27575 ], [ -64.284742, -17.277635 ], [ -64.284691, -17.279637 ], [ -64.284418, -17.281004 ], [ -64.283337, -17.282742 ], [ -64.282361, -17.283635 ], [ -64.28127, -17.284353 ], [ -64.280002, -17.284712 ], [ -64.27959, -17.284829 ], [ -64.277629, -17.284611 ], [ -64.276491, -17.284028 ], [ -64.2725, -17.284918 ], [ -64.26766, -17.285297 ], [ -64.26191, -17.285159 ], [ -64.259964, -17.285172 ], [ -64.258405, -17.285105 ], [ -64.256702, -17.284757 ], [ -64.254975, -17.283724 ], [ -64.253653, -17.282254 ], [ -64.252736, -17.28052 ], [ -64.25175, -17.275528 ], [ -64.250815, -17.273452 ], [ -64.249001, -17.271291 ], [ -64.24801, -17.270272 ], [ -64.247327, -17.26995 ], [ -64.246407, -17.270019 ], [ -64.242968, -17.271529 ], [ -64.241211, -17.272013 ], [ -64.239025, -17.271418 ], [ -64.237608, -17.270006 ], [ -64.236904, -17.267136 ], [ -64.235803, -17.264488 ], [ -64.234603, -17.263351 ], [ -64.23286, -17.263122 ], [ -64.231511, -17.263483 ], [ -64.230255, -17.264117 ], [ -64.229094, -17.265727 ], [ -64.228398, -17.267032 ], [ -64.228788, -17.268695 ], [ -64.229266, -17.269638 ], [ -64.229771, -17.271226 ], [ -64.229555, -17.272749 ], [ -64.228888, -17.274623 ], [ -64.228125, -17.275541 ], [ -64.226951, -17.27594 ], [ -64.225771, -17.275512 ], [ -64.22445, -17.274302 ], [ -64.223084, -17.27305 ], [ -64.221268, -17.272148 ], [ -64.219772, -17.271852 ], [ -64.218143, -17.271819 ], [ -64.217195, -17.272216 ], [ -64.216158, -17.272874 ], [ -64.215619, -17.273443 ], [ -64.215248, -17.273984 ], [ -64.215174, -17.274707 ], [ -64.215637, -17.276269 ], [ -64.217053, -17.278174 ], [ -64.21793, -17.280822 ], [ -64.218028, -17.281908 ], [ -64.217854, -17.282953 ], [ -64.217271, -17.283826 ], [ -64.216415, -17.284397 ], [ -64.21542, -17.284533 ], [ -64.213968, -17.28402 ], [ -64.21215, -17.282857 ], [ -64.210697, -17.282213 ], [ -64.208884, -17.281833 ], [ -64.207164, -17.2818 ], [ -64.205672, -17.282026 ], [ -64.202013, -17.283266 ], [ -64.198492, -17.284765 ], [ -64.196508, -17.285908 ], [ -64.19539, -17.287027 ], [ -64.195299, -17.287915 ], [ -64.195711, -17.288696 ], [ -64.196963, -17.289525 ], [ -64.199344, -17.290457 ], [ -64.201117, -17.291577 ], [ -64.20212, -17.292702 ], [ -64.202671, -17.293872 ], [ -64.202724, -17.295046 ], [ -64.202461, -17.296396 ], [ -64.201653, -17.297488 ], [ -64.200754, -17.29845 ], [ -64.199041, -17.299547 ], [ -64.198412, -17.300334 ], [ -64.197697, -17.301817 ], [ -64.19666, -17.302475 ], [ -64.195443, -17.303222 ], [ -64.194908, -17.304442 ], [ -64.195233, -17.305745 ], [ -64.195691, -17.306525 ], [ -64.197053, -17.307169 ], [ -64.198324, -17.307727 ], [ -64.199685, -17.308197 ], [ -64.200824, -17.309277 ], [ -64.202141, -17.309878 ], [ -64.203455, -17.310044 ], [ -64.204631, -17.309863 ], [ -64.205306, -17.309294 ], [ -64.205977, -17.308029 ], [ -64.206209, -17.306485 ], [ -64.206452, -17.304504 ], [ -64.207304, -17.303281 ], [ -64.208205, -17.302623 ], [ -64.209336, -17.302443 ], [ -64.210107, -17.302786 ], [ -64.210975, -17.303955 ], [ -64.211307, -17.304771 ], [ -64.210403, -17.30808 ], [ -64.208517, -17.310323 ], [ -64.20459, -17.312781 ], [ -64.202078, -17.315339 ], [ -64.200036, -17.31619 ], [ -64.196659, -17.316616 ], [ -64.194709, -17.31724 ], [ -64.192866, -17.318673 ], [ -64.192612, -17.319946 ], [ -64.192887, -17.321837 ], [ -64.193609, -17.323452 ], [ -64.194032, -17.32445 ], [ -64.194164, -17.327539 ], [ -64.193807, -17.329172 ], [ -64.193232, -17.330253 ], [ -64.191137, -17.331342 ], [ -64.189817, -17.3331 ], [ -64.189548, -17.334852 ], [ -64.188284, -17.337679 ], [ -64.188366, -17.338819 ], [ -64.188673, -17.339755 ], [ -64.189208, -17.340467 ], [ -64.190762, -17.34127 ], [ -64.192878, -17.341798 ], [ -64.194924, -17.342327 ], [ -64.19669, -17.343128 ], [ -64.199231, -17.344127 ], [ -64.200996, -17.344726 ], [ -64.201956, -17.346657 ], [ -64.202875, -17.348057 ], [ -64.203518, -17.349107 ], [ -64.204576, -17.350177 ], [ -64.206692, -17.352251 ], [ -64.207548, -17.354467 ], [ -64.209007, -17.355359 ], [ -64.210518, -17.355643 ], [ -64.211666, -17.357351 ], [ -64.212006, -17.359479 ], [ -64.211975, -17.36102 ], [ -64.212521, -17.362795 ], [ -64.213679, -17.363657 ], [ -64.215208, -17.364596 ], [ -64.215982, -17.365327 ], [ -64.216708, -17.36657 ], [ -64.217093, -17.367816 ], [ -64.217206, -17.369424 ], [ -64.217204, -17.3695 ], [ -64.217151, -17.371492 ], [ -64.217561, -17.37201 ], [ -64.219083, -17.371882 ], [ -64.21995, -17.37243 ], [ -64.220575, -17.373493 ], [ -64.221037, -17.374953 ], [ -64.221827, -17.376252 ], [ -64.222699, -17.377313 ], [ -64.223858, -17.378412 ], [ -64.225672, -17.378955 ], [ -64.226622, -17.379423 ], [ -64.227245, -17.380249 ], [ -64.228168, -17.38297 ], [ -64.228549, -17.384587 ], [ -64.228074, -17.387277 ], [ -64.228455, -17.389013 ], [ -64.228966, -17.389623 ], [ -64.229018, -17.389624 ], [ -64.230204, -17.390231 ], [ -64.230255, -17.390231 ], [ -64.231641, -17.391586 ], [ -64.232402, -17.393283 ], [ -64.23506, -17.394724 ], [ -64.236906, -17.395977 ], [ -64.238383, -17.396887 ], [ -64.238639, -17.397072 ], [ -64.240685, -17.398548 ], [ -64.243089, -17.400043 ], [ -64.246585, -17.401269 ], [ -64.248983, -17.401943 ], [ -64.251855, -17.402447 ], [ -64.253386, -17.403214 ], [ -64.25398, -17.403569 ], [ -64.25442, -17.404134 ], [ -64.254332, -17.404912 ], [ -64.253871, -17.405812 ], [ -64.253067, -17.406684 ], [ -64.252049, -17.408005 ], [ -64.251123, -17.409236 ], [ -64.250507, -17.410167 ], [ -64.250227, -17.410692 ], [ -64.249774, -17.411082 ], [ -64.24957, -17.411312 ], [ -64.249598, -17.411679 ], [ -64.249696, -17.412162 ], [ -64.249976, -17.412638 ], [ -64.250647, -17.41285 ], [ -64.251319, -17.412774 ], [ -64.252116, -17.412769 ], [ -64.252739, -17.412813 ], [ -64.253314, -17.413096 ], [ -64.253642, -17.413716 ], [ -64.253896, -17.41436 ], [ -64.254075, -17.415124 ], [ -64.254129, -17.415769 ], [ -64.254308, -17.416414 ], [ -64.25466, -17.416842 ], [ -64.255234, -17.417077 ], [ -64.255981, -17.417073 ], [ -64.256504, -17.416974 ], [ -64.257182, -17.416898 ], [ -64.25765, -17.417014 ], [ -64.257964, -17.417371 ], [ -64.258216, -17.417818 ], [ -64.258283, -17.418565 ], [ -64.258225, -17.419222 ], [ -64.257732, -17.419943 ], [ -64.257051, -17.420515 ], [ -64.2564, -17.420938 ], [ -64.255469, -17.421392 ], [ -64.255224, -17.421902 ], [ -64.255136, -17.422799 ], [ -64.254616, -17.424087 ], [ -64.253905, -17.425459 ], [ -64.255253, -17.426273 ], [ -64.256343, -17.426326 ], [ -64.257336, -17.425872 ], [ -64.258359, -17.425178 ], [ -64.259226, -17.424425 ], [ -64.259938, -17.423883 ], [ -64.260746, -17.423608 ], [ -64.262052, -17.423421 ], [ -64.263359, -17.423353 ], [ -64.264855, -17.423433 ], [ -64.267232, -17.423723 ], [ -64.269253, -17.424284 ], [ -64.271307, -17.424199 ], [ -64.273399, -17.424042 ], [ -64.275156, -17.424174 ], [ -64.277062, -17.424377 ], [ -64.279605, -17.424684 ], [ -64.281142, -17.425427 ], [ -64.282691, -17.427777 ], [ -64.284597, -17.429678 ], [ -64.287344, -17.430712 ], [ -64.289742, -17.431701 ], [ -64.291895, -17.433169 ], [ -64.293551, -17.43488 ], [ -64.295102, -17.435826 ], [ -64.296752, -17.436676 ], [ -64.298948, -17.437188 ], [ -64.300892, -17.437319 ], [ -64.302486, -17.437309 ], [ -64.304377, -17.436961 ], [ -64.306863, -17.436276 ], [ -64.309144, -17.434778 ], [ -64.311967, -17.432416 ], [ -64.315513, -17.429571 ], [ -64.317541, -17.427454 ], [ -64.318774, -17.42582 ], [ -64.320359, -17.424566 ], [ -64.321997, -17.423742 ], [ -64.323886, -17.423204 ], [ -64.326573, -17.42266 ], [ -64.329607, -17.422113 ], [ -64.331648, -17.421908 ], [ -64.333745, -17.422564 ], [ -64.3352, -17.423989 ], [ -64.336407, -17.425511 ], [ -64.337264, -17.426892 ], [ -64.338566, -17.42784 ], [ -64.340263, -17.428259 ], [ -64.341905, -17.428009 ], [ -64.344091, -17.427181 ], [ -64.345779, -17.426404 ], [ -64.347519, -17.425962 ], [ -64.349213, -17.425951 ], [ -64.350412, -17.426421 ], [ -64.351314, -17.42718 ], [ -64.352464, -17.42765 ], [ -64.353069, -17.42865 ], [ -64.353279, -17.430131 ], [ -64.353442, -17.431948 ], [ -64.353623, -17.432915 ], [ -64.35363, -17.433811 ], [ -64.354012, -17.434956 ], [ -64.354468, -17.436065 ], [ -64.355, -17.437245 ], [ -64.355529, -17.437995 ], [ -64.355915, -17.438487 ], [ -64.356316, -17.438795 ], [ -64.356739, -17.438816 ], [ -64.357087, -17.438646 ], [ -64.357383, -17.438238 ], [ -64.357551, -17.437448 ], [ -64.357571, -17.436754 ], [ -64.35779, -17.436059 ], [ -64.357909, -17.435317 ], [ -64.35803, -17.434862 ], [ -64.358226, -17.434335 ], [ -64.358548, -17.434165 ], [ -64.358922, -17.434163 ], [ -64.359198, -17.434496 ], [ -64.359401, -17.434996 ], [ -64.359456, -17.435618 ], [ -64.359587, -17.436549 ], [ -64.359543, -17.437243 ], [ -64.359647, -17.437864 ], [ -64.359923, -17.438197 ], [ -64.360423, -17.438456 ], [ -64.361123, -17.438738 ], [ -64.361798, -17.439045 ], [ -64.362324, -17.439424 ], [ -64.362651, -17.439947 ], [ -64.36283, -17.440496 ], [ -64.362934, -17.441117 ], [ -64.362888, -17.441643 ], [ -64.362642, -17.442076 ], [ -64.362095, -17.442223 ], [ -64.361571, -17.442059 ], [ -64.361048, -17.442063 ], [ -64.360649, -17.44197 ], [ -64.360298, -17.441733 ], [ -64.359775, -17.441665 ], [ -64.359152, -17.441669 ], [ -64.35858, -17.441864 ], [ -64.358134, -17.442082 ], [ -64.357887, -17.442419 ], [ -64.357666, -17.442851 ], [ -64.357546, -17.443402 ], [ -64.357604, -17.443961 ], [ -64.357708, -17.444515 ], [ -64.357851, -17.444992 ], [ -64.358013, -17.445316 ], [ -64.358354, -17.445543 ], [ -64.358931, -17.445539 ], [ -64.359608, -17.445362 ], [ -64.360244, -17.445167 ], [ -64.36092, -17.444914 ], [ -64.361317, -17.4447 ], [ -64.361633, -17.444392 ], [ -64.362031, -17.444294 ], [ -64.36249, -17.444348 ], [ -64.36283, -17.444518 ], [ -64.36313, -17.444745 ], [ -64.36345, -17.444858 ], [ -64.363967, -17.444701 ], [ -64.364583, -17.444468 ], [ -64.365079, -17.444101 ], [ -64.365456, -17.443907 ], [ -64.365973, -17.443769 ], [ -64.366512, -17.443842 ], [ -64.366992, -17.444126 ], [ -64.367433, -17.444486 ], [ -64.367794, -17.444771 ], [ -64.368293, -17.444901 ], [ -64.368931, -17.444993 ], [ -64.369651, -17.445236 ], [ -64.37035, -17.445499 ], [ -64.371051, -17.445953 ], [ -64.371633, -17.446428 ], [ -64.371996, -17.447018 ], [ -64.3722, -17.447686 ], [ -64.372244, -17.448298 ], [ -64.37223, -17.449063 ], [ -64.372157, -17.449886 ], [ -64.372304, -17.450937 ], [ -64.372681, -17.45183 ], [ -64.372925, -17.45244 ], [ -64.373208, -17.452993 ], [ -64.373669, -17.453258 ], [ -64.374426, -17.453329 ], [ -64.375145, -17.453458 ], [ -64.375922, -17.45351 ], [ -64.376522, -17.453678 ], [ -64.377082, -17.454018 ], [ -64.377604, -17.454512 ], [ -64.377907, -17.455065 ], [ -64.378032, -17.455733 ], [ -64.378729, -17.45599 ], [ -64.379552, -17.456104 ], [ -64.380551, -17.456432 ], [ -64.38135, -17.45669 ], [ -64.381974, -17.456948 ], [ -64.382648, -17.457015 ], [ -64.383445, -17.45701 ], [ -64.38479, -17.457072 ], [ -64.385563, -17.457115 ], [ -64.386557, -17.456773 ], [ -64.387427, -17.456504 ], [ -64.387899, -17.456333 ], [ -64.388745, -17.456255 ], [ -64.389492, -17.456202 ], [ -64.390364, -17.456196 ], [ -64.391185, -17.456047 ], [ -64.39183, -17.455708 ], [ -64.392449, -17.455154 ], [ -64.392994, -17.454767 ], [ -64.393688, -17.454284 ], [ -64.394306, -17.453682 ], [ -64.395049, -17.453175 ], [ -64.395511, -17.452785 ], [ -64.39592, -17.452423 ], [ -64.396101, -17.452025 ], [ -64.396384, -17.451605 ], [ -64.396693, -17.451232 ], [ -64.397064, -17.450907 ], [ -64.397349, -17.450678 ], [ -64.39777, -17.450412 ], [ -64.398168, -17.450253 ], [ -64.398665, -17.450118 ], [ -64.399126, -17.450115 ], [ -64.3995, -17.45022 ], [ -64.399864, -17.450516 ], [ -64.400177, -17.450789 ], [ -64.400417, -17.451158 ], [ -64.400507, -17.451564 ], [ -64.400448, -17.451959 ], [ -64.400376, -17.452366 ], [ -64.400266, -17.452701 ], [ -64.400244, -17.453048 ], [ -64.400383, -17.45331 ], [ -64.400697, -17.453607 ], [ -64.401034, -17.45376 ], [ -64.401372, -17.453913 ], [ -64.401746, -17.454042 ], [ -64.402133, -17.454075 ], [ -64.402593, -17.453928 ], [ -64.403107, -17.453757 ], [ -64.403517, -17.453623 ], [ -64.403952, -17.453536 ], [ -64.404376, -17.453593 ], [ -64.404924, -17.453565 ], [ -64.40551, -17.453585 ], [ -64.405958, -17.453594 ], [ -64.406383, -17.453758 ], [ -64.406571, -17.45396 ], [ -64.406723, -17.454222 ], [ -64.406738, -17.45458 ], [ -64.406553, -17.454869 ], [ -64.406193, -17.455063 ], [ -64.405735, -17.45542 ], [ -64.405438, -17.455661 ], [ -64.404992, -17.455927 ], [ -64.404509, -17.456337 ], [ -64.404164, -17.456841 ], [ -64.403832, -17.45737 ], [ -64.403649, -17.457849 ], [ -64.403403, -17.458293 ], [ -64.403169, -17.458618 ], [ -64.402762, -17.459137 ], [ -64.402417, -17.459606 ], [ -64.402009, -17.460003 ], [ -64.401575, -17.460245 ], [ -64.401166, -17.460595 ], [ -64.400858, -17.460992 ], [ -64.400551, -17.461532 ], [ -64.400244, -17.46212 ], [ -64.399899, -17.4626 ], [ -64.39969, -17.462972 ], [ -64.399471, -17.463352 ], [ -64.399334, -17.463668 ], [ -64.399217, -17.464013 ], [ -64.399199, -17.46432 ], [ -64.399332, -17.464682 ], [ -64.399564, -17.465054 ], [ -64.399835, -17.465348 ], [ -64.400107, -17.465767 ], [ -64.40052, -17.466271 ], [ -64.400831, -17.466575 ], [ -64.401142, -17.46686 ], [ -64.401423, -17.467164 ], [ -64.401704, -17.467334 ], [ -64.402064, -17.467494 ], [ -64.402482, -17.467491 ], [ -64.403069, -17.467315 ], [ -64.403476, -17.467178 ], [ -64.403824, -17.467003 ], [ -64.404281, -17.466866 ], [ -64.40464, -17.466835 ], [ -64.405008, -17.466842 ], [ -64.405318, -17.466907 ], [ -64.405538, -17.467087 ], [ -64.40576, -17.467353 ], [ -64.405851, -17.46762 ], [ -64.405854, -17.467917 ], [ -64.405776, -17.468128 ], [ -64.405638, -17.468358 ], [ -64.40561, -17.468607 ], [ -64.405702, -17.468891 ], [ -64.405823, -17.46912 ], [ -64.405995, -17.469406 ], [ -64.406226, -17.469653 ], [ -64.406477, -17.469928 ], [ -64.406618, -17.470128 ], [ -64.40665, -17.470424 ], [ -64.406593, -17.470817 ], [ -64.406427, -17.471235 ], [ -64.40632, -17.471599 ], [ -64.406243, -17.471906 ], [ -64.406246, -17.472241 ], [ -64.406409, -17.472699 ], [ -64.406551, -17.473023 ], [ -64.406563, -17.473319 ], [ -64.406545, -17.473644 ], [ -64.406318, -17.473923 ], [ -64.405972, -17.474194 ], [ -64.405684, -17.474435 ], [ -64.405427, -17.474704 ], [ -64.4052, -17.474964 ], [ -64.404963, -17.475224 ], [ -64.404786, -17.475493 ], [ -64.404649, -17.475819 ], [ -64.404543, -17.47627 ], [ -64.404476, -17.476748 ], [ -64.40435, -17.477189 ], [ -64.404204, -17.477661 ], [ -64.403978, -17.477987 ], [ -64.403751, -17.478362 ], [ -64.403645, -17.478736 ], [ -64.403589, -17.479281 ], [ -64.403622, -17.479689 ], [ -64.403555, -17.480052 ], [ -64.403428, -17.480321 ], [ -64.4033, -17.480552 ], [ -64.403242, -17.48081 ], [ -64.403175, -17.481145 ], [ -64.403217, -17.481499 ], [ -64.403311, -17.482015 ], [ -64.403224, -17.482341 ], [ -64.403067, -17.482657 ], [ -64.402869, -17.482898 ], [ -64.402622, -17.483167 ], [ -64.402375, -17.483475 ], [ -64.402187, -17.483654 ], [ -64.40206, -17.483933 ], [ -64.401972, -17.484201 ], [ -64.401964, -17.484478 ], [ -64.402007, -17.484803 ], [ -64.40204, -17.485214 ], [ -64.402073, -17.485664 ], [ -64.402057, -17.486132 ], [ -64.40193, -17.486506 ], [ -64.401753, -17.486861 ], [ -64.401407, -17.487166 ], [ -64.40116, -17.487493 ], [ -64.401013, -17.48781 ], [ -64.401006, -17.488192 ], [ -64.40112, -17.488717 ], [ -64.401233, -17.489176 ], [ -64.401237, -17.489644 ], [ -64.40121, -17.490094 ], [ -64.401124, -17.490498 ], [ -64.401097, -17.490881 ], [ -64.40113, -17.49133 ], [ -64.401173, -17.49176 ], [ -64.401166, -17.492133 ], [ -64.401059, -17.492478 ], [ -64.400922, -17.492872 ], [ -64.400736, -17.493188 ], [ -64.400569, -17.493517 ], [ -64.400452, -17.493843 ], [ -64.400463, -17.494101 ], [ -64.400585, -17.49433 ], [ -64.400816, -17.494567 ], [ -64.401126, -17.494747 ], [ -64.401466, -17.494897 ], [ -64.401686, -17.494982 ], [ -64.401966, -17.495142 ], [ -64.402217, -17.495294 ], [ -64.402378, -17.495474 ], [ -64.402569, -17.495693 ], [ -64.40273, -17.495902 ], [ -64.402873, -17.496056 ], [ -64.403001, -17.496221 ], [ -64.403129, -17.496342 ], [ -64.403294, -17.496405 ], [ -64.403474, -17.49644 ], [ -64.403698, -17.496416 ], [ -64.403914, -17.496365 ], [ -64.404078, -17.496285 ], [ -64.404272, -17.49619 ], [ -64.404398, -17.496096 ], [ -64.404584, -17.496001 ], [ -64.404864, -17.495842 ], [ -64.405147, -17.495703 ], [ -64.4054, -17.495558 ], [ -64.405587, -17.495492 ], [ -64.405855, -17.495447 ], [ -64.406087, -17.495438 ], [ -64.406326, -17.495465 ], [ -64.406626, -17.495557 ], [ -64.406926, -17.495676 ], [ -64.407174, -17.49584 ], [ -64.407362, -17.495982 ], [ -64.407513, -17.496174 ], [ -64.407619, -17.496403 ], [ -64.407644, -17.496632 ], [ -64.407555, -17.496841 ], [ -64.407407, -17.497 ], [ -64.407319, -17.49716 ], [ -64.407245, -17.497328 ], [ -64.407228, -17.497459 ], [ -64.40726, -17.497597 ], [ -64.407354, -17.497709 ], [ -64.407479, -17.497768 ], [ -64.407616, -17.497767 ], [ -64.407784, -17.497712 ], [ -64.407908, -17.497622 ], [ -64.408044, -17.497507 ], [ -64.408124, -17.497369 ], [ -64.408192, -17.497249 ], [ -64.408328, -17.497171 ], [ -64.408458, -17.497122 ], [ -64.408651, -17.497103 ], [ -64.408864, -17.497155 ], [ -64.409027, -17.497315 ], [ -64.409134, -17.497524 ], [ -64.409198, -17.497738 ], [ -64.409231, -17.497911 ], [ -64.409282, -17.498096 ], [ -64.409321, -17.498281 ], [ -64.409322, -17.498479 ], [ -64.409305, -17.498712 ], [ -64.409276, -17.499005 ], [ -64.409216, -17.49926 ], [ -64.409168, -17.499517 ], [ -64.409114, -17.499769 ], [ -64.409091, -17.500008 ], [ -64.409111, -17.500205 ], [ -64.409182, -17.500432 ], [ -64.409301, -17.500628 ], [ -64.409433, -17.500783 ], [ -64.409566, -17.500985 ], [ -64.409654, -17.50117 ], [ -64.409744, -17.501436 ], [ -64.409827, -17.501668 ], [ -64.409897, -17.501865 ], [ -64.409886, -17.502086 ], [ -64.409844, -17.502338 ], [ -64.409765, -17.502571 ], [ -64.409748, -17.502769 ], [ -64.409768, -17.502966 ], [ -64.4099, -17.503096 ], [ -64.410128, -17.503182 ], [ -64.410359, -17.503216 ], [ -64.410627, -17.503256 ], [ -64.410852, -17.503314 ], [ -64.411065, -17.50339 ], [ -64.411246, -17.503557 ], [ -64.411373, -17.503801 ], [ -64.411481, -17.504039 ], [ -64.411513, -17.50423 ], [ -64.41154, -17.504511 ], [ -64.411511, -17.504714 ], [ -64.4114, -17.504871 ], [ -64.411258, -17.505021 ], [ -64.410998, -17.505248 ], [ -64.410807, -17.505572 ], [ -64.41056, -17.505854 ], [ -64.41035, -17.506107 ], [ -64.410209, -17.506365 ], [ -64.41013, -17.506605 ], [ -64.410047, -17.506872 ], [ -64.410012, -17.507081 ], [ -64.410026, -17.507314 ], [ -64.410108, -17.507511 ], [ -64.410247, -17.507695 ], [ -64.410435, -17.507867 ], [ -64.410598, -17.50795 ], [ -64.410791, -17.50802 ], [ -64.410991, -17.508037 ], [ -64.411116, -17.508084 ], [ -64.411248, -17.50828 ], [ -64.4113, -17.508525 ], [ -64.411314, -17.50877 ], [ -64.411204, -17.509082 ], [ -64.4111, -17.509292 ], [ -64.410939, -17.509449 ], [ -64.41076, -17.509636 ], [ -64.410463, -17.509895 ], [ -64.410203, -17.510094 ], [ -64.41003, -17.510292 ], [ -64.409933, -17.510574 ], [ -64.40978, -17.51094 ], [ -64.409726, -17.511202 ], [ -64.409727, -17.511399 ], [ -64.409754, -17.511596 ], [ -64.409867, -17.511811 ], [ -64.409999, -17.511965 ], [ -64.410188, -17.512125 ], [ -64.410332, -17.512256 ], [ -64.41047, -17.512404 ], [ -64.410552, -17.512541 ], [ -64.410616, -17.512726 ], [ -64.410642, -17.512923 ], [ -64.410619, -17.513114 ], [ -64.410514, -17.513288 ], [ -64.410391, -17.513486 ], [ -64.41025, -17.513758 ], [ -64.410115, -17.513974 ], [ -64.41001, -17.514142 ], [ -64.409912, -17.514358 ], [ -64.409833, -17.514574 ], [ -64.409722, -17.514813 ], [ -64.409668, -17.514999 ], [ -64.409638, -17.515209 ], [ -64.409621, -17.515424 ], [ -64.409641, -17.515633 ], [ -64.409674, -17.515806 ], [ -64.409726, -17.516076 ], [ -64.409796, -17.516243 ], [ -64.409896, -17.516374 ], [ -64.410028, -17.516456 ], [ -64.410184, -17.516557 ], [ -64.410353, -17.516645 ], [ -64.410584, -17.516703 ], [ -64.410728, -17.516702 ], [ -64.410902, -17.516695 ], [ -64.411045, -17.516694 ], [ -64.411226, -17.516753 ], [ -64.411333, -17.516847 ], [ -64.411403, -17.517032 ], [ -64.411467, -17.517247 ], [ -64.411506, -17.517438 ], [ -64.411552, -17.517737 ], [ -64.411553, -17.517952 ], [ -64.411561, -17.518191 ], [ -64.411601, -17.518464 ], [ -64.411633, -17.518649 ], [ -64.41171, -17.518834 ], [ -64.411804, -17.518971 ], [ -64.41193, -17.519078 ], [ -64.412098, -17.51913 ], [ -64.41226, -17.519171 ], [ -64.412516, -17.519223 ], [ -64.412766, -17.519239 ], [ -64.412934, -17.519238 ], [ -64.413096, -17.51929 ], [ -64.413246, -17.519289 ], [ -64.413451, -17.519294 ], [ -64.413644, -17.519263 ], [ -64.413827, -17.519261 ], [ -64.413965, -17.519308 ], [ -64.414159, -17.519408 ], [ -64.41434, -17.519527 ], [ -64.414534, -17.519633 ], [ -64.414709, -17.519715 ], [ -64.414903, -17.519756 ], [ -64.415078, -17.519832 ], [ -64.415241, -17.519969 ], [ -64.415335, -17.520087 ], [ -64.415424, -17.52026 ], [ -64.415469, -17.520415 ], [ -64.415508, -17.520606 ], [ -64.415559, -17.520755 ], [ -64.40569, -17.540231 ], [ -64.421273, -17.569579 ], [ -64.425618, -17.60714 ], [ -64.415646, -17.633328 ], [ -64.465987, -17.635219 ], [ -64.477298, -17.623839 ], [ -64.483922, -17.619908 ], [ -64.495177, -17.609246 ], [ -64.4975, -17.606992 ], [ -64.499989, -17.605996 ], [ -64.503358, -17.606008 ], [ -64.505305, -17.606602 ], [ -64.507374, -17.607612 ], [ -64.509795, -17.607936 ], [ -64.512084, -17.606803 ], [ -64.51266, -17.606941 ], [ -64.513716, -17.607492 ], [ -64.514868, -17.607836 ], [ -64.51542, -17.608135 ], [ -64.515756, -17.608618 ], [ -64.515513, -17.609146 ], [ -64.515636, -17.609722 ], [ -64.515924, -17.610274 ], [ -64.516068, -17.611377 ], [ -64.516284, -17.613608 ], [ -64.516572, -17.614114 ], [ -64.518204, -17.614849 ], [ -64.519836, -17.615048 ], [ -64.521803, -17.615007 ], [ -64.522955, -17.615282 ], [ -64.523498, -17.615093 ], [ -64.524749, -17.613941 ], [ -64.525738, -17.613096 ], [ -64.528022, -17.612894 ], [ -64.529937, -17.612954 ], [ -64.530561, -17.613046 ], [ -64.531274, -17.613021 ], [ -64.531674, -17.612841 ], [ -64.532659, -17.611987 ], [ -64.533152, -17.611802 ], [ -64.533636, -17.611884 ], [ -64.534304, -17.611709 ], [ -64.534711, -17.610582 ], [ -64.535056, -17.610065 ], [ -64.53527, -17.609873 ], [ -64.535455, -17.609707 ], [ -64.535503, -17.609553 ], [ -64.53579, -17.608626 ], [ -64.536932, -17.608211 ], [ -64.537577, -17.607181 ], [ -64.537997, -17.606854 ], [ -64.538573, -17.606807 ], [ -64.539156, -17.606946 ], [ -64.539626, -17.606223 ], [ -64.540291, -17.605154 ], [ -64.540678, -17.60401 ], [ -64.541283, -17.603654 ], [ -64.541995, -17.603658 ], [ -64.542435, -17.603745 ], [ -64.543128, -17.603721 ], [ -64.54397, -17.603031 ], [ -64.544589, -17.60291 ], [ -64.545767, -17.60275 ], [ -64.546105, -17.602316 ], [ -64.546105, -17.601764 ], [ -64.546681, -17.601764 ], [ -64.547356, -17.602053 ], [ -64.547809, -17.602108 ], [ -64.547904, -17.601556 ], [ -64.547448, -17.600498 ], [ -64.548, -17.600268 ], [ -64.548528, -17.600589 ], [ -64.548864, -17.601095 ], [ -64.549842, -17.600971 ], [ -64.550903, -17.600219 ], [ -64.551425, -17.600356 ], [ -64.552516, -17.600367 ], [ -64.553594, -17.599487 ], [ -64.554379, -17.598467 ], [ -64.554773, -17.598374 ], [ -64.555202, -17.598461 ], [ -64.556085, -17.598835 ], [ -64.556634, -17.598954 ], [ -64.557812, -17.598948 ], [ -64.560354, -17.599218 ], [ -64.561987, -17.599612 ], [ -64.562603, -17.59941 ], [ -64.562856, -17.599111 ], [ -64.563546, -17.598966 ], [ -64.564698, -17.599126 ], [ -64.566151, -17.59816 ], [ -64.566617, -17.598044 ], [ -64.567241, -17.598112 ], [ -64.568205, -17.598543 ], [ -64.56832, -17.598594 ], [ -64.568896, -17.598662 ], [ -64.569496, -17.5988 ], [ -64.570038, -17.599159 ], [ -64.570888, -17.599994 ], [ -64.571513, -17.600983 ], [ -64.571537, -17.601581 ], [ -64.571609, -17.602779 ], [ -64.571754, -17.603351 ], [ -64.571754, -17.603903 ], [ -64.571648, -17.604666 ], [ -64.571641, -17.605618 ], [ -64.571755, -17.606571 ], [ -64.571941, -17.606855 ], [ -64.572336, -17.607456 ], [ -64.573148, -17.60841 ], [ -64.573437, -17.608618 ], [ -64.573628, -17.608731 ], [ -64.574204, -17.608685 ], [ -64.576238, -17.609093 ], [ -64.577541, -17.609098 ], [ -64.578331, -17.608933 ], [ -64.578874, -17.608656 ], [ -64.579357, -17.607948 ], [ -64.579977, -17.606841 ], [ -64.580346, -17.606633 ], [ -64.580513, -17.606539 ], [ -64.581055, -17.606599 ], [ -64.58335, -17.606008 ], [ -64.584446, -17.604351 ], [ -64.584998, -17.604074 ], [ -64.585644, -17.603933 ], [ -64.586005, -17.603544 ], [ -64.586628, -17.601842 ], [ -64.58682, -17.601266 ], [ -64.587203, -17.600829 ], [ -64.588726, -17.600564 ] ], [ [ -65.355676, -18.408466 ], [ -65.357242, -18.40756 ], [ -65.357769, -18.407307 ], [ -65.35893, -18.406761 ], [ -65.35941, -18.406541 ], [ -65.360214, -18.406173 ], [ -65.361339, -18.405334 ], [ -65.362585, -18.404684 ], [ -65.363986, -18.404112 ], [ -65.364736, -18.403302 ], [ -65.365404, -18.402564 ], [ -65.365548, -18.402248 ], [ -65.366081, -18.401729 ], [ -65.366689, -18.401123 ], [ -65.367345, -18.400668 ], [ -65.367921, -18.400394 ], [ -65.3686, -18.39996 ], [ -65.369197, -18.399605 ], [ -65.369911, -18.399291 ], [ -65.370587, -18.398977 ], [ -65.371437, -18.398727 ], [ -65.372159, -18.398514 ], [ -65.37236, -18.398415 ], [ -65.37294, -18.398185 ], [ -65.373398, -18.397974 ], [ -65.373865, -18.397812 ], [ -65.374439, -18.397483 ], [ -65.375027, -18.39702 ], [ -65.375417, -18.396687 ], [ -65.375694, -18.396469 ], [ -65.375985, -18.396136 ], [ -65.376426, -18.395594 ], [ -65.37674, -18.395232 ], [ -65.37701, -18.394964 ], [ -65.377354, -18.394609 ], [ -65.377772, -18.394125 ], [ -65.377841, -18.39403 ], [ -65.378091, -18.39335 ], [ -65.3782, -18.392762 ], [ -65.378347, -18.392336 ], [ -65.378481, -18.392005 ], [ -65.378622, -18.391759 ], [ -65.378771, -18.391564 ], [ -65.379017, -18.391203 ], [ -65.379415, -18.390984 ], [ -65.38049, -18.39056 ], [ -65.380994, -18.390391 ], [ -65.38137, -18.390309 ], [ -65.38218, -18.390223 ], [ -65.382718, -18.390157 ], [ -65.383049, -18.390054 ], [ -65.383319, -18.389894 ], [ -65.383609, -18.389645 ], [ -65.383745, -18.389481 ], [ -65.383888, -18.389415 ], [ -65.384089, -18.389352 ], [ -65.384346, -18.389167 ], [ -65.384548, -18.388914 ], [ -65.384707, -18.38859 ], [ -65.38483, -18.388279 ], [ -65.384964, -18.388113 ], [ -65.385138, -18.388017 ], [ -65.385347, -18.387895 ], [ -65.385579, -18.387699 ], [ -65.385991, -18.387329 ], [ -65.386388, -18.386988 ], [ -65.386582, -18.386728 ], [ -65.386791, -18.38641 ], [ -65.386974, -18.38586 ], [ -65.387225, -18.385433 ], [ -65.387408, -18.385098 ], [ -65.387587, -18.384772 ], [ -65.388026, -18.384251 ], [ -65.388276, -18.384063 ], [ -65.388316, -18.384033 ], [ -65.389088, -18.383452 ], [ -65.389793, -18.383057 ], [ -65.390836, -18.382454 ], [ -65.391471, -18.382336 ], [ -65.391926, -18.382196 ], [ -65.391998, -18.382174 ], [ -65.392449, -18.382085 ], [ -65.392855, -18.381895 ], [ -65.393365, -18.381633 ], [ -65.393755, -18.381328 ], [ -65.39397, -18.380979 ], [ -65.394231, -18.38049 ], [ -65.394604, -18.380013 ], [ -65.395156, -18.379175 ], [ -65.395498, -18.378553 ], [ -65.395958, -18.378025 ], [ -65.396063, -18.377828 ], [ -65.396178, -18.377588 ], [ -65.396587, -18.377028 ], [ -65.396781, -18.376768 ], [ -65.397006, -18.376558 ], [ -65.397246, -18.376355 ], [ -65.397581, -18.376038 ], [ -65.398022, -18.375745 ], [ -65.398822, -18.375178 ], [ -65.399219, -18.374965 ], [ -65.399331, -18.374906 ], [ -65.399522, -18.37474 ], [ -65.399921, -18.374552 ], [ -65.400462, -18.374181 ], [ -65.400705, -18.373917 ], [ -65.400974, -18.373625 ], [ -65.401516, -18.373299 ], [ -65.401547, -18.373281 ], [ -65.401932, -18.373011 ], [ -65.402247, -18.372889 ], [ -65.402495, -18.372787 ], [ -65.402836, -18.372589 ], [ -65.403224, -18.372407 ], [ -65.403636, -18.37224 ], [ -65.403899, -18.372101 ], [ -65.404139, -18.371949 ], [ -65.404522, -18.37173 ], [ -65.404761, -18.37152 ], [ -65.404978, -18.371317 ], [ -65.405263, -18.37115 ], [ -65.405654, -18.370924 ], [ -65.405901, -18.37075 ], [ -65.406194, -18.370611 ], [ -65.406577, -18.37045 ], [ -65.406945, -18.370326 ], [ -65.407322, -18.37028 ], [ -65.407774, -18.370241 ], [ -65.408143, -18.370202 ], [ -65.408414, -18.370165 ], [ -65.408609, -18.370149 ], [ -65.408835, -18.370112 ], [ -65.409253, -18.369952 ], [ -65.409592, -18.369867 ], [ -65.409993, -18.369686 ], [ -65.410278, -18.369562 ], [ -65.410651, -18.36946 ], [ -65.411007, -18.369349 ], [ -65.4113, -18.369145 ], [ -65.411667, -18.368898 ], [ -65.41202, -18.368651 ], [ -65.412402, -18.36839 ], [ -65.412867, -18.368056 ], [ -65.41322, -18.367924 ], [ -65.41358, -18.36777 ], [ -65.413828, -18.367632 ], [ -65.414445, -18.367448 ], [ -65.415212, -18.367227 ], [ -65.416039, -18.366977 ], [ -65.416813, -18.36677 ], [ -65.417542, -18.366528 ], [ -65.417949, -18.366424 ], [ -65.418437, -18.366277 ], [ -65.418956, -18.366137 ], [ -65.419558, -18.366003 ], [ -65.420175, -18.365891 ], [ -65.420747, -18.365808 ], [ -65.421305, -18.365776 ], [ -65.421809, -18.365729 ], [ -65.422397, -18.365732 ], [ -65.422797, -18.365802 ], [ -65.42319, -18.365936 ], [ -65.423562, -18.366109 ], [ -65.423736, -18.366255 ], [ -65.424232, -18.36675 ], [ -65.424451, -18.367052 ], [ -65.424587, -18.367372 ], [ -65.424717, -18.367702 ], [ -65.424757, -18.367976 ], [ -65.424887, -18.368183 ], [ -65.425107, -18.368369 ], [ -65.425394, -18.368547 ], [ -65.425561, -18.368726 ], [ -65.425887, -18.368903 ], [ -65.426318, -18.369073 ], [ -65.426757, -18.369213 ], [ -65.42701, -18.369455 ], [ -65.427246, -18.369635 ], [ -65.427484, -18.369943 ], [ -65.427727, -18.370186 ], [ -65.42795, -18.370382 ], [ -65.428141, -18.370695 ], [ -65.428253, -18.371003 ], [ -65.428353, -18.371189 ], [ -65.428384, -18.371333 ], [ -65.428559, -18.371526 ], [ -65.429148, -18.371723 ], [ -65.429721, -18.371835 ], [ -65.430136, -18.371904 ], [ -65.430942, -18.371855 ], [ -65.43159, -18.371771 ], [ -65.432049, -18.371761 ], [ -65.432496, -18.371686 ], [ -65.432673, -18.371694 ], [ -65.433335, -18.371578 ], [ -65.434014, -18.371414 ], [ -65.434072, -18.371398 ], [ -65.434278, -18.371337 ], [ -65.43484, -18.371091 ], [ -65.435531, -18.370827 ], [ -65.436147, -18.370499 ], [ -65.436906, -18.370221 ], [ -65.437748, -18.369906 ], [ -65.438484, -18.369598 ], [ -65.439407, -18.369153 ], [ -65.439565, -18.369102 ], [ -65.439815, -18.369103 ], [ -65.440137, -18.368997 ], [ -65.440367, -18.368753 ], [ -65.440649, -18.368501 ], [ -65.440861, -18.368313 ], [ -65.441235, -18.367861 ], [ -65.441401, -18.367616 ], [ -65.441446, -18.367549 ], [ -65.441514, -18.367347 ], [ -65.441668, -18.366839 ], [ -65.441748, -18.366551 ], [ -65.441783, -18.366025 ], [ -65.441911, -18.36557 ], [ -65.441912, -18.365448 ], [ -65.441917, -18.365129 ], [ -65.44195, -18.364617 ], [ -65.442008, -18.364265 ], [ -65.442096, -18.363955 ], [ -65.44223, -18.363767 ], [ -65.442463, -18.363592 ], [ -65.443071, -18.363322 ], [ -65.443859, -18.363094 ], [ -65.444567, -18.362831 ], [ -65.444791, -18.362727 ], [ -65.445231, -18.362405 ], [ -65.445865, -18.362092 ], [ -65.44645, -18.36184 ], [ -65.447041, -18.361599 ], [ -65.447299, -18.361491 ], [ -65.44763, -18.361269 ], [ -65.448004, -18.361036 ], [ -65.448138, -18.36091 ], [ -65.448197, -18.360849 ], [ -65.448347, -18.360694 ], [ -65.448482, -18.360407 ], [ -65.448662, -18.359923 ], [ -65.448714, -18.359668 ], [ -65.448904, -18.358936 ], [ -65.448844, -18.358469 ], [ -65.448834, -18.358174 ], [ -65.448922, -18.357821 ], [ -65.449101, -18.357561 ], [ -65.449521, -18.357255 ], [ -65.449783, -18.357088 ], [ -65.450144, -18.356971 ], [ -65.45055, -18.356853 ], [ -65.450914, -18.356768 ], [ -65.451445, -18.356667 ], [ -65.452061, -18.356389 ], [ -65.452639, -18.356047 ], [ -65.453209, -18.355705 ], [ -65.453591, -18.355429 ], [ -65.453906, -18.355218 ], [ -65.454205, -18.35481 ], [ -65.454563, -18.354521 ], [ -65.454957, -18.354231 ], [ -65.455306, -18.354107 ], [ -65.455554, -18.353991 ], [ -65.455863, -18.353902 ], [ -65.456148, -18.353763 ], [ -65.45647, -18.353481 ], [ -65.456814, -18.353205 ], [ -65.457023, -18.352959 ], [ -65.457247, -18.352669 ], [ -65.457462, -18.352251 ], [ -65.457701, -18.351911 ], [ -65.457836, -18.351593 ], [ -65.458145, -18.351072 ], [ -65.458496, -18.350387 ], [ -65.458814, -18.349673 ], [ -65.458956, -18.349231 ], [ -65.458984, -18.349146 ], [ -65.459274, -18.348655 ], [ -65.459836, -18.348313 ], [ -65.460192, -18.348162 ], [ -65.46064, -18.347984 ], [ -65.461316, -18.347741 ], [ -65.462075, -18.347427 ], [ -65.462803, -18.347026 ], [ -65.463188, -18.346694 ], [ -65.463542, -18.346208 ], [ -65.463863, -18.345767 ], [ -65.464101, -18.345341 ], [ -65.464272, -18.345052 ], [ -65.464548, -18.344632 ], [ -65.464585, -18.344569 ], [ -65.464815, -18.344177 ], [ -65.464911, -18.343889 ], [ -65.464995, -18.343719 ], [ -65.465161, -18.343038 ], [ -65.465053, -18.342772 ], [ -65.464734, -18.342343 ], [ -65.464369, -18.341935 ], [ -65.464129, -18.341554 ], [ -65.463855, -18.340802 ], [ -65.46385, -18.340568 ], [ -65.463855, -18.339802 ], [ -65.463959, -18.339401 ], [ -65.464024, -18.339153 ], [ -65.464202, -18.338755 ], [ -65.464468, -18.338143 ], [ -65.464532, -18.337632 ], [ -65.464668, -18.337341 ], [ -65.465089, -18.33652 ], [ -65.465357, -18.3361 ], [ -65.46608, -18.335153 ], [ -65.467169, -18.334323 ], [ -65.46884, -18.332653 ], [ -65.469935, -18.33153 ], [ -65.47017, -18.331267 ], [ -65.470841, -18.330515 ], [ -65.472035, -18.329324 ], [ -65.47239, -18.329049 ], [ -65.473099, -18.328106 ], [ -65.473591, -18.327164 ], [ -65.474336, -18.326101 ], [ -65.474964, -18.323543 ], [ -65.475095, -18.322873 ], [ -65.475242, -18.322469 ], [ -65.47526, -18.321749 ], [ -65.475397, -18.320993 ], [ -65.475673, -18.319624 ], [ -65.475902, -18.319016 ], [ -65.476344, -18.317834 ], [ -65.476505, -18.31715 ], [ -65.476549, -18.316347 ], [ -65.476517, -18.315797 ], [ -65.476468, -18.315279 ], [ -65.476465, -18.314826 ], [ -65.476544, -18.314343 ], [ -65.476534, -18.314056 ], [ -65.47656, -18.313764 ], [ -65.476576, -18.313595 ], [ -65.476519, -18.313034 ], [ -65.476288, -18.312498 ], [ -65.475983, -18.311915 ], [ -65.475754, -18.311571 ], [ -65.475628, -18.311423 ], [ -65.474959, -18.31062 ], [ -65.474325, -18.309963 ], [ -65.473998, -18.309497 ], [ -65.473961, -18.309286 ], [ -65.473896, -18.308908 ], [ -65.473914, -18.308404 ], [ -65.474002, -18.308087 ], [ -65.47424, -18.307646 ], [ -65.474509, -18.307407 ], [ -65.474921, -18.307109 ], [ -65.475402, -18.30694 ], [ -65.475853, -18.306772 ], [ -65.476334, -18.306711 ], [ -65.476673, -18.306679 ], [ -65.477193, -18.306684 ], [ -65.477486, -18.306681 ], [ -65.477831, -18.306718 ], [ -65.478294, -18.306708 ], [ -65.478841, -18.306665 ], [ -65.479126, -18.306566 ], [ -65.479459, -18.306451 ], [ -65.479842, -18.30629 ], [ -65.480059, -18.306123 ], [ -65.480328, -18.305798 ], [ -65.480457, -18.305458 ], [ -65.480487, -18.305381 ], [ -65.480547, -18.304969 ], [ -65.480459, -18.304314 ], [ -65.480509, -18.303805 ], [ -65.480528, -18.303523 ], [ -65.48063, -18.303018 ], [ -65.480768, -18.302398 ], [ -65.480831, -18.3017 ], [ -65.480924, -18.301081 ], [ -65.48083, -18.300649 ], [ -65.480829, -18.30052 ], [ -65.480676, -18.30019 ], [ -65.480424, -18.299753 ], [ -65.480134, -18.299287 ], [ -65.479854, -18.299016 ], [ -65.47955, -18.298709 ], [ -65.479134, -18.29846 ], [ -65.478899, -18.298296 ], [ -65.478709, -18.298117 ], [ -65.478601, -18.297823 ], [ -65.47858, -18.297719 ], [ -65.478651, -18.297434 ], [ -65.478838, -18.297195 ], [ -65.478936, -18.297114 ], [ -65.47925, -18.296934 ], [ -65.479357, -18.296907 ], [ -65.479724, -18.296815 ], [ -65.480169, -18.296884 ], [ -65.480646, -18.297052 ], [ -65.480909, -18.297145 ], [ -65.481227, -18.297358 ], [ -65.48181, -18.29775 ], [ -65.482513, -18.298112 ], [ -65.483141, -18.29841 ], [ -65.483709, -18.298866 ], [ -65.483975, -18.299088 ], [ -65.484202, -18.29928 ], [ -65.484767, -18.299291 ], [ -65.484955, -18.299253 ], [ -65.485158, -18.299175 ], [ -65.485301, -18.299178 ], [ -65.485766, -18.298888 ], [ -65.485971, -18.298548 ], [ -65.486029, -18.298399 ], [ -65.486105, -18.2979 ], [ -65.486311, -18.297373 ], [ -65.4864, -18.297142 ], [ -65.486654, -18.296809 ], [ -65.486847, -18.296506 ], [ -65.487176, -18.296223 ], [ -65.487453, -18.295983 ], [ -65.487768, -18.295744 ], [ -65.487895, -18.2957 ], [ -65.488079, -18.295647 ], [ -65.488429, -18.295545 ], [ -65.488805, -18.295405 ], [ -65.489277, -18.295122 ], [ -65.48962, -18.294659 ], [ -65.489739, -18.294431 ], [ -65.489959, -18.294038 ], [ -65.490206, -18.293546 ], [ -65.490263, -18.293028 ], [ -65.490228, -18.29246 ], [ -65.490078, -18.291654 ], [ -65.490063, -18.291576 ], [ -65.490074, -18.290993 ], [ -65.490274, -18.290545 ], [ -65.490624, -18.290047 ], [ -65.490951, -18.289541 ], [ -65.49113, -18.289316 ], [ -65.491337, -18.289043 ], [ -65.491609, -18.288667 ], [ -65.491788, -18.288296 ], [ -65.491889, -18.288054 ], [ -65.491949, -18.287845 ], [ -65.492066, -18.287568 ], [ -65.492202, -18.287286 ], [ -65.492343, -18.286865 ], [ -65.492398, -18.286726 ], [ -65.492464, -18.286324 ], [ -65.492517, -18.285826 ], [ -65.492619, -18.285292 ], [ -65.49289, -18.28449 ], [ -65.493177, -18.283865 ], [ -65.4934, -18.283408 ], [ -65.493699, -18.28296 ], [ -65.4939, -18.282661 ], [ -65.494038, -18.282419 ], [ -65.494716, -18.281322 ], [ -65.494953, -18.280796 ], [ -65.495191, -18.280213 ], [ -65.495371, -18.27996 ], [ -65.495738, -18.279567 ], [ -65.496113, -18.279289 ], [ -65.4963, -18.279132 ], [ -65.496475, -18.279011 ], [ -65.496782, -18.278913 ], [ -65.49712, -18.278844 ], [ -65.497464, -18.278692 ], [ -65.497856, -18.278311 ], [ -65.498018, -18.278118 ], [ -65.498155, -18.277919 ], [ -65.498404, -18.277499 ], [ -65.498643, -18.27701 ], [ -65.498841, -18.276583 ], [ -65.499086, -18.275977 ], [ -65.499188, -18.27568 ], [ -65.499205, -18.275648 ], [ -65.499333, -18.275279 ], [ -65.49942, -18.275134 ], [ -65.499579, -18.274911 ], [ -65.49961, -18.274879 ], [ -65.500098, -18.274366 ], [ -65.50063, -18.27391 ], [ -65.500753, -18.273823 ], [ -65.50093, -18.273689 ], [ -65.50108, -18.273573 ], [ -65.501251, -18.273446 ], [ -65.501503, -18.2732 ], [ -65.501655, -18.273047 ], [ -65.50176, -18.272969 ], [ -65.501922, -18.272854 ], [ -65.502045, -18.272751 ], [ -65.502163, -18.272591 ], [ -65.50223, -18.272412 ], [ -65.502254, -18.272191 ], [ -65.5023, -18.271901 ], [ -65.502366, -18.271611 ], [ -65.502451, -18.271424 ], [ -65.502556, -18.271277 ], [ -65.502672, -18.271165 ], [ -65.502826, -18.27093 ], [ -65.502864, -18.270793 ], [ -65.502921, -18.270694 ], [ -65.503059, -18.270427 ], [ -65.503141, -18.270194 ], [ -65.503188, -18.26982 ], [ -65.503247, -18.269229 ], [ -65.503269, -18.268799 ], [ -65.503345, -18.268227 ], [ -65.503334, -18.267931 ], [ -65.503362, -18.2675 ], [ -65.503538, -18.266832 ], [ -65.503573, -18.266683 ], [ -65.503689, -18.266378 ], [ -65.503828, -18.266101 ], [ -65.503877, -18.265861 ], [ -65.503874, -18.265691 ], [ -65.503862, -18.265446 ], [ -65.503715, -18.264779 ], [ -65.503554, -18.264149 ], [ -65.503538, -18.263762 ], [ -65.50359, -18.263517 ], [ -65.503642, -18.263181 ], [ -65.503633, -18.262999 ], [ -65.503613, -18.262555 ], [ -65.503487, -18.262117 ], [ -65.503442, -18.261836 ], [ -65.503471, -18.261396 ], [ -65.503684, -18.260915 ], [ -65.503905, -18.260587 ], [ -65.504276, -18.260305 ], [ -65.50473, -18.260032 ], [ -65.50505, -18.2599 ], [ -65.506629, -18.259576 ], [ -65.507994, -18.259165 ], [ -65.509127, -18.258858 ], [ -65.509563, -18.258837 ], [ -65.510563, -18.258777 ], [ -65.510992, -18.25867 ], [ -65.5115, -18.258542 ], [ -65.51237, -18.258249 ], [ -65.513127, -18.25777 ], [ -65.513384, -18.257559 ], [ -65.514087, -18.256955 ], [ -65.514402, -18.256659 ], [ -65.514655, -18.256412 ], [ -65.515355, -18.255892 ], [ -65.515919, -18.255726 ], [ -65.516695, -18.255499 ], [ -65.517134, -18.255418 ], [ -65.51773, -18.255437 ], [ -65.518245, -18.25547 ], [ -65.519133, -18.255847 ], [ -65.52003, -18.256566 ], [ -65.520847, -18.256858 ], [ -65.521978, -18.256924 ], [ -65.523558, -18.256577 ], [ -65.52402, -18.256411 ], [ -65.524277, -18.256245 ], [ -65.524926, -18.255401 ], [ -65.524977, -18.253478 ], [ -65.524994, -18.253406 ], [ -65.524997, -18.253402 ], [ -65.525003, -18.253378 ], [ -65.525019, -18.253364 ], [ -65.525235, -18.252991 ], [ -65.525566, -18.252724 ], [ -65.525952, -18.252527 ], [ -65.527406, -18.251223 ], [ -65.527542, -18.251049 ], [ -65.527635, -18.250863 ], [ -65.527726, -18.250556 ], [ -65.527793, -18.250268 ], [ -65.527822, -18.249962 ], [ -65.527794, -18.249614 ], [ -65.527792, -18.24935 ], [ -65.52786, -18.24917 ], [ -65.527902, -18.248984 ], [ -65.528039, -18.248779 ], [ -65.528226, -18.248676 ], [ -65.528439, -18.248554 ], [ -65.528683, -18.24848 ], [ -65.528996, -18.248424 ], [ -65.529403, -18.248319 ], [ -65.529785, -18.248257 ], [ -65.530105, -18.2482 ], [ -65.530688, -18.248142 ], [ -65.531045, -18.248062 ], [ -65.531445, -18.247994 ], [ -65.534005, -18.246552 ], [ -65.534214, -18.24636 ], [ -65.534331, -18.246369 ], [ -65.538753, -18.249392 ], [ -65.542132, -18.249328 ], [ -65.547164, -18.248837 ], [ -65.548375, -18.244894 ], [ -65.551914, -18.240597 ], [ -65.558045, -18.241158 ], [ -65.562559, -18.237438 ], [ -65.56797, -18.235225 ], [ -65.571665, -18.228346 ], [ -65.576478, -18.224697 ], [ -65.580017, -18.219754 ], [ -65.58505, -18.218473 ], [ -65.587467, -18.211878 ], [ -65.590095, -18.211739 ], [ -65.594975, -18.211247 ], [ -65.596108, -18.208236 ], [ -65.599274, -18.201929 ], [ -65.600636, -18.196838 ], [ -65.602802, -18.190979 ], [ -65.605663, -18.186536 ], [ -65.605671, -18.182662 ], [ -65.607708, -18.177788 ], [ -65.614773, -18.172994 ], [ -65.616784, -18.168811 ], [ -65.623777, -18.162439 ], [ -65.633923, -18.154924 ], [ -65.633478, -18.152412 ], [ -65.635923, -18.149242 ], [ -65.641598, -18.144822 ], [ -65.639407, -18.142309 ], [ -65.644456, -18.140075 ], [ -65.649374, -18.143041 ], [ -65.653355, -18.141111 ], [ -65.655989, -18.136882 ], [ -65.662571, -18.135648 ], [ -65.66448, -18.131267 ], [ -65.670312, -18.128701 ], [ -65.672798, -18.123396 ], [ -65.677525, -18.123475 ], [ -65.683085, -18.118821 ], [ -65.686695, -18.11366 ], [ -65.689187, -18.104337 ], [ -65.690712, -18.093093 ], [ -65.696864, -18.095411 ], [ -65.698537, -18.093994 ], [ -65.700486, -18.093376 ], [ -65.702622, -18.092403 ], [ -65.703737, -18.091429 ], [ -65.704389, -18.089655 ], [ -65.706061, -18.08806 ], [ -65.708402, -18.085017 ], [ -65.710805, -18.081691 ], [ -65.71455, -18.079625 ], [ -65.718312, -18.078401 ], [ -65.720265, -18.077041 ], [ -65.722741, -18.076399 ], [ -65.723268, -18.075323 ], [ -65.726422, -18.072816 ], [ -65.727625, -18.071239 ], [ -65.728152, -18.069518 ], [ -65.729429, -18.068587 ], [ -65.730032, -18.066292 ], [ -65.731837, -18.063353 ], [ -65.733562, -18.063283 ], [ -65.736563, -18.062785 ], [ -65.738437, -18.063577 ], [ -65.740838, -18.063077 ], [ -65.741742, -18.060567 ], [ -65.742771, -18.058462 ], [ -65.744872, -18.057604 ], [ -65.74705, -18.055741 ], [ -65.748029, -18.053231 ], [ -65.749981, -18.051727 ], [ -65.751406, -18.051729 ], [ -65.753166, -18.052086 ], [ -65.755232, -18.050729 ], [ -65.756136, -18.048003 ], [ -65.757187, -18.047359 ], [ -65.762214, -18.045858 ], [ -65.765441, -18.04414 ], [ -65.768293, -18.042923 ], [ -65.769271, -18.040342 ], [ -65.772497, -18.040058 ], [ -65.777748, -18.039131 ], [ -65.785454, -18.03445 ], [ -65.785458, -18.031508 ], [ -65.783586, -18.028206 ], [ -65.785019, -18.025837 ], [ -65.786216, -18.023617 ], [ -65.787491, -18.023618 ], [ -65.789142, -18.023333 ], [ -65.789743, -18.021827 ], [ -65.789296, -18.019172 ], [ -65.790648, -18.017953 ], [ -65.793348, -18.01731 ], [ -65.795297, -18.017886 ], [ -65.798373, -18.016742 ], [ -65.799948, -18.016456 ], [ -65.800774, -18.015309 ], [ -65.8007, -18.014376 ], [ -65.802277, -18.012584 ], [ -65.804794, -18.012616 ], [ -65.806727, -18.012526 ], [ -65.812229, -18.009913 ], [ -65.816657, -18.005971 ], [ -65.817783, -18.005613 ], [ -65.819134, -18.004107 ], [ -65.821084, -18.003822 ], [ -65.824384, -18.002533 ], [ -65.826635, -18.00189 ], [ -65.827985, -18.000743 ], [ -65.829037, -17.999093 ], [ -65.830089, -17.99644 ], [ -65.831983, -17.992881 ], [ -65.829585, -17.988149 ], [ -65.829199, -17.987599 ], [ -65.828874, -17.98727 ], [ -65.828707, -17.987095 ] ], [ [ -65.355676, -18.408466 ], [ -65.355463, -18.407764 ] ], [ [ -64.679649, -18.101458 ], [ -64.676707, -18.10103 ], [ -64.673994, -18.100543 ], [ -64.671805, -18.100064 ], [ -64.669879, -18.100249 ], [ -64.668717, -18.101275 ], [ -64.667712, -18.102782 ], [ -64.666472, -18.103863 ], [ -64.664091, -18.104091 ], [ -64.660962, -18.103792 ], [ -64.658435, -18.101713 ], [ -64.65614, -18.101304 ], [ -64.652825, -18.101321 ], [ -64.651715, -18.101326 ], [ -64.650385, -18.101367 ], [ -64.648805, -18.101233 ], [ -64.647236, -18.102253 ], [ -64.645942, -18.102885 ], [ -64.644747, -18.102632 ], [ -64.644879, -18.102308 ], [ -64.644873, -18.101698 ], [ -64.64465, -18.101431 ], [ -64.644655, -18.100943 ], [ -64.64347, -18.100035 ], [ -64.640055, -18.09891 ], [ -64.63922, -18.098947 ], [ -64.637889, -18.099653 ], [ -64.637025, -18.09892 ], [ -64.635692, -18.097593 ], [ -64.635263, -18.097215 ], [ -64.634518, -18.095923 ], [ -64.633153, -18.09558 ], [ -64.628758, -18.095617 ], [ -64.626628, -18.096197 ], [ -64.62482, -18.094821 ], [ -64.623579, -18.094506 ], [ -64.620348, -18.096457 ], [ -64.619387, -18.096317 ], [ -64.618632, -18.095851 ], [ -64.618426, -18.095278 ], [ -64.618108, -18.094623 ], [ -64.617974, -18.094511 ], [ -64.617913, -18.094228 ], [ -64.617472, -18.093433 ], [ -64.61648, -18.093509 ], [ -64.615533, -18.094037 ], [ -64.614368, -18.094592 ], [ -64.613474, -18.095216 ], [ -64.612746, -18.095997 ], [ -64.612005, -18.096979 ], [ -64.611369, -18.097974 ], [ -64.610988, -18.09901 ], [ -64.610801, -18.099815 ], [ -64.61078, -18.100219 ], [ -64.610737, -18.101049 ], [ -64.611019, -18.102004 ], [ -64.610753, -18.102784 ], [ -64.609974, -18.103247 ], [ -64.609106, -18.103329 ], [ -64.607015, -18.104087 ], [ -64.605854, -18.105665 ], [ -64.604449, -18.10781 ], [ -64.603595, -18.109177 ], [ -64.60184, -18.110227 ], [ -64.599622, -18.109913 ], [ -64.597599, -18.108638 ], [ -64.595931, -18.107139 ], [ -64.593608, -18.106981 ], [ -64.591854, -18.10809 ], [ -64.591093, -18.109458 ], [ -64.589181, -18.110332 ], [ -64.587296, -18.110731 ], [ -64.587296, -18.110812 ], [ -64.584997, -18.113023 ], [ -64.583695, -18.114501 ], [ -64.581252, -18.115303 ], [ -64.580313, -18.115822 ], [ -64.579354, -18.116048 ], [ -64.578925, -18.116431 ], [ -64.578043, -18.116696 ], [ -64.577056, -18.117092 ], [ -64.576268, -18.116945 ], [ -64.57597, -18.117101 ], [ -64.575244, -18.117422 ], [ -64.574619, -18.117914 ], [ -64.57404, -18.118816 ], [ -64.57397, -18.120746 ], [ -64.573464, -18.121403 ], [ -64.573757, -18.122211 ], [ -64.573897, -18.122806 ], [ -64.573603, -18.12346 ], [ -64.572407, -18.123986 ], [ -64.570714, -18.124172 ], [ -64.568583, -18.12406 ], [ -64.567725, -18.12378 ], [ -64.566686, -18.123587 ], [ -64.56637, -18.124373 ], [ -64.565517, -18.125292 ], [ -64.565413, -18.125487 ], [ -64.564559, -18.126106 ], [ -64.563622, -18.126516 ], [ -64.562866, -18.126904 ], [ -64.561155, -18.128027 ], [ -64.55938, -18.128381 ], [ -64.558786, -18.129132 ], [ -64.558323, -18.129279 ], [ -64.558049, -18.129583 ], [ -64.557553, -18.129836 ], [ -64.556873, -18.131769 ], [ -64.556053, -18.13337 ], [ -64.554969, -18.13472 ], [ -64.553079, -18.135955 ], [ -64.551164, -18.136009 ], [ -64.548541, -18.136487 ], [ -64.54639, -18.13697 ], [ -64.544731, -18.137865 ], [ -64.543296, -18.139218 ], [ -64.541944, -18.140194 ], [ -64.541642, -18.141706 ], [ -64.541693, -18.14184 ], [ -64.541138, -18.142711 ], [ -64.540782, -18.143135 ], [ -64.540569, -18.14392 ], [ -64.540473, -18.144361 ], [ -64.540083, -18.145238 ], [ -64.539411, -18.1462 ], [ -64.538922, -18.147504 ], [ -64.53891, -18.148442 ], [ -64.539057, -18.149244 ], [ -64.539585, -18.150043 ], [ -64.53979, -18.150946 ], [ -64.539327, -18.151969 ], [ -64.538223, -18.152469 ], [ -64.537071, -18.153397 ], [ -64.536315, -18.1539 ], [ -64.535816, -18.154019 ], [ -64.535049, -18.154412 ], [ -64.533938, -18.154378 ], [ -64.532878, -18.154406 ], [ -64.53156, -18.154588 ], [ -64.530682, -18.154863 ], [ -64.529386, -18.15539 ], [ -64.528731, -18.156045 ], [ -64.528236, -18.156565 ], [ -64.528301, -18.157196 ], [ -64.528493, -18.157592 ], [ -64.529863, -18.158325 ], [ -64.529914, -18.159206 ], [ -64.528558, -18.159636 ], [ -64.526759, -18.15965 ], [ -64.525095, -18.159957 ], [ -64.523782, -18.160345 ], [ -64.523114, -18.160792 ], [ -64.52296, -18.161673 ], [ -64.523274, -18.162551 ], [ -64.524621, -18.162988 ], [ -64.526001, -18.163284 ], [ -64.526799, -18.164284 ], [ -64.526682, -18.165963 ], [ -64.525296, -18.167945 ], [ -64.520807, -18.171504 ], [ -64.520643, -18.172974 ], [ -64.522242, -18.175079 ], [ -64.522736, -18.176375 ], [ -64.522712, -18.17665 ], [ -64.522694, -18.176852 ], [ -64.522454, -18.177306 ], [ -64.52234, -18.178072 ], [ -64.522686, -18.178503 ], [ -64.522953, -18.179247 ], [ -64.523381, -18.180162 ], [ -64.523139, -18.180858 ], [ -64.522561, -18.181451 ], [ -64.521559, -18.182256 ], [ -64.519723, -18.183152 ], [ -64.517008, -18.18376 ], [ -64.515785, -18.184357 ], [ -64.514829, -18.185455 ], [ -64.513164, -18.185762 ], [ -64.511981, -18.186023 ], [ -64.510591, -18.187628 ], [ -64.509674, -18.18818 ], [ -64.509245, -18.188707 ], [ -64.508642, -18.189632 ], [ -64.508647, -18.190448 ], [ -64.508649, -18.190755 ], [ -64.508806, -18.191146 ], [ -64.508832, -18.191758 ], [ -64.508898, -18.19188 ], [ -64.510764, -18.193669 ], [ -64.511627, -18.195213 ], [ -64.512608, -18.195872 ], [ -64.513652, -18.196693 ], [ -64.514501, -18.197857 ], [ -64.5146, -18.198596 ], [ -64.514263, -18.198983 ], [ -64.512962, -18.199023 ], [ -64.511968, -18.198617 ], [ -64.510946, -18.198566 ], [ -64.509718, -18.199789 ], [ -64.508689, -18.202608 ], [ -64.508171, -18.2035 ], [ -64.507251, -18.204632 ], [ -64.506075, -18.2047 ], [ -64.504902, -18.205124 ], [ -64.504502, -18.205393 ], [ -64.503818, -18.206349 ], [ -64.503434, -18.206776 ], [ -64.503121, -18.206825 ], [ -64.50171, -18.208463 ], [ -64.500696, -18.209768 ], [ -64.498642, -18.211336 ], [ -64.497104, -18.212689 ], [ -64.496894, -18.214102 ], [ -64.497863, -18.215223 ], [ -64.499566, -18.215774 ], [ -64.501538, -18.218084 ], [ -64.502335, -18.220127 ], [ -64.502362, -18.223223 ], [ -64.501538, -18.224919 ], [ -64.50103, -18.225021 ], [ -64.500113, -18.225325 ], [ -64.499423, -18.225474 ], [ -64.498764, -18.225594 ], [ -64.498242, -18.225971 ], [ -64.49793, -18.22636 ], [ -64.497873, -18.226734 ], [ -64.497671, -18.227155 ], [ -64.497685, -18.227271 ], [ -64.497916, -18.227795 ], [ -64.497917, -18.227932 ], [ -64.499089, -18.228972 ], [ -64.500359, -18.230726 ], [ -64.499644, -18.233412 ], [ -64.498258, -18.235469 ], [ -64.496776, -18.235636 ], [ -64.494662, -18.234366 ], [ -64.493738, -18.2336 ], [ -64.49293, -18.234029 ], [ -64.492865, -18.235159 ], [ -64.495019, -18.236624 ], [ -64.495174, -18.237469 ], [ -64.493944, -18.238321 ], [ -64.492229, -18.23848 ], [ -64.491144, -18.240214 ], [ -64.490666, -18.245618 ], [ -64.491052, -18.247661 ], [ -64.489462, -18.251695 ], [ -64.489774, -18.253669 ], [ -64.489718, -18.255786 ], [ -64.488177, -18.256821 ], [ -64.486997, -18.257112 ], [ -64.486566, -18.258456 ], [ -64.486356, -18.259869 ], [ -64.484741, -18.26101 ], [ -64.483404, -18.260103 ], [ -64.482593, -18.26018 ], [ -64.482566, -18.260892 ], [ -64.482471, -18.260903 ], [ -64.48219, -18.261421 ], [ -64.482898, -18.262415 ], [ -64.483406, -18.263272 ], [ -64.483746, -18.263592 ], [ -64.484768, -18.264185 ], [ -64.485519, -18.265661 ], [ -64.485733, -18.267761 ], [ -64.48599, -18.268091 ], [ -64.486252, -18.26907 ], [ -64.486807, -18.26939 ], [ -64.489169, -18.269301 ], [ -64.48939, -18.270776 ], [ -64.489531, -18.271709 ], [ -64.489498, -18.272004 ], [ -64.488904, -18.272902 ], [ -64.487821, -18.272711 ], [ -64.48505, -18.271238 ], [ -64.483697, -18.271427 ], [ -64.482402, -18.272529 ], [ -64.482509, -18.276409 ], [ -64.481346, -18.278676 ], [ -64.481354, -18.279568 ], [ -64.481355, -18.279727 ], [ -64.481418, -18.279986 ], [ -64.482557, -18.282053 ], [ -64.484269, -18.283662 ], [ -64.484144, -18.284416 ], [ -64.484284, -18.285145 ], [ -64.484288, -18.285647 ], [ -64.484039, -18.286367 ], [ -64.483819, -18.286956 ], [ -64.483718, -18.287431 ], [ -64.483757, -18.287681 ], [ -64.485134, -18.289794 ], [ -64.486035, -18.291551 ], [ -64.486415, -18.292818 ], [ -64.485174, -18.294521 ], [ -64.484367, -18.295162 ], [ -64.479046, -18.29478 ], [ -64.477528, -18.294632 ], [ -64.475582, -18.295126 ], [ -64.473841, -18.295473 ], [ -64.473149, -18.296237 ], [ -64.473385, -18.297999 ], [ -64.473774, -18.300324 ], [ -64.473584, -18.300668 ], [ -64.473635, -18.30082 ], [ -64.47334, -18.301468 ], [ -64.472835, -18.302175 ], [ -64.472359, -18.302738 ], [ -64.472002, -18.303071 ], [ -64.471526, -18.303677 ], [ -64.470796, -18.304314 ], [ -64.470213, -18.304605 ], [ -64.469616, -18.30504 ], [ -64.468926, -18.30516 ], [ -64.468188, -18.304951 ], [ -64.466642, -18.304991 ], [ -64.465756, -18.304998 ], [ -64.464917, -18.305277 ], [ -64.464396, -18.305783 ], [ -64.46442, -18.306197 ], [ -64.464745, -18.306956 ], [ -64.466757, -18.309127 ], [ -64.470246, -18.311076 ], [ -64.471577, -18.311278 ], [ -64.471879, -18.311981 ], [ -64.471686, -18.312465 ], [ -64.471768, -18.312669 ], [ -64.47162, -18.313029 ], [ -64.471116, -18.313807 ], [ -64.46987, -18.315553 ], [ -64.468981, -18.316994 ], [ -64.468116, -18.317732 ], [ -64.466994, -18.318315 ], [ -64.466386, -18.319223 ], [ -64.465952, -18.320092 ], [ -64.465822, -18.320812 ], [ -64.464802, -18.322513 ], [ -64.463484, -18.323934 ], [ -64.462906, -18.323994 ], [ -64.461561, -18.324167 ], [ -64.461812, -18.323647 ], [ -64.462109, -18.323201 ], [ -64.46227, -18.322712 ], [ -64.462882, -18.322291 ], [ -64.463013, -18.321817 ], [ -64.462853, -18.321325 ], [ -64.462423, -18.320904 ], [ -64.462715, -18.320412 ], [ -64.461968, -18.31943 ], [ -64.460636, -18.319158 ], [ -64.459428, -18.321163 ], [ -64.459416, -18.323401 ], [ -64.458981, -18.324392 ], [ -64.457725, -18.324331 ], [ -64.456378, -18.322508 ], [ -64.453794, -18.322712 ], [ -64.452549, -18.323806 ], [ -64.452244, -18.326501 ], [ -64.452194, -18.326658 ], [ -64.452161, -18.327256 ], [ -64.45175, -18.327486 ], [ -64.451374, -18.327501 ], [ -64.45101, -18.327372 ], [ -64.450695, -18.327088 ], [ -64.449086, -18.326227 ], [ -64.447253, -18.325596 ], [ -64.446303, -18.325698 ], [ -64.445638, -18.325988 ], [ -64.445482, -18.326602 ], [ -64.445563, -18.326995 ], [ -64.445831, -18.32765 ], [ -64.444719, -18.327934 ], [ -64.443394, -18.328123 ], [ -64.442284, -18.328646 ], [ -64.441335, -18.328856 ], [ -64.440011, -18.329201 ], [ -64.437811, -18.331728 ], [ -64.436668, -18.333285 ], [ -64.435599, -18.334886 ], [ -64.434465, -18.33668 ], [ -64.434941, -18.338686 ], [ -64.435764, -18.339949 ], [ -64.437329, -18.34156 ], [ -64.437118, -18.342762 ], [ -64.437064, -18.342974 ], [ -64.437111, -18.343593 ], [ -64.440406, -18.347252 ], [ -64.441168, -18.350069 ], [ -64.441483, -18.352129 ], [ -64.441649, -18.352705 ], [ -64.442452, -18.354278 ], [ -64.444502, -18.355603 ], [ -64.445136, -18.356248 ], [ -64.444804, -18.357005 ], [ -64.443239, -18.357782 ], [ -64.441893, -18.357331 ], [ -64.440796, -18.358609 ], [ -64.440469, -18.3601 ], [ -64.440619, -18.360539 ], [ -64.440724, -18.364173 ], [ -64.440819, -18.364977 ], [ -64.441008, -18.365176 ], [ -64.441601, -18.365378 ], [ -64.443071, -18.365647 ], [ -64.445962, -18.366754 ], [ -64.447768, -18.370621 ], [ -64.448974, -18.373505 ], [ -64.447603, -18.374965 ], [ -64.446298, -18.373039 ], [ -64.444596, -18.372019 ], [ -64.443169, -18.370309 ], [ -64.441471, -18.368764 ], [ -64.439989, -18.369782 ], [ -64.439029, -18.369933 ], [ -64.43787, -18.370697 ], [ -64.437615, -18.370962 ], [ -64.437165, -18.371582 ], [ -64.43696, -18.372315 ], [ -64.436376, -18.372506 ], [ -64.435641, -18.372612 ], [ -64.435115, -18.372645 ], [ -64.434529, -18.372678 ], [ -64.43375, -18.372913 ], [ -64.432387, -18.373382 ], [ -64.431749, -18.373888 ], [ -64.430808, -18.375124 ], [ -64.429869, -18.377671 ], [ -64.430123, -18.38162 ], [ -64.431257, -18.384646 ], [ -64.431303, -18.386113 ], [ -64.431054, -18.386647 ], [ -64.430614, -18.388013 ], [ -64.429805, -18.391835 ], [ -64.430538, -18.395071 ], [ -64.431207, -18.396056 ], [ -64.431489, -18.396251 ], [ -64.432506, -18.396582 ], [ -64.43276, -18.396664 ], [ -64.434837, -18.397566 ], [ -64.435432, -18.398126 ], [ -64.435464, -18.398419 ], [ -64.435394, -18.399051 ], [ -64.435339, -18.399683 ], [ -64.435296, -18.399759 ], [ -64.434121, -18.400394 ], [ -64.433695, -18.402514 ], [ -64.433115, -18.403823 ], [ -64.431715, -18.404398 ], [ -64.430096, -18.405257 ], [ -64.42871, -18.407455 ], [ -64.427691, -18.409368 ], [ -64.427926, -18.410918 ], [ -64.428338, -18.411895 ], [ -64.4289, -18.415137 ], [ -64.429106, -18.415835 ], [ -64.428929, -18.416142 ], [ -64.428772, -18.416564 ], [ -64.428737, -18.417215 ], [ -64.427964, -18.418228 ], [ -64.426623, -18.419644 ], [ -64.425718, -18.420408 ], [ -64.423795, -18.420897 ], [ -64.421963, -18.422887 ], [ -64.420878, -18.425788 ], [ -64.419812, -18.427921 ], [ -64.419847, -18.429076 ], [ -64.419779, -18.429462 ], [ -64.419877, -18.429958 ], [ -64.419215, -18.430316 ], [ -64.417589, -18.430399 ], [ -64.417004, -18.431179 ], [ -64.417611, -18.433009 ], [ -64.4171, -18.433789 ], [ -64.415998, -18.434644 ], [ -64.415415, -18.435707 ], [ -64.414465, -18.437054 ], [ -64.412753, -18.437358 ], [ -64.412491, -18.437437 ], [ -64.412103, -18.437727 ], [ -64.412055, -18.437915 ], [ -64.411455, -18.439546 ], [ -64.41147, -18.441498 ], [ -64.411356, -18.442096 ], [ -64.410698, -18.442937 ], [ -64.410571, -18.443002 ], [ -64.40912, -18.443409 ], [ -64.407573, -18.444055 ], [ -64.406618, -18.444838 ], [ -64.405963, -18.446113 ], [ -64.405902, -18.447596 ], [ -64.403631, -18.449276 ], [ -64.402672, -18.450442 ], [ -64.401343, -18.450698 ], [ -64.399266, -18.449867 ], [ -64.396977, -18.450237 ], [ -64.393797, -18.450119 ], [ -64.391137, -18.45028 ], [ -64.389445, -18.45135 ], [ -64.387532, -18.452493 ], [ -64.385392, -18.452932 ], [ -64.382954, -18.453232 ], [ -64.381849, -18.453664 ], [ -64.381123, -18.455433 ], [ -64.381578, -18.456841 ], [ -64.380027, -18.457064 ], [ -64.379504, -18.457617 ], [ -64.379048, -18.457895 ], [ -64.378706, -18.458299 ], [ -64.378273, -18.458761 ], [ -64.377555, -18.459182 ], [ -64.376236, -18.459589 ], [ -64.37487, -18.459289 ], [ -64.373617, -18.459862 ], [ -64.372741, -18.46128 ], [ -64.371066, -18.463203 ], [ -64.370042, -18.463296 ], [ -64.367571, -18.463928 ], [ -64.365738, -18.463941 ], [ -64.364414, -18.464727 ], [ -64.363288, -18.466365 ], [ -64.363144, -18.466829 ], [ -64.36348, -18.468191 ], [ -64.362716, -18.469472 ], [ -64.362595, -18.469557 ], [ -64.361496, -18.469828 ], [ -64.360114, -18.469051 ], [ -64.358825, -18.468768 ], [ -64.358451, -18.468759 ], [ -64.357202, -18.469082 ], [ -64.355221, -18.471072 ], [ -64.354235, -18.471551 ], [ -64.353784, -18.471862 ], [ -64.35308, -18.472231 ], [ -64.352888, -18.472424 ], [ -64.351472, -18.473851 ], [ -64.349631, -18.474781 ], [ -64.348959, -18.474745 ], [ -64.348694, -18.474596 ], [ -64.347985, -18.474256 ], [ -64.34699, -18.473905 ], [ -64.346148, -18.473853 ], [ -64.344585, -18.473965 ], [ -64.342457, -18.474855 ], [ -64.340628, -18.475399 ], [ -64.339953, -18.475643 ], [ -64.338966, -18.475886 ], [ -64.33835, -18.476037 ], [ -64.338018, -18.476149 ], [ -64.337673, -18.476295 ], [ -64.337364, -18.476446 ], [ -64.336842, -18.476412 ], [ -64.336308, -18.476677 ], [ -64.33568, -18.477069 ], [ -64.334081, -18.478328 ], [ -64.333608, -18.479451 ], [ -64.333928, -18.480621 ], [ -64.334148, -18.480973 ], [ -64.3363, -18.48172 ], [ -64.337205, -18.483901 ], [ -64.336255, -18.485389 ], [ -64.334228, -18.485944 ], [ -64.330838, -18.48672 ], [ -64.326041, -18.488698 ], [ -64.32423, -18.492536 ], [ -64.324675, -18.495635 ], [ -64.325474, -18.496966 ], [ -64.324819, -18.498452 ], [ -64.322534, -18.499385 ], [ -64.321057, -18.49864 ], [ -64.320774, -18.498272 ], [ -64.320442, -18.497692 ], [ -64.320144, -18.496368 ], [ -64.317989, -18.494972 ], [ -64.316655, -18.494558 ], [ -64.315848, -18.495341 ], [ -64.31578, -18.496257 ], [ -64.315052, -18.497815 ], [ -64.314746, -18.498946 ], [ -64.3117, -18.499926 ], [ -64.310737, -18.499035 ], [ -64.309885, -18.498235 ], [ -64.309661, -18.497469 ], [ -64.309551, -18.496818 ], [ -64.309372, -18.496629 ], [ -64.309073, -18.495989 ], [ -64.308323, -18.495489 ], [ -64.307371, -18.495552 ], [ -64.306607, -18.495827 ], [ -64.303987, -18.498216 ], [ -64.303088, -18.499944 ], [ -64.303322, -18.501494 ], [ -64.305314, -18.504794 ], [ -64.30575, -18.505128 ], [ -64.306221, -18.505778 ], [ -64.306098, -18.506377 ], [ -64.306246, -18.506731 ], [ -64.305873, -18.507232 ], [ -64.305709, -18.507632 ], [ -64.305593, -18.508207 ], [ -64.305476, -18.508649 ], [ -64.305338, -18.508975 ], [ -64.305022, -18.509627 ], [ -64.304768, -18.510413 ], [ -64.304613, -18.51116 ], [ -64.304399, -18.512023 ], [ -64.304487, -18.513036 ], [ -64.304294, -18.514032 ], [ -64.304578, -18.514546 ], [ -64.304765, -18.51531 ], [ -64.305233, -18.516244 ], [ -64.305318, -18.516855 ], [ -64.305219, -18.517081 ], [ -64.30529, -18.517251 ], [ -64.30493, -18.518523 ], [ -64.30374, -18.519383 ], [ -64.30253, -18.519817 ], [ -64.302212, -18.519708 ], [ -64.301657, -18.518663 ], [ -64.3011, -18.518566 ], [ -64.30052, -18.518782 ], [ -64.299619, -18.518846 ], [ -64.299119, -18.519079 ], [ -64.298598, -18.51976 ], [ -64.298228, -18.520537 ], [ -64.298452, -18.521015 ], [ -64.298441, -18.522277 ], [ -64.298729, -18.523117 ], [ -64.298937, -18.524168 ], [ -64.299318, -18.526824 ], [ -64.29989, -18.528216 ], [ -64.300119, -18.529285 ], [ -64.300707, -18.530289 ], [ -64.301155, -18.531134 ], [ -64.3014, -18.531687 ], [ -64.301707, -18.532507 ], [ -64.301791, -18.532965 ], [ -64.301138, -18.533514 ], [ -64.299833, -18.534025 ], [ -64.299067, -18.534145 ], [ -64.29797, -18.534181 ], [ -64.296332, -18.534274 ], [ -64.295802, -18.534109 ], [ -64.294843, -18.532857 ], [ -64.293133, -18.533351 ], [ -64.291366, -18.534492 ], [ -64.28836, -18.538005 ], [ -64.288151, -18.5397 ], [ -64.288904, -18.54153 ], [ -64.290701, -18.54441 ], [ -64.290548, -18.544808 ], [ -64.289599, -18.546575 ], [ -64.289493, -18.54758 ], [ -64.289315, -18.548836 ], [ -64.288498, -18.550276 ], [ -64.287676, -18.551308 ], [ -64.287008, -18.552116 ], [ -64.286224, -18.552838 ], [ -64.285253, -18.55367 ], [ -64.285053, -18.554553 ], [ -64.285299, -18.555269 ], [ -64.285757, -18.55571 ], [ -64.286737, -18.556062 ], [ -64.287424, -18.55597 ], [ -64.288491, -18.555503 ], [ -64.289249, -18.553756 ], [ -64.289439, -18.553614 ], [ -64.2895, -18.553461 ], [ -64.29029, -18.552897 ], [ -64.291252, -18.552116 ], [ -64.291746, -18.552191 ], [ -64.292576, -18.552524 ], [ -64.292896, -18.552947 ], [ -64.293072, -18.553509 ], [ -64.293379, -18.554331 ], [ -64.293528, -18.555031 ], [ -64.293491, -18.555528 ], [ -64.293934, -18.555918 ], [ -64.298501, -18.557178 ], [ -64.298836, -18.557678 ], [ -64.29905, -18.558135 ], [ -64.298987, -18.55834 ], [ -64.299094, -18.558606 ], [ -64.298286, -18.559458 ], [ -64.296813, -18.560244 ], [ -64.295036, -18.560045 ], [ -64.293554, -18.559843 ], [ -64.292967, -18.560412 ], [ -64.294316, -18.56266 ], [ -64.295127, -18.563326 ], [ -64.296325, -18.564269 ], [ -64.296851, -18.565324 ], [ -64.296492, -18.566738 ], [ -64.295758, -18.567519 ], [ -64.294282, -18.568023 ], [ -64.29266, -18.56881 ], [ -64.291459, -18.569245 ], [ -64.290354, -18.569829 ], [ -64.289256, -18.5704 ], [ -64.28883, -18.571102 ], [ -64.288841, -18.572505 ], [ -64.287971, -18.57491 ], [ -64.287831, -18.575119 ], [ -64.287093, -18.576222 ], [ -64.287251, -18.578501 ], [ -64.287074, -18.580277 ], [ -64.287339, -18.582129 ], [ -64.288287, -18.582983 ], [ -64.289366, -18.582555 ], [ -64.29101, -18.582391 ], [ -64.292182, -18.583511 ], [ -64.292433, -18.584425 ], [ -64.292436, -18.584843 ], [ -64.292186, -18.585986 ], [ -64.291761, -18.586985 ], [ -64.291379, -18.587728 ], [ -64.290554, -18.588399 ], [ -64.289154, -18.589021 ], [ -64.287874, -18.589527 ], [ -64.286672, -18.589669 ], [ -64.286371, -18.589976 ], [ -64.285426, -18.590768 ], [ -64.285069, -18.594305 ], [ -64.284662, -18.594964 ], [ -64.283531, -18.595412 ], [ -64.282519, -18.595527 ], [ -64.281762, -18.595485 ], [ -64.280436, -18.59627 ], [ -64.279702, -18.597122 ], [ -64.280085, -18.598884 ], [ -64.280986, -18.600571 ], [ -64.282411, -18.603172 ], [ -64.283455, -18.604223 ], [ -64.285532, -18.604914 ], [ -64.287079, -18.605617 ], [ -64.288135, -18.60659 ], [ -64.288834, -18.608156 ], [ -64.28868, -18.609234 ], [ -64.28928, -18.611984 ], [ -64.289869, -18.614237 ], [ -64.291148, -18.616356 ], [ -64.292741, -18.616878 ], [ -64.293303, -18.616635 ], [ -64.293243, -18.615705 ], [ -64.29359, -18.613823 ], [ -64.294784, -18.612684 ], [ -64.296244, -18.61225 ], [ -64.296624, -18.613517 ], [ -64.29771, -18.614672 ], [ -64.298051, -18.616259 ], [ -64.300127, -18.616809 ], [ -64.302714, -18.616368 ], [ -64.303754, -18.616925 ], [ -64.305251, -18.619173 ], [ -64.305289, -18.624076 ], [ -64.306177, -18.62407 ], [ -64.307358, -18.623709 ], [ -64.310919, -18.624743 ], [ -64.314928, -18.626408 ], [ -64.316644, -18.628231 ], [ -64.316735, -18.630347 ], [ -64.317694, -18.632079 ], [ -64.317609, -18.632332 ], [ -64.315591, -18.63402 ], [ -64.315523, -18.634941 ], [ -64.315073, -18.63558 ], [ -64.315091, -18.637978 ], [ -64.31481, -18.639885 ], [ -64.313264, -18.640955 ], [ -64.31187, -18.642587 ], [ -64.310989, -18.643511 ], [ -64.310629, -18.644854 ], [ -64.31108, -18.646709 ], [ -64.312351, -18.647452 ], [ -64.314272, -18.647016 ], [ -64.315891, -18.645805 ], [ -64.317716, -18.643586 ], [ -64.318474, -18.643683 ], [ -64.31838, -18.644472 ], [ -64.318509, -18.646009 ], [ -64.319607, -18.647684 ], [ -64.319326, -18.650262 ], [ -64.319964, -18.651517 ], [ -64.319973, -18.652638 ], [ -64.319893, -18.655244 ], [ -64.320523, -18.655622 ], [ -64.321127, -18.655542 ], [ -64.321154, -18.656281 ], [ -64.322063, -18.658103 ], [ -64.324132, -18.658518 ], [ -64.324455, -18.66041 ], [ -64.326387, -18.662947 ], [ -64.327739, -18.663847 ], [ -64.329364, -18.664891 ], [ -64.32967, -18.665175 ], [ -64.329895, -18.665268 ], [ -64.332533, -18.665892 ], [ -64.333248, -18.66595 ], [ -64.333673, -18.666124 ], [ -64.334032, -18.666336 ], [ -64.334298, -18.666523 ], [ -64.334723, -18.666722 ], [ -64.335307, -18.666894 ], [ -64.336354, -18.667089 ], [ -64.337082, -18.667172 ], [ -64.337929, -18.667191 ], [ -64.338803, -18.66726 ], [ -64.339161, -18.667334 ], [ -64.340875, -18.667491 ], [ -64.341832, -18.666936 ], [ -64.344849, -18.663547 ], [ -64.345972, -18.661647 ], [ -64.348502, -18.657465 ], [ -64.349547, -18.655558 ], [ -64.350525, -18.653207 ], [ -64.351272, -18.651201 ], [ -64.351746, -18.64948 ], [ -64.352369, -18.647818 ], [ -64.35314, -18.646136 ], [ -64.355279, -18.64321 ], [ -64.356939, -18.641299 ], [ -64.358049, -18.639654 ], [ -64.358862, -18.63793 ], [ -64.359384, -18.636896 ], [ -64.359802, -18.636206 ], [ -64.360132, -18.635011 ], [ -64.360122, -18.633779 ], [ -64.360169, -18.631697 ], [ -64.360371, -18.630483 ], [ -64.360527, -18.628704 ], [ -64.360789, -18.626984 ], [ -64.361198, -18.625102 ], [ -64.361373, -18.623745 ], [ -64.361438, -18.623203 ], [ -64.361473, -18.622392 ], [ -64.361293, -18.6211 ], [ -64.361131, -18.619403 ], [ -64.361097, -18.617726 ], [ -64.361109, -18.616655 ], [ -64.361099, -18.615302 ], [ -64.36149, -18.614875 ], [ -64.361816, -18.614832 ], [ -64.362771, -18.615067 ], [ -64.363559, -18.615567 ], [ -64.364181, -18.616471 ], [ -64.36451, -18.617863 ], [ -64.364947, -18.619436 ], [ -64.365611, -18.620402 ], [ -64.366785, -18.621424 ], [ -64.367705, -18.621961 ], [ -64.368407, -18.622369 ], [ -64.369256, -18.622962 ], [ -64.370741, -18.623113 ], [ -64.372457, -18.622999 ], [ -64.374065, -18.622603 ], [ -64.376031, -18.62212 ], [ -64.377148, -18.622061 ], [ -64.378043, -18.622055 ], [ -64.378821, -18.622057 ], [ -64.379787, -18.622127 ], [ -64.380799, -18.622384 ], [ -64.381651, -18.622642 ], [ -64.382244, -18.623055 ], [ -64.382587, -18.623385 ], [ -64.383286, -18.623602 ], [ -64.383726, -18.62376 ], [ -64.384542, -18.624053 ], [ -64.385151, -18.624236 ], [ -64.385751, -18.624308 ], [ -64.386349, -18.624142 ], [ -64.387267, -18.623794 ], [ -64.388185, -18.623446 ], [ -64.38904, -18.623039 ], [ -64.38995, -18.622726 ], [ -64.390333, -18.622527 ], [ -64.39111, -18.622393 ], [ -64.392084, -18.622352 ], [ -64.393067, -18.622242 ], [ -64.395167, -18.622056 ], [ -64.396078, -18.621922 ], [ -64.397516, -18.621766 ], [ -64.398151, -18.621787 ], [ -64.39867, -18.621877 ], [ -64.399694, -18.622415 ], [ -64.400827, -18.623225 ], [ -64.40243, -18.624611 ], [ -64.402908, -18.625068 ], [ -64.403502, -18.625549 ], [ -64.404006, -18.625887 ], [ -64.405029, -18.626331 ], [ -64.405423, -18.626464 ], [ -64.405862, -18.626469 ], [ -64.40621, -18.626467 ], [ -64.406719, -18.626301 ], [ -64.407093, -18.626205 ], [ -64.407521, -18.625954 ], [ -64.407904, -18.625764 ], [ -64.40826, -18.625625 ], [ -64.408671, -18.625622 ], [ -64.409271, -18.625711 ], [ -64.409746, -18.625827 ], [ -64.410185, -18.6259 ], [ -64.410606, -18.626025 ], [ -64.411001, -18.626158 ], [ -64.411576, -18.626495 ], [ -64.412259, -18.626882 ], [ -64.412822, -18.627258 ], [ -64.413481, -18.627632 ], [ -64.414092, -18.627925 ], [ -64.414773, -18.62821 ], [ -64.415294, -18.628385 ], [ -64.415805, -18.628552 ], [ -64.416342, -18.628684 ], [ -64.416736, -18.628681 ], [ -64.417388, -18.628668 ], [ -64.418193, -18.628585 ], [ -64.419086, -18.628502 ], [ -64.419952, -18.628307 ], [ -64.420747, -18.628182 ], [ -64.421426, -18.628117 ], [ -64.422265, -18.627949 ], [ -64.422944, -18.62785 ], [ -64.423524, -18.627801 ], [ -64.42432, -18.627763 ], [ -64.424633, -18.627769 ], [ -64.424857, -18.627827 ], [ -64.425064, -18.627928 ], [ -64.425818, -18.628306 ], [ -64.426447, -18.628642 ], [ -64.427147, -18.628918 ], [ -64.427891, -18.629143 ], [ -64.428571, -18.629291 ], [ -64.429075, -18.629614 ], [ -64.429786, -18.629993 ], [ -64.430562, -18.630385 ], [ -64.431613, -18.631037 ], [ -64.432535, -18.631613 ], [ -64.433184, -18.632283 ], [ -64.433786, -18.633137 ], [ -64.434948, -18.635429 ], [ -64.435835, -18.6376 ], [ -64.436162, -18.638514 ], [ -64.437432, -18.640058 ], [ -64.43828, -18.641309 ], [ -64.438723, -18.642349 ], [ -64.438763, -18.643315 ], [ -64.438645, -18.644589 ], [ -64.438572, -18.645433 ], [ -64.438824, -18.646689 ], [ -64.43935, -18.647988 ], [ -64.439905, -18.64892 ], [ -64.440542, -18.649796 ], [ -64.441479, -18.650549 ], [ -64.442775, -18.651551 ], [ -64.444407, -18.652352 ], [ -64.446099, -18.65263 ], [ -64.448995, -18.652608 ], [ -64.450765, -18.652548 ], [ -64.452695, -18.652441 ], [ -64.454129, -18.65266 ], [ -64.454936, -18.653007 ], [ -64.456343, -18.653778 ], [ -64.45733, -18.654491 ], [ -64.458223, -18.655405 ], [ -64.458775, -18.655999 ], [ -64.460404, -18.658317 ], [ -64.462716, -18.66149 ], [ -64.464288, -18.663874 ], [ -64.465886, -18.665208 ], [ -64.468205, -18.66726 ], [ -64.469837, -18.667968 ], [ -64.471835, -18.668336 ], [ -64.473378, -18.668109 ], [ -64.476748, -18.668039 ], [ -64.478528, -18.66813 ], [ -64.47993, -18.668334 ], [ -64.481205, -18.668799 ], [ -64.482337, -18.669419 ], [ -64.48437, -18.669971 ], [ -64.48811, -18.670739 ], [ -64.49505, -18.670767 ], [ -64.498105, -18.670966 ], [ -64.500229, -18.670918 ], [ -64.502351, -18.670641 ], [ -64.503543, -18.670232 ], [ -64.50638, -18.669458 ], [ -64.50715, -18.669237 ], [ -64.508706, -18.668611 ], [ -64.510022, -18.668186 ], [ -64.511083, -18.668071 ], [ -64.512564, -18.668181 ], [ -64.513421, -18.668681 ], [ -64.514603, -18.669484 ], [ -64.515635, -18.671073 ], [ -64.516354, -18.672706 ], [ -64.51666, -18.673541 ], [ -64.516749, -18.673746 ], [ -64.516949, -18.674496 ], [ -64.517534, -18.675166 ], [ -64.51828, -18.675773 ], [ -64.519813, -18.676252 ], [ -64.520505, -18.676262 ], [ -64.521678, -18.676037 ], [ -64.522624, -18.675646 ], [ -64.523875, -18.675176 ], [ -64.526236, -18.674697 ], [ -64.52836, -18.674649 ], [ -64.53013, -18.674619 ], [ -64.531514, -18.674623 ], [ -64.533412, -18.674844 ], [ -64.535124, -18.675146 ], [ -64.537009, -18.675437 ], [ -64.542654, -18.675038 ], [ -64.544999, -18.674482 ], [ -64.547381, -18.674539 ], [ -64.550471, -18.674514 ], [ -64.552288, -18.674361 ], [ -64.554172, -18.674163 ], [ -64.555166, -18.674153 ], [ -64.556069, -18.674329 ], [ -64.55678, -18.674599 ], [ -64.558152, -18.674382 ], [ -64.559186, -18.673736 ], [ -64.560199, -18.671964 ], [ -64.561508, -18.669008 ], [ -64.562311, -18.667069 ], [ -64.563178, -18.66338 ], [ -64.564204, -18.661209 ], [ -64.565382, -18.659788 ], [ -64.566978, -18.658818 ], [ -64.570713, -18.656661 ], [ -64.572297, -18.655323 ], [ -64.573657, -18.654526 ], [ -64.575201, -18.653976 ], [ -64.576607, -18.653811 ], [ -64.57816, -18.654239 ], [ -64.579973, -18.654549 ], [ -64.581663, -18.65465 ], [ -64.583409, -18.654214 ], [ -64.58615, -18.652599 ], [ -64.588282, -18.650453 ], [ -64.589691, -18.648447 ], [ -64.590985, -18.646979 ], [ -64.592021, -18.645935 ], [ -64.592996, -18.644815 ], [ -64.594192, -18.643712 ], [ -64.595434, -18.643107 ], [ -64.59688, -18.642884 ], [ -64.599221, -18.642986 ], [ -64.601569, -18.643247 ], [ -64.606179, -18.643706 ], [ -64.607421, -18.643235 ], [ -64.609357, -18.641647 ], [ -64.610508, -18.63995 ], [ -64.610797, -18.639674 ], [ -64.610906, -18.63956 ], [ -64.611584, -18.638886 ], [ -64.612681, -18.637995 ], [ -64.614263, -18.637214 ], [ -64.615806, -18.636684 ], [ -64.617031, -18.636481 ], [ -64.618835, -18.635795 ], [ -64.619998, -18.635459 ], [ -64.620898, -18.634933 ], [ -64.621556, -18.634372 ], [ -64.621851, -18.633622 ], [ -64.621817, -18.632725 ], [ -64.6219, -18.630266 ], [ -64.622055, -18.627619 ], [ -64.622302, -18.626083 ], [ -64.62285, -18.624506 ], [ -64.623424, -18.623485 ], [ -64.624099, -18.622598 ], [ -64.624958, -18.621938 ], [ -64.625698, -18.621606 ], [ -64.626479, -18.621197 ], [ -64.627402, -18.620959 ], [ -64.628245, -18.620817 ], [ -64.629764, -18.620659 ], [ -64.631054, -18.620141 ], [ -64.632051, -18.61927 ], [ -64.632787, -18.618439 ], [ -64.63392, -18.617049 ], [ -64.634443, -18.615012 ], [ -64.634689, -18.613399 ], [ -64.634363, -18.610833 ], [ -64.633626, -18.60944 ], [ -64.633209, -18.60791 ], [ -64.633097, -18.606646 ], [ -64.633584, -18.60505 ], [ -64.6338, -18.604473 ], [ -64.634518, -18.603853 ], [ -64.635762, -18.603593 ], [ -64.636771, -18.603834 ], [ -64.638242, -18.60432 ], [ -64.640236, -18.604705 ], [ -64.641544, -18.604789 ], [ -64.643513, -18.604638 ], [ -64.645055, -18.603992 ], [ -64.646612, -18.602847 ], [ -64.647226, -18.601806 ], [ -64.647537, -18.600692 ], [ -64.647919, -18.598675 ], [ -64.647912, -18.5958 ], [ -64.647715, -18.594172 ], [ -64.647063, -18.593219 ], [ -64.64603, -18.5925 ], [ -64.645247, -18.592545 ], [ -64.644745, -18.592645 ], [ -64.644141, -18.592497 ], [ -64.643433, -18.592081 ], [ -64.643085, -18.591471 ], [ -64.642975, -18.590417 ], [ -64.643007, -18.589573 ], [ -64.643257, -18.58844 ], [ -64.643788, -18.58717 ], [ -64.644257, -18.585728 ], [ -64.644811, -18.584822 ], [ -64.645732, -18.583603 ], [ -64.646933, -18.581851 ], [ -64.648, -18.579829 ], [ -64.648925, -18.577808 ], [ -64.649975, -18.576227 ], [ -64.651439, -18.574225 ], [ -64.652926, -18.572747 ], [ -64.654062, -18.571885 ], [ -64.656158, -18.570962 ], [ -64.657549, -18.570355 ], [ -64.659978, -18.570231 ], [ -64.662193, -18.570177 ], [ -64.663944, -18.570094 ], [ -64.666293, -18.569085 ], [ -64.669455, -18.567216 ], [ -64.671084, -18.565634 ], [ -64.673348, -18.563296 ], [ -64.674229, -18.562062 ], [ -64.674827, -18.561 ], [ -64.675334, -18.55959 ], [ -64.675868, -18.557889 ], [ -64.676496, -18.556282 ], [ -64.677655, -18.554192 ], [ -64.678954, -18.551863 ], [ -64.680182, -18.549557 ], [ -64.680603, -18.548679 ], [ -64.680803, -18.547245 ], [ -64.680867, -18.545901 ], [ -64.68113, -18.544175 ], [ -64.681723, -18.54267 ], [ -64.682604, -18.541367 ], [ -64.68402, -18.540025 ], [ -64.684693, -18.539474 ], [ -64.685713, -18.538808 ], [ -64.686542, -18.538571 ], [ -64.688329, -18.538556 ], [ -64.689115, -18.538617 ], [ -64.690725, -18.538807 ], [ -64.691585, -18.539038 ], [ -64.692371, -18.539031 ], [ -64.693222, -18.538741 ], [ -64.693864, -18.538267 ], [ -64.694356, -18.537445 ], [ -64.69495, -18.536008 ], [ -64.695461, -18.53355 ], [ -64.695798, -18.532114 ], [ -64.696118, -18.530637 ], [ -64.696369, -18.529922 ], [ -64.696854, -18.5295 ], [ -64.697805, -18.529345 ], [ -64.698423, -18.529339 ], [ -64.69917, -18.529332 ], [ -64.699711, -18.529401 ], [ -64.700402, -18.529796 ], [ -64.700749, -18.530153 ], [ -64.701012, -18.530716 ], [ -64.701383, -18.531842 ], [ -64.701523, -18.532996 ], [ -64.701716, -18.534222 ], [ -64.702098, -18.53638 ], [ -64.702602, -18.537923 ], [ -64.703179, -18.538999 ], [ -64.703724, -18.539387 ], [ -64.704525, -18.539625 ], [ -64.705839, -18.539663 ], [ -64.706891, -18.539358 ], [ -64.708326, -18.538633 ], [ -64.709119, -18.53811 ], [ -64.709574, -18.537222 ], [ -64.709926, -18.536359 ], [ -64.710331, -18.535667 ], [ -64.710713, -18.535246 ], [ -64.71115, -18.535095 ], [ -64.711844, -18.535015 ], [ -64.712643, -18.535057 ], [ -64.713699, -18.535096 ], [ -64.71473, -18.53521 ], [ -64.715427, -18.535326 ], [ -64.71651, -18.535489 ], [ -64.717027, -18.535754 ], [ -64.717981, -18.535844 ], [ -64.718858, -18.536008 ], [ -64.719789, -18.536318 ], [ -64.720736, -18.536706 ], [ -64.721186, -18.536969 ], [ -64.721676, -18.537038 ], [ -64.722242, -18.536984 ], [ -64.722906, -18.536487 ], [ -64.723619, -18.535719 ], [ -64.724307, -18.534975 ], [ -64.72502, -18.534134 ], [ -64.725716, -18.53393 ], [ -64.726229, -18.534049 ], [ -64.726955, -18.534509 ], [ -64.728303, -18.53543 ], [ -64.729753, -18.536178 ], [ -64.732673, -18.537159 ], [ -64.734685, -18.537484 ], [ -64.736376, -18.537294 ], [ -64.738176, -18.536396 ], [ -64.739224, -18.535649 ], [ -64.73975, -18.53534 ], [ -64.741093, -18.534551 ], [ -64.742094, -18.534198 ], [ -64.743919, -18.53396 ], [ -64.745851, -18.534016 ], [ -64.747015, -18.534472 ], [ -64.748331, -18.534755 ], [ -64.750132, -18.534591 ], [ -64.751773, -18.533888 ], [ -64.753824, -18.532984 ], [ -64.755667, -18.531911 ], [ -64.757536, -18.530911 ], [ -64.760878, -18.52978 ], [ -64.761935, -18.529492 ], [ -64.763327, -18.528951 ], [ -64.764383, -18.52859 ], [ -64.765027, -18.528481 ], [ -64.765672, -18.528519 ], [ -64.766396, -18.528703 ], [ -64.76735, -18.528914 ], [ -64.76838, -18.52905 ], [ -64.769256, -18.529116 ], [ -64.77067, -18.529219 ], [ -64.771254, -18.529199 ], [ -64.771896, -18.528886 ], [ -64.773468, -18.527963 ], [ -64.774095, -18.527708 ], [ -64.775844, -18.527603 ], [ -64.776956, -18.527557 ], [ -64.777947, -18.527467 ], [ -64.778437, -18.52733 ], [ -64.779699, -18.526877 ], [ -64.780855, -18.52656 ], [ -64.782034, -18.526183 ], [ -64.783547, -18.525495 ], [ -64.784371, -18.525004 ], [ -64.785621, -18.524054 ], [ -64.786665, -18.522609 ], [ -64.787346, -18.521577 ], [ -64.787538, -18.520916 ], [ -64.787501, -18.520228 ], [ -64.787293, -18.519468 ], [ -64.786886, -18.518695 ], [ -64.786558, -18.51823 ], [ -64.786234, -18.517998 ], [ -64.785894, -18.51787 ], [ -64.785682, -18.517572 ], [ -64.785673, -18.517242 ], [ -64.785823, -18.516889 ], [ -64.786049, -18.516491 ], [ -64.786352, -18.516049 ], [ -64.787932, -18.514408 ], [ -64.788732, -18.51314 ], [ -64.789349, -18.511919 ], [ -64.789953, -18.510946 ], [ -64.790483, -18.510165 ], [ -64.793077, -18.507166 ], [ -64.794381, -18.505601 ], [ -64.795461, -18.504565 ], [ -64.796221, -18.503899 ], [ -64.796917, -18.50296 ], [ -64.797612, -18.501732 ], [ -64.797849, -18.500954 ], [ -64.798054, -18.5 ], [ -64.798056, -18.49874 ], [ -64.797981, -18.497363 ], [ -64.797973, -18.496675 ], [ -64.798055, -18.495678 ], [ -64.798231, -18.494841 ], [ -64.798607, -18.494135 ], [ -64.799429, -18.493438 ], [ -64.800557, -18.492681 ], [ -64.801595, -18.492041 ], [ -64.802893, -18.491369 ], [ -64.804037, -18.490714 ], [ -64.805275, -18.490145 ], [ -64.8065, -18.489811 ], [ -64.808656, -18.488956 ], [ -64.810066, -18.488723 ], [ -64.810956, -18.488714 ], [ -64.812662, -18.488888 ], [ -64.816122, -18.489137 ], [ -64.819403, -18.489014 ], [ -64.821445, -18.489009 ], [ -64.823366, -18.489122 ], [ -64.82475, -18.489314 ], [ -64.826136, -18.489726 ], [ -64.826952, -18.489981 ], [ -64.827675, -18.490092 ], [ -64.828873, -18.48997 ], [ -64.830053, -18.489907 ], [ -64.831585, -18.489629 ], [ -64.832702, -18.489296 ], [ -64.833542, -18.488819 ], [ -64.834591, -18.487842 ], [ -64.835633, -18.48625 ], [ -64.836799, -18.48473 ], [ -64.837332, -18.48427 ], [ -64.838232, -18.483764 ], [ -64.839105, -18.483579 ], [ -64.840671, -18.483564 ], [ -64.841271, -18.483676 ], [ -64.842008, -18.483712 ], [ -64.842993, -18.483952 ], [ -64.843841, -18.48428 ], [ -64.844785, -18.484945 ], [ -64.845653, -18.485698 ], [ -64.846859, -18.486566 ], [ -64.848126, -18.487286 ], [ -64.848853, -18.487791 ], [ -64.849564, -18.488209 ], [ -64.850074, -18.488556 ], [ -64.850799, -18.4889 ], [ -64.851569, -18.489083 ], [ -64.852599, -18.489176 ], [ -64.853902, -18.489046 ], [ -64.854576, -18.488893 ], [ -64.855399, -18.488313 ], [ -64.855742, -18.487703 ], [ -64.856398, -18.486941 ], [ -64.856748, -18.486659 ], [ -64.857159, -18.486377 ], [ -64.857451, -18.486374 ], [ -64.857743, -18.48643 ], [ -64.858563, -18.487008 ], [ -64.859107, -18.487618 ], [ -64.859957, -18.489528 ], [ -64.860364, -18.490271 ], [ -64.86102, -18.491364 ], [ -64.86132, -18.492064 ], [ -64.861664, -18.49269 ], [ -64.862039, -18.493229 ], [ -64.862518, -18.493532 ], [ -64.862964, -18.493615 ], [ -64.863393, -18.493538 ], [ -64.865535, -18.491407 ], [ -64.866129, -18.491006 ], [ -64.866636, -18.490986 ], [ -64.867113, -18.491142 ], [ -64.867638, -18.491372 ], [ -64.868318, -18.491775 ], [ -64.869089, -18.49209 ], [ -64.870045, -18.492447 ], [ -64.870782, -18.492498 ], [ -64.871166, -18.492479 ], [ -64.871548, -18.492315 ], [ -64.871728, -18.491961 ], [ -64.871944, -18.49106 ], [ -64.872002, -18.490318 ], [ -64.872471, -18.489654 ], [ -64.873292, -18.488972 ], [ -64.874071, -18.488583 ], [ -64.8745, -18.488447 ], [ -64.875067, -18.488398 ], [ -64.875559, -18.488422 ], [ -64.876066, -18.488461 ], [ -64.876312, -18.488561 ], [ -64.876623, -18.489117 ], [ -64.877185, -18.489754 ], [ -64.877918, -18.490787 ], [ -64.878402, -18.491544 ], [ -64.879037, -18.492006 ], [ -64.880023, -18.492348 ], [ -64.880854, -18.49253 ], [ -64.881946, -18.49271 ], [ -64.882946, -18.492919 ], [ -64.883855, -18.493145 ], [ -64.884227, -18.493493 ], [ -64.884615, -18.493913 ], [ -64.885176, -18.494626 ], [ -64.885908, -18.4956 ], [ -64.886359, -18.496152 ], [ -64.886935, -18.49682 ], [ -64.887633, -18.497458 ], [ -64.88842, -18.497831 ], [ -64.889483, -18.498157 ], [ -64.890239, -18.498486 ], [ -64.890917, -18.498743 ], [ -64.891443, -18.499134 ], [ -64.89197, -18.499509 ], [ -64.892634, -18.499913 ], [ -64.893421, -18.500286 ], [ -64.894098, -18.500411 ], [ -64.894882, -18.500447 ], [ -64.895681, -18.500512 ], [ -64.896649, -18.50059 ], [ -64.897448, -18.500626 ], [ -64.898078, -18.500737 ], [ -64.898879, -18.500934 ], [ -64.899511, -18.501162 ], [ -64.899959, -18.501421 ], [ -64.900346, -18.501696 ], [ -64.900719, -18.502131 ], [ -64.901016, -18.502583 ], [ -64.901281, -18.502975 ], [ -64.901684, -18.503279 ], [ -64.903345, -18.503511 ], [ -64.904297, -18.503531 ], [ -64.905618, -18.503606 ], [ -64.907004, -18.503929 ], [ -64.907695, -18.503995 ], [ -64.908235, -18.504165 ], [ -64.908731, -18.5046 ], [ -64.909243, -18.505137 ], [ -64.909773, -18.50582 ], [ -64.910429, -18.506853 ], [ -64.911475, -18.50841 ], [ -64.912331, -18.509412 ], [ -64.913246, -18.510208 ], [ -64.913943, -18.510773 ], [ -64.914576, -18.511118 ], [ -64.915656, -18.511517 ], [ -64.917273, -18.511999 ], [ -64.919112, -18.512778 ], [ -64.921362, -18.513788 ], [ -64.922811, -18.514272 ], [ -64.92363, -18.514747 ], [ -64.924466, -18.515353 ], [ -64.925256, -18.515975 ], [ -64.926414, -18.516535 ], [ -64.927614, -18.516742 ], [ -64.928599, -18.516937 ], [ -64.929121, -18.516947 ], [ -64.930136, -18.517127 ], [ -64.930601, -18.517459 ], [ -64.931049, -18.517747 ], [ -64.931757, -18.517872 ], [ -64.932418, -18.517953 ], [ -64.932882, -18.518138 ], [ -64.933084, -18.518444 ], [ -64.933245, -18.519087 ], [ -64.933418, -18.520799 ], [ -64.933788, -18.522363 ], [ -64.934111, -18.523722 ], [ -64.934384, -18.524832 ], [ -64.934613, -18.526104 ], [ -64.934912, -18.528108 ], [ -64.93518, -18.528676 ], [ -64.935914, -18.529768 ], [ -64.936364, -18.530202 ], [ -64.937122, -18.530693 ], [ -64.937987, -18.531123 ], [ -64.938636, -18.531512 ], [ -64.939393, -18.531929 ], [ -64.940319, -18.532315 ], [ -64.941367, -18.532627 ], [ -64.941982, -18.532752 ], [ -64.942754, -18.533066 ], [ -64.944147, -18.534063 ], [ -64.944829, -18.534569 ], [ -64.945493, -18.534928 ], [ -64.946264, -18.535169 ], [ -64.947063, -18.535219 ], [ -64.948972, -18.535654 ], [ -64.949561, -18.535988 ], [ -64.950194, -18.536447 ], [ -64.95066, -18.536925 ], [ -64.951188, -18.537707 ], [ -64.951906, -18.538782 ], [ -64.952702, -18.539556 ], [ -64.953602, -18.540425 ], [ -64.954285, -18.541092 ], [ -64.954904, -18.541452 ], [ -64.956674, -18.54177 ], [ -64.957751, -18.541994 ], [ -64.958476, -18.542294 ], [ -64.958985, -18.542479 ], [ -64.959402, -18.542709 ], [ -64.959654, -18.54319 ], [ -64.959661, -18.543878 ], [ -64.95941, -18.544759 ], [ -64.95827, -18.547115 ], [ -64.957756, -18.547823 ], [ -64.957458, -18.548618 ], [ -64.957131, -18.549544 ], [ -64.957078, -18.550277 ], [ -64.957022, -18.551402 ], [ -64.957202, -18.55174 ], [ -64.957608, -18.552366 ], [ -64.958073, -18.552742 ], [ -64.958662, -18.553161 ], [ -64.959403, -18.553548 ], [ -64.960327, -18.553773 ], [ -64.961851, -18.55405 ], [ -64.963592, -18.554545 ], [ -64.964597, -18.555106 ], [ -64.965492, -18.555463 ], [ -64.965802, -18.555532 ], [ -64.966677, -18.555729 ], [ -64.967338, -18.555766 ], [ -64.968104, -18.555567 ], [ -64.968732, -18.555414 ], [ -64.969503, -18.555255 ], [ -64.970235, -18.555281 ], [ -64.971081, -18.555346 ], [ -64.971865, -18.555469 ], [ -64.972498, -18.555712 ], [ -64.972931, -18.556015 ], [ -64.973383, -18.556567 ], [ -64.973648, -18.556945 ], [ -64.974077, -18.5582 ], [ -64.974405, -18.558636 ], [ -64.9751, -18.558995 ], [ -64.976317, -18.559304 ], [ -64.977362, -18.559381 ], [ -64.978762, -18.559513 ], [ -64.980069, -18.559719 ], [ -64.980961, -18.559783 ], [ -64.981792, -18.559906 ], [ -64.982318, -18.560223 ], [ -64.982843, -18.560466 ], [ -64.983381, -18.560534 ], [ -64.983903, -18.560499 ], [ -64.984422, -18.560274 ], [ -64.9852, -18.559826 ], [ -64.985704, -18.559514 ], [ -64.986362, -18.55936 ], [ -64.986994, -18.559573 ], [ -64.987365, -18.559789 ], [ -64.987814, -18.560077 ], [ -64.988648, -18.560493 ], [ -64.989191, -18.560942 ], [ -64.989502, -18.561275 ], [ -64.989935, -18.56149 ], [ -64.990319, -18.561486 ], [ -64.990959, -18.561128 ], [ -64.991659, -18.560491 ], [ -64.992689, -18.559323 ], [ -64.993111, -18.558557 ], [ -64.993778, -18.557847 ], [ -64.994589, -18.557589 ], [ -64.995033, -18.557496 ], [ -64.995817, -18.557503 ], [ -64.996494, -18.557627 ], [ -64.997249, -18.55781 ], [ -64.997943, -18.558081 ], [ -64.998667, -18.558264 ], [ -64.999405, -18.558388 ], [ -64.999946, -18.558689 ], [ -65.000383, -18.559227 ], [ -65.000561, -18.56006 ], [ -65.000494, -18.560885 ], [ -65.000456, -18.561584 ], [ -65.000437, -18.56387 ], [ -65.000526, -18.564909 ], [ -65.000701, -18.565478 ], [ -65.001038, -18.566129 ], [ -65.001863, -18.567663 ], [ -65.003305, -18.570079 ], [ -65.004027, -18.571434 ], [ -65.004516, -18.572512 ], [ -65.004874, -18.572948 ], [ -65.005569, -18.573234 ], [ -65.006416, -18.573444 ], [ -65.008312, -18.574039 ], [ -65.009345, -18.574409 ], [ -65.013133, -18.576537 ], [ -65.01397, -18.577157 ], [ -65.015145, -18.579093 ], [ -65.015375, -18.58035 ], [ -65.015704, -18.580903 ], [ -65.016386, -18.581482 ], [ -65.017745, -18.582097 ], [ -65.018562, -18.582338 ], [ -65.019211, -18.582653 ], [ -65.019737, -18.582999 ], [ -65.02028, -18.583432 ], [ -65.020653, -18.583809 ], [ -65.020919, -18.584187 ], [ -65.021265, -18.584857 ], [ -65.021456, -18.58547 ], [ -65.021654, -18.586625 ], [ -65.021698, -18.587782 ], [ -65.021514, -18.589073 ], [ -65.021513, -18.590318 ], [ -65.021704, -18.590887 ], [ -65.022115, -18.591541 ], [ -65.022255, -18.591951 ], [ -65.022323, -18.592551 ], [ -65.022284, -18.593152 ], [ -65.022274, -18.593635 ], [ -65.022159, -18.594295 ], [ -65.022154, -18.594972 ], [ -65.022083, -18.5956 ], [ -65.021749, -18.59597 ], [ -65.021308, -18.596355 ], [ -65.020732, -18.597035 ], [ -65.020601, -18.597637 ], [ -65.020605, -18.597974 ], [ -65.020733, -18.598412 ], [ -65.021013, -18.598687 ], [ -65.021322, -18.59883 ], [ -65.021938, -18.59897 ], [ -65.022522, -18.598979 ], [ -65.023644, -18.599069 ], [ -65.02495, -18.599099 ], [ -65.025855, -18.598958 ], [ -65.026896, -18.598624 ], [ -65.027282, -18.598439 ], [ -65.028149, -18.598098 ], [ -65.030143, -18.597842 ], [ -65.031511, -18.59793 ], [ -65.033128, -18.598205 ], [ -65.034066, -18.598342 ], [ -65.034745, -18.598598 ], [ -65.035442, -18.599045 ], [ -65.036108, -18.59955 ], [ -65.037037, -18.60017 ], [ -65.037425, -18.600488 ], [ -65.037663, -18.601101 ], [ -65.037739, -18.602345 ], [ -65.037809, -18.604321 ], [ -65.037999, -18.60615 ], [ -65.038294, -18.60767 ], [ -65.0386, -18.608839 ], [ -65.039333, -18.609739 ], [ -65.040016, -18.610332 ], [ -65.041404, -18.610815 ], [ -65.042389, -18.610922 ], [ -65.043665, -18.611025 ], [ -65.04494, -18.61107 ], [ -65.046262, -18.61107 ], [ -65.046926, -18.611414 ], [ -65.047425, -18.611966 ], [ -65.04771, -18.612739 ], [ -65.047843, -18.613572 ], [ -65.047884, -18.614741 ], [ -65.047613, -18.616153 ], [ -65.04729, -18.617372 ], [ -65.046431, -18.618846 ], [ -65.045892, -18.619965 ], [ -65.045567, -18.621052 ], [ -65.045327, -18.621582 ], [ -65.045331, -18.623194 ], [ -65.045439, -18.624481 ], [ -65.045601, -18.625212 ], [ -65.046241, -18.626025 ], [ -65.047309, -18.626717 ], [ -65.048549, -18.627641 ], [ -65.049865, -18.628476 ], [ -65.050653, -18.628833 ], [ -65.051178, -18.629047 ], [ -65.051597, -18.62935 ], [ -65.051615, -18.62987 ], [ -65.051332, -18.630335 ], [ -65.050862, -18.630867 ], [ -65.050284, -18.631342 ], [ -65.04898, -18.632792 ], [ -65.048602, -18.633294 ], [ -65.048424, -18.633823 ], [ -65.048432, -18.634555 ], [ -65.048785, -18.635782 ], [ -65.049048, -18.637214 ], [ -65.049447, -18.63847 ], [ -65.049551, -18.639435 ], [ -65.049486, -18.640388 ], [ -65.049371, -18.641092 ], [ -65.048749, -18.643047 ], [ -65.048163, -18.646686 ], [ -65.047836, -18.647642 ], [ -65.047279, -18.648556 ], [ -65.046511, -18.649897 ], [ -65.046246, -18.650265 ], [ -65.045786, -18.650901 ], [ -65.044994, -18.651496 ], [ -65.044105, -18.65174 ], [ -65.043322, -18.651734 ], [ -65.042628, -18.651536 ], [ -65.042039, -18.651132 ], [ -65.040759, -18.649433 ], [ -65.040431, -18.649041 ], [ -65.040183, -18.648809 ], [ -65.039707, -18.648727 ], [ -65.039309, -18.64898 ], [ -65.039116, -18.649538 ], [ -65.038533, -18.654797 ], [ -65.038252, -18.6557 ], [ -65.037229, -18.657571 ], [ -65.036889, -18.658673 ], [ -65.036906, -18.660108 ], [ -65.036942, -18.660489 ], [ -65.036569, -18.661474 ], [ -65.035737, -18.662552 ], [ -65.035038, -18.663263 ], [ -65.034282, -18.664238 ], [ -65.032646, -18.666262 ], [ -65.031967, -18.66728 ], [ -65.031642, -18.668368 ], [ -65.031695, -18.669012 ], [ -65.032298, -18.670616 ], [ -65.033595, -18.672345 ], [ -65.0347, -18.67352 ], [ -65.035603, -18.674535 ], [ -65.036569, -18.675638 ], [ -65.03746, -18.676859 ], [ -65.038766, -18.678119 ], [ -65.039808, -18.679162 ], [ -65.040958, -18.680219 ], [ -65.041642, -18.680885 ], [ -65.042124, -18.681349 ], [ -65.042736, -18.681623 ], [ -65.043327, -18.681702 ], [ -65.044462, -18.681543 ], [ -65.045624, -18.681003 ], [ -65.046677, -18.680362 ], [ -65.047356, -18.678465 ], [ -65.048106, -18.676553 ], [ -65.048632, -18.675522 ], [ -65.049054, -18.674799 ], [ -65.049495, -18.674472 ], [ -65.04996, -18.674435 ], [ -65.050847, -18.674443 ], [ -65.051924, -18.674534 ], [ -65.053251, -18.674988 ], [ -65.054071, -18.675389 ], [ -65.055212, -18.675728 ], [ -65.056199, -18.675981 ], [ -65.057131, -18.675861 ], [ -65.058253, -18.675534 ], [ -65.060353, -18.673841 ], [ -65.062326, -18.671812 ], [ -65.063659, -18.670172 ], [ -65.064887, -18.668826 ], [ -65.066286, -18.667609 ], [ -65.068127, -18.666066 ], [ -65.072723, -18.662324 ], [ -65.075035, -18.660409 ], [ -65.076282, -18.659282 ], [ -65.07712, -18.658731 ], [ -65.077657, -18.658637 ], [ -65.078148, -18.65867 ], [ -65.079212, -18.658942 ], [ -65.080293, -18.65934 ], [ -65.081514, -18.659956 ], [ -65.082521, -18.66056 ], [ -65.083342, -18.661122 ], [ -65.084145, -18.66148 ], [ -65.084761, -18.661575 ], [ -65.085852, -18.661534 ], [ -65.086538, -18.661116 ], [ -65.087848, -18.658934 ], [ -65.088318, -18.658416 ], [ -65.088867, -18.658015 ], [ -65.089479, -18.657847 ], [ -65.090295, -18.657911 ], [ -65.091327, -18.658178 ], [ -65.092603, -18.658163 ], [ -65.094013, -18.657884 ], [ -65.094962, -18.657624 ], [ -65.095711, -18.657235 ], [ -65.096426, -18.656685 ], [ -65.096774, -18.656257 ], [ -65.097076, -18.655785 ], [ -65.097371, -18.654829 ], [ -65.097759, -18.653829 ], [ -65.098119, -18.653166 ], [ -65.098843, -18.652015 ], [ -65.099733, -18.650731 ], [ -65.100621, -18.649183 ], [ -65.100981, -18.648447 ], [ -65.101171, -18.647654 ], [ -65.101178, -18.64698 ], [ -65.101043, -18.646029 ], [ -65.100832, -18.645138 ], [ -65.100824, -18.644465 ], [ -65.100915, -18.643116 ], [ -65.101016, -18.642544 ], [ -65.101146, -18.641927 ], [ -65.101565, -18.640985 ], [ -65.102429, -18.639994 ], [ -65.103463, -18.639177 ], [ -65.104378, -18.638566 ], [ -65.105295, -18.63819 ], [ -65.106168, -18.63799 ], [ -65.10675, -18.637793 ], [ -65.108514, -18.637597 ], [ -65.109203, -18.637384 ], [ -65.109997, -18.637009 ], [ -65.110986, -18.636178 ], [ -65.111698, -18.635379 ], [ -65.112181, -18.634656 ], [ -65.113136, -18.633679 ], [ -65.113821, -18.6331 ], [ -65.114753, -18.632694 ], [ -65.115827, -18.63255 ], [ -65.116994, -18.632522 ], [ -65.118224, -18.632567 ], [ -65.119222, -18.632585 ], [ -65.120101, -18.632809 ], [ -65.120996, -18.633107 ], [ -65.121751, -18.633274 ], [ -65.122259, -18.633371 ], [ -65.122549, -18.63319 ], [ -65.123097, -18.632834 ], [ -65.123427, -18.632186 ], [ -65.12378, -18.630864 ], [ -65.124854, -18.628347 ], [ -65.125154, -18.627728 ], [ -65.125591, -18.62705 ], [ -65.126137, -18.626443 ], [ -65.126669, -18.625983 ], [ -65.12708, -18.625715 ], [ -65.127555, -18.625607 ], [ -65.128724, -18.625725 ], [ -65.129738, -18.625714 ], [ -65.130779, -18.625453 ], [ -65.131922, -18.624954 ], [ -65.133022, -18.624197 ], [ -65.134331, -18.623216 ], [ -65.135932, -18.62226 ], [ -65.13723, -18.62163 ], [ -65.138872, -18.62025 ], [ -65.140913, -18.61885 ], [ -65.142849, -18.617641 ], [ -65.144298, -18.616834 ], [ -65.145166, -18.616194 ], [ -65.146487, -18.614949 ], [ -65.146973, -18.614069 ], [ -65.147159, -18.613433 ], [ -65.147004, -18.612043 ], [ -65.146745, -18.611021 ], [ -65.146633, -18.6107 ], [ -65.146513, -18.60969 ], [ -65.146335, -18.608931 ], [ -65.14619, -18.608376 ], [ -65.146069, -18.607762 ], [ -65.1461, -18.607381 ], [ -65.146216, -18.606823 ], [ -65.146427, -18.606469 ], [ -65.1467, -18.606246 ], [ -65.147145, -18.606139 ], [ -65.14759, -18.606134 ], [ -65.148014, -18.606352 ], [ -65.14832, -18.60677 ], [ -65.149298, -18.607579 ], [ -65.149778, -18.607881 ], [ -65.150266, -18.608827 ], [ -65.151097, -18.610136 ], [ -65.152051, -18.611517 ], [ -65.152691, -18.6123 ], [ -65.153603, -18.612773 ], [ -65.15436, -18.613131 ], [ -65.155149, -18.613517 ], [ -65.155996, -18.613712 ], [ -65.156625, -18.613647 ], [ -65.157816, -18.613076 ], [ -65.158485, -18.612556 ], [ -65.159063, -18.612095 ], [ -65.159658, -18.611722 ], [ -65.160432, -18.611355 ], [ -65.161013, -18.61077 ], [ -65.161178, -18.610445 ], [ -65.16194, -18.610012 ], [ -65.162445, -18.609816 ], [ -65.163105, -18.609779 ], [ -65.163692, -18.609881 ], [ -65.164262, -18.610161 ], [ -65.164881, -18.610505 ], [ -65.165789, -18.610656 ], [ -65.166791, -18.610908 ], [ -65.167763, -18.611278 ], [ -65.168759, -18.612277 ], [ -65.170264, -18.61349 ], [ -65.1709, -18.613922 ], [ -65.171739, -18.614674 ], [ -65.173308, -18.616106 ], [ -65.173962, -18.616787 ], [ -65.174898, -18.617904 ], [ -65.175439, -18.618146 ], [ -65.177007, -18.618216 ], [ -65.177881, -18.618118 ], [ -65.179972, -18.61749 ], [ -65.182, -18.617089 ], [ -65.182599, -18.617038 ], [ -65.183507, -18.617159 ], [ -65.184062, -18.617343 ], [ -65.184788, -18.617628 ], [ -65.187045, -18.618773 ], [ -65.188511, -18.619225 ], [ -65.190938, -18.61961 ], [ -65.191682, -18.619759 ], [ -65.193114, -18.619992 ], [ -65.194766, -18.620675 ], [ -65.195746, -18.621616 ], [ -65.197924, -18.622513 ], [ -65.20019, -18.62316 ], [ -65.201673, -18.623802 ], [ -65.202629, -18.624055 ], [ -65.203674, -18.624072 ], [ -65.204428, -18.623717 ], [ -65.205167, -18.623117 ], [ -65.20571, -18.622349 ], [ -65.20569, -18.620767 ], [ -65.205896, -18.619008 ], [ -65.208751, -18.614438 ], [ -65.210475, -18.612612 ], [ -65.210682, -18.61247 ], [ -65.211774, -18.611717 ], [ -65.213516, -18.611234 ], [ -65.21549, -18.610854 ], [ -65.216764, -18.610872 ], [ -65.21871, -18.611173 ], [ -65.22345, -18.611935 ], [ -65.226565, -18.61235 ], [ -65.228972, -18.612382 ], [ -65.231317, -18.61266 ], [ -65.232944, -18.612799 ], [ -65.234492, -18.612732 ], [ -65.235729, -18.612412 ], [ -65.236736, -18.612095 ], [ -65.237834, -18.611923 ], [ -65.239216, -18.611907 ], [ -65.240233, -18.611862 ], [ -65.24121, -18.611664 ], [ -65.242114, -18.611348 ], [ -65.242889, -18.610911 ], [ -65.243293, -18.61048 ], [ -65.243654, -18.609731 ], [ -65.243853, -18.608325 ], [ -65.244128, -18.606846 ], [ -65.244425, -18.606098 ], [ -65.24503, -18.605383 ], [ -65.245916, -18.60464 ], [ -65.246944, -18.603957 ], [ -65.247585, -18.603095 ], [ -65.247931, -18.602127 ], [ -65.248102, -18.601478 ], [ -65.248094, -18.600893 ], [ -65.247947, -18.600407 ], [ -65.24757, -18.600008 ], [ -65.24655, -18.599276 ], [ -65.245708, -18.598518 ], [ -65.245124, -18.597853 ], [ -65.244828, -18.596783 ], [ -65.24467, -18.595492 ], [ -65.244674, -18.594796 ], [ -65.244778, -18.593953 ], [ -65.244926, -18.593536 ], [ -65.245605, -18.592589 ], [ -65.245835, -18.591561 ], [ -65.245428, -18.586533 ], [ -65.245532, -18.581391 ], [ -65.245202, -18.579399 ], [ -65.244385, -18.57724 ], [ -65.241676, -18.569463 ], [ -65.240608, -18.566699 ], [ -65.238945, -18.562897 ], [ -65.238367, -18.559958 ], [ -65.237462, -18.553316 ], [ -65.237647, -18.551232 ], [ -65.238321, -18.549431 ], [ -65.24011, -18.544943 ], [ -65.242669, -18.538678 ], [ -65.244266, -18.535651 ], [ -65.244669, -18.533997 ], [ -65.244848, -18.531392 ], [ -65.244517, -18.529314 ], [ -65.243898, -18.528367 ], [ -65.243371, -18.527447 ], [ -65.243331, -18.526696 ], [ -65.243676, -18.525246 ], [ -65.244597, -18.523846 ], [ -65.245939, -18.522124 ], [ -65.246615, -18.520467 ], [ -65.246751, -18.51928 ], [ -65.246489, -18.517779 ], [ -65.245929, -18.516658 ], [ -65.245729, -18.515272 ], [ -65.245766, -18.513507 ], [ -65.245475, -18.512093 ], [ -65.244723, -18.510222 ], [ -65.24455, -18.508547 ], [ -65.244777, -18.507358 ], [ -65.24528, -18.506427 ], [ -65.246027, -18.505876 ], [ -65.247986, -18.504688 ], [ -65.249495, -18.504237 ], [ -65.251732, -18.503747 ], [ -65.253366, -18.503467 ], [ -65.254881, -18.503449 ], [ -65.256069, -18.50384 ], [ -65.257565, -18.504661 ], [ -65.260862, -18.506386 ], [ -65.262747, -18.506855 ], [ -65.264751, -18.507034 ], [ -65.268483, -18.507307 ], [ -65.269881, -18.507579 ], [ -65.271955, -18.508509 ], [ -65.273418, -18.509099 ], [ -65.275345, -18.509197 ], [ -65.277298, -18.509081 ], [ -65.279234, -18.50874 ], [ -65.280467, -18.507973 ], [ -65.281478, -18.506514 ], [ -65.281976, -18.505236 ], [ -65.282599, -18.504187 ], [ -65.283373, -18.503079 ], [ -65.284035, -18.502724 ], [ -65.284974, -18.502655 ], [ -65.286361, -18.502088 ], [ -65.287837, -18.501405 ], [ -65.288556, -18.500789 ], [ -65.288818, -18.499918 ], [ -65.288743, -18.498878 ], [ -65.288338, -18.498044 ], [ -65.287899, -18.496979 ], [ -65.287769, -18.496316 ], [ -65.287909, -18.495446 ], [ -65.288564, -18.494542 ], [ -65.289554, -18.493778 ], [ -65.291031, -18.493085 ], [ -65.29166, -18.492538 ], [ -65.292227, -18.491837 ], [ -65.292483, -18.49059 ], [ -65.292673, -18.488939 ], [ -65.293162, -18.486938 ], [ -65.293084, -18.485637 ], [ -65.292269, -18.483623 ], [ -65.291273, -18.481668 ], [ -65.290584, -18.480028 ], [ -65.290191, -18.477834 ], [ -65.289885, -18.475264 ], [ -65.289655, -18.473965 ], [ -65.289693, -18.472258 ], [ -65.289998, -18.470115 ], [ -65.290662, -18.46759 ], [ -65.291602, -18.465381 ], [ -65.292493, -18.464011 ], [ -65.294016, -18.462315 ], [ -65.295447, -18.460504 ], [ -65.296737, -18.457192 ], [ -65.297749, -18.455849 ], [ -65.299301, -18.454066 ], [ -65.300647, -18.45269 ], [ -65.301866, -18.450969 ], [ -65.303506, -18.448925 ], [ -65.305091, -18.447344 ], [ -65.307251, -18.445698 ], [ -65.308744, -18.444031 ], [ -65.30919, -18.443389 ], [ -65.309981, -18.442853 ], [ -65.310632, -18.442475 ], [ -65.311751, -18.442317 ], [ -65.313423, -18.442702 ], [ -65.314704, -18.443322 ], [ -65.315932, -18.444493 ], [ -65.317283, -18.445836 ], [ -65.31833, -18.447067 ], [ -65.318736, -18.447958 ], [ -65.319057, -18.449285 ], [ -65.319196, -18.450613 ], [ -65.319484, -18.451709 ], [ -65.319984, -18.45286 ], [ -65.320813, -18.45363 ], [ -65.322513, -18.454575 ], [ -65.323201, -18.454996 ], [ -65.324048, -18.455652 ], [ -65.324255, -18.456093 ], [ -65.324417, -18.456609 ], [ -65.32469, -18.457301 ], [ -65.325149, -18.457947 ], [ -65.32587, -18.458574 ], [ -65.326541, -18.458847 ], [ -65.327318, -18.459 ], [ -65.328359, -18.459091 ], [ -65.329427, -18.458945 ], [ -65.330047, -18.458675 ], [ -65.331371, -18.458196 ], [ -65.332322, -18.457415 ], [ -65.333253, -18.456323 ], [ -65.333725, -18.455666 ], [ -65.334195, -18.45492 ], [ -65.33477, -18.453803 ], [ -65.335246, -18.452376 ], [ -65.335645, -18.450847 ], [ -65.335859, -18.449542 ], [ -65.335933, -18.448135 ], [ -65.335659, -18.446156 ], [ -65.335292, -18.445435 ], [ -65.334879, -18.4447 ], [ -65.334402, -18.443833 ], [ -65.334144, -18.443096 ], [ -65.33396, -18.442122 ], [ -65.333777, -18.441177 ], [ -65.333604, -18.439832 ], [ -65.333559, -18.438811 ], [ -65.333732, -18.437847 ], [ -65.333811, -18.43681 ], [ -65.334031, -18.43589 ], [ -65.334108, -18.434676 ], [ -65.333992, -18.434144 ], [ -65.333872, -18.433302 ], [ -65.33361, -18.432255 ], [ -65.333205, -18.430987 ], [ -65.332651, -18.43015 ], [ -65.331643, -18.428993 ], [ -65.330897, -18.4277 ], [ -65.330714, -18.426755 ], [ -65.330722, -18.426178 ], [ -65.331003, -18.425183 ], [ -65.331428, -18.424512 ], [ -65.331856, -18.424048 ], [ -65.332407, -18.423553 ], [ -65.333068, -18.42313 ], [ -65.333902, -18.422868 ], [ -65.33486, -18.422634 ], [ -65.335618, -18.422507 ], [ -65.336745, -18.422093 ], [ -65.337375, -18.42173 ], [ -65.338284, -18.421275 ], [ -65.339053, -18.420851 ], [ -65.33961, -18.420726 ], [ -65.340072, -18.420513 ], [ -65.341011, -18.420028 ], [ -65.341844, -18.419677 ], [ -65.342719, -18.41906 ], [ -65.343366, -18.418711 ], [ -65.343812, -18.418454 ], [ -65.344429, -18.41824 ], [ -65.344707, -18.418118 ], [ -65.345263, -18.417963 ], [ -65.345839, -18.417883 ], [ -65.350239, -18.414539 ], [ -65.352955, -18.411198 ], [ -65.354488, -18.409841 ], [ -65.355676, -18.408466 ] ], [ [ -65.355463, -18.407764 ], [ -65.355461, -18.407757 ], [ -65.354957, -18.407243 ], [ -65.355463, -18.407764 ] ], [ [ -64.588726, -17.600564 ], [ -64.588913, -17.600553 ], [ -64.588795, -17.600694 ], [ -64.588835, -17.600981 ], [ -64.589113, -17.601433 ], [ -64.589327, -17.601688 ], [ -64.589679, -17.602026 ], [ -64.589912, -17.602249 ], [ -64.590219, -17.602474 ], [ -64.590446, -17.602735 ], [ -64.590555, -17.60311 ], [ -64.590553, -17.603565 ], [ -64.5907, -17.604036 ], [ -64.590946, -17.604347 ], [ -64.591366, -17.60466 ], [ -64.59176, -17.604824 ], [ -64.592278, -17.604898 ], [ -64.592641, -17.605009 ], [ -64.592898, -17.605198 ], [ -64.593138, -17.605566 ], [ -64.593272, -17.60593 ], [ -64.59325, -17.606295 ], [ -64.59314, -17.606532 ], [ -64.592901, -17.606929 ], [ -64.592711, -17.607349 ], [ -64.592554, -17.607876 ], [ -64.592371, -17.608409 ], [ -64.592213, -17.608876 ], [ -64.592149, -17.609336 ], [ -64.592159, -17.609803 ], [ -64.592156, -17.610209 ], [ -64.592128, -17.610568 ], [ -64.592056, -17.610865 ], [ -64.592105, -17.611414 ], [ -64.592102, -17.611833 ], [ -64.591993, -17.612222 ], [ -64.591828, -17.612594 ], [ -64.591713, -17.612989 ], [ -64.591674, -17.613425 ], [ -64.591709, -17.613915 ], [ -64.591876, -17.614439 ], [ -64.59201, -17.614797 ], [ -64.592162, -17.615095 ], [ -64.59239, -17.615475 ], [ -64.592605, -17.61588 ], [ -64.592708, -17.61619 ], [ -64.592704, -17.616459 ], [ -64.592724, -17.616644 ], [ -64.592851, -17.616864 ], [ -64.592921, -17.617097 ], [ -64.592898, -17.617324 ], [ -64.592837, -17.617505 ], [ -64.592647, -17.617811 ], [ -64.592482, -17.618177 ], [ -64.59241, -17.618507 ], [ -64.592463, -17.618847 ], [ -64.592615, -17.619115 ], [ -64.592897, -17.619351 ], [ -64.593242, -17.619616 ], [ -64.593612, -17.619829 ], [ -64.593931, -17.619963 ], [ -64.594176, -17.620171 ], [ -64.594365, -17.620438 ], [ -64.594505, -17.62073 ], [ -64.594514, -17.620981 ], [ -64.594472, -17.621238 ], [ -64.594431, -17.621508 ], [ -64.594383, -17.621777 ], [ -64.594317, -17.621969 ], [ -64.59425, -17.622226 ], [ -64.594209, -17.62246 ], [ -64.594136, -17.62265 ], [ -64.594199, -17.622823 ], [ -64.594356, -17.622935 ], [ -64.594544, -17.622994 ], [ -64.594731, -17.623034 ], [ -64.5949, -17.623146 ], [ -64.595051, -17.623312 ], [ -64.595184, -17.623532 ], [ -64.595223, -17.623711 ], [ -64.595268, -17.623896 ], [ -64.595301, -17.624069 ], [ -64.595315, -17.624225 ], [ -64.595279, -17.624386 ], [ -64.595237, -17.624536 ], [ -64.595181, -17.624609 ], [ -64.595201, -17.624753 ], [ -64.595228, -17.624938 ], [ -64.595136, -17.6251 ], [ -64.594993, -17.625197 ], [ -64.594764, -17.625384 ], [ -64.594685, -17.62563 ], [ -64.594681, -17.625821 ], [ -64.594707, -17.625994 ], [ -64.594746, -17.626203 ], [ -64.594705, -17.626502 ], [ -64.594765, -17.626914 ], [ -64.594954, -17.627165 ], [ -64.595318, -17.627443 ], [ -64.595851, -17.627773 ], [ -64.59621, -17.628153 ], [ -64.596349, -17.628785 ], [ -64.596483, -17.629806 ], [ -64.596683, -17.630561 ], [ -64.596912, -17.631139 ], [ -64.597036, -17.631784 ], [ -64.597247, -17.63229 ], [ -64.597318, -17.632594 ], [ -64.597272, -17.632995 ], [ -64.597187, -17.633313 ], [ -64.597059, -17.633666 ], [ -64.596957, -17.634039 ], [ -64.596972, -17.634385 ], [ -64.597119, -17.634815 ], [ -64.597335, -17.635231 ], [ -64.597605, -17.635504 ], [ -64.598143, -17.635733 ], [ -64.598656, -17.635848 ], [ -64.599135, -17.635857 ], [ -64.599833, -17.635719 ], [ -64.600199, -17.635614 ], [ -64.600547, -17.635384 ], [ -64.60082, -17.635245 ], [ -64.60113, -17.635105 ], [ -64.601444, -17.635096 ], [ -64.601746, -17.635279 ], [ -64.601954, -17.635564 ], [ -64.602176, -17.636011 ], [ -64.60243, -17.63653 ], [ -64.602739, -17.637 ], [ -64.602925, -17.637488 ], [ -64.602909, -17.637835 ], [ -64.602744, -17.638177 ], [ -64.602571, -17.638364 ], [ -64.60228, -17.638641 ], [ -64.602035, -17.639067 ], [ -64.601913, -17.639379 ], [ -64.601759, -17.639631 ], [ -64.601724, -17.639853 ], [ -64.601715, -17.640335 ], [ -64.601738, -17.640783 ], [ -64.601829, -17.641236 ], [ -64.601938, -17.641516 ], [ -64.602034, -17.641832 ], [ -64.602236, -17.642064 ], [ -64.602561, -17.642222 ], [ -64.602923, -17.642279 ], [ -64.603228, -17.642169 ], [ -64.603551, -17.642047 ], [ -64.603924, -17.642002 ], [ -64.604324, -17.642053 ], [ -64.60468, -17.642134 ], [ -64.604962, -17.642322 ], [ -64.605325, -17.642523 ], [ -64.605831, -17.642638 ], [ -64.60632, -17.642873 ], [ -64.606665, -17.643157 ], [ -64.606968, -17.643513 ], [ -64.607309, -17.644049 ], [ -64.607486, -17.64431 ], [ -64.60775, -17.644631 ], [ -64.608146, -17.64492 ], [ -64.608597, -17.645133 ], [ -64.608969, -17.645312 ], [ -64.609197, -17.645686 ], [ -64.609319, -17.646122 ], [ -64.609316, -17.64654 ], [ -64.609271, -17.647037 ], [ -64.609393, -17.647466 ], [ -64.609642, -17.647698 ], [ -64.610305, -17.647998 ], [ -64.61071, -17.647988 ], [ -64.611022, -17.64801 ], [ -64.611404, -17.648192 ], [ -64.611761, -17.648386 ], [ -64.612063, -17.648724 ], [ -64.612311, -17.64923 ], [ -64.612578, -17.649832 ], [ -64.612756, -17.650231 ], [ -64.612948, -17.650719 ], [ -64.613157, -17.651112 ], [ -64.613487, -17.651423 ], [ -64.613757, -17.651684 ], [ -64.614046, -17.651902 ], [ -64.61431, -17.652139 ], [ -64.614526, -17.65239 ], [ -64.614664, -17.652734 ], [ -64.614786, -17.65311 ], [ -64.614821, -17.65354 ], [ -64.614787, -17.653888 ], [ -64.61484, -17.65421 ], [ -64.614929, -17.654496 ], [ -64.615038, -17.654836 ], [ -64.615092, -17.65523 ], [ -64.615061, -17.655657 ], [ -64.614957, -17.656152 ], [ -64.614898, -17.656565 ], [ -64.614908, -17.656949 ], [ -64.614975, -17.657487 ], [ -64.61501, -17.657983 ], [ -64.615102, -17.658472 ], [ -64.615231, -17.658945 ], [ -64.615403, -17.659349 ], [ -64.615556, -17.659735 ], [ -64.615661, -17.66014 ], [ -64.615769, -17.660541 ], [ -64.615967, -17.660984 ], [ -64.616139, -17.661389 ], [ -64.616251, -17.661696 ], [ -64.616317, -17.662036 ], [ -64.616343, -17.662413 ], [ -64.616391, -17.6628 ], [ -64.616593, -17.663139 ], [ -64.616877, -17.663549 ], [ -64.61711, -17.663741 ], [ -64.617362, -17.663804 ], [ -64.617627, -17.663809 ], [ -64.6179, -17.663738 ], [ -64.618101, -17.663647 ], [ -64.618292, -17.663501 ], [ -64.618441, -17.663352 ], [ -64.6186, -17.663197 ], [ -64.618816, -17.663077 ], [ -64.61907, -17.662999 ], [ -64.619402, -17.662946 ], [ -64.619724, -17.662936 ], [ -64.62003, -17.662959 ], [ -64.620311, -17.663 ], [ -64.620593, -17.663044 ], [ -64.620817, -17.663096 ], [ -64.62099, -17.663152 ], [ -64.621159, -17.663201 ], [ -64.621285, -17.663157 ], [ -64.621355, -17.663038 ], [ -64.621425, -17.662901 ], [ -64.62154, -17.662735 ], [ -64.621639, -17.662548 ], [ -64.621734, -17.662282 ], [ -64.621814, -17.662051 ], [ -64.621887, -17.661867 ], [ -64.622032, -17.661733 ], [ -64.622127, -17.661517 ], [ -64.622219, -17.661327 ], [ -64.622357, -17.661077 ], [ -64.622565, -17.660947 ], [ -64.622842, -17.660878 ], [ -64.623035, -17.66084 ], [ -64.623265, -17.660725 ], [ -64.623382, -17.660539 ], [ -64.623541, -17.660221 ], [ -64.62377, -17.660004 ], [ -64.623989, -17.659772 ], [ -64.624305, -17.659549 ], [ -64.624745, -17.65927 ], [ -64.625241, -17.659015 ], [ -64.625695, -17.658832 ], [ -64.626243, -17.658791 ], [ -64.626853, -17.658807 ], [ -64.627241, -17.658891 ], [ -64.627483, -17.658986 ], [ -64.627686, -17.659078 ], [ -64.627868, -17.659244 ], [ -64.628001, -17.659452 ], [ -64.628084, -17.659643 ], [ -64.628167, -17.659935 ], [ -64.628319, -17.660161 ], [ -64.628436, -17.660355 ], [ -64.628606, -17.660503 ], [ -64.628713, -17.660669 ], [ -64.628752, -17.660866 ], [ -64.628786, -17.661075 ], [ -64.628794, -17.661332 ], [ -64.628883, -17.661541 ], [ -64.628991, -17.661737 ], [ -64.629049, -17.661916 ], [ -64.629213, -17.662141 ], [ -64.629339, -17.662314 ], [ -64.629444, -17.662499 ], [ -64.629515, -17.662786 ], [ -64.629536, -17.66306 ], [ -64.629608, -17.66346 ], [ -64.629697, -17.663681 ], [ -64.629763, -17.664021 ], [ -64.629796, -17.664281 ], [ -64.629744, -17.664658 ], [ -64.629709, -17.665005 ], [ -64.629631, -17.665275 ], [ -64.629539, -17.665509 ], [ -64.629597, -17.665735 ], [ -64.629655, -17.66593 ], [ -64.629794, -17.666048 ], [ -64.630012, -17.666124 ], [ -64.630256, -17.666152 ], [ -64.630412, -17.666198 ], [ -64.630619, -17.666358 ], [ -64.630896, -17.666672 ], [ -64.631262, -17.667094 ], [ -64.631602, -17.667491 ], [ -64.631904, -17.667829 ], [ -64.632244, -17.668209 ], [ -64.63276, -17.668622 ], [ -64.632941, -17.668811 ], [ -64.633142, -17.669039 ], [ -64.633368, -17.669281 ], [ -64.633617, -17.669501 ], [ -64.6339, -17.669706 ], [ -64.634203, -17.669755 ], [ -64.634442, -17.669704 ], [ -64.634693, -17.669592 ], [ -64.634967, -17.669561 ], [ -64.635232, -17.669597 ], [ -64.635537, -17.669681 ], [ -64.635777, -17.669739 ], [ -64.635962, -17.669876 ], [ -64.636059, -17.670086 ], [ -64.636091, -17.670339 ], [ -64.636048, -17.670507 ], [ -64.635936, -17.670664 ], [ -64.635821, -17.670824 ], [ -64.635748, -17.671002 ], [ -64.63576, -17.67125 ], [ -64.635812, -17.671446 ], [ -64.635918, -17.671632 ], [ -64.63624, -17.671897 ], [ -64.636476, -17.672101 ], [ -64.636719, -17.672429 ], [ -64.637006, -17.672771 ], [ -64.637222, -17.672989 ], [ -64.637329, -17.673219 ], [ -64.637456, -17.673471 ], [ -64.637648, -17.673718 ], [ -64.637795, -17.673965 ], [ -64.637986, -17.674179 ], [ -64.638133, -17.674398 ], [ -64.638196, -17.674713 ], [ -64.638193, -17.674938 ], [ -64.638225, -17.675225 ], [ -64.638337, -17.675415 ], [ -64.638517, -17.675524 ], [ -64.638788, -17.675622 ], [ -64.639042, -17.675644 ], [ -64.639316, -17.675623 ], [ -64.639545, -17.675597 ], [ -64.639795, -17.675575 ], [ -64.640074, -17.675554 ], [ -64.640293, -17.675576 ], [ -64.640474, -17.675699 ], [ -64.640676, -17.675922 ], [ -64.640847, -17.676121 ], [ -64.640999, -17.676354 ], [ -64.641061, -17.67666 ], [ -64.641038, -17.676808 ], [ -64.640966, -17.677086 ], [ -64.640854, -17.677379 ], [ -64.640402, -17.678136 ], [ -64.640259, -17.678338 ], [ -64.640151, -17.678569 ], [ -64.640093, -17.678775 ], [ -64.640061, -17.679043 ], [ -64.640093, -17.679272 ], [ -64.640184, -17.679472 ], [ -64.640311, -17.679682 ], [ -64.640501, -17.679795 ], [ -64.640692, -17.67987 ], [ -64.640902, -17.679931 ], [ -64.641176, -17.679962 ], [ -64.641416, -17.679979 ], [ -64.641606, -17.680011 ], [ -64.641776, -17.680091 ], [ -64.641927, -17.680257 ], [ -64.642048, -17.680438 ], [ -64.642115, -17.680643 ], [ -64.642192, -17.680881 ], [ -64.642249, -17.681148 ], [ -64.642271, -17.681335 ], [ -64.642263, -17.681516 ], [ -64.642225, -17.681702 ], [ -64.642161, -17.681889 ], [ -64.642038, -17.682072 ], [ -64.64192, -17.682207 ], [ -64.641826, -17.682337 ], [ -64.641678, -17.682438 ], [ -64.641569, -17.682559 ], [ -64.641481, -17.682717 ], [ -64.641387, -17.682843 ], [ -64.641298, -17.682939 ], [ -64.641119, -17.683007 ], [ -64.640985, -17.683109 ], [ -64.640904, -17.683235 ], [ -64.640813, -17.683335 ], [ -64.640789, -17.683474 ], [ -64.640775, -17.683608 ], [ -64.640738, -17.683725 ], [ -64.640796, -17.683913 ], [ -64.640867, -17.684107 ], [ -64.641002, -17.684276 ], [ -64.641162, -17.684397 ], [ -64.641316, -17.684554 ], [ -64.641348, -17.684711 ], [ -64.641423, -17.685108 ], [ -64.641374, -17.685357 ], [ -64.64132, -17.685514 ], [ -64.641247, -17.685694 ], [ -64.641188, -17.685908 ], [ -64.641175, -17.686173 ], [ -64.641252, -17.686424 ], [ -64.6413, -17.68671 ], [ -64.641347, -17.686936 ], [ -64.641352, -17.68714 ], [ -64.641403, -17.687308 ], [ -64.641453, -17.687498 ], [ -64.64153, -17.687694 ], [ -64.64152, -17.687831 ], [ -64.641479, -17.687946 ], [ -64.641518, -17.688077 ], [ -64.641611, -17.688399 ], [ -64.641622, -17.688829 ], [ -64.641388, -17.689405 ], [ -64.640991, -17.690219 ], [ -64.640849, -17.690987 ], [ -64.640681, -17.692324 ], [ -64.640551, -17.693084 ], [ -64.640371, -17.693867 ], [ -64.640072, -17.694556 ], [ -64.639881, -17.695538 ], [ -64.639901, -17.696205 ], [ -64.640131, -17.696649 ], [ -64.640629, -17.697119 ], [ -64.640931, -17.69749 ], [ -64.641026, -17.69802 ], [ -64.640859, -17.698602 ], [ -64.640684, -17.69907 ], [ -64.640375, -17.699689 ], [ -64.640039, -17.700338 ], [ -64.639949, -17.700719 ], [ -64.639851, -17.700989 ], [ -64.639864, -17.701317 ], [ -64.639978, -17.701597 ], [ -64.640242, -17.701813 ], [ -64.640615, -17.702046 ], [ -64.641009, -17.702296 ], [ -64.641459, -17.702613 ], [ -64.641805, -17.702885 ], [ -64.642017, -17.703138 ], [ -64.642086, -17.703324 ], [ -64.642051, -17.703583 ], [ -64.641933, -17.703849 ], [ -64.641734, -17.70413 ], [ -64.641482, -17.704368 ], [ -64.641101, -17.704493 ], [ -64.640728, -17.704561 ], [ -64.640233, -17.704533 ], [ -64.639801, -17.704541 ], [ -64.639564, -17.70461 ], [ -64.639401, -17.704737 ], [ -64.639242, -17.704957 ], [ -64.639132, -17.705234 ], [ -64.639131, -17.70567 ], [ -64.639156, -17.706194 ], [ -64.63928, -17.706581 ], [ -64.639432, -17.706981 ], [ -64.639514, -17.707314 ], [ -64.639529, -17.707563 ], [ -64.639537, -17.707878 ], [ -64.639627, -17.7082 ], [ -64.639785, -17.708438 ], [ -64.640024, -17.708615 ], [ -64.640305, -17.708696 ], [ -64.640553, -17.708581 ], [ -64.640758, -17.708471 ], [ -64.641026, -17.708403 ], [ -64.641274, -17.708282 ], [ -64.641496, -17.708065 ], [ -64.641676, -17.707962 ], [ -64.641858, -17.708008 ], [ -64.641959, -17.708186 ], [ -64.641993, -17.708455 ], [ -64.64197, -17.708712 ], [ -64.641947, -17.708952 ], [ -64.642018, -17.709142 ], [ -64.642269, -17.709319 ], [ -64.642637, -17.709394 ], [ -64.643033, -17.709385 ], [ -64.643482, -17.709381 ], [ -64.644073, -17.709412 ], [ -64.644598, -17.709508 ], [ -64.645175, -17.709625 ], [ -64.645737, -17.709714 ], [ -64.646231, -17.709695 ], [ -64.646619, -17.709591 ], [ -64.64686, -17.709457 ], [ -64.647005, -17.709214 ], [ -64.647208, -17.708943 ], [ -64.647461, -17.70869 ], [ -64.647729, -17.708598 ], [ -64.648009, -17.70861 ], [ -64.648257, -17.708748 ], [ -64.64846, -17.708932 ], [ -64.648615, -17.709031 ], [ -64.648892, -17.709314 ], [ -64.649346, -17.709837 ], [ -64.649837, -17.710332 ], [ -64.650271, -17.710777 ], [ -64.650643, -17.711198 ], [ -64.65088, -17.711882 ], [ -64.651238, -17.712883 ], [ -64.651386, -17.713324 ], [ -64.651503, -17.713915 ], [ -64.651845, -17.714426 ], [ -64.652603, -17.71485 ], [ -64.653719, -17.715144 ], [ -64.654794, -17.71544 ], [ -64.655801, -17.715683 ], [ -64.656849, -17.716143 ], [ -64.657848, -17.716272 ], [ -64.658866, -17.716353 ], [ -64.659656, -17.716149 ], [ -64.660365, -17.715672 ], [ -64.661338, -17.71561 ], [ -64.662184, -17.715393 ], [ -64.663478, -17.715102 ], [ -64.664672, -17.715054 ], [ -64.665594, -17.714957 ], [ -64.666544, -17.714847 ], [ -64.667216, -17.714644 ], [ -64.667848, -17.71425 ], [ -64.668581, -17.713939 ], [ -64.669066, -17.713798 ], [ -64.669622, -17.713823 ], [ -64.670553, -17.714108 ], [ -64.671706, -17.714666 ], [ -64.672994, -17.715378 ], [ -64.673713, -17.715611 ], [ -64.674802, -17.716014 ], [ -64.675808, -17.716221 ], [ -64.67724, -17.716629 ], [ -64.678057, -17.71664 ], [ -64.678643, -17.716635 ], [ -64.679411, -17.716718 ], [ -64.680184, -17.716957 ], [ -64.681122, -17.717337 ], [ -64.682184, -17.717513 ], [ -64.683171, -17.717666 ], [ -64.683799, -17.717829 ], [ -64.684209, -17.717931 ], [ -64.68464, -17.718128 ], [ -64.684965, -17.718451 ], [ -64.685217, -17.718764 ], [ -64.685731, -17.719142 ], [ -64.684886, -17.722122 ], [ -64.685098, -17.72578 ], [ -64.686723, -17.729052 ], [ -64.711539, -17.760913 ], [ -64.715446, -17.776511 ], [ -64.717389, -17.78101 ], [ -64.717214, -17.783905 ], [ -64.71873, -17.786999 ], [ -64.716184, -17.789157 ], [ -64.71542, -17.789721 ], [ -64.715349, -17.790768 ], [ -64.715566, -17.791849 ], [ -64.71528, -17.79293 ], [ -64.713785, -17.794083 ], [ -64.71323, -17.794913 ], [ -64.713454, -17.797855 ], [ -64.713385, -17.799534 ], [ -64.713114, -17.80025 ], [ -64.711995, -17.801928 ], [ -64.711578, -17.802885 ], [ -64.711662, -17.804688 ], [ -64.712027, -17.805483 ], [ -64.712795, -17.807216 ], [ -64.712797, -17.809491 ], [ -64.713322, -17.809417 ], [ -64.714464, -17.81005 ], [ -64.715203, -17.811627 ], [ -64.71601, -17.812477 ], [ -64.717845, -17.814078 ], [ -64.718259, -17.815554 ], [ -64.718644, -17.815967 ], [ -64.719701, -17.816379 ], [ -64.720357, -17.816987 ], [ -64.721563, -17.81769 ], [ -64.723043, -17.818558 ], [ -64.724365, -17.819613 ], [ -64.725495, -17.819772 ], [ -64.727776, -17.819262 ], [ -64.729658, -17.81925 ], [ -64.732379, -17.819617 ], [ -64.734165, -17.81925 ], [ -64.737513, -17.819208 ], [ -64.739277, -17.82054 ], [ -64.73998, -17.822098 ], [ -64.740787, -17.822857 ], [ -64.741723, -17.824963 ], [ -64.74239, -17.825521 ], [ -64.743795, -17.826699 ], [ -64.746606, -17.827464 ], [ -64.747245, -17.826014 ], [ -64.748678, -17.823089 ], [ -64.746518, -17.81843 ], [ -64.749876, -17.816349 ], [ -64.753136, -17.814066 ], [ -64.755421, -17.813925 ], [ -64.760467, -17.814844 ], [ -64.762667, -17.815619 ], [ -64.764334, -17.817276 ], [ -64.764867, -17.818862 ], [ -64.76601, -17.820193 ], [ -64.76837, -17.82271 ], [ -64.768493, -17.82284 ], [ -64.769581, -17.824458 ], [ -64.771238, -17.826761 ], [ -64.772735, -17.827401 ], [ -64.772769, -17.830843 ], [ -64.777374, -17.838571 ], [ -64.780697, -17.838622 ], [ -64.783178, -17.845403 ], [ -64.780756, -17.846016 ], [ -64.778341, -17.846649 ], [ -64.776546, -17.847715 ], [ -64.775263, -17.847848 ], [ -64.77327, -17.847644 ], [ -64.77092, -17.848625 ], [ -64.769278, -17.849002 ], [ -64.766505, -17.849421 ], [ -64.765115, -17.850849 ], [ -64.764566, -17.852544 ], [ -64.762875, -17.85465 ], [ -64.761939, -17.855632 ], [ -64.761021, -17.856056 ], [ -64.760292, -17.856738 ], [ -64.759885, -17.857176 ], [ -64.759646, -17.857682 ], [ -64.758668, -17.860421 ], [ -64.758554, -17.862674 ], [ -64.758291, -17.863203 ], [ -64.757562, -17.863735 ], [ -64.757454, -17.864723 ], [ -64.755757, -17.867808 ], [ -64.755301, -17.868246 ], [ -64.754272, -17.86972 ], [ -64.753438, -17.872481 ], [ -64.752931, -17.873197 ], [ -64.75114, -17.875315 ], [ -64.750684, -17.875661 ], [ -64.749532, -17.875963 ], [ -64.748742, -17.875902 ], [ -64.747952, -17.875842 ], [ -64.746787, -17.875604 ], [ -64.745844, -17.875411 ], [ -64.743712, -17.87739 ], [ -64.743473, -17.877896 ], [ -64.74333, -17.878494 ], [ -64.743381, -17.879644 ], [ -64.743576, -17.880792 ], [ -64.743651, -17.881988 ], [ -64.743462, -17.883161 ], [ -64.742779, -17.884934 ], [ -64.742363, -17.885807 ], [ -64.742102, -17.886888 ], [ -64.74208, -17.888038 ], [ -64.742469, -17.889669 ], [ -64.742609, -17.890478 ], [ -64.742713, -17.891415 ], [ -64.743148, -17.892495 ], [ -64.743391, -17.893597 ], [ -64.743133, -17.895943 ], [ -64.74316, -17.897161 ], [ -64.743089, -17.897759 ], [ -64.74259, -17.900059 ], [ -64.74252, -17.900634 ], [ -64.742641, -17.901326 ], [ -64.74267, -17.902955 ], [ -64.742292, -17.905807 ], [ -64.742489, -17.907553 ], [ -64.74249, -17.908013 ], [ -64.743059, -17.908813 ], [ -64.746981, -17.910408 ], [ -64.74963, -17.910935 ], [ -64.751061, -17.91189 ], [ -64.752129, -17.915135 ], [ -64.752401, -17.918674 ], [ -64.753479, -17.921801 ], [ -64.753754, -17.923987 ], [ -64.753702, -17.925794 ], [ -64.752932, -17.928038 ], [ -64.749768, -17.92852 ], [ -64.746319, -17.929211 ], [ -64.741561, -17.930682 ], [ -64.739359, -17.931452 ], [ -64.737298, -17.932736 ], [ -64.735223, -17.932998 ], [ -64.733567, -17.933692 ], [ -64.731948, -17.934813 ], [ -64.728316, -17.937327 ], [ -64.727571, -17.941466 ], [ -64.729897, -17.94248 ], [ -64.733071, -17.944602 ], [ -64.734298, -17.945915 ], [ -64.736793, -17.94752 ], [ -64.740674, -17.949626 ], [ -64.743631, -17.950621 ], [ -64.745229, -17.952246 ], [ -64.745086, -17.953747 ], [ -64.743519, -17.955792 ], [ -64.744188, -17.958218 ], [ -64.744378, -17.961472 ], [ -64.745868, -17.964818 ], [ -64.745657, -17.965939 ], [ -64.744581, -17.968385 ], [ -64.744737, -17.971232 ], [ -64.754354, -17.979615 ], [ -64.766294, -17.985988 ], [ -64.766126, -17.986103 ], [ -64.765974, -17.986307 ], [ -64.765889, -17.986499 ], [ -64.765835, -17.986735 ], [ -64.765772, -17.986941 ], [ -64.765743, -17.987258 ], [ -64.765827, -17.987589 ], [ -64.765949, -17.987927 ], [ -64.766131, -17.98825 ], [ -64.766275, -17.988674 ], [ -64.76648, -17.989162 ], [ -64.76661, -17.98953 ], [ -64.766747, -17.990012 ], [ -64.766764, -17.99053 ], [ -64.766683, -17.990991 ], [ -64.766542, -17.991495 ], [ -64.766364, -17.992014 ], [ -64.766305, -17.992482 ], [ -64.766255, -17.993003 ], [ -64.766144, -17.993457 ], [ -64.76601, -17.993933 ], [ -64.765945, -17.994401 ], [ -64.765947, -17.994969 ], [ -64.765768, -17.995416 ], [ -64.765414, -17.996071 ], [ -64.765281, -17.996604 ], [ -64.76502, -17.997231 ], [ -64.764812, -17.997879 ], [ -64.764732, -17.998603 ], [ -64.764713, -17.999345 ], [ -64.764497, -18.000072 ], [ -64.764237, -18.000692 ], [ -64.764118, -18.00111 ], [ -64.763871, -18.00142 ], [ -64.763632, -18.001731 ], [ -64.763445, -18.002026 ], [ -64.763176, -18.002473 ], [ -64.762831, -18.002849 ], [ -64.762458, -18.00324 ], [ -64.761858, -18.003602 ], [ -64.761266, -18.004036 ], [ -64.760823, -18.004355 ], [ -64.760591, -18.004672 ], [ -64.760465, -18.005097 ], [ -64.760445, -18.005644 ], [ -64.760387, -18.006226 ], [ -64.760306, -18.006636 ], [ -64.760067, -18.00704 ], [ -64.759677, -18.007524 ], [ -64.759258, -18.007914 ], [ -64.758763, -18.008347 ], [ -64.758328, -18.008752 ], [ -64.758044, -18.009111 ], [ -64.75776, -18.00971 ], [ -64.757522, -18.010373 ], [ -64.757239, -18.010913 ], [ -64.756902, -18.011346 ], [ -64.756565, -18.011635 ], [ -64.756235, -18.012068 ], [ -64.756076, -18.012482 ], [ -64.75595, -18.012878 ], [ -64.755672, -18.013138 ], [ -64.75538, -18.013348 ], [ -64.754983, -18.013673 ], [ -64.754532, -18.013884 ], [ -64.754089, -18.014101 ], [ -64.753549, -18.014391 ], [ -64.753249, -18.014788 ], [ -64.752898, -18.01535 ], [ -64.752356, -18.016034 ], [ -64.75196, -18.016583 ], [ -64.751728, -18.016879 ], [ -64.751458, -18.017189 ], [ -64.751173, -18.017442 ], [ -64.750888, -18.01763 ], [ -64.750588, -18.017833 ], [ -64.750342, -18.018054 ], [ -64.750118, -18.018328 ], [ -64.749909, -18.018768 ], [ -64.74973, -18.019222 ], [ -64.749627, -18.019726 ], [ -64.749502, -18.02041 ], [ -64.749421, -18.021064 ], [ -64.749318, -18.021553 ], [ -64.749117, -18.022087 ], [ -64.748886, -18.022548 ], [ -64.748719, -18.022926 ], [ -64.748435, -18.023402 ], [ -64.748203, -18.023806 ], [ -64.747911, -18.024181 ], [ -64.747672, -18.024628 ], [ -64.747546, -18.025129 ], [ -64.747323, -18.025806 ], [ -64.747123, -18.026498 ], [ -64.746802, -18.027331 ], [ -64.746572, -18.028095 ], [ -64.746417, -18.0287 ], [ -64.746268, -18.029254 ], [ -64.746075, -18.029759 ], [ -64.745835, -18.030062 ], [ -64.74546, -18.030341 ], [ -64.745213, -18.030586 ], [ -64.745063, -18.030803 ], [ -64.744846, -18.03107 ], [ -64.744644, -18.031229 ], [ -64.744396, -18.031359 ], [ -64.744209, -18.031526 ], [ -64.74403, -18.031936 ], [ -64.743839, -18.032352 ], [ -64.743683, -18.032856 ], [ -64.743504, -18.033245 ], [ -64.743264, -18.033476 ], [ -64.743054, -18.033585 ], [ -64.742746, -18.033751 ], [ -64.742438, -18.033846 ], [ -64.742167, -18.033941 ], [ -64.741882, -18.034107 ], [ -64.741657, -18.034266 ], [ -64.741507, -18.034401 ], [ -64.74135, -18.034711 ], [ -64.741126, -18.034999 ], [ -64.740999, -18.035324 ], [ -64.740827, -18.035677 ], [ -64.740671, -18.036052 ], [ -64.74053, -18.036469 ], [ -64.740343, -18.036794 ], [ -64.740073, -18.036939 ], [ -64.739678, -18.037152 ], [ -64.739359, -18.037399 ], [ -64.739041, -18.037796 ], [ -64.738772, -18.038055 ], [ -64.738554, -18.038266 ], [ -64.738329, -18.038564 ], [ -64.738205, -18.03875 ], [ -64.738099, -18.038895 ], [ -64.738011, -18.039045 ], [ -64.737912, -18.039261 ], [ -64.737794, -18.039436 ], [ -64.737643, -18.039532 ], [ -64.737462, -18.039611 ], [ -64.737312, -18.039683 ], [ -64.737174, -18.039762 ], [ -64.737062, -18.039864 ], [ -64.736974, -18.039996 ], [ -64.736843, -18.040128 ], [ -64.736674, -18.040177 ], [ -64.736499, -18.04016 ], [ -64.73631, -18.040082 ], [ -64.736072, -18.039987 ], [ -64.735864, -18.039868 ], [ -64.735726, -18.039677 ], [ -64.735631, -18.039425 ], [ -64.735533, -18.039216 ], [ -64.735439, -18.039036 ], [ -64.735294, -18.038845 ], [ -64.735199, -18.038677 ], [ -64.735111, -18.038551 ], [ -64.734985, -18.038468 ], [ -64.734759, -18.038421 ], [ -64.734515, -18.038434 ], [ -64.734339, -18.038452 ], [ -64.734208, -18.038489 ], [ -64.734026, -18.038519 ], [ -64.733889, -18.038586 ], [ -64.733776, -18.038694 ], [ -64.733658, -18.038808 ], [ -64.733514, -18.038983 ], [ -64.733352, -18.039145 ], [ -64.73317, -18.039296 ], [ -64.732977, -18.039422 ], [ -64.732814, -18.039531 ], [ -64.732632, -18.039591 ], [ -64.732153, -18.039681 ], [ -64.731807, -18.039754 ], [ -64.731439, -18.039825 ], [ -64.730847, -18.039923 ], [ -64.730225, -18.039982 ], [ -64.729514, -18.040052 ], [ -64.728993, -18.040236 ], [ -64.728361, -18.040363 ], [ -64.727991, -18.040499 ], [ -64.72754, -18.040673 ], [ -64.727079, -18.040713 ], [ -64.726608, -18.040801 ], [ -64.726307, -18.040975 ], [ -64.725875, -18.041252 ], [ -64.72553, -18.041474 ], [ -64.72528, -18.041643 ], [ -64.72498, -18.041927 ], [ -64.72456, -18.042217 ], [ -64.724106, -18.042413 ], [ -64.723856, -18.042577 ], [ -64.723556, -18.042683 ], [ -64.723315, -18.042742 ], [ -64.723135, -18.042742 ], [ -64.722839, -18.042758 ], [ -64.722528, -18.042836 ], [ -64.722188, -18.042995 ], [ -64.721908, -18.043193 ], [ -64.721683, -18.043376 ], [ -64.72149, -18.043535 ], [ -64.72139, -18.043641 ], [ -64.721214, -18.043728 ], [ -64.720969, -18.043743 ], [ -64.720723, -18.043763 ], [ -64.720437, -18.04374 ], [ -64.720221, -18.043712 ], [ -64.72004, -18.043593 ], [ -64.719849, -18.043473 ], [ -64.719583, -18.043302 ], [ -64.719457, -18.04322 ], [ -64.719306, -18.043101 ], [ -64.71915, -18.042953 ], [ -64.718984, -18.0428 ], [ -64.718798, -18.042633 ], [ -64.718607, -18.042475 ], [ -64.718413, -18.04229 ], [ -64.718262, -18.042152 ], [ -64.718116, -18.042047 ], [ -64.71799, -18.041946 ], [ -64.717875, -18.041894 ], [ -64.717704, -18.041909 ], [ -64.717584, -18.041909 ], [ -64.717473, -18.04191 ], [ -64.717348, -18.041977 ], [ -64.717203, -18.042103 ], [ -64.717064, -18.042285 ], [ -64.716964, -18.042458 ], [ -64.716885, -18.042669 ], [ -64.716805, -18.04288 ], [ -64.716675, -18.043097 ], [ -64.716541, -18.043346 ], [ -64.716466, -18.043515 ], [ -64.716407, -18.043726 ], [ -64.716383, -18.043956 ], [ -64.716354, -18.044191 ], [ -64.716369, -18.044398 ], [ -64.7164, -18.044609 ], [ -64.716501, -18.044757 ], [ -64.716698, -18.04496 ], [ -64.7169, -18.045127 ], [ -64.717096, -18.045241 ], [ -64.717327, -18.045341 ], [ -64.717497, -18.045398 ], [ -64.717603, -18.045528 ], [ -64.717654, -18.045753 ], [ -64.717635, -18.045998 ], [ -64.717591, -18.046305 ], [ -64.717522, -18.046511 ], [ -64.717437, -18.046704 ], [ -64.717378, -18.046896 ], [ -64.717258, -18.047165 ], [ -64.717159, -18.047316 ], [ -64.717029, -18.047474 ], [ -64.716919, -18.04759 ], [ -64.716774, -18.047706 ], [ -64.716654, -18.047797 ], [ -64.716494, -18.04787 ], [ -64.716333, -18.047923 ], [ -64.716183, -18.047991 ], [ -64.716058, -18.048092 ], [ -64.715998, -18.048217 ], [ -64.715929, -18.048342 ], [ -64.715844, -18.048486 ], [ -64.715784, -18.048649 ], [ -64.715755, -18.048832 ], [ -64.715735, -18.04899 ], [ -64.715676, -18.049158 ], [ -64.715616, -18.049312 ], [ -64.715537, -18.04949 ], [ -64.715492, -18.049652 ], [ -64.715463, -18.049834 ], [ -64.715438, -18.049983 ], [ -64.715429, -18.050122 ], [ -64.715439, -18.050261 ], [ -64.715515, -18.050357 ], [ -64.7156, -18.050419 ], [ -64.715736, -18.050472 ], [ -64.715877, -18.050615 ], [ -64.716008, -18.050749 ], [ -64.716159, -18.050881 ], [ -64.716375, -18.051048 ], [ -64.716516, -18.051139 ], [ -64.716652, -18.051263 ], [ -64.716767, -18.051378 ], [ -64.716828, -18.051488 ], [ -64.716819, -18.051641 ], [ -64.716759, -18.051819 ], [ -64.71671, -18.052016 ], [ -64.71665, -18.052208 ], [ -64.71655, -18.052352 ], [ -64.716441, -18.052573 ], [ -64.716377, -18.052804 ], [ -64.716352, -18.053025 ], [ -64.716283, -18.053355 ], [ -64.716184, -18.053681 ], [ -64.716116, -18.054113 ], [ -64.716057, -18.054553 ], [ -64.716018, -18.054856 ], [ -64.715959, -18.055105 ], [ -64.715915, -18.055403 ], [ -64.715901, -18.055729 ], [ -64.715902, -18.056116 ], [ -64.715898, -18.056389 ], [ -64.715844, -18.056716 ], [ -64.715846, -18.057104 ], [ -64.715872, -18.057354 ], [ -64.715958, -18.057569 ], [ -64.716094, -18.057751 ], [ -64.71626, -18.057885 ], [ -64.71646, -18.057939 ], [ -64.716678, -18.05796 ], [ -64.716881, -18.05801 ], [ -64.7171, -18.058153 ], [ -64.717342, -18.058397 ], [ -64.717606, -18.058655 ], [ -64.717976, -18.05897 ], [ -64.718353, -18.059276 ], [ -64.718655, -18.059601 ], [ -64.718948, -18.059974 ], [ -64.71923, -18.060491 ], [ -64.719543, -18.06096 ], [ -64.719715, -18.061286 ], [ -64.719676, -18.061603 ], [ -64.719436, -18.061863 ], [ -64.719106, -18.06219 ], [ -64.718516, -18.062662 ], [ -64.718115, -18.062836 ], [ -64.717836, -18.063018 ], [ -64.717555, -18.063283 ], [ -64.717286, -18.063566 ], [ -64.716962, -18.063918 ], [ -64.716536, -18.064263 ], [ -64.716305, -18.06439 ], [ -64.716036, -18.06457 ], [ -64.715786, -18.064763 ], [ -64.715511, -18.064968 ], [ -64.715249, -18.065263 ], [ -64.715086, -18.065425 ], [ -64.71493, -18.065654 ], [ -64.714637, -18.066068 ], [ -64.714469, -18.066351 ], [ -64.714375, -18.066672 ], [ -64.714372, -18.067245 ], [ -64.714405, -18.067824 ], [ -64.714426, -18.068429 ], [ -64.714535, -18.068999 ], [ -64.714751, -18.069703 ], [ -64.715161, -18.070451 ], [ -64.71539, -18.071236 ], [ -64.715645, -18.072182 ], [ -64.715658, -18.072423 ], [ -64.71564, -18.072759 ], [ -64.715566, -18.073083 ], [ -64.715454, -18.073371 ], [ -64.715261, -18.073629 ], [ -64.714973, -18.07384 ], [ -64.714585, -18.073943 ], [ -64.714253, -18.073993 ], [ -64.714008, -18.073963 ], [ -64.71387, -18.073832 ], [ -64.713837, -18.073595 ], [ -64.713875, -18.073144 ], [ -64.713845, -18.072769 ], [ -64.713677, -18.072576 ], [ -64.713563, -18.072324 ], [ -64.713406, -18.072127 ], [ -64.713167, -18.072062 ], [ -64.712917, -18.072117 ], [ -64.712472, -18.07222 ], [ -64.712087, -18.072334 ], [ -64.71169, -18.072678 ], [ -64.711478, -18.072967 ], [ -64.71132, -18.073355 ], [ -64.711208, -18.073739 ], [ -64.711116, -18.074189 ], [ -64.711093, -18.074741 ], [ -64.711121, -18.075446 ], [ -64.711198, -18.076027 ], [ -64.711222, -18.076674 ], [ -64.711186, -18.07786 ], [ -64.710986, -18.079419 ], [ -64.710874, -18.079977 ], [ -64.710738, -18.080386 ], [ -64.71057, -18.080807 ], [ -64.710308, -18.081221 ], [ -64.710096, -18.08157 ], [ -64.709772, -18.082021 ], [ -64.709422, -18.082418 ], [ -64.70906, -18.082731 ], [ -64.708685, -18.083067 ], [ -64.708241, -18.08353 ], [ -64.707916, -18.083831 ], [ -64.707503, -18.08409 ], [ -64.70674, -18.084566 ], [ -64.706434, -18.084759 ], [ -64.705958, -18.08497 ], [ -64.70514, -18.085222 ], [ -64.704639, -18.085355 ], [ -64.704157, -18.085549 ], [ -64.703763, -18.085694 ], [ -64.703387, -18.085875 ], [ -64.702991, -18.086087 ], [ -64.702712, -18.086297 ], [ -64.702469, -18.086457 ], [ -64.702086, -18.08676 ], [ -64.70185, -18.087104 ], [ -64.70149, -18.087501 ], [ -64.700889, -18.087884 ], [ -64.700289, -18.088339 ], [ -64.699854, -18.088621 ], [ -64.699464, -18.089033 ], [ -64.699154, -18.089408 ], [ -64.698726, -18.089813 ], [ -64.69842, -18.090267 ], [ -64.698203, -18.090865 ], [ -64.698166, -18.091337 ], [ -64.698208, -18.09173 ], [ -64.698149, -18.092114 ], [ -64.697959, -18.092393 ], [ -64.697779, -18.092619 ], [ -64.697509, -18.092836 ], [ -64.697064, -18.093068 ], [ -64.696614, -18.09327 ], [ -64.695858, -18.093458 ], [ -64.69521, -18.093596 ], [ -64.694859, -18.093681 ], [ -64.694496, -18.093772 ], [ -64.694176, -18.093881 ], [ -64.693945, -18.094038 ], [ -64.693688, -18.094218 ], [ -64.69352, -18.094429 ], [ -64.693446, -18.094759 ], [ -64.693378, -18.095125 ], [ -64.693336, -18.095611 ], [ -64.693281, -18.09596 ], [ -64.693172, -18.096363 ], [ -64.692983, -18.096791 ], [ -64.692584, -18.097545 ], [ -64.692306, -18.098213 ], [ -64.691873, -18.098758 ], [ -64.691051, -18.099016 ], [ -64.690352, -18.099139 ], [ -64.689992, -18.099245 ], [ -64.689601, -18.099376 ], [ -64.689135, -18.099478 ], [ -64.688643, -18.0996 ], [ -64.688187, -18.099659 ], [ -64.687701, -18.099709 ], [ -64.687326, -18.099729 ], [ -64.68703, -18.09974 ], [ -64.686653, -18.099722 ], [ -64.686232, -18.099733 ], [ -64.685785, -18.099676 ], [ -64.685585, -18.099663 ], [ -64.685359, -18.099639 ], [ -64.685077, -18.09954 ], [ -64.684267, -18.099362 ], [ -64.683863, -18.099294 ], [ -64.68358, -18.099223 ], [ -64.683329, -18.099158 ], [ -64.683053, -18.099087 ], [ -64.682827, -18.099022 ], [ -64.682594, -18.099022 ], [ -64.682362, -18.099083 ], [ -64.682193, -18.099198 ], [ -64.682056, -18.09933 ], [ -64.681968, -18.099534 ], [ -64.6819, -18.09972 ], [ -64.681738, -18.099937 ], [ -64.681494, -18.100127 ], [ -64.681207, -18.10041 ], [ -64.681001, -18.10068 ], [ -64.680776, -18.100909 ], [ -64.680573, -18.10114 ], [ -64.680351, -18.10139 ], [ -64.680144, -18.101535 ], [ -64.679944, -18.101565 ], [ -64.6798, -18.101536 ], [ -64.679649, -18.101458 ] ], [ [ -64.679649, -18.101458 ], [ -64.679409, -18.102938 ], [ -64.679402, -18.102915 ], [ -64.679649, -18.101458 ] ], [ [ -64.588726, -17.600564 ], [ -64.588433, -17.600612 ], [ -64.589366, -17.600054 ], [ -64.588726, -17.600564 ] ], [ [ -65.609081, -17.9029 ], [ -65.609063, -17.902913 ], [ -65.609048, -17.902898 ], [ -65.60907, -17.90289 ], [ -65.609081, -17.9029 ] ], [ [ -64.698323, -17.125607 ], [ -64.698249, -17.125748 ], [ -64.698206, -17.125816 ], [ -64.698323, -17.125607 ] ] ] } }
]
}
