{
"type": "FeatureCollection",
"name": "CONO_SUR",
"crs": { "type": "name", "properties": { "name": "urn:ogc:def:crs:OGC:1.3:CRS84" } },
"bbox": [ -65.879309, -18.681702, -64.279702, -17.111389 ],                                                                        
"features": [
{ "type": "Feature", "properties": { "NOMBRE": "Cono Sur", "NIVEL": "Regiones", "PROVINCIA": "", "REGION": "", "DEPARTAMENTO": "Cochabamba" }, "bbox": [ -65.879309, -18.681702, -64.279702, -17.111389 ], "geometry": { "type": "MultiPolygon", "coordinates": [ [ [ [ -65.355463, -18.407764 ], [ -65.355676, -18.408466 ], [ -65.357242, -18.40756 ], [ -65.357769, -18.407307 ], [ -65.35893, -18.406761 ], [ -65.35941, -18.406541 ], [ -65.360214, -18.406173 ], [ -65.361339, -18.405334 ], [ -65.362585, -18.404684 ], [ -65.363986, -18.404112 ], [ -65.364736, -18.403302 ], [ -65.365404, -18.402564 ], [ -65.365548, -18.402248 ], [ -65.366081, -18.401729 ], [ -65.366689, -18.401123 ], [ -65.367345, -18.400668 ], [ -65.367921, -18.400394 ], [ -65.3686, -18.39996 ], [ -65.369197, -18.399605 ], [ -65.369911, -18.399291 ], [ -65.370587, -18.398977 ], [ -65.371437, -18.398727 ], [ -65.372159, -18.398514 ], [ -65.37236, -18.398415 ], [ -65.37294, -18.398185 ], [ -65.373398, -18.397974 ], [ -65.373865, -18.397812 ], [ -65.374439, -18.397483 ], [ -65.375027, -18.39702 ], [ -65.375417, -18.396687 ], [ -65.375694, -18.396469 ], [ -65.375985, -18.396136 ], [ -65.376426, -18.395594 ], [ -65.37674, -18.395232 ], [ -65.37701, -18.394964 ], [ -65.377354, -18.394609 ], [ -65.377772, -18.394125 ], [ -65.377841, -18.39403 ], [ -65.378091, -18.39335 ], [ -65.3782, -18.392762 ], [ -65.378347, -18.392336 ], [ -65.378481, -18.392005 ], [ -65.378622, -18.391759 ], [ -65.378771, -18.391564 ], [ -65.379017, -18.391203 ], [ -65.379415, -18.390984 ], [ -65.38049, -18.39056 ], [ -65.380994, -18.390391 ], [ -65.38137, -18.390309 ], [ -65.38218, -18.390223 ], [ -65.382718, -18.390157 ], [ -65.383049, -18.390054 ], [ -65.383319, -18.389894 ], [ -65.383609, -18.389645 ], [ -65.383745, -18.389481 ], [ -65.383888, -18.389415 ], [ -65.384089, -18.389352 ], [ -65.384346, -18.389167 ], [ -65.384548, -18.388914 ], [ -65.384707, -18.38859 ], [ -65.38483, -18.388279 ], [ -65.384964, -18.388113 ], [ -65.385138, -18.388017 ], [ -65.385347, -18.387895 ], [ -65.385579, -18.387699 ], [ -65.385991, -18.387329 ], [ -65.386388, -18.386988 ], [ -65.386582, -18.386728 ], [ -65.386791, -18.38641 ], [ -65.386974, -18.38586 ], [ -65.387225, -18.385433 ], [ -65.387408, -18.385098 ], [ -65.387587, -18.384772 ], [ -65.388026, -18.384251 ], [ -65.388276, -18.384063 ], [ -65.388316, -18.384033 ], [ -65.389088, -18.383452 ], [ -65.389793, -18.383057 ], [ -65.390836, -18.382454 ], [ -65.391471, -18.382336 ], [ -65.391926, -18.382196 ], [ -65.391998, -18.382174 ], [ -65.392449, -18.382085 ], [ -65.392855, -18.381895 ], [ -65.393365, -18.381633 ], [ -65.393755, -18.381328 ], [ -65.39397, -18.380979 ], [ -65.394231, -18.38049 ], [ -65.394604, -18.380013 ], [ -65.395156, -18.379175 ], [ -65.395498, -18.378553 ], [ -65.395958, -18.378025 ], [ -65.396063, -18.377828 ], [ -65.396178, -18.377588 ], [ -65.396587, -18.377028 ], [ -65.396781, -18.376768 ], [ -65.397006, -18.376558 ], [ -65.397246, -18.376355 ], [ -65.397581, -18.376038 ], [ -65.398022, -18.375745 ], [ -65.398822, -18.375178 ], [ -65.399219, -18.374965 ], [ -65.399331, -18.374906 ], [ -65.399522, -18.37474 ], [ -65.399921, -18.374552 ], [ -65.400462, -18.374181 ], [ -65.400705, -18.373917 ], [ -65.400974, -18.373625 ], [ -65.401516, -18.373299 ], [ -65.401547, -18.373281 ], [ -65.401932, -18.373011 ], [ -65.402247, -18.372889 ], [ -65.402495, -18.372787 ], [ -65.402836, -18.372589 ], [ -65.403224, -18.372407 ], [ -65.403636, -18.37224 ], [ -65.403899, -18.372101 ], [ -65.404139, -18.371949 ], [ -65.404522, -18.37173 ], [ -65.404761, -18.37152 ], [ -65.404978, -18.371317 ], [ -65.405263, -18.37115 ], [ -65.405654, -18.370924 ], [ -65.405901, -18.37075 ], [ -65.406194, -18.370611 ], [ -65.406577, -18.37045 ], [ -65.406945, -18.370326 ], [ -65.407322, -18.37028 ], [ -65.407774, -18.370241 ], [ -65.408143, -18.370202 ], [ -65.408414, -18.370165 ], [ -65.408609, -18.370149 ], [ -65.408835, -18.370112 ], [ -65.409253, -18.369952 ], [ -65.409592, -18.369867 ], [ -65.409993, -18.369686 ], [ -65.410278, -18.369562 ], [ -65.410651, -18.36946 ], [ -65.411007, -18.369349 ], [ -65.4113, -18.369145 ], [ -65.411667, -18.368898 ], [ -65.41202, -18.368651 ], [ -65.412402, -18.36839 ], [ -65.412867, -18.368056 ], [ -65.41322, -18.367924 ], [ -65.41358, -18.36777 ], [ -65.413828, -18.367632 ], [ -65.414445, -18.367448 ], [ -65.415212, -18.367227 ], [ -65.416039, -18.366977 ], [ -65.416813, -18.36677 ], [ -65.417542, -18.366528 ], [ -65.417949, -18.366424 ], [ -65.418437, -18.366277 ], [ -65.418956, -18.366137 ], [ -65.419558, -18.366003 ], [ -65.420175, -18.365891 ], [ -65.420747, -18.365808 ], [ -65.421305, -18.365776 ], [ -65.421809, -18.365729 ], [ -65.422397, -18.365732 ], [ -65.422797, -18.365802 ], [ -65.42319, -18.365936 ], [ -65.423562, -18.366109 ], [ -65.423736, -18.366255 ], [ -65.424232, -18.36675 ], [ -65.424451, -18.367052 ], [ -65.424587, -18.367372 ], [ -65.424717, -18.367702 ], [ -65.424757, -18.367976 ], [ -65.424887, -18.368183 ], [ -65.425107, -18.368369 ], [ -65.425394, -18.368547 ], [ -65.425561, -18.368726 ], [ -65.425887, -18.368903 ], [ -65.426318, -18.369073 ], [ -65.426757, -18.369213 ], [ -65.42701, -18.369455 ], [ -65.427246, -18.369635 ], [ -65.427484, -18.369943 ], [ -65.427727, -18.370186 ], [ -65.42795, -18.370382 ], [ -65.428141, -18.370695 ], [ -65.428253, -18.371003 ], [ -65.428353, -18.371189 ], [ -65.428384, -18.371333 ], [ -65.428559, -18.371526 ], [ -65.429148, -18.371723 ], [ -65.429721, -18.371835 ], [ -65.430136, -18.371904 ], [ -65.430942, -18.371855 ], [ -65.43159, -18.371771 ], [ -65.432049, -18.371761 ], [ -65.432496, -18.371686 ], [ -65.432673, -18.371694 ], [ -65.433335, -18.371578 ], [ -65.434014, -18.371414 ], [ -65.434072, -18.371398 ], [ -65.434278, -18.371337 ], [ -65.43484, -18.371091 ], [ -65.435531, -18.370827 ], [ -65.436147, -18.370499 ], [ -65.436906, -18.370221 ], [ -65.437748, -18.369906 ], [ -65.438484, -18.369598 ], [ -65.439407, -18.369153 ], [ -65.439565, -18.369102 ], [ -65.439815, -18.369103 ], [ -65.440137, -18.368997 ], [ -65.440367, -18.368753 ], [ -65.440649, -18.368501 ], [ -65.440861, -18.368313 ], [ -65.441235, -18.367861 ], [ -65.441401, -18.367616 ], [ -65.441446, -18.367549 ], [ -65.441514, -18.367347 ], [ -65.441668, -18.366839 ], [ -65.441748, -18.366551 ], [ -65.441783, -18.366025 ], [ -65.441911, -18.36557 ], [ -65.441912, -18.365448 ], [ -65.441917, -18.365129 ], [ -65.44195, -18.364617 ], [ -65.442008, -18.364265 ], [ -65.442096, -18.363955 ], [ -65.44223, -18.363767 ], [ -65.442463, -18.363592 ], [ -65.443071, -18.363322 ], [ -65.443859, -18.363094 ], [ -65.444567, -18.362831 ], [ -65.444791, -18.362727 ], [ -65.445231, -18.362405 ], [ -65.445865, -18.362092 ], [ -65.44645, -18.36184 ], [ -65.447041, -18.361599 ], [ -65.447299, -18.361491 ], [ -65.44763, -18.361269 ], [ -65.448004, -18.361036 ], [ -65.448138, -18.36091 ], [ -65.448197, -18.360849 ], [ -65.448347, -18.360694 ], [ -65.448482, -18.360407 ], [ -65.448662, -18.359923 ], [ -65.448714, -18.359668 ], [ -65.448904, -18.358936 ], [ -65.448844, -18.358469 ], [ -65.448834, -18.358174 ], [ -65.448922, -18.357821 ], [ -65.449101, -18.357561 ], [ -65.449521, -18.357255 ], [ -65.449783, -18.357088 ], [ -65.450144, -18.356971 ], [ -65.45055, -18.356853 ], [ -65.450914, -18.356768 ], [ -65.451445, -18.356667 ], [ -65.452061, -18.356389 ], [ -65.452639, -18.356047 ], [ -65.453209, -18.355705 ], [ -65.453591, -18.355429 ], [ -65.453906, -18.355218 ], [ -65.454205, -18.35481 ], [ -65.454563, -18.354521 ], [ -65.454957, -18.354231 ], [ -65.455306, -18.354107 ], [ -65.455554, -18.353991 ], [ -65.455863, -18.353902 ], [ -65.456148, -18.353763 ], [ -65.45647, -18.353481 ], [ -65.456814, -18.353205 ], [ -65.457023, -18.352959 ], [ -65.457247, -18.352669 ], [ -65.457462, -18.352251 ], [ -65.457701, -18.351911 ], [ -65.457836, -18.351593 ], [ -65.458145, -18.351072 ], [ -65.458496, -18.350387 ], [ -65.458814, -18.349673 ], [ -65.458956, -18.349231 ], [ -65.458984, -18.349146 ], [ -65.459274, -18.348655 ], [ -65.459836, -18.348313 ], [ -65.460192, -18.348162 ], [ -65.46064, -18.347984 ], [ -65.461316, -18.347741 ], [ -65.462075, -18.347427 ], [ -65.462803, -18.347026 ], [ -65.463188, -18.346694 ], [ -65.463542, -18.346208 ], [ -65.463863, -18.345767 ], [ -65.464101, -18.345341 ], [ -65.464272, -18.345052 ], [ -65.464548, -18.344632 ], [ -65.464585, -18.344569 ], [ -65.464815, -18.344177 ], [ -65.464911, -18.343889 ], [ -65.464995, -18.343719 ], [ -65.465161, -18.343038 ], [ -65.465053, -18.342772 ], [ -65.464734, -18.342343 ], [ -65.464369, -18.341935 ], [ -65.464129, -18.341554 ], [ -65.463855, -18.340802 ], [ -65.46385, -18.340568 ], [ -65.463855, -18.339802 ], [ -65.463959, -18.339401 ], [ -65.464024, -18.339153 ], [ -65.464202, -18.338755 ], [ -65.464468, -18.338143 ], [ -65.464532, -18.337632 ], [ -65.464668, -18.337341 ], [ -65.465089, -18.33652 ], [ -65.465357, -18.3361 ], [ -65.46608, -18.335153 ], [ -65.467169, -18.334323 ], [ -65.46884, -18.332653 ], [ -65.469935, -18.33153 ], [ -65.47017, -18.331267 ], [ -65.470841, -18.330515 ], [ -65.472035, -18.329324 ], [ -65.47239, -18.329049 ], [ -65.473099, -18.328106 ], [ -65.473591, -18.327164 ], [ -65.474336, -18.326101 ], [ -65.474964, -18.323543 ], [ -65.475095, -18.322873 ], [ -65.475242, -18.322469 ], [ -65.47526, -18.321749 ], [ -65.475397, -18.320993 ], [ -65.475673, -18.319624 ], [ -65.475902, -18.319016 ], [ -65.476344, -18.317834 ], [ -65.476505, -18.31715 ], [ -65.476549, -18.316347 ], [ -65.476517, -18.315797 ], [ -65.476468, -18.315279 ], [ -65.476465, -18.314826 ], [ -65.476544, -18.314343 ], [ -65.476534, -18.314056 ], [ -65.47656, -18.313764 ], [ -65.476576, -18.313595 ], [ -65.476519, -18.313034 ], [ -65.476288, -18.312498 ], [ -65.475983, -18.311915 ], [ -65.475754, -18.311571 ], [ -65.475628, -18.311423 ], [ -65.474959, -18.31062 ], [ -65.474325, -18.309963 ], [ -65.473998, -18.309497 ], [ -65.473961, -18.309286 ], [ -65.473896, -18.308908 ], [ -65.473914, -18.308404 ], [ -65.474002, -18.308087 ], [ -65.47424, -18.307646 ], [ -65.474509, -18.307407 ], [ -65.474921, -18.307109 ], [ -65.475402, -18.30694 ], [ -65.475853, -18.306772 ], [ -65.476334, -18.306711 ], [ -65.476673, -18.306679 ], [ -65.477193, -18.306684 ], [ -65.477486, -18.306681 ], [ -65.477831, -18.306718 ], [ -65.478294, -18.306708 ], [ -65.478841, -18.306665 ], [ -65.479126, -18.306566 ], [ -65.479459, -18.306451 ], [ -65.479842, -18.30629 ], [ -65.480059, -18.306123 ], [ -65.480328, -18.305798 ], [ -65.480457, -18.305458 ], [ -65.480487, -18.305381 ], [ -65.480547, -18.304969 ], [ -65.480459, -18.304314 ], [ -65.480509, -18.303805 ], [ -65.480528, -18.303523 ], [ -65.48063, -18.303018 ], [ -65.480768, -18.302398 ], [ -65.480831, -18.3017 ], [ -65.480924, -18.301081 ], [ -65.48083, -18.300649 ], [ -65.480829, -18.30052 ], [ -65.480676, -18.30019 ], [ -65.480424, -18.299753 ], [ -65.480134, -18.299287 ], [ -65.479854, -18.299016 ], [ -65.47955, -18.298709 ], [ -65.479134, -18.29846 ], [ -65.478899, -18.298296 ], [ -65.478709, -18.298117 ], [ -65.478601, -18.297823 ], [ -65.47858, -18.297719 ], [ -65.478651, -18.297434 ], [ -65.478838, -18.297195 ], [ -65.478936, -18.297114 ], [ -65.47925, -18.296934 ], [ -65.479357, -18.296907 ], [ -65.479724, -18.296815 ], [ -65.480169, -18.296884 ], [ -65.480646, -18.297052 ], [ -65.480909, -18.297145 ], [ -65.481227, -18.297358 ], [ -65.48181, -18.29775 ], [ -65.482513, -18.298112 ], [ -65.483141, -18.29841 ], [ -65.483709, -18.298866 ], [ -65.483975, -18.299088 ], [ -65.484202, -18.29928 ], [ -65.484767, -18.299291 ], [ -65.484955, -18.299253 ], [ -65.485158, -18.299175 ], [ -65.485301, -18.299178 ], [ -65.485766, -18.298888 ], [ -65.485971, -18.298548 ], [ -65.486029, -18.298399 ], [ -65.486105, -18.2979 ], [ -65.486311, -18.297373 ], [ -65.4864, -18.297142 ], [ -65.486654, -18.296809 ], [ -65.486847, -18.296506 ], [ -65.487176, -18.296223 ], [ -65.487453, -18.295983 ], [ -65.487768, -18.295744 ], [ -65.487895, -18.2957 ], [ -65.488079, -18.295647 ], [ -65.488429, -18.295545 ], [ -65.488805, -18.295405 ], [ -65.489277, -18.295122 ], [ -65.48962, -18.294659 ], [ -65.489739, -18.294431 ], [ -65.489959, -18.294038 ], [ -65.490206, -18.293546 ], [ -65.490263, -18.293028 ], [ -65.490228, -18.29246 ], [ -65.490078, -18.291654 ], [ -65.490063, -18.291576 ], [ -65.490074, -18.290993 ], [ -65.490274, -18.290545 ], [ -65.490624, -18.290047 ], [ -65.490951, -18.289541 ], [ -65.49113, -18.289316 ], [ -65.491337, -18.289043 ], [ -65.491609, -18.288667 ], [ -65.491788, -18.288296 ], [ -65.491889, -18.288054 ], [ -65.491949, -18.287845 ], [ -65.492066, -18.287568 ], [ -65.492202, -18.287286 ], [ -65.492343, -18.286865 ], [ -65.492398, -18.286726 ], [ -65.492464, -18.286324 ], [ -65.492517, -18.285826 ], [ -65.492619, -18.285292 ], [ -65.49289, -18.28449 ], [ -65.493177, -18.283865 ], [ -65.4934, -18.283408 ], [ -65.493699, -18.28296 ], [ -65.4939, -18.282661 ], [ -65.494038, -18.282419 ], [ -65.494716, -18.281322 ], [ -65.494953, -18.280796 ], [ -65.495191, -18.280213 ], [ -65.495371, -18.27996 ], [ -65.495738, -18.279567 ], [ -65.496113, -18.279289 ], [ -65.4963, -18.279132 ], [ -65.496475, -18.279011 ], [ -65.496782, -18.278913 ], [ -65.49712, -18.278844 ], [ -65.497464, -18.278692 ], [ -65.497856, -18.278311 ], [ -65.498018, -18.278118 ], [ -65.498155, -18.277919 ], [ -65.498404, -18.277499 ], [ -65.498643, -18.27701 ], [ -65.498841, -18.276583 ], [ -65.499086, -18.275977 ], [ -65.499188, -18.27568 ], [ -65.499205, -18.275648 ], [ -65.499333, -18.275279 ], [ -65.49942, -18.275134 ], [ -65.499579, -18.274911 ], [ -65.49961, -18.274879 ], [ -65.500098, -18.274366 ], [ -65.50063, -18.27391 ], [ -65.500753, -18.273823 ], [ -65.50093, -18.273689 ], [ -65.50108, -18.273573 ], [ -65.501251, -18.273446 ], [ -65.501503, -18.2732 ], [ -65.501655, -18.273047 ], [ -65.50176, -18.272969 ], [ -65.501922, -18.272854 ], [ -65.502045, -18.272751 ], [ -65.502163, -18.272591 ], [ -65.50223, -18.272412 ], [ -65.502254, -18.272191 ], [ -65.5023, -18.271901 ], [ -65.502366, -18.271611 ], [ -65.502451, -18.271424 ], [ -65.502556, -18.271277 ], [ -65.502672, -18.271165 ], [ -65.502826, -18.27093 ], [ -65.502864, -18.270793 ], [ -65.502921, -18.270694 ], [ -65.503059, -18.270427 ], [ -65.503141, -18.270194 ], [ -65.503188, -18.26982 ], [ -65.503247, -18.269229 ], [ -65.503269, -18.268799 ], [ -65.503345, -18.268227 ], [ -65.503334, -18.267931 ], [ -65.503362, -18.2675 ], [ -65.503538, -18.266832 ], [ -65.503573, -18.266683 ], [ -65.503689, -18.266378 ], [ -65.503828, -18.266101 ], [ -65.503877, -18.265861 ], [ -65.503874, -18.265691 ], [ -65.503862, -18.265446 ], [ -65.503715, -18.264779 ], [ -65.503554, -18.264149 ], [ -65.503538, -18.263762 ], [ -65.50359, -18.263517 ], [ -65.503642, -18.263181 ], [ -65.503633, -18.262999 ], [ -65.503613, -18.262555 ], [ -65.503487, -18.262117 ], [ -65.503442, -18.261836 ], [ -65.503471, -18.261396 ], [ -65.503684, -18.260915 ], [ -65.503905, -18.260587 ], [ -65.504276, -18.260305 ], [ -65.50473, -18.260032 ], [ -65.50505, -18.2599 ], [ -65.506629, -18.259576 ], [ -65.507994, -18.259165 ], [ -65.509127, -18.258858 ], [ -65.509563, -18.258837 ], [ -65.510563, -18.258777 ], [ -65.510992, -18.25867 ], [ -65.5115, -18.258542 ], [ -65.51237, -18.258249 ], [ -65.513127, -18.25777 ], [ -65.513384, -18.257559 ], [ -65.514087, -18.256955 ], [ -65.514402, -18.256659 ], [ -65.514655, -18.256412 ], [ -65.515355, -18.255892 ], [ -65.515919, -18.255726 ], [ -65.516695, -18.255499 ], [ -65.517134, -18.255418 ], [ -65.51773, -18.255437 ], [ -65.518245, -18.25547 ], [ -65.519133, -18.255847 ], [ -65.52003, -18.256566 ], [ -65.520847, -18.256858 ], [ -65.521978, -18.256924 ], [ -65.523558, -18.256577 ], [ -65.52402, -18.256411 ], [ -65.524277, -18.256245 ], [ -65.524926, -18.255401 ], [ -65.524977, -18.253478 ], [ -65.524994, -18.253406 ], [ -65.524997, -18.253402 ], [ -65.525003, -18.253378 ], [ -65.525019, -18.253364 ], [ -65.525235, -18.252991 ], [ -65.525566, -18.252724 ], [ -65.525952, -18.252527 ], [ -65.527406, -18.251223 ], [ -65.527542, -18.251049 ], [ -65.527635, -18.250863 ], [ -65.527726, -18.250556 ], [ -65.527793, -18.250268 ], [ -65.527822, -18.249962 ], [ -65.527794, -18.249614 ], [ -65.527792, -18.24935 ], [ -65.52786, -18.24917 ], [ -65.527902, -18.248984 ], [ -65.528039, -18.248779 ], [ -65.528226, -18.248676 ], [ -65.528439, -18.248554 ], [ -65.528683, -18.24848 ], [ -65.528996, -18.248424 ], [ -65.529403, -18.248319 ], [ -65.529785, -18.248257 ], [ -65.530105, -18.2482 ], [ -65.530688, -18.248142 ], [ -65.531045, -18.248062 ], [ -65.531445, -18.247994 ], [ -65.534005, -18.246552 ], [ -65.534214, -18.24636 ], [ -65.534331, -18.246369 ], [ -65.538753, -18.249392 ], [ -65.542132, -18.249328 ], [ -65.547164, -18.248837 ], [ -65.548375, -18.244894 ], [ -65.551914, -18.240597 ], [ -65.558045, -18.241158 ], [ -65.562559, -18.237438 ], [ -65.56797, -18.235225 ], [ -65.571665, -18.228346 ], [ -65.576478, -18.224697 ], [ -65.580017, -18.219754 ], [ -65.58505, -18.218473 ], [ -65.587467, -18.211878 ], [ -65.590095, -18.211739 ], [ -65.594975, -18.211247 ], [ -65.596108, -18.208236 ], [ -65.599274, -18.201929 ], [ -65.600636, -18.196838 ], [ -65.602802, -18.190979 ], [ -65.605663, -18.186536 ], [ -65.605671, -18.182662 ], [ -65.607708, -18.177788 ], [ -65.614773, -18.172994 ], [ -65.616784, -18.168811 ], [ -65.623777, -18.162439 ], [ -65.633923, -18.154924 ], [ -65.633478, -18.152412 ], [ -65.635923, -18.149242 ], [ -65.641598, -18.144822 ], [ -65.639407, -18.142309 ], [ -65.644456, -18.140075 ], [ -65.649374, -18.143041 ], [ -65.653355, -18.141111 ], [ -65.655989, -18.136882 ], [ -65.662571, -18.135648 ], [ -65.66448, -18.131267 ], [ -65.670312, -18.128701 ], [ -65.672798, -18.123396 ], [ -65.677525, -18.123475 ], [ -65.683085, -18.118821 ], [ -65.686695, -18.11366 ], [ -65.689187, -18.104337 ], [ -65.690712, -18.093093 ], [ -65.696864, -18.095411 ], [ -65.698537, -18.093994 ], [ -65.700486, -18.093376 ], [ -65.702622, -18.092403 ], [ -65.703737, -18.091429 ], [ -65.704389, -18.089655 ], [ -65.706061, -18.08806 ], [ -65.708402, -18.085017 ], [ -65.710805, -18.081691 ], [ -65.71455, -18.079625 ], [ -65.718312, -18.078401 ], [ -65.720265, -18.077041 ], [ -65.722741, -18.076399 ], [ -65.723268, -18.075323 ], [ -65.726422, -18.072816 ], [ -65.727625, -18.071239 ], [ -65.728152, -18.069518 ], [ -65.729429, -18.068587 ], [ -65.730032, -18.066292 ], [ -65.731837, -18.063353 ], [ -65.733562, -18.063283 ], [ -65.736563, -18.062785 ], [ -65.738437, -18.063577 ], [ -65.740838, -18.063077 ], [ -65.741742, -18.060567 ], [ -65.742771, -18.058462 ], [ -65.744872, -18.057604 ], [ -65.74705, -18.055741 ], [ -65.748029, -18.053231 ], [ -65.749981, -18.051727 ], [ -65.751406, -18.051729 ], [ -65.753166, -18.052086 ], [ -65.755232, -18.050729 ], [ -65.756136, -18.048003 ], [ -65.757187, -18.047359 ], [ -65.762214, -18.045858 ], [ -65.765441, -18.04414 ], [ -65.768293, -18.042923 ], [ -65.769271, -18.040342 ], [ -65.772497, -18.040058 ], [ -65.777748, -18.039131 ], [ -65.785454, -18.03445 ], [ -65.785458, -18.031508 ], [ -65.783586, -18.028206 ], [ -65.785019, -18.025837 ], [ -65.786216, -18.023617 ], [ -65.787491, -18.023618 ], [ -65.789142, -18.023333 ], [ -65.789743, -18.021827 ], [ -65.789296, -18.019172 ], [ -65.790648, -18.017953 ], [ -65.793348, -18.01731 ], [ -65.795297, -18.017886 ], [ -65.798373, -18.016742 ], [ -65.799948, -18.016456 ], [ -65.800774, -18.015309 ], [ -65.8007, -18.014376 ], [ -65.802277, -18.012584 ], [ -65.804794, -18.012616 ], [ -65.806727, -18.012526 ], [ -65.812229, -18.009913 ], [ -65.816657, -18.005971 ], [ -65.817783, -18.005613 ], [ -65.819134, -18.004107 ], [ -65.821084, -18.003822 ], [ -65.824384, -18.002533 ], [ -65.826635, -18.00189 ], [ -65.827985, -18.000743 ], [ -65.829037, -17.999093 ], [ -65.830089, -17.99644 ], [ -65.831983, -17.992881 ], [ -65.829585, -17.988149 ], [ -65.829199, -17.987599 ], [ -65.828874, -17.98727 ], [ -65.828707, -17.987095 ], [ -65.828633, -17.986935 ], [ -65.828559, -17.986694 ], [ -65.828497, -17.986579 ], [ -65.828275, -17.985937 ], [ -65.827855, -17.984826 ], [ -65.827595, -17.984 ], [ -65.827396, -17.983312 ], [ -65.82726, -17.982957 ], [ -65.827089, -17.982614 ], [ -65.82689, -17.981983 ], [ -65.826887, -17.981673 ], [ -65.826921, -17.981535 ], [ -65.82676, -17.981053 ], [ -65.826433, -17.980699 ], [ -65.826046, -17.980334 ], [ -65.825816, -17.980152 ], [ -65.825731, -17.980049 ], [ -65.825523, -17.979614 ], [ -65.825301, -17.979087 ], [ -65.825297, -17.978674 ], [ -65.82532, -17.978628 ], [ -65.825318, -17.978467 ], [ -65.825341, -17.978375 ], [ -65.825341, -17.978294 ], [ -65.825375, -17.978167 ], [ -65.825384, -17.977903 ], [ -65.825442, -17.977696 ], [ -65.825436, -17.977167 ], [ -65.82541, -17.976926 ], [ -65.825359, -17.976674 ], [ -65.825323, -17.976651 ], [ -65.825286, -17.976594 ], [ -65.82519, -17.976514 ], [ -65.824816, -17.976298 ], [ -65.824539, -17.976163 ], [ -65.82443, -17.976094 ], [ -65.823828, -17.975846 ], [ -65.823238, -17.975563 ], [ -65.823154, -17.975506 ], [ -65.822973, -17.975427 ], [ -65.822563, -17.975155 ], [ -65.822116, -17.97479 ], [ -65.82179, -17.974563 ], [ -65.821416, -17.974336 ], [ -65.821211, -17.974234 ], [ -65.820633, -17.973985 ], [ -65.820476, -17.973895 ], [ -65.820188, -17.973805 ], [ -65.820103, -17.973759 ], [ -65.819779, -17.973658 ], [ -65.819779, -17.973647 ], [ -65.819755, -17.973647 ], [ -65.819574, -17.973545 ], [ -65.818491, -17.973094 ], [ -65.817659, -17.972675 ], [ -65.81708, -17.9723 ], [ -65.816778, -17.972049 ], [ -65.816742, -17.972003 ], [ -65.816645, -17.971935 ], [ -65.816379, -17.971684 ], [ -65.816197, -17.97149 ], [ -65.816087, -17.97133 ], [ -65.816002, -17.971158 ], [ -65.815526, -17.970358 ], [ -65.815464, -17.970209 ], [ -65.815025, -17.969442 ], [ -65.814939, -17.969259 ], [ -65.814585, -17.968641 ], [ -65.814451, -17.968469 ], [ -65.814414, -17.968378 ], [ -65.814208, -17.968103 ], [ -65.814183, -17.968046 ], [ -65.814171, -17.968046 ], [ -65.814171, -17.968023 ], [ -65.814097, -17.967886 ], [ -65.813903, -17.967634 ], [ -65.813903, -17.967588 ], [ -65.813853, -17.967451 ], [ -65.813695, -17.967188 ], [ -65.813683, -17.967188 ], [ -65.813535, -17.966833 ], [ -65.8134, -17.966569 ], [ -65.813347, -17.966053 ], [ -65.813437, -17.965466 ], [ -65.813529, -17.965155 ], [ -65.813611, -17.964982 ], [ -65.813634, -17.964901 ], [ -65.813693, -17.964797 ], [ -65.813716, -17.964705 ], [ -65.81381, -17.964555 ], [ -65.813986, -17.964209 ], [ -65.814116, -17.964001 ], [ -65.814257, -17.963736 ], [ -65.814315, -17.963563 ], [ -65.814323, -17.963195 ], [ -65.81426, -17.962874 ], [ -65.813952, -17.962152 ], [ -65.813831, -17.96187 ], [ -65.81377, -17.961718 ], [ -65.813746, -17.961515 ], [ -65.813552, -17.961248 ], [ -65.813341, -17.961007 ], [ -65.813121, -17.960561 ], [ -65.812998, -17.960263 ], [ -65.812753, -17.959782 ], [ -65.812522, -17.959496 ], [ -65.812048, -17.958822 ], [ -65.811781, -17.958514 ], [ -65.811757, -17.958514 ], [ -65.811684, -17.958434 ], [ -65.811684, -17.958399 ], [ -65.81166, -17.9584 ], [ -65.81149, -17.95816 ], [ -65.811466, -17.95816 ], [ -65.811465, -17.958137 ], [ -65.811405, -17.95808 ], [ -65.811405, -17.958045 ], [ -65.81121, -17.957771 ], [ -65.811075, -17.957519 ], [ -65.810369, -17.956444 ], [ -65.810295, -17.956272 ], [ -65.810137, -17.955986 ], [ -65.810123, -17.95586 ], [ -65.810038, -17.955722 ], [ -65.810001, -17.955596 ], [ -65.809952, -17.955528 ], [ -65.809951, -17.955413 ], [ -65.809569, -17.954462 ], [ -65.809434, -17.954187 ], [ -65.809397, -17.954003 ], [ -65.80882, -17.95272 ], [ -65.808551, -17.952228 ], [ -65.808454, -17.952091 ], [ -65.808345, -17.951988 ], [ -65.808344, -17.951954 ], [ -65.80804, -17.951531 ], [ -65.807978, -17.951267 ], [ -65.807941, -17.951187 ], [ -65.807935, -17.950624 ], [ -65.807909, -17.950463 ], [ -65.807835, -17.950199 ], [ -65.807774, -17.950096 ], [ -65.807748, -17.949982 ], [ -65.807638, -17.949753 ], [ -65.807601, -17.949638 ], [ -65.807356, -17.949134 ], [ -65.807148, -17.948768 ], [ -65.806978, -17.948505 ], [ -65.806953, -17.948436 ], [ -65.806868, -17.948333 ], [ -65.806782, -17.948104 ], [ -65.806758, -17.948104 ], [ -65.806598, -17.947726 ], [ -65.806305, -17.9472 ], [ -65.806281, -17.9472 ], [ -65.806207, -17.947016 ], [ -65.806036, -17.946684 ], [ -65.805949, -17.946421 ], [ -65.805899, -17.946145 ], [ -65.805894, -17.945732 ], [ -65.805917, -17.945617 ], [ -65.805916, -17.945502 ], [ -65.805949, -17.945226 ], [ -65.806112, -17.944811 ], [ -65.806159, -17.944753 ], [ -65.806418, -17.944291 ], [ -65.806689, -17.943875 ], [ -65.806995, -17.94331 ], [ -65.80716, -17.943044 ], [ -65.807254, -17.942929 ], [ -65.807396, -17.94279 ], [ -65.807504, -17.94272 ], [ -65.807551, -17.942708 ], [ -65.807875, -17.942706 ], [ -65.807878, -17.942707 ], [ -65.807906, -17.942706 ], [ -65.80813, -17.94275 ], [ -65.808163, -17.94275 ], [ -65.808198, -17.942715 ], [ -65.808222, -17.942715 ], [ -65.808222, -17.942692 ], [ -65.808305, -17.942588 ], [ -65.808468, -17.942161 ], [ -65.808561, -17.941873 ], [ -65.808596, -17.941816 ], [ -65.808596, -17.941793 ], [ -65.808691, -17.941746 ], [ -65.809446, -17.941729 ], [ -65.809528, -17.941556 ], [ -65.809564, -17.941533 ], [ -65.80963, -17.94098 ], [ -65.809746, -17.940623 ], [ -65.810099, -17.940103 ], [ -65.810289, -17.939872 ], [ -65.810443, -17.939722 ], [ -65.810537, -17.939583 ], [ -65.810964, -17.93912 ], [ -65.811427, -17.938749 ], [ -65.812273, -17.938306 ], [ -65.812654, -17.938142 ], [ -65.813036, -17.937955 ], [ -65.813227, -17.937885 ], [ -65.813417, -17.93778 ], [ -65.813691, -17.937583 ], [ -65.81394, -17.937363 ], [ -65.814046, -17.937235 ], [ -65.814176, -17.937016 ], [ -65.814269, -17.936763 ], [ -65.814326, -17.936532 ], [ -65.814443, -17.936279 ], [ -65.81469, -17.935829 ], [ -65.814864, -17.935253 ], [ -65.814885, -17.934988 ], [ -65.81486, -17.934896 ], [ -65.814859, -17.934804 ], [ -65.814784, -17.934472 ], [ -65.814698, -17.934265 ], [ -65.814695, -17.934024 ], [ -65.81467, -17.933898 ], [ -65.814668, -17.933726 ], [ -65.814629, -17.933496 ], [ -65.81458, -17.933393 ], [ -65.814543, -17.933244 ], [ -65.814336, -17.932912 ], [ -65.814045, -17.932638 ], [ -65.813659, -17.932354 ], [ -65.813575, -17.93232 ], [ -65.8132, -17.932036 ], [ -65.812896, -17.931555 ], [ -65.812871, -17.931463 ], [ -65.812834, -17.931395 ], [ -65.812821, -17.931326 ], [ -65.812736, -17.931189 ], [ -65.812736, -17.931143 ], [ -65.812712, -17.931143 ], [ -65.812711, -17.931108 ], [ -65.812275, -17.930652 ], [ -65.81202, -17.930343 ], [ -65.811752, -17.929863 ], [ -65.811702, -17.929668 ], [ -65.811686, -17.929346 ], [ -65.811709, -17.929219 ], [ -65.811732, -17.929185 ], [ -65.811755, -17.92907 ], [ -65.811802, -17.928943 ], [ -65.811919, -17.928735 ], [ -65.811953, -17.928517 ], [ -65.811917, -17.928482 ], [ -65.81176, -17.928426 ], [ -65.811292, -17.928315 ], [ -65.811118, -17.928294 ], [ -65.8107, -17.928297 ], [ -65.810569, -17.928332 ], [ -65.810281, -17.928334 ], [ -65.809982, -17.92836 ], [ -65.809965, -17.928358 ], [ -65.809951, -17.928359 ], [ -65.809735, -17.928338 ], [ -65.809567, -17.928281 ], [ -65.809446, -17.92819 ], [ -65.809276, -17.928019 ], [ -65.809227, -17.927939 ], [ -65.809227, -17.927847 ], [ -65.809271, -17.92756 ], [ -65.809329, -17.927375 ], [ -65.809377, -17.92734 ], [ -65.809542, -17.927109 ], [ -65.809601, -17.926971 ], [ -65.809658, -17.926764 ], [ -65.809681, -17.926614 ], [ -65.809679, -17.926499 ], [ -65.809593, -17.926236 ], [ -65.809519, -17.926098 ], [ -65.809253, -17.925847 ], [ -65.809166, -17.925549 ], [ -65.809102, -17.925182 ], [ -65.809101, -17.92509 ], [ -65.808713, -17.924656 ], [ -65.80864, -17.92453 ], [ -65.808604, -17.924508 ], [ -65.808529, -17.924175 ], [ -65.808502, -17.923934 ], [ -65.808427, -17.923601 ], [ -65.808329, -17.923429 ], [ -65.808182, -17.923097 ], [ -65.807487, -17.92193 ], [ -65.807398, -17.921471 ], [ -65.807396, -17.921299 ], [ -65.80743, -17.921137 ], [ -65.807473, -17.920666 ], [ -65.807468, -17.920126 ], [ -65.807442, -17.919931 ], [ -65.807366, -17.919609 ], [ -65.807318, -17.919575 ], [ -65.807318, -17.919552 ], [ -65.807294, -17.919541 ], [ -65.807196, -17.919358 ], [ -65.807075, -17.919209 ], [ -65.806954, -17.919107 ], [ -65.806495, -17.918823 ], [ -65.805942, -17.918574 ], [ -65.805474, -17.918486 ], [ -65.805065, -17.918328 ], [ -65.804764, -17.91818 ], [ -65.804546, -17.917987 ], [ -65.804255, -17.917633 ], [ -65.804098, -17.917507 ], [ -65.804061, -17.917439 ], [ -65.803953, -17.917371 ], [ -65.803723, -17.917165 ], [ -65.803589, -17.916959 ], [ -65.803419, -17.916742 ], [ -65.803221, -17.916123 ], [ -65.803206, -17.915836 ], [ -65.803118, -17.915469 ], [ -65.803019, -17.915205 ], [ -65.802994, -17.915091 ], [ -65.80292, -17.914907 ], [ -65.802883, -17.914758 ], [ -65.802711, -17.914323 ], [ -65.802479, -17.913945 ], [ -65.802333, -17.913739 ], [ -65.802285, -17.913694 ], [ -65.802247, -17.913568 ], [ -65.801918, -17.913007 ], [ -65.801638, -17.912595 ], [ -65.801421, -17.912413 ], [ -65.801047, -17.912232 ], [ -65.800506, -17.912017 ], [ -65.800037, -17.91186 ], [ -65.799785, -17.911747 ], [ -65.799616, -17.911691 ], [ -65.79958, -17.911633 ], [ -65.799374, -17.911474 ], [ -65.799192, -17.911257 ], [ -65.799022, -17.910994 ], [ -65.7989, -17.910753 ], [ -65.798825, -17.910467 ], [ -65.798726, -17.910226 ], [ -65.798653, -17.910123 ], [ -65.79858, -17.909963 ], [ -65.79847, -17.909791 ], [ -65.798301, -17.909597 ], [ -65.798312, -17.909585 ], [ -65.798191, -17.909391 ], [ -65.798045, -17.909231 ], [ -65.79802, -17.909162 ], [ -65.797548, -17.908695 ], [ -65.797343, -17.908558 ], [ -65.796983, -17.908457 ], [ -65.796528, -17.908449 ], [ -65.796335, -17.908393 ], [ -65.795928, -17.90835 ], [ -65.795495, -17.908227 ], [ -65.795507, -17.908215 ], [ -65.795515, -17.907813 ], [ -65.79556, -17.907594 ], [ -65.79557, -17.907376 ], [ -65.795604, -17.907134 ], [ -65.79565, -17.907019 ], [ -65.795685, -17.906869 ], [ -65.795766, -17.906674 ], [ -65.796002, -17.90627 ], [ -65.796154, -17.905947 ], [ -65.796212, -17.905751 ], [ -65.796371, -17.90498 ], [ -65.796801, -17.903735 ], [ -65.796872, -17.903597 ], [ -65.797057, -17.903009 ], [ -65.797133, -17.902239 ], [ -65.797131, -17.901997 ], [ -65.797164, -17.901779 ], [ -65.797404, -17.900674 ], [ -65.797517, -17.900064 ], [ -65.797576, -17.899902 ], [ -65.797646, -17.899799 ], [ -65.797658, -17.899798 ], [ -65.79769, -17.89943 ], [ -65.797688, -17.899189 ], [ -65.797772, -17.898108 ], [ -65.797771, -17.897947 ], [ -65.797792, -17.897706 ], [ -65.797826, -17.897533 ], [ -65.797847, -17.897269 ], [ -65.797881, -17.897073 ], [ -65.797951, -17.896831 ], [ -65.798314, -17.896093 ], [ -65.798571, -17.895459 ], [ -65.798767, -17.894779 ], [ -65.798788, -17.894503 ], [ -65.798982, -17.893571 ], [ -65.799111, -17.893271 ], [ -65.79918, -17.892972 ], [ -65.799309, -17.892718 ], [ -65.799366, -17.892511 ], [ -65.799564, -17.891981 ], [ -65.79967, -17.891785 ], [ -65.799846, -17.891393 ], [ -65.799949, -17.890944 ], [ -65.800255, -17.889332 ], [ -65.80036, -17.889044 ], [ -65.800547, -17.888652 ], [ -65.800747, -17.887122 ], [ -65.801088, -17.886557 ], [ -65.801998, -17.876252 ], [ -65.780816, -17.854743 ], [ -65.751741, -17.853537 ], [ -65.716359, -17.852337 ], [ -65.716103, -17.85232 ], [ -65.71591, -17.852302 ], [ -65.719641, -17.837051 ], [ -65.722629, -17.823368 ], [ -65.72267, -17.823328 ], [ -65.721574, -17.792822 ], [ -65.718855, -17.775355 ], [ -65.700134, -17.757443 ], [ -65.723927, -17.748822 ], [ -65.726016, -17.748347 ], [ -65.72595, -17.748057 ], [ -65.723869, -17.738884 ], [ -65.723777, -17.738456 ], [ -65.731613, -17.723859 ], [ -65.729734, -17.703962 ], [ -65.733898, -17.670174 ], [ -65.734211, -17.666979 ], [ -65.734274, -17.666337 ], [ -65.734481, -17.666202 ], [ -65.734494, -17.666177 ], [ -65.734522, -17.665986 ], [ -65.744773, -17.645547 ], [ -65.753875, -17.636731 ], [ -65.754018, -17.636676 ], [ -65.75408, -17.636616 ], [ -65.756212, -17.635792 ], [ -65.766548, -17.631797 ], [ -65.77649, -17.629584 ], [ -65.77943, -17.620134 ], [ -65.793408, -17.610908 ], [ -65.796193, -17.603199 ], [ -65.798526, -17.599109 ], [ -65.810223, -17.597427 ], [ -65.813446, -17.596812 ], [ -65.8116, -17.593768 ], [ -65.81141, -17.593039 ], [ -65.810849, -17.591938 ], [ -65.810478, -17.591211 ], [ -65.810219, -17.590329 ], [ -65.810632, -17.589628 ], [ -65.810881, -17.587465 ], [ -65.811468, -17.582353 ], [ -65.810039, -17.57929 ], [ -65.809971, -17.578646 ], [ -65.809432, -17.573523 ], [ -65.807704, -17.557121 ], [ -65.80775, -17.547884 ], [ -65.800925, -17.548074 ], [ -65.797277, -17.547701 ], [ -65.797242, -17.547873 ], [ -65.795234, -17.54708 ], [ -65.793173, -17.547127 ], [ -65.776976, -17.536229 ], [ -65.767754, -17.525811 ], [ -65.767185, -17.524934 ], [ -65.766637, -17.523569 ], [ -65.765697, -17.522417 ], [ -65.764641, -17.521646 ], [ -65.764473, -17.52052 ], [ -65.763292, -17.517078 ], [ -65.76177, -17.517876 ], [ -65.761577, -17.518808 ], [ -65.760969, -17.519702 ], [ -65.751612, -17.517221 ], [ -65.764693, -17.513839 ], [ -65.776272, -17.516137 ], [ -65.788415, -17.518546 ], [ -65.790832, -17.519256 ], [ -65.779994, -17.499469 ], [ -65.778365, -17.494012 ], [ -65.779472, -17.49345 ], [ -65.779854, -17.493229 ], [ -65.780464, -17.492949 ], [ -65.780954, -17.492693 ], [ -65.781144, -17.492573 ], [ -65.781467, -17.492368 ], [ -65.782996, -17.491519 ], [ -65.783642, -17.491204 ], [ -65.784287, -17.490867 ], [ -65.784583, -17.490664 ], [ -65.784656, -17.490549 ], [ -65.784921, -17.490297 ], [ -65.785344, -17.489736 ], [ -65.785584, -17.489548 ], [ -65.786053, -17.48943 ], [ -65.786195, -17.489365 ], [ -65.786217, -17.489348 ], [ -65.786645, -17.488954 ], [ -65.786883, -17.488757 ], [ -65.786919, -17.488742 ], [ -65.787182, -17.488629 ], [ -65.787258, -17.487938 ], [ -65.787255, -17.487639 ], [ -65.787154, -17.487282 ], [ -65.787032, -17.487076 ], [ -65.786834, -17.486674 ], [ -65.786708, -17.486203 ], [ -65.786581, -17.485582 ], [ -65.786538, -17.484996 ], [ -65.786556, -17.484478 ], [ -65.786669, -17.483902 ], [ -65.78668, -17.483873 ], [ -65.787147, -17.482679 ], [ -65.787286, -17.482241 ], [ -65.787388, -17.481699 ], [ -65.787417, -17.481135 ], [ -65.787325, -17.48048 ], [ -65.787089, -17.479791 ], [ -65.786795, -17.479305 ], [ -65.786441, -17.478851 ], [ -65.786039, -17.478462 ], [ -65.785602, -17.478097 ], [ -65.784682, -17.477527 ], [ -65.784124, -17.477163 ], [ -65.783737, -17.476958 ], [ -65.782914, -17.476434 ], [ -65.782309, -17.476127 ], [ -65.781994, -17.475933 ], [ -65.781484, -17.475522 ], [ -65.780975, -17.47518 ], [ -65.780041, -17.474427 ], [ -65.779161, -17.473502 ], [ -65.778439, -17.472942 ], [ -65.77846, -17.472926 ], [ -65.778401, -17.47288 ], [ -65.779459, -17.472066 ], [ -65.780092, -17.47181 ], [ -65.780578, -17.47122 ], [ -65.78079, -17.470851 ], [ -65.780965, -17.470413 ], [ -65.78127, -17.46972 ], [ -65.781716, -17.468866 ], [ -65.782282, -17.467873 ], [ -65.782801, -17.467099 ], [ -65.783477, -17.466266 ], [ -65.784711, -17.464867 ], [ -65.785328, -17.46423 ], [ -65.786174, -17.463581 ], [ -65.786985, -17.46307 ], [ -65.789662, -17.461708 ], [ -65.790533, -17.461127 ], [ -65.790961, -17.460779 ], [ -65.791152, -17.460652 ], [ -65.791487, -17.460465 ], [ -65.792371, -17.460046 ], [ -65.79286, -17.459744 ], [ -65.794398, -17.458619 ], [ -65.794981, -17.458143 ], [ -65.795635, -17.457541 ], [ -65.796323, -17.456708 ], [ -65.79689, -17.455934 ], [ -65.797667, -17.45456 ], [ -65.797901, -17.453983 ], [ -65.798074, -17.45343 ], [ -65.798235, -17.452807 ], [ -65.798631, -17.4517 ], [ -65.799006, -17.450892 ], [ -65.799231, -17.450592 ], [ -65.799811, -17.449909 ], [ -65.80412, -17.44833 ], [ -65.80412, -17.448353 ], [ -65.804217, -17.448387 ], [ -65.804588, -17.44827 ], [ -65.804983, -17.448095 ], [ -65.805411, -17.448083 ], [ -65.805758, -17.447596 ], [ -65.806199, -17.447294 ], [ -65.806653, -17.447015 ], [ -65.807046, -17.446713 ], [ -65.807129, -17.446632 ], [ -65.809216, -17.445559 ], [ -65.819578, -17.446779 ], [ -65.827628, -17.449511 ], [ -65.838787, -17.453298 ], [ -65.859304, -17.457714 ], [ -65.859465, -17.457566 ], [ -65.855378, -17.439316 ], [ -65.845013, -17.430967 ], [ -65.845026, -17.430926 ], [ -65.845012, -17.430915 ], [ -65.848235, -17.421068 ], [ -65.861074, -17.420093 ], [ -65.853879, -17.409455 ], [ -65.86419, -17.408302 ], [ -65.879309, -17.404026 ], [ -65.878538, -17.402717 ], [ -65.877123, -17.401807 ], [ -65.875722, -17.401207 ], [ -65.875081, -17.400935 ], [ -65.874153, -17.40071 ], [ -65.873431, -17.400611 ], [ -65.872914, -17.400568 ], [ -65.872457, -17.400548 ], [ -65.871975, -17.400494 ], [ -65.87147, -17.400405 ], [ -65.869832, -17.400185 ], [ -65.869134, -17.400074 ], [ -65.868325, -17.399757 ], [ -65.867672, -17.39945 ], [ -65.866995, -17.399109 ], [ -65.866244, -17.398619 ], [ -65.86491, -17.397592 ], [ -65.864049, -17.397021 ], [ -65.863312, -17.396669 ], [ -65.862058, -17.396366 ], [ -65.86077, -17.396133 ], [ -65.859192, -17.39582 ], [ -65.857444, -17.395405 ], [ -65.856672, -17.395157 ], [ -65.856008, -17.394885 ], [ -65.854665, -17.394191 ], [ -65.853699, -17.393771 ], [ -65.852721, -17.39342 ], [ -65.851746, -17.393254 ], [ -65.850772, -17.393259 ], [ -65.850016, -17.393345 ], [ -65.849188, -17.393419 ], [ -65.848154, -17.393345 ], [ -65.847202, -17.393178 ], [ -65.846298, -17.392976 ], [ -65.845719, -17.392761 ], [ -65.845368, -17.39259 ], [ -65.844802, -17.392421 ], [ -65.843971, -17.392288 ], [ -65.843067, -17.39211 ], [ -65.842081, -17.392058 ], [ -65.840315, -17.392069 ], [ -65.839448, -17.39189 ], [ -65.838988, -17.391674 ], [ -65.838288, -17.391437 ], [ -65.837506, -17.391338 ], [ -65.836665, -17.391343 ], [ -65.83598, -17.39137 ], [ -65.835235, -17.391351 ], [ -65.83437, -17.391403 ], [ -65.833733, -17.391384 ], [ -65.833097, -17.391399 ], [ -65.832616, -17.39139 ], [ -65.832171, -17.391416 ], [ -65.831931, -17.391371 ], [ -65.8314, -17.39119 ], [ -65.830868, -17.390952 ], [ -65.830421, -17.390771 ], [ -65.829937, -17.390444 ], [ -65.810101, -17.381022 ], [ -65.807706, -17.379332 ], [ -65.801053, -17.369352 ], [ -65.798496, -17.366491 ], [ -65.796, -17.367244 ], [ -65.79592, -17.367567 ], [ -65.795585, -17.367741 ], [ -65.793548, -17.368202 ], [ -65.793463, -17.368133 ], [ -65.793438, -17.368065 ], [ -65.793435, -17.367777 ], [ -65.793468, -17.367547 ], [ -65.793586, -17.367339 ], [ -65.793859, -17.367038 ], [ -65.794061, -17.366853 ], [ -65.794333, -17.366517 ], [ -65.794392, -17.366402 ], [ -65.794366, -17.366275 ], [ -65.79433, -17.36623 ], [ -65.794065, -17.366162 ], [ -65.793801, -17.366198 ], [ -65.793489, -17.366292 ], [ -65.792902, -17.366422 ], [ -65.792734, -17.366446 ], [ -65.792554, -17.366447 ], [ -65.792253, -17.366357 ], [ -65.792024, -17.366323 ], [ -65.791796, -17.366325 ], [ -65.791616, -17.366383 ], [ -65.791474, -17.366545 ], [ -65.79132, -17.366765 ], [ -65.791262, -17.366949 ], [ -65.791217, -17.367214 ], [ -65.791148, -17.367445 ], [ -65.791019, -17.367676 ], [ -65.7909, -17.367815 ], [ -65.790721, -17.367919 ], [ -65.79036, -17.367898 ], [ -65.79007, -17.367762 ], [ -65.78973, -17.367476 ], [ -65.789609, -17.36735 ], [ -65.789351, -17.366926 ], [ -65.789108, -17.366686 ], [ -65.78883, -17.366515 ], [ -65.788312, -17.366426 ], [ -65.787808, -17.366474 ], [ -65.787413, -17.366569 ], [ -65.787197, -17.366639 ], [ -65.786933, -17.366687 ], [ -65.786429, -17.366667 ], [ -65.786103, -17.366576 ], [ -65.785946, -17.366508 ], [ -65.785966, -17.366163 ], [ -65.786016, -17.366 ], [ -65.786034, -17.365939 ], [ -65.786127, -17.36565 ], [ -65.786432, -17.365085 ], [ -65.78655, -17.3649 ], [ -65.78676, -17.364438 ], [ -65.786922, -17.363943 ], [ -65.787026, -17.363562 ], [ -65.787178, -17.363228 ], [ -65.787307, -17.362997 ], [ -65.787651, -17.36265 ], [ -65.787866, -17.36251 ], [ -65.788484, -17.362 ], [ -65.788863, -17.361607 ], [ -65.789136, -17.361283 ], [ -65.789324, -17.361017 ], [ -65.78943, -17.360832 ], [ -65.789429, -17.360763 ], [ -65.789446, -17.360734 ], [ -65.789445, -17.36063 ], [ -65.789311, -17.36047 ], [ -65.789094, -17.360391 ], [ -65.788781, -17.360346 ], [ -65.788493, -17.360371 ], [ -65.787487, -17.360653 ], [ -65.786602, -17.360992 ], [ -65.78616, -17.361248 ], [ -65.785874, -17.361445 ], [ -65.785564, -17.361631 ], [ -65.785266, -17.36184 ], [ -65.784597, -17.3622 ], [ -65.783844, -17.362504 ], [ -65.783532, -17.362529 ], [ -65.783532, -17.362511 ], [ -65.783622, -17.362261 ], [ -65.783799, -17.361961 ], [ -65.784107, -17.361625 ], [ -65.784988, -17.36101 ], [ -65.785298, -17.360766 ], [ -65.785535, -17.360523 ], [ -65.785807, -17.360188 ], [ -65.786007, -17.359853 ], [ -65.786147, -17.359518 ], [ -65.786298, -17.359069 ], [ -65.78637, -17.358634 ], [ -65.786342, -17.358369 ], [ -65.786281, -17.358266 ], [ -65.7861, -17.358198 ], [ -65.785908, -17.358222 ], [ -65.785646, -17.358396 ], [ -65.785479, -17.358547 ], [ -65.785337, -17.35872 ], [ -65.785266, -17.358836 ], [ -65.78495, -17.359505 ], [ -65.784797, -17.359748 ], [ -65.784465, -17.360164 ], [ -65.784299, -17.360303 ], [ -65.783893, -17.360559 ], [ -65.783486, -17.360653 ], [ -65.78327, -17.360689 ], [ -65.783138, -17.36069 ], [ -65.782825, -17.360645 ], [ -65.782583, -17.360543 ], [ -65.782389, -17.360406 ], [ -65.782109, -17.360109 ], [ -65.781865, -17.359742 ], [ -65.781668, -17.359329 ], [ -65.781556, -17.359018 ], [ -65.78149, -17.358558 ], [ -65.781427, -17.358248 ], [ -65.781241, -17.357812 ], [ -65.781082, -17.357583 ], [ -65.780792, -17.357377 ], [ -65.780562, -17.357263 ], [ -65.780043, -17.357105 ], [ -65.77973, -17.357049 ], [ -65.779513, -17.35697 ], [ -65.779223, -17.356822 ], [ -65.778909, -17.356686 ], [ -65.778402, -17.356528 ], [ -65.77803, -17.356492 ], [ -65.777837, -17.356473 ], [ -65.777416, -17.356384 ], [ -65.77686, -17.356134 ], [ -65.77669, -17.356008 ], [ -65.776544, -17.355802 ], [ -65.776445, -17.355607 ], [ -65.776369, -17.355239 ], [ -65.776375, -17.354831 ], [ -65.77644, -17.354471 ], [ -65.776674, -17.354021 ], [ -65.777067, -17.353673 ], [ -65.777173, -17.353558 ], [ -65.777302, -17.353304 ], [ -65.777335, -17.353085 ], [ -65.777335, -17.353082 ], [ -65.777351, -17.352978 ], [ -65.77735, -17.352885 ], [ -65.777204, -17.352668 ], [ -65.777057, -17.352484 ], [ -65.776683, -17.352337 ], [ -65.776382, -17.352316 ], [ -65.775902, -17.352364 ], [ -65.775519, -17.352447 ], [ -65.775185, -17.352633 ], [ -65.774887, -17.3529 ], [ -65.774648, -17.353016 ], [ -65.77424, -17.353064 ], [ -65.773496, -17.353092 ], [ -65.772943, -17.353072 ], [ -65.772462, -17.353028 ], [ -65.772015, -17.35287 ], [ -65.771798, -17.352733 ], [ -65.771349, -17.352379 ], [ -65.770865, -17.352105 ], [ -65.770575, -17.352003 ], [ -65.770346, -17.351947 ], [ -65.769973, -17.351892 ], [ -65.769804, -17.351824 ], [ -65.769635, -17.351732 ], [ -65.769223, -17.351424 ], [ -65.76898, -17.351218 ], [ -65.768445, -17.35068 ], [ -65.767354, -17.349858 ], [ -65.767234, -17.349836 ], [ -65.767102, -17.349836 ], [ -65.766982, -17.349883 ], [ -65.766864, -17.350033 ], [ -65.766758, -17.35023 ], [ -65.766688, -17.350403 ], [ -65.766689, -17.350482 ], [ -65.766675, -17.350517 ], [ -65.766676, -17.350666 ], [ -65.766751, -17.350884 ], [ -65.767045, -17.351366 ], [ -65.767095, -17.351538 ], [ -65.767182, -17.35171 ], [ -65.767468, -17.35256 ], [ -65.767546, -17.352996 ], [ -65.767547, -17.353079 ], [ -65.767392, -17.35308 ], [ -65.767138, -17.352932 ], [ -65.766932, -17.352784 ], [ -65.766664, -17.352486 ], [ -65.766053, -17.351638 ], [ -65.765762, -17.35134 ], [ -65.764937, -17.350712 ], [ -65.76426, -17.350324 ], [ -65.763729, -17.35012 ], [ -65.76315, -17.349928 ], [ -65.762992, -17.349825 ], [ -65.762425, -17.349552 ], [ -65.76234, -17.349541 ], [ -65.762232, -17.349553 ], [ -65.762007, -17.349819 ], [ -65.762015, -17.349913 ], [ -65.761995, -17.349936 ], [ -65.762024, -17.350281 ], [ -65.76248, -17.35129 ], [ -65.762479, -17.351302 ], [ -65.762218, -17.351418 ], [ -65.761918, -17.351442 ], [ -65.761737, -17.351409 ], [ -65.761446, -17.351169 ], [ -65.761166, -17.35086 ], [ -65.760922, -17.350481 ], [ -65.760785, -17.350125 ], [ -65.760673, -17.349758 ], [ -65.760353, -17.349161 ], [ -65.760134, -17.348863 ], [ -65.759789, -17.348117 ], [ -65.759782, -17.348073 ], [ -65.759924, -17.347533 ], [ -65.759923, -17.347464 ], [ -65.759936, -17.347414 ], [ -65.759935, -17.347264 ], [ -65.759884, -17.347058 ], [ -65.759823, -17.346931 ], [ -65.759747, -17.346609 ], [ -65.759746, -17.346571 ], [ -65.759767, -17.346487 ], [ -65.759827, -17.346452 ], [ -65.76004, -17.346232 ], [ -65.760445, -17.345907 ], [ -65.760741, -17.345561 ], [ -65.760857, -17.345238 ], [ -65.760866, -17.345133 ], [ -65.760871, -17.345118 ], [ -65.760892, -17.344865 ], [ -65.760843, -17.344762 ], [ -65.760733, -17.34467 ], [ -65.760613, -17.344648 ], [ -65.760457, -17.344683 ], [ -65.76035, -17.344742 ], [ -65.760088, -17.344962 ], [ -65.759969, -17.345043 ], [ -65.75925, -17.345231 ], [ -65.759071, -17.345336 ], [ -65.759024, -17.345394 ], [ -65.758954, -17.345567 ], [ -65.758792, -17.346085 ], [ -65.758684, -17.346144 ], [ -65.758504, -17.346168 ], [ -65.758335, -17.346076 ], [ -65.758309, -17.345927 ], [ -65.758321, -17.34579 ], [ -65.758397, -17.345437 ], [ -65.758514, -17.345126 ], [ -65.758547, -17.344918 ], [ -65.758547, -17.344882 ], [ -65.75856, -17.344798 ], [ -65.758559, -17.34466 ], [ -65.758376, -17.34443 ], [ -65.758158, -17.344294 ], [ -65.757566, -17.344055 ], [ -65.757432, -17.343883 ], [ -65.757297, -17.343642 ], [ -65.757115, -17.343425 ], [ -65.756885, -17.343276 ], [ -65.756752, -17.343254 ], [ -65.756464, -17.343256 ], [ -65.756105, -17.343373 ], [ -65.755804, -17.343375 ], [ -65.755204, -17.343412 ], [ -65.754315, -17.343371 ], [ -65.754074, -17.343338 ], [ -65.753881, -17.343282 ], [ -65.753383, -17.342813 ], [ -65.753093, -17.342653 ], [ -65.752876, -17.342597 ], [ -65.752518, -17.342279 ], [ -65.752273, -17.341993 ], [ -65.751988, -17.341784 ], [ -65.751481, -17.341442 ], [ -65.751098, -17.341372 ], [ -65.750635, -17.34132 ], [ -65.74991, -17.341234 ], [ -65.749283, -17.340991 ], [ -65.748616, -17.34075 ], [ -65.74797, -17.340508 ], [ -65.747282, -17.340247 ], [ -65.746328, -17.33987 ], [ -65.74557, -17.339473 ], [ -65.745085, -17.339186 ], [ -65.744613, -17.338876 ], [ -65.743591, -17.337911 ], [ -65.743004, -17.337335 ], [ -65.742474, -17.336943 ], [ -65.741918, -17.336586 ], [ -65.741326, -17.336261 ], [ -65.740827, -17.336077 ], [ -65.740445, -17.335999 ], [ -65.73902, -17.335951 ], [ -65.738112, -17.335848 ], [ -65.737503, -17.335718 ], [ -65.736526, -17.335465 ], [ -65.73617, -17.335341 ], [ -65.735732, -17.335089 ], [ -65.735228, -17.33455 ], [ -65.734694, -17.333757 ], [ -65.734393, -17.333268 ], [ -65.733847, -17.332487 ], [ -65.733659, -17.332322 ], [ -65.733423, -17.332178 ], [ -65.73309, -17.332067 ], [ -65.732698, -17.331908 ], [ -65.732082, -17.33156 ], [ -65.73179, -17.331232 ], [ -65.731283, -17.330291 ], [ -65.731042, -17.329792 ], [ -65.730915, -17.329583 ], [ -65.730868, -17.329547 ], [ -65.730618, -17.329461 ], [ -65.730177, -17.329346 ], [ -65.729401, -17.329224 ], [ -65.72853, -17.329053 ], [ -65.728123, -17.32902 ], [ -65.727333, -17.329011 ], [ -65.72684, -17.329079 ], [ -65.726396, -17.329091 ], [ -65.725762, -17.329052 ], [ -65.72506, -17.328805 ], [ -65.724302, -17.328396 ], [ -65.723711, -17.328026 ], [ -65.723218, -17.32759 ], [ -65.722557, -17.327115 ], [ -65.722072, -17.326816 ], [ -65.721533, -17.326275 ], [ -65.721133, -17.325921 ], [ -65.72077, -17.325557 ], [ -65.720394, -17.325227 ], [ -65.720099, -17.325013 ], [ -65.719625, -17.32476 ], [ -65.718679, -17.324186 ], [ -65.718125, -17.323783 ], [ -65.717915, -17.323514 ], [ -65.717803, -17.323341 ], [ -65.717978, -17.323118 ], [ -65.718308, -17.322829 ], [ -65.718612, -17.322607 ], [ -65.718964, -17.32241 ], [ -65.719314, -17.322292 ], [ -65.719831, -17.322179 ], [ -65.720395, -17.322098 ], [ -65.721009, -17.321892 ], [ -65.721488, -17.321819 ], [ -65.722104, -17.321744 ], [ -65.722995, -17.321666 ], [ -65.723402, -17.321331 ], [ -65.723311, -17.321265 ], [ -65.723414, -17.32118 ], [ -65.708404, -17.310261 ], [ -65.709024, -17.309869 ], [ -65.709362, -17.309535 ], [ -65.709766, -17.309068 ], [ -65.71024, -17.3086 ], [ -65.710438, -17.308307 ], [ -65.710549, -17.308149 ], [ -65.710635, -17.30754 ], [ -65.710627, -17.307532 ], [ -65.71065, -17.307376 ], [ -65.709743, -17.306399 ], [ -65.703513, -17.303479 ], [ -65.705724, -17.299131 ], [ -65.706103, -17.297652 ], [ -65.706404, -17.297018 ], [ -65.706811, -17.296478 ], [ -65.713413, -17.290698 ], [ -65.713419, -17.290545 ], [ -65.71344, -17.290527 ], [ -65.713506, -17.289018 ], [ -65.713854, -17.28851 ], [ -65.714285, -17.287959 ], [ -65.714644, -17.287395 ], [ -65.714945, -17.286761 ], [ -65.715087, -17.286307 ], [ -65.715205, -17.285829 ], [ -65.715209, -17.285765 ], [ -65.715236, -17.285657 ], [ -65.715267, -17.285226 ], [ -65.715463, -17.284369 ], [ -65.71546, -17.284353 ], [ -65.715496, -17.284197 ], [ -65.715203, -17.282803 ], [ -65.714617, -17.280588 ], [ -65.71463, -17.280508 ], [ -65.714606, -17.280507 ], [ -65.713006, -17.276162 ], [ -65.712524, -17.274439 ], [ -65.712297, -17.273837 ], [ -65.712111, -17.273581 ], [ -65.711767, -17.273423 ], [ -65.711246, -17.273146 ], [ -65.710666, -17.272868 ], [ -65.709362, -17.2717 ], [ -65.707705, -17.27085 ], [ -65.706977, -17.270421 ], [ -65.706522, -17.27025 ], [ -65.705702, -17.269735 ], [ -65.704702, -17.269307 ], [ -65.702152, -17.268434 ], [ -65.702148, -17.268433 ], [ -65.672896, -17.229299 ], [ -65.665232, -17.21964 ], [ -65.661327, -17.213296 ], [ -65.65662, -17.204222 ], [ -65.64592, -17.194805 ], [ -65.644856, -17.194522 ], [ -65.644841, -17.194525 ], [ -65.644411, -17.19448 ], [ -65.64398, -17.194342 ], [ -65.643731, -17.194222 ], [ -65.638433, -17.192812 ], [ -65.632169, -17.18931 ], [ -65.627492, -17.188176 ], [ -65.625461, -17.187366 ], [ -65.625409, -17.187369 ], [ -65.624979, -17.1873 ], [ -65.624548, -17.187071 ], [ -65.624357, -17.186926 ], [ -65.622788, -17.186301 ], [ -65.620079, -17.183329 ], [ -65.615783, -17.183609 ], [ -65.615562, -17.183698 ], [ -65.615084, -17.183836 ], [ -65.614606, -17.183928 ], [ -65.614152, -17.183905 ], [ -65.613722, -17.183813 ], [ -65.613643, -17.183748 ], [ -65.613278, -17.183771 ], [ -65.611482, -17.181457 ], [ -65.611403, -17.181426 ], [ -65.611291, -17.181211 ], [ -65.610561, -17.18027 ], [ -65.606671, -17.178375 ], [ -65.604876, -17.175119 ], [ -65.604734, -17.175067 ], [ -65.60428, -17.175067 ], [ -65.603987, -17.175067 ], [ -65.602122, -17.175339 ], [ -65.597362, -17.173828 ], [ -65.597111, -17.173805 ], [ -65.596681, -17.173645 ], [ -65.596529, -17.173563 ], [ -65.594521, -17.172926 ], [ -65.590242, -17.171746 ], [ -65.590181, -17.17174 ], [ -65.590148, -17.17172 ], [ -65.584669, -17.17021 ], [ -65.584177, -17.169395 ], [ -65.5838, -17.169123 ], [ -65.583442, -17.168824 ], [ -65.583083, -17.168503 ], [ -65.58282, -17.168136 ], [ -65.582605, -17.167768 ], [ -65.58239, -17.167401 ], [ -65.582103, -17.16701 ], [ -65.581888, -17.166574 ], [ -65.581769, -17.166161 ], [ -65.581601, -17.16577 ], [ -65.581434, -17.165357 ], [ -65.581219, -17.164967 ], [ -65.580908, -17.164599 ], [ -65.580621, -17.164232 ], [ -65.580157, -17.163978 ], [ -65.576795, -17.162544 ], [ -65.57679, -17.161835 ], [ -65.576726, -17.161821 ], [ -65.576296, -17.161706 ], [ -65.575937, -17.161362 ], [ -65.575894, -17.161173 ], [ -65.575842, -17.160948 ], [ -65.575842, -17.160535 ], [ -65.57589, -17.160122 ], [ -65.575961, -17.159708 ], [ -65.576009, -17.159295 ], [ -65.576128, -17.158882 ], [ -65.576319, -17.158491 ], [ -65.576558, -17.158101 ], [ -65.576558, -17.157687 ], [ -65.57651, -17.157274 ], [ -65.57663, -17.156861 ], [ -65.576964, -17.156516 ], [ -65.577195, -17.156412 ], [ -65.577837, -17.15541 ], [ -65.5778, -17.155092 ], [ -65.5778, -17.154656 ], [ -65.577824, -17.154242 ], [ -65.578111, -17.153921 ], [ -65.578493, -17.153622 ], [ -65.578804, -17.153278 ], [ -65.578947, -17.152842 ], [ -65.578959, -17.152798 ], [ -65.578411, -17.150265 ], [ -65.574694, -17.147483 ], [ -65.571942, -17.148049 ], [ -65.569975, -17.145841 ], [ -65.568635, -17.141636 ], [ -65.564881, -17.137424 ], [ -65.56063, -17.134664 ], [ -65.55946, -17.132035 ], [ -65.556339, -17.130208 ], [ -65.55449, -17.126767 ], [ -65.554313, -17.12657 ], [ -65.55405, -17.126226 ], [ -65.553668, -17.125927 ], [ -65.553477, -17.125719 ], [ -65.548429, -17.123411 ], [ -65.545131, -17.118776 ], [ -65.5399, -17.111807 ], [ -65.539969, -17.111389 ], [ -65.538591, -17.111632 ], [ -65.537969, -17.112267 ], [ -65.536628, -17.113115 ], [ -65.536337, -17.114153 ], [ -65.536381, -17.114417 ], [ -65.536505, -17.116288 ], [ -65.53652, -17.116376 ], [ -65.536444, -17.116479 ], [ -65.536354, -17.116493 ], [ -65.536017, -17.117809 ], [ -65.536075, -17.11816 ], [ -65.536037, -17.119608 ], [ -65.535961, -17.11971 ], [ -65.534661, -17.121363 ], [ -65.534312, -17.122051 ], [ -65.534221, -17.122065 ], [ -65.534009, -17.12246 ], [ -65.533933, -17.122562 ], [ -65.533843, -17.122577 ], [ -65.534306, -17.123133 ], [ -65.534335, -17.123308 ], [ -65.534439, -17.123381 ], [ -65.534454, -17.123469 ], [ -65.534544, -17.123454 ], [ -65.534361, -17.124025 ], [ -65.534285, -17.124127 ], [ -65.5343, -17.124215 ], [ -65.533619, -17.125136 ], [ -65.533529, -17.125151 ], [ -65.532761, -17.125546 ], [ -65.532682, -17.126189 ], [ -65.532697, -17.126277 ], [ -65.532315, -17.12733 ], [ -65.531321, -17.128032 ], [ -65.531004, -17.128354 ], [ -65.530788, -17.12929 ], [ -65.530721, -17.130562 ], [ -65.531079, -17.131045 ], [ -65.531093, -17.131132 ], [ -65.531512, -17.131425 ], [ -65.531541, -17.1316 ], [ -65.531296, -17.132361 ], [ -65.531352, -17.133253 ], [ -65.530898, -17.133867 ], [ -65.530848, -17.134686 ], [ -65.530772, -17.134788 ], [ -65.529792, -17.135578 ], [ -65.529702, -17.135593 ], [ -65.529047, -17.137231 ], [ -65.528972, -17.137333 ], [ -65.528986, -17.137421 ], [ -65.528896, -17.137435 ], [ -65.527, -17.140353 ], [ -65.526575, -17.141143 ], [ -65.526619, -17.141406 ], [ -65.526543, -17.141509 ], [ -65.527029, -17.143322 ], [ -65.527563, -17.144316 ], [ -65.527668, -17.144389 ], [ -65.527784, -17.145091 ], [ -65.527514, -17.145135 ], [ -65.526743, -17.146071 ], [ -65.526106, -17.147256 ], [ -65.52612, -17.147343 ], [ -65.525814, -17.148294 ], [ -65.526259, -17.149303 ], [ -65.526288, -17.149479 ], [ -65.526393, -17.149552 ], [ -65.526524, -17.150341 ], [ -65.526614, -17.150327 ], [ -65.526672, -17.150678 ], [ -65.526777, -17.150751 ], [ -65.52682, -17.151014 ], [ -65.526782, -17.152462 ], [ -65.526692, -17.152476 ], [ -65.526715, -17.153734 ], [ -65.525839, -17.154597 ], [ -65.525854, -17.154685 ], [ -65.525501, -17.155913 ], [ -65.525516, -17.156001 ], [ -65.525643, -17.157332 ], [ -65.525582, -17.157522 ], [ -65.525431, -17.157726 ], [ -65.525446, -17.157814 ], [ -65.52537, -17.157917 ], [ -65.524808, -17.158999 ], [ -65.524581, -17.159306 ], [ -65.524171, -17.160183 ], [ -65.524081, -17.160198 ], [ -65.524095, -17.160286 ], [ -65.524113, -17.161221 ], [ -65.524436, -17.162947 ], [ -65.524389, -17.16389 ], [ -65.512353, -17.163092 ], [ -65.468415, -17.172621 ], [ -65.455757, -17.114625 ], [ -65.443363, -17.113574 ], [ -65.4402, -17.118823 ], [ -65.421135, -17.132168 ], [ -65.408477, -17.136962 ], [ -65.397548, -17.144733 ], [ -65.371311, -17.148006 ], [ -65.351137, -17.14629 ], [ -65.344745, -17.149075 ], [ -65.321916, -17.156005 ], [ -65.304259, -17.158908 ], [ -65.292221, -17.168765 ], [ -65.287223, -17.181107 ], [ -65.28662, -17.1932 ], [ -65.281802, -17.195007 ], [ -65.270481, -17.199914 ], [ -65.263309, -17.204475 ], [ -65.25655, -17.205942 ], [ -65.252643, -17.207747 ], [ -65.24924, -17.210025 ], [ -65.245283, -17.214713 ], [ -65.238362, -17.216045 ], [ -65.23465, -17.219212 ], [ -65.237357, -17.229363 ], [ -65.208837, -17.208828 ], [ -65.182177, -17.139423 ], [ -65.177251, -17.142915 ], [ -65.176101, -17.14321 ], [ -65.175374, -17.14382 ], [ -65.172448, -17.146274 ], [ -65.171416, -17.147139 ], [ -65.171109, -17.147397 ], [ -65.171012, -17.147478 ], [ -65.168798, -17.148172 ], [ -65.165523, -17.148895 ], [ -65.161962, -17.15012 ], [ -65.16006, -17.150842 ], [ -65.157466, -17.151905 ], [ -65.152263, -17.154476 ], [ -65.152077, -17.154568 ], [ -65.148596, -17.158847 ], [ -65.148515, -17.158948 ], [ -65.140454, -17.159895 ], [ -65.137018, -17.16243 ], [ -65.135134, -17.164471 ], [ -65.135291, -17.169396 ], [ -65.136145, -17.170138 ], [ -65.136188, -17.170725 ], [ -65.136208, -17.171289 ], [ -65.136685, -17.172256 ], [ -65.137156, -17.173666 ], [ -65.137307, -17.175181 ], [ -65.137323, -17.17657 ], [ -65.136911, -17.177629 ], [ -65.136866, -17.178768 ], [ -65.136753, -17.179333 ], [ -65.136555, -17.179771 ], [ -65.136145, -17.180394 ], [ -65.135697, -17.180936 ], [ -65.135558, -17.180971 ], [ -65.135492, -17.181051 ], [ -65.134853, -17.181629 ], [ -65.134178, -17.182126 ], [ -65.133594, -17.182301 ], [ -65.132948, -17.182303 ], [ -65.132133, -17.182225 ], [ -65.131341, -17.182021 ], [ -65.13068, -17.181804 ], [ -65.130055, -17.181553 ], [ -65.129381, -17.181245 ], [ -65.128272, -17.180616 ], [ -65.127728, -17.180215 ], [ -65.127438, -17.179974 ], [ -65.127014, -17.179515 ], [ -65.126454, -17.178803 ], [ -65.126248, -17.178574 ], [ -65.125788, -17.178184 ], [ -65.12539, -17.177921 ], [ -65.124776, -17.177658 ], [ -65.124164, -17.177465 ], [ -65.12345, -17.177269 ], [ -65.123167, -17.177192 ], [ -65.122724, -17.17717 ], [ -65.122283, -17.177298 ], [ -65.121679, -17.177726 ], [ -65.121088, -17.178292 ], [ -65.120592, -17.17887 ], [ -65.120239, -17.179331 ], [ -65.119922, -17.179804 ], [ -65.119583, -17.180369 ], [ -65.118462, -17.181639 ], [ -65.117776, -17.18224 ], [ -65.116539, -17.182854 ], [ -65.116183, -17.183086 ], [ -65.11589, -17.183524 ], [ -65.115692, -17.183985 ], [ -65.115461, -17.184654 ], [ -65.115339, -17.185414 ], [ -65.11531, -17.185909 ], [ -65.115368, -17.186703 ], [ -65.115507, -17.187301 ], [ -65.115998, -17.188324 ], [ -65.117434, -17.190218 ], [ -65.118105, -17.191171 ], [ -65.118487, -17.192056 ], [ -65.118615, -17.192758 ], [ -65.11856, -17.193069 ], [ -65.118384, -17.193391 ], [ -65.118183, -17.193599 ], [ -65.117983, -17.193753 ], [ -65.117852, -17.193854 ], [ -65.116248, -17.19478 ], [ -65.11526, -17.195221 ], [ -65.114784, -17.195406 ], [ -65.113962, -17.195651 ], [ -65.112972, -17.195896 ], [ -65.111898, -17.196118 ], [ -65.110966, -17.196271 ], [ -65.110106, -17.196366 ], [ -65.110094, -17.196366 ], [ -65.109244, -17.196323 ], [ -65.108716, -17.196244 ], [ -65.10819, -17.196223 ], [ -65.10776, -17.196328 ], [ -65.107154, -17.196629 ], [ -65.105612, -17.197705 ], [ -65.104897, -17.197972 ], [ -65.104455, -17.197996 ], [ -65.104023, -17.197952 ], [ -65.103676, -17.197896 ], [ -65.103436, -17.197896 ], [ -65.103197, -17.197932 ], [ -65.102888, -17.198082 ], [ -65.102463, -17.198398 ], [ -65.102343, -17.198487 ], [ -65.10195, -17.198672 ], [ -65.101436, -17.198674 ], [ -65.100739, -17.198469 ], [ -65.100373, -17.19838 ], [ -65.099662, -17.198412 ], [ -65.098099, -17.198557 ], [ -65.09716, -17.198387 ], [ -65.096301, -17.198061 ], [ -65.095207, -17.197723 ], [ -65.093982, -17.197789 ], [ -65.093048, -17.197758 ], [ -65.092305, -17.197622 ], [ -65.091609, -17.197463 ], [ -65.090876, -17.197259 ], [ -65.088849, -17.196851 ], [ -65.087889, -17.196635 ], [ -65.08723, -17.196614 ], [ -65.08692, -17.196673 ], [ -65.086038, -17.196929 ], [ -65.085775, -17.196976 ], [ -65.08547, -17.196833 ], [ -65.085403, -17.196802 ], [ -65.08503, -17.196865 ], [ -65.084277, -17.196929 ], [ -65.084223, -17.196933 ], [ -65.084166, -17.197472 ], [ -65.083993, -17.19861 ], [ -65.083893, -17.199537 ], [ -65.083671, -17.200022 ], [ -65.083473, -17.200402 ], [ -65.082946, -17.201325 ], [ -65.082652, -17.201763 ], [ -65.082299, -17.202225 ], [ -65.081826, -17.20271 ], [ -65.081126, -17.203195 ], [ -65.080378, -17.203635 ], [ -65.079616, -17.203948 ], [ -65.079188, -17.20418 ], [ -65.078773, -17.204446 ], [ -65.078406, -17.204804 ], [ -65.077249, -17.206039 ], [ -65.076504, -17.206744 ], [ -65.075628, -17.207529 ], [ -65.07469, -17.208131 ], [ -65.07382, -17.208387 ], [ -65.073497, -17.208411 ], [ -65.072757, -17.208517 ], [ -65.072184, -17.208668 ], [ -65.071434, -17.208947 ], [ -65.07014, -17.209768 ], [ -65.069962, -17.209919 ], [ -65.069258, -17.210329 ], [ -65.068769, -17.211052 ], [ -65.068489, -17.21173 ], [ -65.068373, -17.212019 ], [ -65.068317, -17.212376 ], [ -65.068601, -17.213004 ], [ -65.068836, -17.213522 ], [ -65.065364, -17.21814 ], [ -65.057252, -17.221392 ], [ -65.029575, -17.236389 ], [ -65.02353, -17.241443 ], [ -65.016449, -17.247806 ], [ -65.012901, -17.250994 ], [ -65.009647, -17.253129 ], [ -65.008411, -17.253858 ], [ -65.007197, -17.254414 ], [ -65.006173, -17.254854 ], [ -65.000436, -17.257958 ], [ -64.972499, -17.265725 ], [ -64.946653, -17.272599 ], [ -64.932217, -17.269669 ], [ -64.931653, -17.269813 ], [ -64.932629, -17.276643 ], [ -64.919243, -17.282525 ], [ -64.90194, -17.292117 ], [ -64.903689, -17.293445 ], [ -64.904724, -17.294625 ], [ -64.90549, -17.295755 ], [ -64.905766, -17.296477 ], [ -64.90561, -17.296995 ], [ -64.905347, -17.297566 ], [ -64.905308, -17.299015 ], [ -64.905258, -17.299429 ], [ -64.90478, -17.300002 ], [ -64.904571, -17.300676 ], [ -64.904423, -17.301919 ], [ -64.904606, -17.303098 ], [ -64.904442, -17.303832 ], [ -64.904072, -17.304508 ], [ -64.903269, -17.304877 ], [ -64.901495, -17.305101 ], [ -64.900471, -17.305059 ], [ -64.898535, -17.305233 ], [ -64.896977, -17.305558 ], [ -64.892983, -17.309784 ], [ -64.892502, -17.310047 ], [ -64.889923, -17.310537 ], [ -64.887774, -17.311022 ], [ -64.885808, -17.313523 ], [ -64.883408, -17.315769 ], [ -64.882768, -17.316344 ], [ -64.881666, -17.316823 ], [ -64.880675, -17.316984 ], [ -64.879702, -17.316631 ], [ -64.878734, -17.316744 ], [ -64.875946, -17.317804 ], [ -64.874449, -17.318904 ], [ -64.870588, -17.320336 ], [ -64.870225, -17.320456 ], [ -64.867046, -17.321507 ], [ -64.865058, -17.321836 ], [ -64.862259, -17.321914 ], [ -64.860802, -17.321617 ], [ -64.859234, -17.320908 ], [ -64.858101, -17.320206 ], [ -64.857013, -17.319532 ], [ -64.855121, -17.318774 ], [ -64.853667, -17.318787 ], [ -64.852808, -17.31895 ], [ -64.851791, -17.31958 ], [ -64.851079, -17.32006 ], [ -64.850935, -17.320157 ], [ -64.850564, -17.320678 ], [ -64.850731, -17.321245 ], [ -64.851062, -17.322474 ], [ -64.852487, -17.32459 ], [ -64.854538, -17.326891 ], [ -64.855193, -17.327932 ], [ -64.855394, -17.328263 ], [ -64.855996, -17.329019 ], [ -64.856299, -17.32954 ], [ -64.856155, -17.329969 ], [ -64.856209, -17.330445 ], [ -64.856365, -17.331157 ], [ -64.856321, -17.331776 ], [ -64.856128, -17.332254 ], [ -64.855297, -17.333356 ], [ -64.854612, -17.334267 ], [ -64.853091, -17.335804 ], [ -64.852109, -17.336717 ], [ -64.851865, -17.337005 ], [ -64.851723, -17.337673 ], [ -64.851235, -17.338439 ], [ -64.851054, -17.339244 ], [ -64.850502, -17.339493 ], [ -64.850258, -17.339876 ], [ -64.849763, -17.339928 ], [ -64.849315, -17.339694 ], [ -64.848819, -17.339699 ], [ -64.848176, -17.339847 ], [ -64.847044, -17.340619 ], [ -64.846751, -17.34105 ], [ -64.846307, -17.341245 ], [ -64.845464, -17.34111 ], [ -64.845016, -17.340971 ], [ -64.843579, -17.340984 ], [ -64.84254, -17.341137 ], [ -64.841107, -17.341578 ], [ -64.841013, -17.342007 ], [ -64.841019, -17.342626 ], [ -64.840674, -17.342867 ], [ -64.839982, -17.342969 ], [ -64.839386, -17.342927 ], [ -64.838442, -17.34265 ], [ -64.836112, -17.342528 ], [ -64.834773, -17.342446 ], [ -64.833287, -17.342507 ], [ -64.831778, -17.343011 ], [ -64.831469, -17.344046 ], [ -64.830831, -17.344719 ], [ -64.830345, -17.345627 ], [ -64.829713, -17.346918 ], [ -64.828833, -17.348116 ], [ -64.828046, -17.348694 ], [ -64.827211, -17.349511 ], [ -64.826571, -17.349898 ], [ -64.82573, -17.350048 ], [ -64.825138, -17.350291 ], [ -64.824695, -17.350676 ], [ -64.824553, -17.351296 ], [ -64.82436, -17.351869 ], [ -64.823967, -17.352206 ], [ -64.822779, -17.352312 ], [ -64.82139, -17.352134 ], [ -64.820395, -17.351762 ], [ -64.818558, -17.351494 ], [ -64.815931, -17.351375 ], [ -64.813901, -17.351583 ], [ -64.812936, -17.351791 ], [ -64.812169, -17.351837 ], [ -64.811427, -17.352034 ], [ -64.810838, -17.352563 ], [ -64.810496, -17.353137 ], [ -64.810304, -17.35371 ], [ -64.810161, -17.35433 ], [ -64.810017, -17.354807 ], [ -64.809526, -17.35524 ], [ -64.808539, -17.355677 ], [ -64.807995, -17.355778 ], [ -64.806756, -17.355789 ], [ -64.805421, -17.356134 ], [ -64.804631, -17.356427 ], [ -64.803987, -17.35648 ], [ -64.803248, -17.356915 ], [ -64.802807, -17.357395 ], [ -64.802568, -17.358301 ], [ -64.802277, -17.35897 ], [ -64.802084, -17.359543 ], [ -64.801791, -17.359927 ], [ -64.801099, -17.360171 ], [ -64.800109, -17.360227 ], [ -64.799316, -17.360282 ], [ -64.798324, -17.360148 ], [ -64.797624, -17.359536 ], [ -64.796632, -17.35945 ], [ -64.796138, -17.359597 ], [ -64.795604, -17.360744 ], [ -64.795168, -17.361842 ], [ -64.794431, -17.362515 ], [ -64.79307, -17.365193 ], [ -64.792583, -17.366101 ], [ -64.792435, -17.367336 ], [ -64.792059, -17.368248 ], [ -64.791968, -17.369105 ], [ -64.791673, -17.369394 ], [ -64.791178, -17.369446 ], [ -64.789144, -17.369273 ], [ -64.78855, -17.369326 ], [ -64.787855, -17.369237 ], [ -64.787063, -17.36934 ], [ -64.78652, -17.369535 ], [ -64.785331, -17.369546 ], [ -64.784488, -17.369553 ], [ -64.783944, -17.369701 ], [ -64.776738, -17.372811 ], [ -64.775255, -17.373205 ], [ -64.772632, -17.373609 ], [ -64.77174, -17.373617 ], [ -64.769821, -17.375109 ], [ -64.769228, -17.375257 ], [ -64.768433, -17.375074 ], [ -64.766725, -17.374793 ], [ -64.765313, -17.375387 ], [ -64.764773, -17.375916 ], [ -64.76379, -17.376781 ], [ -64.7632, -17.37731 ], [ -64.761423, -17.378039 ], [ -64.760437, -17.378571 ], [ -64.759353, -17.379343 ], [ -64.758913, -17.379965 ], [ -64.757982, -17.381116 ], [ -64.755772, -17.383229 ], [ -64.754988, -17.38414 ], [ -64.754397, -17.384622 ], [ -64.751392, -17.386504 ], [ -64.749968, -17.387992 ], [ -64.748515, -17.38941 ], [ -64.747565, -17.390726 ], [ -64.745698, -17.392408 ], [ -64.744048, -17.393406 ], [ -64.743381, -17.393809 ], [ -64.742889, -17.394241 ], [ -64.740736, -17.397163 ], [ -64.740149, -17.398025 ], [ -64.739815, -17.399361 ], [ -64.739531, -17.400839 ], [ -64.739295, -17.402031 ], [ -64.738858, -17.403034 ], [ -64.737837, -17.405089 ], [ -64.737154, -17.406285 ], [ -64.736761, -17.406669 ], [ -64.736467, -17.407053 ], [ -64.735802, -17.408496 ], [ -64.735494, -17.408965 ], [ -64.73525, -17.409396 ], [ -64.734362, -17.409879 ], [ -64.732486, -17.410705 ], [ -64.731151, -17.411097 ], [ -64.730461, -17.411484 ], [ -64.72883, -17.412117 ], [ -64.727794, -17.412649 ], [ -64.726263, -17.413186 ], [ -64.724096, -17.414775 ], [ -64.722813, -17.415358 ], [ -64.722466, -17.415456 ], [ -64.722073, -17.41584 ], [ -64.721286, -17.416418 ], [ -64.720642, -17.416566 ], [ -64.720051, -17.416952 ], [ -64.71946, -17.417338 ], [ -64.718821, -17.417915 ], [ -64.71818, -17.418301 ], [ -64.717588, -17.418592 ], [ -64.716649, -17.41898 ], [ -64.715759, -17.419226 ], [ -64.715165, -17.419326 ], [ -64.713578, -17.419292 ], [ -64.712587, -17.419349 ], [ -64.7113, -17.41955 ], [ -64.710757, -17.41984 ], [ -64.709775, -17.420801 ], [ -64.709186, -17.42152 ], [ -64.708454, -17.422716 ], [ -64.707819, -17.423768 ], [ -64.707526, -17.424247 ], [ -64.707133, -17.424678 ], [ -64.706593, -17.425207 ], [ -64.706004, -17.425878 ], [ -64.705317, -17.426598 ], [ -64.705027, -17.427409 ], [ -64.704737, -17.428269 ], [ -64.704197, -17.428844 ], [ -64.703315, -17.429899 ], [ -64.702504, -17.430921 ], [ -64.70249, -17.431905 ], [ -64.702454, -17.433381 ], [ -64.702075, -17.43524 ], [ -64.7009, -17.436916 ], [ -64.700214, -17.437779 ], [ -64.699136, -17.439121 ], [ -64.697908, -17.440369 ], [ -64.697125, -17.441518 ], [ -64.695398, -17.442389 ], [ -64.693819, -17.443259 ], [ -64.692683, -17.443697 ], [ -64.691601, -17.444706 ], [ -64.691013, -17.445473 ], [ -64.690279, -17.446573 ], [ -64.689839, -17.447244 ], [ -64.689549, -17.448008 ], [ -64.689208, -17.448724 ], [ -64.689013, -17.449107 ], [ -64.688975, -17.450345 ], [ -64.688785, -17.451203 ], [ -64.688544, -17.451967 ], [ -64.688553, -17.452918 ], [ -64.688458, -17.453443 ], [ -64.688217, -17.454206 ], [ -64.687759, -17.455175 ], [ -64.686992, -17.45574 ], [ -64.686205, -17.45646 ], [ -64.685369, -17.457229 ], [ -64.684682, -17.458044 ], [ -64.683948, -17.45905 ], [ -64.683459, -17.459815 ], [ -64.683118, -17.460485 ], [ -64.682677, -17.461107 ], [ -64.682038, -17.461684 ], [ -64.6811, -17.462167 ], [ -64.679763, -17.462369 ], [ -64.67877, -17.462282 ], [ -64.678175, -17.46224 ], [ -64.675846, -17.462497 ], [ -64.673817, -17.462895 ], [ -64.672678, -17.463048 ], [ -64.671788, -17.463388 ], [ -64.670603, -17.463969 ], [ -64.669664, -17.464358 ], [ -64.668625, -17.464557 ], [ -64.66723, -17.464652 ], [ -64.666844, -17.465096 ], [ -64.666212, -17.466481 ], [ -64.665486, -17.468391 ], [ -64.664849, -17.469253 ], [ -64.66411, -17.469783 ], [ -64.663368, -17.470075 ], [ -64.663024, -17.470411 ], [ -64.662682, -17.470985 ], [ -64.662247, -17.472226 ], [ -64.661912, -17.473514 ], [ -64.661576, -17.474707 ], [ -64.661138, -17.47571 ], [ -64.660894, -17.47614 ], [ -64.66006, -17.477099 ], [ -64.659025, -17.477869 ], [ -64.658039, -17.478496 ], [ -64.657795, -17.478974 ], [ -64.657563, -17.480642 ], [ -64.657477, -17.482118 ], [ -64.657605, -17.48303 ], [ -64.6575, -17.484898 ], [ -64.657437, -17.485493 ], [ -64.656759, -17.48662 ], [ -64.655468, -17.488214 ], [ -64.654583, -17.489211 ], [ -64.654245, -17.489874 ], [ -64.653841, -17.490867 ], [ -64.653509, -17.492123 ], [ -64.653719, -17.492814 ], [ -64.654136, -17.493257 ], [ -64.654756, -17.493351 ], [ -64.655582, -17.493245 ], [ -64.656819, -17.492986 ], [ -64.657541, -17.492832 ], [ -64.658261, -17.492528 ], [ -64.659035, -17.492423 ], [ -64.659811, -17.492565 ], [ -64.660643, -17.493202 ], [ -64.660853, -17.493597 ], [ -64.660964, -17.494389 ], [ -64.660766, -17.495382 ], [ -64.66026, -17.496477 ], [ -64.659856, -17.497521 ], [ -64.659607, -17.498514 ], [ -64.659515, -17.499804 ], [ -64.659526, -17.500944 ], [ -64.659333, -17.502531 ], [ -64.659288, -17.503226 ], [ -64.659348, -17.504167 ], [ -64.659249, -17.504663 ], [ -64.658481, -17.505413 ], [ -64.657456, -17.506215 ], [ -64.656994, -17.506615 ], [ -64.656432, -17.507215 ], [ -64.656176, -17.507514 ], [ -64.656026, -17.50806 ], [ -64.65624, -17.508852 ], [ -64.656767, -17.509987 ], [ -64.657757, -17.51102 ], [ -64.658123, -17.511463 ], [ -64.658439, -17.512154 ], [ -64.658652, -17.512797 ], [ -64.658914, -17.513241 ], [ -64.659228, -17.513684 ], [ -64.65949, -17.514128 ], [ -64.659442, -17.514525 ], [ -64.659083, -17.514776 ], [ -64.658464, -17.51488 ], [ -64.657843, -17.514736 ], [ -64.657171, -17.514693 ], [ -64.656602, -17.514648 ], [ -64.656087, -17.514801 ], [ -64.65552, -17.514905 ], [ -64.655213, -17.515205 ], [ -64.655061, -17.515602 ], [ -64.654962, -17.516099 ], [ -64.655018, -17.516544 ], [ -64.65554, -17.517085 ], [ -64.656012, -17.517924 ], [ -64.656277, -17.518616 ], [ -64.656755, -17.520049 ], [ -64.656817, -17.521188 ], [ -64.656669, -17.521983 ], [ -64.656313, -17.52258 ], [ -64.655598, -17.523479 ], [ -64.655469, -17.523646 ], [ -64.655291, -17.523878 ], [ -64.654726, -17.52418 ], [ -64.654369, -17.524678 ], [ -64.654269, -17.525125 ], [ -64.65391, -17.525426 ], [ -64.653342, -17.52543 ], [ -64.652809, -17.525358 ], [ -64.651736, -17.524899 ], [ -64.650854, -17.524509 ], [ -64.65013, -17.524367 ], [ -64.649305, -17.524572 ], [ -64.648637, -17.524974 ], [ -64.648022, -17.525524 ], [ -64.647717, -17.526072 ], [ -64.647571, -17.527015 ], [ -64.647637, -17.52865 ], [ -64.647808, -17.530433 ], [ -64.647869, -17.531424 ], [ -64.647875, -17.532117 ], [ -64.647723, -17.532466 ], [ -64.64783, -17.532812 ], [ -64.648142, -17.533057 ], [ -64.648406, -17.533749 ], [ -64.648307, -17.534146 ], [ -64.647796, -17.534795 ], [ -64.647439, -17.535293 ], [ -64.646976, -17.535495 ], [ -64.6462, -17.535403 ], [ -64.645269, -17.535361 ], [ -64.644752, -17.535315 ], [ -64.643877, -17.53567 ], [ -64.643311, -17.535873 ], [ -64.64285, -17.536372 ], [ -64.642391, -17.536971 ], [ -64.641826, -17.537372 ], [ -64.640743, -17.537579 ], [ -64.639919, -17.537883 ], [ -64.639717, -17.538331 ], [ -64.639891, -17.54051 ], [ -64.6399, -17.541502 ], [ -64.639706, -17.542941 ], [ -64.638682, -17.54399 ], [ -64.638169, -17.544341 ], [ -64.637244, -17.544944 ], [ -64.636216, -17.545448 ], [ -64.635085, -17.546151 ], [ -64.634314, -17.546603 ], [ -64.633716, -17.547084 ], [ -64.632714, -17.546765 ], [ -64.631993, -17.54697 ], [ -64.631171, -17.547571 ], [ -64.629987, -17.548076 ], [ -64.62891, -17.548878 ], [ -64.628085, -17.549133 ], [ -64.626488, -17.549592 ], [ -64.62613, -17.549992 ], [ -64.625772, -17.55049 ], [ -64.625573, -17.551285 ], [ -64.625165, -17.551883 ], [ -64.624913, -17.552579 ], [ -64.624297, -17.553129 ], [ -64.623526, -17.553582 ], [ -64.622752, -17.553687 ], [ -64.621929, -17.55409 ], [ -64.620623, -17.554484 ], [ -64.618522, -17.554416 ], [ -64.61599, -17.554337 ], [ -64.614231, -17.554153 ], [ -64.613041, -17.553965 ], [ -64.612211, -17.553625 ], [ -64.611897, -17.553131 ], [ -64.611422, -17.552045 ], [ -64.61095, -17.551206 ], [ -64.610479, -17.550566 ], [ -64.609751, -17.550026 ], [ -64.609182, -17.549981 ], [ -64.608718, -17.550035 ], [ -64.608098, -17.55004 ], [ -64.607529, -17.549995 ], [ -64.606963, -17.550297 ], [ -64.606554, -17.550746 ], [ -64.606302, -17.551492 ], [ -64.60631, -17.552334 ], [ -64.606214, -17.553227 ], [ -64.605861, -17.554172 ], [ -64.605506, -17.554968 ], [ -64.604737, -17.555618 ], [ -64.604069, -17.55602 ], [ -64.603352, -17.55677 ], [ -64.602943, -17.557318 ], [ -64.602535, -17.557916 ], [ -64.602427, -17.558509 ], [ -64.602556, -17.560245 ], [ -64.60241, -17.561238 ], [ -64.602364, -17.561982 ], [ -64.602577, -17.562674 ], [ -64.60274, -17.563515 ], [ -64.60285, -17.564307 ], [ -64.602804, -17.564952 ], [ -64.602552, -17.565648 ], [ -64.6023, -17.566443 ], [ -64.60179, -17.567141 ], [ -64.601488, -17.568135 ], [ -64.601085, -17.569229 ], [ -64.600526, -17.570324 ], [ -64.600067, -17.571021 ], [ -64.599815, -17.571767 ], [ -64.599461, -17.572662 ], [ -64.599266, -17.574002 ], [ -64.599117, -17.574647 ], [ -64.599124, -17.575391 ], [ -64.599129, -17.575985 ], [ -64.599106, -17.576806 ], [ -64.598677, -17.577476 ], [ -64.598632, -17.578269 ], [ -64.598799, -17.579656 ], [ -64.599065, -17.580447 ], [ -64.599076, -17.581735 ], [ -64.598881, -17.583075 ], [ -64.598839, -17.584116 ], [ -64.599002, -17.585106 ], [ -64.599215, -17.585798 ], [ -64.599063, -17.586147 ], [ -64.598862, -17.586743 ], [ -64.598711, -17.58729 ], [ -64.598356, -17.587986 ], [ -64.598362, -17.58868 ], [ -64.598572, -17.589075 ], [ -64.598578, -17.589769 ], [ -64.598325, -17.590316 ], [ -64.597863, -17.590766 ], [ -64.597298, -17.591068 ], [ -64.596576, -17.591322 ], [ -64.595752, -17.591626 ], [ -64.594878, -17.592079 ], [ -64.594365, -17.592529 ], [ -64.593752, -17.593376 ], [ -64.593348, -17.59447 ], [ -64.592946, -17.595713 ], [ -64.592337, -17.597006 ], [ -64.591725, -17.597953 ], [ -64.591213, -17.598552 ], [ -64.590803, -17.598952 ], [ -64.590034, -17.599602 ], [ -64.589366, -17.600054 ], [ -64.588726, -17.600564 ], [ -64.588913, -17.600553 ], [ -64.588795, -17.600694 ], [ -64.588835, -17.600981 ], [ -64.589113, -17.601433 ], [ -64.589327, -17.601688 ], [ -64.589679, -17.602026 ], [ -64.589912, -17.602249 ], [ -64.590219, -17.602474 ], [ -64.590446, -17.602735 ], [ -64.590555, -17.60311 ], [ -64.590553, -17.603565 ], [ -64.5907, -17.604036 ], [ -64.590946, -17.604347 ], [ -64.591366, -17.60466 ], [ -64.59176, -17.604824 ], [ -64.592278, -17.604898 ], [ -64.592641, -17.605009 ], [ -64.592898, -17.605198 ], [ -64.593138, -17.605566 ], [ -64.593272, -17.60593 ], [ -64.59325, -17.606295 ], [ -64.59314, -17.606532 ], [ -64.592901, -17.606929 ], [ -64.592711, -17.607349 ], [ -64.592554, -17.607876 ], [ -64.592371, -17.608409 ], [ -64.592213, -17.608876 ], [ -64.592149, -17.609336 ], [ -64.592159, -17.609803 ], [ -64.592156, -17.610209 ], [ -64.592128, -17.610568 ], [ -64.592056, -17.610865 ], [ -64.592105, -17.611414 ], [ -64.592102, -17.611833 ], [ -64.591993, -17.612222 ], [ -64.591828, -17.612594 ], [ -64.591713, -17.612989 ], [ -64.591674, -17.613425 ], [ -64.591709, -17.613915 ], [ -64.591876, -17.614439 ], [ -64.59201, -17.614797 ], [ -64.592162, -17.615095 ], [ -64.59239, -17.615475 ], [ -64.592605, -17.61588 ], [ -64.592708, -17.61619 ], [ -64.592704, -17.616459 ], [ -64.592724, -17.616644 ], [ -64.592851, -17.616864 ], [ -64.592921, -17.617097 ], [ -64.592898, -17.617324 ], [ -64.592837, -17.617505 ], [ -64.592647, -17.617811 ], [ -64.592482, -17.618177 ], [ -64.59241, -17.618507 ], [ -64.592463, -17.618847 ], [ -64.592615, -17.619115 ], [ -64.592897, -17.619351 ], [ -64.593242, -17.619616 ], [ -64.593612, -17.619829 ], [ -64.593931, -17.619963 ], [ -64.594176, -17.620171 ], [ -64.594365, -17.620438 ], [ -64.594505, -17.62073 ], [ -64.594514, -17.620981 ], [ -64.594472, -17.621238 ], [ -64.594431, -17.621508 ], [ -64.594383, -17.621777 ], [ -64.594317, -17.621969 ], [ -64.59425, -17.622226 ], [ -64.594209, -17.62246 ], [ -64.594136, -17.62265 ], [ -64.594199, -17.622823 ], [ -64.594356, -17.622935 ], [ -64.594544, -17.622994 ], [ -64.594731, -17.623034 ], [ -64.5949, -17.623146 ], [ -64.595051, -17.623312 ], [ -64.595184, -17.623532 ], [ -64.595223, -17.623711 ], [ -64.595268, -17.623896 ], [ -64.595301, -17.624069 ], [ -64.595315, -17.624225 ], [ -64.595279, -17.624386 ], [ -64.595237, -17.624536 ], [ -64.595181, -17.624609 ], [ -64.595201, -17.624753 ], [ -64.595228, -17.624938 ], [ -64.595136, -17.6251 ], [ -64.594993, -17.625197 ], [ -64.594764, -17.625384 ], [ -64.594685, -17.62563 ], [ -64.594681, -17.625821 ], [ -64.594707, -17.625994 ], [ -64.594746, -17.626203 ], [ -64.594705, -17.626502 ], [ -64.594765, -17.626914 ], [ -64.594954, -17.627165 ], [ -64.595318, -17.627443 ], [ -64.595851, -17.627773 ], [ -64.59621, -17.628153 ], [ -64.596349, -17.628785 ], [ -64.596483, -17.629806 ], [ -64.596683, -17.630561 ], [ -64.596912, -17.631139 ], [ -64.597036, -17.631784 ], [ -64.597247, -17.63229 ], [ -64.597318, -17.632594 ], [ -64.597272, -17.632995 ], [ -64.597187, -17.633313 ], [ -64.597059, -17.633666 ], [ -64.596957, -17.634039 ], [ -64.596972, -17.634385 ], [ -64.597119, -17.634815 ], [ -64.597335, -17.635231 ], [ -64.597605, -17.635504 ], [ -64.598143, -17.635733 ], [ -64.598656, -17.635848 ], [ -64.599135, -17.635857 ], [ -64.599833, -17.635719 ], [ -64.600199, -17.635614 ], [ -64.600547, -17.635384 ], [ -64.60082, -17.635245 ], [ -64.60113, -17.635105 ], [ -64.601444, -17.635096 ], [ -64.601746, -17.635279 ], [ -64.601954, -17.635564 ], [ -64.602176, -17.636011 ], [ -64.60243, -17.63653 ], [ -64.602739, -17.637 ], [ -64.602925, -17.637488 ], [ -64.602909, -17.637835 ], [ -64.602744, -17.638177 ], [ -64.602571, -17.638364 ], [ -64.60228, -17.638641 ], [ -64.602035, -17.639067 ], [ -64.601913, -17.639379 ], [ -64.601759, -17.639631 ], [ -64.601724, -17.639853 ], [ -64.601715, -17.640335 ], [ -64.601738, -17.640783 ], [ -64.601829, -17.641236 ], [ -64.601938, -17.641516 ], [ -64.602034, -17.641832 ], [ -64.602236, -17.642064 ], [ -64.602561, -17.642222 ], [ -64.602923, -17.642279 ], [ -64.603228, -17.642169 ], [ -64.603551, -17.642047 ], [ -64.603924, -17.642002 ], [ -64.604324, -17.642053 ], [ -64.60468, -17.642134 ], [ -64.604962, -17.642322 ], [ -64.605325, -17.642523 ], [ -64.605831, -17.642638 ], [ -64.60632, -17.642873 ], [ -64.606665, -17.643157 ], [ -64.606968, -17.643513 ], [ -64.607309, -17.644049 ], [ -64.607486, -17.64431 ], [ -64.60775, -17.644631 ], [ -64.608146, -17.64492 ], [ -64.608597, -17.645133 ], [ -64.608969, -17.645312 ], [ -64.609197, -17.645686 ], [ -64.609319, -17.646122 ], [ -64.609316, -17.64654 ], [ -64.609271, -17.647037 ], [ -64.609393, -17.647466 ], [ -64.609642, -17.647698 ], [ -64.610305, -17.647998 ], [ -64.61071, -17.647988 ], [ -64.611022, -17.64801 ], [ -64.611404, -17.648192 ], [ -64.611761, -17.648386 ], [ -64.612063, -17.648724 ], [ -64.612311, -17.64923 ], [ -64.612578, -17.649832 ], [ -64.612756, -17.650231 ], [ -64.612948, -17.650719 ], [ -64.613157, -17.651112 ], [ -64.613487, -17.651423 ], [ -64.613757, -17.651684 ], [ -64.614046, -17.651902 ], [ -64.61431, -17.652139 ], [ -64.614526, -17.65239 ], [ -64.614664, -17.652734 ], [ -64.614786, -17.65311 ], [ -64.614821, -17.65354 ], [ -64.614787, -17.653888 ], [ -64.61484, -17.65421 ], [ -64.614929, -17.654496 ], [ -64.615038, -17.654836 ], [ -64.615092, -17.65523 ], [ -64.615061, -17.655657 ], [ -64.614957, -17.656152 ], [ -64.614898, -17.656565 ], [ -64.614908, -17.656949 ], [ -64.614975, -17.657487 ], [ -64.61501, -17.657983 ], [ -64.615102, -17.658472 ], [ -64.615231, -17.658945 ], [ -64.615403, -17.659349 ], [ -64.615556, -17.659735 ], [ -64.615661, -17.66014 ], [ -64.615769, -17.660541 ], [ -64.615967, -17.660984 ], [ -64.616139, -17.661389 ], [ -64.616251, -17.661696 ], [ -64.616317, -17.662036 ], [ -64.616343, -17.662413 ], [ -64.616391, -17.6628 ], [ -64.616593, -17.663139 ], [ -64.616877, -17.663549 ], [ -64.61711, -17.663741 ], [ -64.617362, -17.663804 ], [ -64.617627, -17.663809 ], [ -64.6179, -17.663738 ], [ -64.618101, -17.663647 ], [ -64.618292, -17.663501 ], [ -64.618441, -17.663352 ], [ -64.6186, -17.663197 ], [ -64.618816, -17.663077 ], [ -64.61907, -17.662999 ], [ -64.619402, -17.662946 ], [ -64.619724, -17.662936 ], [ -64.62003, -17.662959 ], [ -64.620311, -17.663 ], [ -64.620593, -17.663044 ], [ -64.620817, -17.663096 ], [ -64.62099, -17.663152 ], [ -64.621159, -17.663201 ], [ -64.621285, -17.663157 ], [ -64.621355, -17.663038 ], [ -64.621425, -17.662901 ], [ -64.62154, -17.662735 ], [ -64.621639, -17.662548 ], [ -64.621734, -17.662282 ], [ -64.621814, -17.662051 ], [ -64.621887, -17.661867 ], [ -64.622032, -17.661733 ], [ -64.622127, -17.661517 ], [ -64.622219, -17.661327 ], [ -64.622357, -17.661077 ], [ -64.622565, -17.660947 ], [ -64.622842, -17.660878 ], [ -64.623035, -17.66084 ], [ -64.623265, -17.660725 ], [ -64.623382, -17.660539 ], [ -64.623541, -17.660221 ], [ -64.62377, -17.660004 ], [ -64.623989, -17.659772 ], [ -64.624305, -17.659549 ], [ -64.624745, -17.65927 ], [ -64.625241, -17.659015 ], [ -64.625695, -17.658832 ], [ -64.626243, -17.658791 ], [ -64.626853, -17.658807 ], [ -64.627241, -17.658891 ], [ -64.627483, -17.658986 ], [ -64.627686, -17.659078 ], [ -64.627868, -17.659244 ], [ -64.628001, -17.659452 ], [ -64.628084, -17.659643 ], [ -64.628167, -17.659935 ], [ -64.628319, -17.660161 ], [ -64.628436, -17.660355 ], [ -64.628606, -17.660503 ], [ -64.628713, -17.660669 ], [ -64.628752, -17.660866 ], [ -64.628786, -17.661075 ], [ -64.628794, -17.661332 ], [ -64.628883, -17.661541 ], [ -64.628991, -17.661737 ], [ -64.629049, -17.661916 ], [ -64.629213, -17.662141 ], [ -64.629339, -17.662314 ], [ -64.629444, -17.662499 ], [ -64.629515, -17.662786 ], [ -64.629536, -17.66306 ], [ -64.629608, -17.66346 ], [ -64.629697, -17.663681 ], [ -64.629763, -17.664021 ], [ -64.629796, -17.664281 ], [ -64.629744, -17.664658 ], [ -64.629709, -17.665005 ], [ -64.629631, -17.665275 ], [ -64.629539, -17.665509 ], [ -64.629597, -17.665735 ], [ -64.629655, -17.66593 ], [ -64.629794, -17.666048 ], [ -64.630012, -17.666124 ], [ -64.630256, -17.666152 ], [ -64.630412, -17.666198 ], [ -64.630619, -17.666358 ], [ -64.630896, -17.666672 ], [ -64.631262, -17.667094 ], [ -64.631602, -17.667491 ], [ -64.631904, -17.667829 ], [ -64.632244, -17.668209 ], [ -64.63276, -17.668622 ], [ -64.632941, -17.668811 ], [ -64.633142, -17.669039 ], [ -64.633368, -17.669281 ], [ -64.633617, -17.669501 ], [ -64.6339, -17.669706 ], [ -64.634203, -17.669755 ], [ -64.634442, -17.669704 ], [ -64.634693, -17.669592 ], [ -64.634967, -17.669561 ], [ -64.635232, -17.669597 ], [ -64.635537, -17.669681 ], [ -64.635777, -17.669739 ], [ -64.635962, -17.669876 ], [ -64.636059, -17.670086 ], [ -64.636091, -17.670339 ], [ -64.636048, -17.670507 ], [ -64.635936, -17.670664 ], [ -64.635821, -17.670824 ], [ -64.635748, -17.671002 ], [ -64.63576, -17.67125 ], [ -64.635812, -17.671446 ], [ -64.635918, -17.671632 ], [ -64.63624, -17.671897 ], [ -64.636476, -17.672101 ], [ -64.636719, -17.672429 ], [ -64.637006, -17.672771 ], [ -64.637222, -17.672989 ], [ -64.637329, -17.673219 ], [ -64.637456, -17.673471 ], [ -64.637648, -17.673718 ], [ -64.637795, -17.673965 ], [ -64.637986, -17.674179 ], [ -64.638133, -17.674398 ], [ -64.638196, -17.674713 ], [ -64.638193, -17.674938 ], [ -64.638225, -17.675225 ], [ -64.638337, -17.675415 ], [ -64.638517, -17.675524 ], [ -64.638788, -17.675622 ], [ -64.639042, -17.675644 ], [ -64.639316, -17.675623 ], [ -64.639545, -17.675597 ], [ -64.639795, -17.675575 ], [ -64.640074, -17.675554 ], [ -64.640293, -17.675576 ], [ -64.640474, -17.675699 ], [ -64.640676, -17.675922 ], [ -64.640847, -17.676121 ], [ -64.640999, -17.676354 ], [ -64.641061, -17.67666 ], [ -64.641038, -17.676808 ], [ -64.640966, -17.677086 ], [ -64.640854, -17.677379 ], [ -64.640402, -17.678136 ], [ -64.640259, -17.678338 ], [ -64.640151, -17.678569 ], [ -64.640093, -17.678775 ], [ -64.640061, -17.679043 ], [ -64.640093, -17.679272 ], [ -64.640184, -17.679472 ], [ -64.640311, -17.679682 ], [ -64.640501, -17.679795 ], [ -64.640692, -17.67987 ], [ -64.640902, -17.679931 ], [ -64.641176, -17.679962 ], [ -64.641416, -17.679979 ], [ -64.641606, -17.680011 ], [ -64.641776, -17.680091 ], [ -64.641927, -17.680257 ], [ -64.642048, -17.680438 ], [ -64.642115, -17.680643 ], [ -64.642192, -17.680881 ], [ -64.642249, -17.681148 ], [ -64.642271, -17.681335 ], [ -64.642263, -17.681516 ], [ -64.642225, -17.681702 ], [ -64.642161, -17.681889 ], [ -64.642038, -17.682072 ], [ -64.64192, -17.682207 ], [ -64.641826, -17.682337 ], [ -64.641678, -17.682438 ], [ -64.641569, -17.682559 ], [ -64.641481, -17.682717 ], [ -64.641387, -17.682843 ], [ -64.641298, -17.682939 ], [ -64.641119, -17.683007 ], [ -64.640985, -17.683109 ], [ -64.640904, -17.683235 ], [ -64.640813, -17.683335 ], [ -64.640789, -17.683474 ], [ -64.640775, -17.683608 ], [ -64.640738, -17.683725 ], [ -64.640796, -17.683913 ], [ -64.640867, -17.684107 ], [ -64.641002, -17.684276 ], [ -64.641162, -17.684397 ], [ -64.641316, -17.684554 ], [ -64.641348, -17.684711 ], [ -64.641423, -17.685108 ], [ -64.641374, -17.685357 ], [ -64.64132, -17.685514 ], [ -64.641247, -17.685694 ], [ -64.641188, -17.685908 ], [ -64.641175, -17.686173 ], [ -64.641252, -17.686424 ], [ -64.6413, -17.68671 ], [ -64.641347, -17.686936 ], [ -64.641352, -17.68714 ], [ -64.641403, -17.687308 ], [ -64.641453, -17.687498 ], [ -64.64153, -17.687694 ], [ -64.64152, -17.687831 ], [ -64.641479, -17.687946 ], [ -64.641518, -17.688077 ], [ -64.641611, -17.688399 ], [ -64.641622, -17.688829 ], [ -64.641388, -17.689405 ], [ -64.640991, -17.690219 ], [ -64.640849, -17.690987 ], [ -64.640681, -17.692324 ], [ -64.640551, -17.693084 ], [ -64.640371, -17.693867 ], [ -64.640072, -17.694556 ], [ -64.639881, -17.695538 ], [ -64.639901, -17.696205 ], [ -64.640131, -17.696649 ], [ -64.640629, -17.697119 ], [ -64.640931, -17.69749 ], [ -64.641026, -17.69802 ], [ -64.640859, -17.698602 ], [ -64.640684, -17.69907 ], [ -64.640375, -17.699689 ], [ -64.640039, -17.700338 ], [ -64.639949, -17.700719 ], [ -64.639851, -17.700989 ], [ -64.639864, -17.701317 ], [ -64.639978, -17.701597 ], [ -64.640242, -17.701813 ], [ -64.640615, -17.702046 ], [ -64.641009, -17.702296 ], [ -64.641459, -17.702613 ], [ -64.641805, -17.702885 ], [ -64.642017, -17.703138 ], [ -64.642086, -17.703324 ], [ -64.642051, -17.703583 ], [ -64.641933, -17.703849 ], [ -64.641734, -17.70413 ], [ -64.641482, -17.704368 ], [ -64.641101, -17.704493 ], [ -64.640728, -17.704561 ], [ -64.640233, -17.704533 ], [ -64.639801, -17.704541 ], [ -64.639564, -17.70461 ], [ -64.639401, -17.704737 ], [ -64.639242, -17.704957 ], [ -64.639132, -17.705234 ], [ -64.639131, -17.70567 ], [ -64.639156, -17.706194 ], [ -64.63928, -17.706581 ], [ -64.639432, -17.706981 ], [ -64.639514, -17.707314 ], [ -64.639529, -17.707563 ], [ -64.639537, -17.707878 ], [ -64.639627, -17.7082 ], [ -64.639785, -17.708438 ], [ -64.640024, -17.708615 ], [ -64.640305, -17.708696 ], [ -64.640553, -17.708581 ], [ -64.640758, -17.708471 ], [ -64.641026, -17.708403 ], [ -64.641274, -17.708282 ], [ -64.641496, -17.708065 ], [ -64.641676, -17.707962 ], [ -64.641858, -17.708008 ], [ -64.641959, -17.708186 ], [ -64.641993, -17.708455 ], [ -64.64197, -17.708712 ], [ -64.641947, -17.708952 ], [ -64.642018, -17.709142 ], [ -64.642269, -17.709319 ], [ -64.642637, -17.709394 ], [ -64.643033, -17.709385 ], [ -64.643482, -17.709381 ], [ -64.644073, -17.709412 ], [ -64.644598, -17.709508 ], [ -64.645175, -17.709625 ], [ -64.645737, -17.709714 ], [ -64.646231, -17.709695 ], [ -64.646619, -17.709591 ], [ -64.64686, -17.709457 ], [ -64.647005, -17.709214 ], [ -64.647208, -17.708943 ], [ -64.647461, -17.70869 ], [ -64.647729, -17.708598 ], [ -64.648009, -17.70861 ], [ -64.648257, -17.708748 ], [ -64.64846, -17.708932 ], [ -64.648615, -17.709031 ], [ -64.648892, -17.709314 ], [ -64.649346, -17.709837 ], [ -64.649837, -17.710332 ], [ -64.650271, -17.710777 ], [ -64.650643, -17.711198 ], [ -64.65088, -17.711882 ], [ -64.651238, -17.712883 ], [ -64.651386, -17.713324 ], [ -64.651503, -17.713915 ], [ -64.651845, -17.714426 ], [ -64.652603, -17.71485 ], [ -64.653719, -17.715144 ], [ -64.654794, -17.71544 ], [ -64.655801, -17.715683 ], [ -64.656849, -17.716143 ], [ -64.657848, -17.716272 ], [ -64.658866, -17.716353 ], [ -64.659656, -17.716149 ], [ -64.660365, -17.715672 ], [ -64.661338, -17.71561 ], [ -64.662184, -17.715393 ], [ -64.663478, -17.715102 ], [ -64.664672, -17.715054 ], [ -64.665594, -17.714957 ], [ -64.666544, -17.714847 ], [ -64.667216, -17.714644 ], [ -64.667848, -17.71425 ], [ -64.668581, -17.713939 ], [ -64.669066, -17.713798 ], [ -64.669622, -17.713823 ], [ -64.670553, -17.714108 ], [ -64.671706, -17.714666 ], [ -64.672994, -17.715378 ], [ -64.673713, -17.715611 ], [ -64.674802, -17.716014 ], [ -64.675808, -17.716221 ], [ -64.67724, -17.716629 ], [ -64.678057, -17.71664 ], [ -64.678643, -17.716635 ], [ -64.679411, -17.716718 ], [ -64.680184, -17.716957 ], [ -64.681122, -17.717337 ], [ -64.682184, -17.717513 ], [ -64.683171, -17.717666 ], [ -64.683799, -17.717829 ], [ -64.684209, -17.717931 ], [ -64.68464, -17.718128 ], [ -64.684965, -17.718451 ], [ -64.685217, -17.718764 ], [ -64.685731, -17.719142 ], [ -64.684886, -17.722122 ], [ -64.685098, -17.72578 ], [ -64.686723, -17.729052 ], [ -64.711539, -17.760913 ], [ -64.715446, -17.776511 ], [ -64.717389, -17.78101 ], [ -64.717214, -17.783905 ], [ -64.71873, -17.786999 ], [ -64.716184, -17.789157 ], [ -64.71542, -17.789721 ], [ -64.715349, -17.790768 ], [ -64.715566, -17.791849 ], [ -64.71528, -17.79293 ], [ -64.713785, -17.794083 ], [ -64.71323, -17.794913 ], [ -64.713454, -17.797855 ], [ -64.713385, -17.799534 ], [ -64.713114, -17.80025 ], [ -64.711995, -17.801928 ], [ -64.711578, -17.802885 ], [ -64.711662, -17.804688 ], [ -64.712027, -17.805483 ], [ -64.712795, -17.807216 ], [ -64.712797, -17.809491 ], [ -64.713322, -17.809417 ], [ -64.714464, -17.81005 ], [ -64.715203, -17.811627 ], [ -64.71601, -17.812477 ], [ -64.717845, -17.814078 ], [ -64.718259, -17.815554 ], [ -64.718644, -17.815967 ], [ -64.719701, -17.816379 ], [ -64.720357, -17.816987 ], [ -64.721563, -17.81769 ], [ -64.723043, -17.818558 ], [ -64.724365, -17.819613 ], [ -64.725495, -17.819772 ], [ -64.727776, -17.819262 ], [ -64.729658, -17.81925 ], [ -64.732379, -17.819617 ], [ -64.734165, -17.81925 ], [ -64.737513, -17.819208 ], [ -64.739277, -17.82054 ], [ -64.73998, -17.822098 ], [ -64.740787, -17.822857 ], [ -64.741723, -17.824963 ], [ -64.74239, -17.825521 ], [ -64.743795, -17.826699 ], [ -64.746606, -17.827464 ], [ -64.747245, -17.826014 ], [ -64.748678, -17.823089 ], [ -64.746518, -17.81843 ], [ -64.749876, -17.816349 ], [ -64.753136, -17.814066 ], [ -64.755421, -17.813925 ], [ -64.760467, -17.814844 ], [ -64.762667, -17.815619 ], [ -64.764334, -17.817276 ], [ -64.764867, -17.818862 ], [ -64.76601, -17.820193 ], [ -64.76837, -17.82271 ], [ -64.768493, -17.82284 ], [ -64.769581, -17.824458 ], [ -64.771238, -17.826761 ], [ -64.772735, -17.827401 ], [ -64.772769, -17.830843 ], [ -64.777374, -17.838571 ], [ -64.780697, -17.838622 ], [ -64.783178, -17.845403 ], [ -64.780756, -17.846016 ], [ -64.778341, -17.846649 ], [ -64.776546, -17.847715 ], [ -64.775263, -17.847848 ], [ -64.77327, -17.847644 ], [ -64.77092, -17.848625 ], [ -64.769278, -17.849002 ], [ -64.766505, -17.849421 ], [ -64.765115, -17.850849 ], [ -64.764566, -17.852544 ], [ -64.762875, -17.85465 ], [ -64.761939, -17.855632 ], [ -64.761021, -17.856056 ], [ -64.760292, -17.856738 ], [ -64.759885, -17.857176 ], [ -64.759646, -17.857682 ], [ -64.758668, -17.860421 ], [ -64.758554, -17.862674 ], [ -64.758291, -17.863203 ], [ -64.757562, -17.863735 ], [ -64.757454, -17.864723 ], [ -64.755757, -17.867808 ], [ -64.755301, -17.868246 ], [ -64.754272, -17.86972 ], [ -64.753438, -17.872481 ], [ -64.752931, -17.873197 ], [ -64.75114, -17.875315 ], [ -64.750684, -17.875661 ], [ -64.749532, -17.875963 ], [ -64.748742, -17.875902 ], [ -64.747952, -17.875842 ], [ -64.746787, -17.875604 ], [ -64.745844, -17.875411 ], [ -64.743712, -17.87739 ], [ -64.743473, -17.877896 ], [ -64.74333, -17.878494 ], [ -64.743381, -17.879644 ], [ -64.743576, -17.880792 ], [ -64.743651, -17.881988 ], [ -64.743462, -17.883161 ], [ -64.742779, -17.884934 ], [ -64.742363, -17.885807 ], [ -64.742102, -17.886888 ], [ -64.74208, -17.888038 ], [ -64.742469, -17.889669 ], [ -64.742609, -17.890478 ], [ -64.742713, -17.891415 ], [ -64.743148, -17.892495 ], [ -64.743391, -17.893597 ], [ -64.743133, -17.895943 ], [ -64.74316, -17.897161 ], [ -64.743089, -17.897759 ], [ -64.74259, -17.900059 ], [ -64.74252, -17.900634 ], [ -64.742641, -17.901326 ], [ -64.74267, -17.902955 ], [ -64.742292, -17.905807 ], [ -64.742489, -17.907553 ], [ -64.74249, -17.908013 ], [ -64.743059, -17.908813 ], [ -64.746981, -17.910408 ], [ -64.74963, -17.910935 ], [ -64.751061, -17.91189 ], [ -64.752129, -17.915135 ], [ -64.752401, -17.918674 ], [ -64.753479, -17.921801 ], [ -64.753754, -17.923987 ], [ -64.753702, -17.925794 ], [ -64.752932, -17.928038 ], [ -64.749768, -17.92852 ], [ -64.746319, -17.929211 ], [ -64.741561, -17.930682 ], [ -64.739359, -17.931452 ], [ -64.737298, -17.932736 ], [ -64.735223, -17.932998 ], [ -64.733567, -17.933692 ], [ -64.731948, -17.934813 ], [ -64.728316, -17.937327 ], [ -64.727571, -17.941466 ], [ -64.729897, -17.94248 ], [ -64.733071, -17.944602 ], [ -64.734298, -17.945915 ], [ -64.736793, -17.94752 ], [ -64.740674, -17.949626 ], [ -64.743631, -17.950621 ], [ -64.745229, -17.952246 ], [ -64.745086, -17.953747 ], [ -64.743519, -17.955792 ], [ -64.744188, -17.958218 ], [ -64.744378, -17.961472 ], [ -64.745868, -17.964818 ], [ -64.745657, -17.965939 ], [ -64.744581, -17.968385 ], [ -64.744737, -17.971232 ], [ -64.754354, -17.979615 ], [ -64.766294, -17.985988 ], [ -64.766126, -17.986103 ], [ -64.765974, -17.986307 ], [ -64.765889, -17.986499 ], [ -64.765835, -17.986735 ], [ -64.765772, -17.986941 ], [ -64.765743, -17.987258 ], [ -64.765827, -17.987589 ], [ -64.765949, -17.987927 ], [ -64.766131, -17.98825 ], [ -64.766275, -17.988674 ], [ -64.76648, -17.989162 ], [ -64.76661, -17.98953 ], [ -64.766747, -17.990012 ], [ -64.766764, -17.99053 ], [ -64.766683, -17.990991 ], [ -64.766542, -17.991495 ], [ -64.766364, -17.992014 ], [ -64.766305, -17.992482 ], [ -64.766255, -17.993003 ], [ -64.766144, -17.993457 ], [ -64.76601, -17.993933 ], [ -64.765945, -17.994401 ], [ -64.765947, -17.994969 ], [ -64.765768, -17.995416 ], [ -64.765414, -17.996071 ], [ -64.765281, -17.996604 ], [ -64.76502, -17.997231 ], [ -64.764812, -17.997879 ], [ -64.764732, -17.998603 ], [ -64.764713, -17.999345 ], [ -64.764497, -18.000072 ], [ -64.764237, -18.000692 ], [ -64.764118, -18.00111 ], [ -64.763871, -18.00142 ], [ -64.763632, -18.001731 ], [ -64.763445, -18.002026 ], [ -64.763176, -18.002473 ], [ -64.762831, -18.002849 ], [ -64.762458, -18.00324 ], [ -64.761858, -18.003602 ], [ -64.761266, -18.004036 ], [ -64.760823, -18.004355 ], [ -64.760591, -18.004672 ], [ -64.760465, -18.005097 ], [ -64.760445, -18.005644 ], [ -64.760387, -18.006226 ], [ -64.760306, -18.006636 ], [ -64.760067, -18.00704 ], [ -64.759677, -18.007524 ], [ -64.759258, -18.007914 ], [ -64.758763, -18.008347 ], [ -64.758328, -18.008752 ], [ -64.758044, -18.009111 ], [ -64.75776, -18.00971 ], [ -64.757522, -18.010373 ], [ -64.757239, -18.010913 ], [ -64.756902, -18.011346 ], [ -64.756565, -18.011635 ], [ -64.756235, -18.012068 ], [ -64.756076, -18.012482 ], [ -64.75595, -18.012878 ], [ -64.755672, -18.013138 ], [ -64.75538, -18.013348 ], [ -64.754983, -18.013673 ], [ -64.754532, -18.013884 ], [ -64.754089, -18.014101 ], [ -64.753549, -18.014391 ], [ -64.753249, -18.014788 ], [ -64.752898, -18.01535 ], [ -64.752356, -18.016034 ], [ -64.75196, -18.016583 ], [ -64.751728, -18.016879 ], [ -64.751458, -18.017189 ], [ -64.751173, -18.017442 ], [ -64.750888, -18.01763 ], [ -64.750588, -18.017833 ], [ -64.750342, -18.018054 ], [ -64.750118, -18.018328 ], [ -64.749909, -18.018768 ], [ -64.74973, -18.019222 ], [ -64.749627, -18.019726 ], [ -64.749502, -18.02041 ], [ -64.749421, -18.021064 ], [ -64.749318, -18.021553 ], [ -64.749117, -18.022087 ], [ -64.748886, -18.022548 ], [ -64.748719, -18.022926 ], [ -64.748435, -18.023402 ], [ -64.748203, -18.023806 ], [ -64.747911, -18.024181 ], [ -64.747672, -18.024628 ], [ -64.747546, -18.025129 ], [ -64.747323, -18.025806 ], [ -64.747123, -18.026498 ], [ -64.746802, -18.027331 ], [ -64.746572, -18.028095 ], [ -64.746417, -18.0287 ], [ -64.746268, -18.029254 ], [ -64.746075, -18.029759 ], [ -64.745835, -18.030062 ], [ -64.74546, -18.030341 ], [ -64.745213, -18.030586 ], [ -64.745063, -18.030803 ], [ -64.744846, -18.03107 ], [ -64.744644, -18.031229 ], [ -64.744396, -18.031359 ], [ -64.744209, -18.031526 ], [ -64.74403, -18.031936 ], [ -64.743839, -18.032352 ], [ -64.743683, -18.032856 ], [ -64.743504, -18.033245 ], [ -64.743264, -18.033476 ], [ -64.743054, -18.033585 ], [ -64.742746, -18.033751 ], [ -64.742438, -18.033846 ], [ -64.742167, -18.033941 ], [ -64.741882, -18.034107 ], [ -64.741657, -18.034266 ], [ -64.741507, -18.034401 ], [ -64.74135, -18.034711 ], [ -64.741126, -18.034999 ], [ -64.740999, -18.035324 ], [ -64.740827, -18.035677 ], [ -64.740671, -18.036052 ], [ -64.74053, -18.036469 ], [ -64.740343, -18.036794 ], [ -64.740073, -18.036939 ], [ -64.739678, -18.037152 ], [ -64.739359, -18.037399 ], [ -64.739041, -18.037796 ], [ -64.738772, -18.038055 ], [ -64.738554, -18.038266 ], [ -64.738329, -18.038564 ], [ -64.738205, -18.03875 ], [ -64.738099, -18.038895 ], [ -64.738011, -18.039045 ], [ -64.737912, -18.039261 ], [ -64.737794, -18.039436 ], [ -64.737643, -18.039532 ], [ -64.737462, -18.039611 ], [ -64.737312, -18.039683 ], [ -64.737174, -18.039762 ], [ -64.737062, -18.039864 ], [ -64.736974, -18.039996 ], [ -64.736843, -18.040128 ], [ -64.736674, -18.040177 ], [ -64.736499, -18.04016 ], [ -64.73631, -18.040082 ], [ -64.736072, -18.039987 ], [ -64.735864, -18.039868 ], [ -64.735726, -18.039677 ], [ -64.735631, -18.039425 ], [ -64.735533, -18.039216 ], [ -64.735439, -18.039036 ], [ -64.735294, -18.038845 ], [ -64.735199, -18.038677 ], [ -64.735111, -18.038551 ], [ -64.734985, -18.038468 ], [ -64.734759, -18.038421 ], [ -64.734515, -18.038434 ], [ -64.734339, -18.038452 ], [ -64.734208, -18.038489 ], [ -64.734026, -18.038519 ], [ -64.733889, -18.038586 ], [ -64.733776, -18.038694 ], [ -64.733658, -18.038808 ], [ -64.733514, -18.038983 ], [ -64.733352, -18.039145 ], [ -64.73317, -18.039296 ], [ -64.732977, -18.039422 ], [ -64.732814, -18.039531 ], [ -64.732632, -18.039591 ], [ -64.732153, -18.039681 ], [ -64.731807, -18.039754 ], [ -64.731439, -18.039825 ], [ -64.730847, -18.039923 ], [ -64.730225, -18.039982 ], [ -64.729514, -18.040052 ], [ -64.728993, -18.040236 ], [ -64.728361, -18.040363 ], [ -64.727991, -18.040499 ], [ -64.72754, -18.040673 ], [ -64.727079, -18.040713 ], [ -64.726608, -18.040801 ], [ -64.726307, -18.040975 ], [ -64.725875, -18.041252 ], [ -64.72553, -18.041474 ], [ -64.72528, -18.041643 ], [ -64.72498, -18.041927 ], [ -64.72456, -18.042217 ], [ -64.724106, -18.042413 ], [ -64.723856, -18.042577 ], [ -64.723556, -18.042683 ], [ -64.723315, -18.042742 ], [ -64.723135, -18.042742 ], [ -64.722839, -18.042758 ], [ -64.722528, -18.042836 ], [ -64.722188, -18.042995 ], [ -64.721908, -18.043193 ], [ -64.721683, -18.043376 ], [ -64.72149, -18.043535 ], [ -64.72139, -18.043641 ], [ -64.721214, -18.043728 ], [ -64.720969, -18.043743 ], [ -64.720723, -18.043763 ], [ -64.720437, -18.04374 ], [ -64.720221, -18.043712 ], [ -64.72004, -18.043593 ], [ -64.719849, -18.043473 ], [ -64.719583, -18.043302 ], [ -64.719457, -18.04322 ], [ -64.719306, -18.043101 ], [ -64.71915, -18.042953 ], [ -64.718984, -18.0428 ], [ -64.718798, -18.042633 ], [ -64.718607, -18.042475 ], [ -64.718413, -18.04229 ], [ -64.718262, -18.042152 ], [ -64.718116, -18.042047 ], [ -64.71799, -18.041946 ], [ -64.717875, -18.041894 ], [ -64.717704, -18.041909 ], [ -64.717584, -18.041909 ], [ -64.717473, -18.04191 ], [ -64.717348, -18.041977 ], [ -64.717203, -18.042103 ], [ -64.717064, -18.042285 ], [ -64.716964, -18.042458 ], [ -64.716885, -18.042669 ], [ -64.716805, -18.04288 ], [ -64.716675, -18.043097 ], [ -64.716541, -18.043346 ], [ -64.716466, -18.043515 ], [ -64.716407, -18.043726 ], [ -64.716383, -18.043956 ], [ -64.716354, -18.044191 ], [ -64.716369, -18.044398 ], [ -64.7164, -18.044609 ], [ -64.716501, -18.044757 ], [ -64.716698, -18.04496 ], [ -64.7169, -18.045127 ], [ -64.717096, -18.045241 ], [ -64.717327, -18.045341 ], [ -64.717497, -18.045398 ], [ -64.717603, -18.045528 ], [ -64.717654, -18.045753 ], [ -64.717635, -18.045998 ], [ -64.717591, -18.046305 ], [ -64.717522, -18.046511 ], [ -64.717437, -18.046704 ], [ -64.717378, -18.046896 ], [ -64.717258, -18.047165 ], [ -64.717159, -18.047316 ], [ -64.717029, -18.047474 ], [ -64.716919, -18.04759 ], [ -64.716774, -18.047706 ], [ -64.716654, -18.047797 ], [ -64.716494, -18.04787 ], [ -64.716333, -18.047923 ], [ -64.716183, -18.047991 ], [ -64.716058, -18.048092 ], [ -64.715998, -18.048217 ], [ -64.715929, -18.048342 ], [ -64.715844, -18.048486 ], [ -64.715784, -18.048649 ], [ -64.715755, -18.048832 ], [ -64.715735, -18.04899 ], [ -64.715676, -18.049158 ], [ -64.715616, -18.049312 ], [ -64.715537, -18.04949 ], [ -64.715492, -18.049652 ], [ -64.715463, -18.049834 ], [ -64.715438, -18.049983 ], [ -64.715429, -18.050122 ], [ -64.715439, -18.050261 ], [ -64.715515, -18.050357 ], [ -64.7156, -18.050419 ], [ -64.715736, -18.050472 ], [ -64.715877, -18.050615 ], [ -64.716008, -18.050749 ], [ -64.716159, -18.050881 ], [ -64.716375, -18.051048 ], [ -64.716516, -18.051139 ], [ -64.716652, -18.051263 ], [ -64.716767, -18.051378 ], [ -64.716828, -18.051488 ], [ -64.716819, -18.051641 ], [ -64.716759, -18.051819 ], [ -64.71671, -18.052016 ], [ -64.71665, -18.052208 ], [ -64.71655, -18.052352 ], [ -64.716441, -18.052573 ], [ -64.716377, -18.052804 ], [ -64.716352, -18.053025 ], [ -64.716283, -18.053355 ], [ -64.716184, -18.053681 ], [ -64.716116, -18.054113 ], [ -64.716057, -18.054553 ], [ -64.716018, -18.054856 ], [ -64.715959, -18.055105 ], [ -64.715915, -18.055403 ], [ -64.715901, -18.055729 ], [ -64.715902, -18.056116 ], [ -64.715898, -18.056389 ], [ -64.715844, -18.056716 ], [ -64.715846, -18.057104 ], [ -64.715872, -18.057354 ], [ -64.715958, -18.057569 ], [ -64.716094, -18.057751 ], [ -64.71626, -18.057885 ], [ -64.71646, -18.057939 ], [ -64.716678, -18.05796 ], [ -64.716881, -18.05801 ], [ -64.7171, -18.058153 ], [ -64.717342, -18.058397 ], [ -64.717606, -18.058655 ], [ -64.717976, -18.05897 ], [ -64.718353, -18.059276 ], [ -64.718655, -18.059601 ], [ -64.718948, -18.059974 ], [ -64.71923, -18.060491 ], [ -64.719543, -18.06096 ], [ -64.719715, -18.061286 ], [ -64.719676, -18.061603 ], [ -64.719436, -18.061863 ], [ -64.719106, -18.06219 ], [ -64.718516, -18.062662 ], [ -64.718115, -18.062836 ], [ -64.717836, -18.063018 ], [ -64.717555, -18.063283 ], [ -64.717286, -18.063566 ], [ -64.716962, -18.063918 ], [ -64.716536, -18.064263 ], [ -64.716305, -18.06439 ], [ -64.716036, -18.06457 ], [ -64.715786, -18.064763 ], [ -64.715511, -18.064968 ], [ -64.715249, -18.065263 ], [ -64.715086, -18.065425 ], [ -64.71493, -18.065654 ], [ -64.714637, -18.066068 ], [ -64.714469, -18.066351 ], [ -64.714375, -18.066672 ], [ -64.714372, -18.067245 ], [ -64.714405, -18.067824 ], [ -64.714426, -18.068429 ], [ -64.714535, -18.068999 ], [ -64.714751, -18.069703 ], [ -64.715161, -18.070451 ], [ -64.71539, -18.071236 ], [ -64.715645, -18.072182 ], [ -64.715658, -18.072423 ], [ -64.71564, -18.072759 ], [ -64.715566, -18.073083 ], [ -64.715454, -18.073371 ], [ -64.715261, -18.073629 ], [ -64.714973, -18.07384 ], [ -64.714585, -18.073943 ], [ -64.714253, -18.073993 ], [ -64.714008, -18.073963 ], [ -64.71387, -18.073832 ], [ -64.713837, -18.073595 ], [ -64.713875, -18.073144 ], [ -64.713845, -18.072769 ], [ -64.713677, -18.072576 ], [ -64.713563, -18.072324 ], [ -64.713406, -18.072127 ], [ -64.713167, -18.072062 ], [ -64.712917, -18.072117 ], [ -64.712472, -18.07222 ], [ -64.712087, -18.072334 ], [ -64.71169, -18.072678 ], [ -64.711478, -18.072967 ], [ -64.71132, -18.073355 ], [ -64.711208, -18.073739 ], [ -64.711116, -18.074189 ], [ -64.711093, -18.074741 ], [ -64.711121, -18.075446 ], [ -64.711198, -18.076027 ], [ -64.711222, -18.076674 ], [ -64.711186, -18.07786 ], [ -64.710986, -18.079419 ], [ -64.710874, -18.079977 ], [ -64.710738, -18.080386 ], [ -64.71057, -18.080807 ], [ -64.710308, -18.081221 ], [ -64.710096, -18.08157 ], [ -64.709772, -18.082021 ], [ -64.709422, -18.082418 ], [ -64.70906, -18.082731 ], [ -64.708685, -18.083067 ], [ -64.708241, -18.08353 ], [ -64.707916, -18.083831 ], [ -64.707503, -18.08409 ], [ -64.70674, -18.084566 ], [ -64.706434, -18.084759 ], [ -64.705958, -18.08497 ], [ -64.70514, -18.085222 ], [ -64.704639, -18.085355 ], [ -64.704157, -18.085549 ], [ -64.703763, -18.085694 ], [ -64.703387, -18.085875 ], [ -64.702991, -18.086087 ], [ -64.702712, -18.086297 ], [ -64.702469, -18.086457 ], [ -64.702086, -18.08676 ], [ -64.70185, -18.087104 ], [ -64.70149, -18.087501 ], [ -64.700889, -18.087884 ], [ -64.700289, -18.088339 ], [ -64.699854, -18.088621 ], [ -64.699464, -18.089033 ], [ -64.699154, -18.089408 ], [ -64.698726, -18.089813 ], [ -64.69842, -18.090267 ], [ -64.698203, -18.090865 ], [ -64.698166, -18.091337 ], [ -64.698208, -18.09173 ], [ -64.698149, -18.092114 ], [ -64.697959, -18.092393 ], [ -64.697779, -18.092619 ], [ -64.697509, -18.092836 ], [ -64.697064, -18.093068 ], [ -64.696614, -18.09327 ], [ -64.695858, -18.093458 ], [ -64.69521, -18.093596 ], [ -64.694859, -18.093681 ], [ -64.694496, -18.093772 ], [ -64.694176, -18.093881 ], [ -64.693945, -18.094038 ], [ -64.693688, -18.094218 ], [ -64.69352, -18.094429 ], [ -64.693446, -18.094759 ], [ -64.693378, -18.095125 ], [ -64.693336, -18.095611 ], [ -64.693281, -18.09596 ], [ -64.693172, -18.096363 ], [ -64.692983, -18.096791 ], [ -64.692584, -18.097545 ], [ -64.692306, -18.098213 ], [ -64.691873, -18.098758 ], [ -64.691051, -18.099016 ], [ -64.690352, -18.099139 ], [ -64.689992, -18.099245 ], [ -64.689601, -18.099376 ], [ -64.689135, -18.099478 ], [ -64.688643, -18.0996 ], [ -64.688187, -18.099659 ], [ -64.687701, -18.099709 ], [ -64.687326, -18.099729 ], [ -64.68703, -18.09974 ], [ -64.686653, -18.099722 ], [ -64.686232, -18.099733 ], [ -64.685785, -18.099676 ], [ -64.685585, -18.099663 ], [ -64.685359, -18.099639 ], [ -64.685077, -18.09954 ], [ -64.684267, -18.099362 ], [ -64.683863, -18.099294 ], [ -64.68358, -18.099223 ], [ -64.683329, -18.099158 ], [ -64.683053, -18.099087 ], [ -64.682827, -18.099022 ], [ -64.682594, -18.099022 ], [ -64.682362, -18.099083 ], [ -64.682193, -18.099198 ], [ -64.682056, -18.09933 ], [ -64.681968, -18.099534 ], [ -64.6819, -18.09972 ], [ -64.681738, -18.099937 ], [ -64.681494, -18.100127 ], [ -64.681207, -18.10041 ], [ -64.681001, -18.10068 ], [ -64.680776, -18.100909 ], [ -64.680573, -18.10114 ], [ -64.680351, -18.10139 ], [ -64.680144, -18.101535 ], [ -64.679944, -18.101565 ], [ -64.6798, -18.101536 ], [ -64.679649, -18.101458 ], [ -64.676707, -18.10103 ], [ -64.673994, -18.100543 ], [ -64.671805, -18.100064 ], [ -64.669879, -18.100249 ], [ -64.668717, -18.101275 ], [ -64.667712, -18.102782 ], [ -64.666472, -18.103863 ], [ -64.664091, -18.104091 ], [ -64.660962, -18.103792 ], [ -64.658435, -18.101713 ], [ -64.65614, -18.101304 ], [ -64.652825, -18.101321 ], [ -64.651715, -18.101326 ], [ -64.650385, -18.101367 ], [ -64.648805, -18.101233 ], [ -64.647236, -18.102253 ], [ -64.645942, -18.102885 ], [ -64.644747, -18.102632 ], [ -64.644879, -18.102308 ], [ -64.644873, -18.101698 ], [ -64.64465, -18.101431 ], [ -64.644655, -18.100943 ], [ -64.64347, -18.100035 ], [ -64.640055, -18.09891 ], [ -64.63922, -18.098947 ], [ -64.637889, -18.099653 ], [ -64.637025, -18.09892 ], [ -64.635692, -18.097593 ], [ -64.635263, -18.097215 ], [ -64.634518, -18.095923 ], [ -64.633153, -18.09558 ], [ -64.628758, -18.095617 ], [ -64.626628, -18.096197 ], [ -64.62482, -18.094821 ], [ -64.623579, -18.094506 ], [ -64.620348, -18.096457 ], [ -64.619387, -18.096317 ], [ -64.618632, -18.095851 ], [ -64.618426, -18.095278 ], [ -64.618108, -18.094623 ], [ -64.617974, -18.094511 ], [ -64.617913, -18.094228 ], [ -64.617472, -18.093433 ], [ -64.61648, -18.093509 ], [ -64.615533, -18.094037 ], [ -64.614368, -18.094592 ], [ -64.613474, -18.095216 ], [ -64.612746, -18.095997 ], [ -64.612005, -18.096979 ], [ -64.611369, -18.097974 ], [ -64.610988, -18.09901 ], [ -64.610801, -18.099815 ], [ -64.61078, -18.100219 ], [ -64.610737, -18.101049 ], [ -64.611019, -18.102004 ], [ -64.610753, -18.102784 ], [ -64.609974, -18.103247 ], [ -64.609106, -18.103329 ], [ -64.607015, -18.104087 ], [ -64.605854, -18.105665 ], [ -64.604449, -18.10781 ], [ -64.603595, -18.109177 ], [ -64.60184, -18.110227 ], [ -64.599622, -18.109913 ], [ -64.597599, -18.108638 ], [ -64.595931, -18.107139 ], [ -64.593608, -18.106981 ], [ -64.591854, -18.10809 ], [ -64.591093, -18.109458 ], [ -64.589181, -18.110332 ], [ -64.587296, -18.110731 ], [ -64.587296, -18.110812 ], [ -64.584997, -18.113023 ], [ -64.583695, -18.114501 ], [ -64.581252, -18.115303 ], [ -64.580313, -18.115822 ], [ -64.579354, -18.116048 ], [ -64.578925, -18.116431 ], [ -64.578043, -18.116696 ], [ -64.577056, -18.117092 ], [ -64.576268, -18.116945 ], [ -64.57597, -18.117101 ], [ -64.575244, -18.117422 ], [ -64.574619, -18.117914 ], [ -64.57404, -18.118816 ], [ -64.57397, -18.120746 ], [ -64.573464, -18.121403 ], [ -64.573757, -18.122211 ], [ -64.573897, -18.122806 ], [ -64.573603, -18.12346 ], [ -64.572407, -18.123986 ], [ -64.570714, -18.124172 ], [ -64.568583, -18.12406 ], [ -64.567725, -18.12378 ], [ -64.566686, -18.123587 ], [ -64.56637, -18.124373 ], [ -64.565517, -18.125292 ], [ -64.565413, -18.125487 ], [ -64.564559, -18.126106 ], [ -64.563622, -18.126516 ], [ -64.562866, -18.126904 ], [ -64.561155, -18.128027 ], [ -64.55938, -18.128381 ], [ -64.558786, -18.129132 ], [ -64.558323, -18.129279 ], [ -64.558049, -18.129583 ], [ -64.557553, -18.129836 ], [ -64.556873, -18.131769 ], [ -64.556053, -18.13337 ], [ -64.554969, -18.13472 ], [ -64.553079, -18.135955 ], [ -64.551164, -18.136009 ], [ -64.548541, -18.136487 ], [ -64.54639, -18.13697 ], [ -64.544731, -18.137865 ], [ -64.543296, -18.139218 ], [ -64.541944, -18.140194 ], [ -64.541642, -18.141706 ], [ -64.541693, -18.14184 ], [ -64.541138, -18.142711 ], [ -64.540782, -18.143135 ], [ -64.540569, -18.14392 ], [ -64.540473, -18.144361 ], [ -64.540083, -18.145238 ], [ -64.539411, -18.1462 ], [ -64.538922, -18.147504 ], [ -64.53891, -18.148442 ], [ -64.539057, -18.149244 ], [ -64.539585, -18.150043 ], [ -64.53979, -18.150946 ], [ -64.539327, -18.151969 ], [ -64.538223, -18.152469 ], [ -64.537071, -18.153397 ], [ -64.536315, -18.1539 ], [ -64.535816, -18.154019 ], [ -64.535049, -18.154412 ], [ -64.533938, -18.154378 ], [ -64.532878, -18.154406 ], [ -64.53156, -18.154588 ], [ -64.530682, -18.154863 ], [ -64.529386, -18.15539 ], [ -64.528731, -18.156045 ], [ -64.528236, -18.156565 ], [ -64.528301, -18.157196 ], [ -64.528493, -18.157592 ], [ -64.529863, -18.158325 ], [ -64.529914, -18.159206 ], [ -64.528558, -18.159636 ], [ -64.526759, -18.15965 ], [ -64.525095, -18.159957 ], [ -64.523782, -18.160345 ], [ -64.523114, -18.160792 ], [ -64.52296, -18.161673 ], [ -64.523274, -18.162551 ], [ -64.524621, -18.162988 ], [ -64.526001, -18.163284 ], [ -64.526799, -18.164284 ], [ -64.526682, -18.165963 ], [ -64.525296, -18.167945 ], [ -64.520807, -18.171504 ], [ -64.520643, -18.172974 ], [ -64.522242, -18.175079 ], [ -64.522736, -18.176375 ], [ -64.522712, -18.17665 ], [ -64.522694, -18.176852 ], [ -64.522454, -18.177306 ], [ -64.52234, -18.178072 ], [ -64.522686, -18.178503 ], [ -64.522953, -18.179247 ], [ -64.523381, -18.180162 ], [ -64.523139, -18.180858 ], [ -64.522561, -18.181451 ], [ -64.521559, -18.182256 ], [ -64.519723, -18.183152 ], [ -64.517008, -18.18376 ], [ -64.515785, -18.184357 ], [ -64.514829, -18.185455 ], [ -64.513164, -18.185762 ], [ -64.511981, -18.186023 ], [ -64.510591, -18.187628 ], [ -64.509674, -18.18818 ], [ -64.509245, -18.188707 ], [ -64.508642, -18.189632 ], [ -64.508647, -18.190448 ], [ -64.508649, -18.190755 ], [ -64.508806, -18.191146 ], [ -64.508832, -18.191758 ], [ -64.508898, -18.19188 ], [ -64.510764, -18.193669 ], [ -64.511627, -18.195213 ], [ -64.512608, -18.195872 ], [ -64.513652, -18.196693 ], [ -64.514501, -18.197857 ], [ -64.5146, -18.198596 ], [ -64.514263, -18.198983 ], [ -64.512962, -18.199023 ], [ -64.511968, -18.198617 ], [ -64.510946, -18.198566 ], [ -64.509718, -18.199789 ], [ -64.508689, -18.202608 ], [ -64.508171, -18.2035 ], [ -64.507251, -18.204632 ], [ -64.506075, -18.2047 ], [ -64.504902, -18.205124 ], [ -64.504502, -18.205393 ], [ -64.503818, -18.206349 ], [ -64.503434, -18.206776 ], [ -64.503121, -18.206825 ], [ -64.50171, -18.208463 ], [ -64.500696, -18.209768 ], [ -64.498642, -18.211336 ], [ -64.497104, -18.212689 ], [ -64.496894, -18.214102 ], [ -64.497863, -18.215223 ], [ -64.499566, -18.215774 ], [ -64.501538, -18.218084 ], [ -64.502335, -18.220127 ], [ -64.502362, -18.223223 ], [ -64.501538, -18.224919 ], [ -64.50103, -18.225021 ], [ -64.500113, -18.225325 ], [ -64.499423, -18.225474 ], [ -64.498764, -18.225594 ], [ -64.498242, -18.225971 ], [ -64.49793, -18.22636 ], [ -64.497873, -18.226734 ], [ -64.497671, -18.227155 ], [ -64.497685, -18.227271 ], [ -64.497916, -18.227795 ], [ -64.497917, -18.227932 ], [ -64.499089, -18.228972 ], [ -64.500359, -18.230726 ], [ -64.499644, -18.233412 ], [ -64.498258, -18.235469 ], [ -64.496776, -18.235636 ], [ -64.494662, -18.234366 ], [ -64.493738, -18.2336 ], [ -64.49293, -18.234029 ], [ -64.492865, -18.235159 ], [ -64.495019, -18.236624 ], [ -64.495174, -18.237469 ], [ -64.493944, -18.238321 ], [ -64.492229, -18.23848 ], [ -64.491144, -18.240214 ], [ -64.490666, -18.245618 ], [ -64.491052, -18.247661 ], [ -64.489462, -18.251695 ], [ -64.489774, -18.253669 ], [ -64.489718, -18.255786 ], [ -64.488177, -18.256821 ], [ -64.486997, -18.257112 ], [ -64.486566, -18.258456 ], [ -64.486356, -18.259869 ], [ -64.484741, -18.26101 ], [ -64.483404, -18.260103 ], [ -64.482593, -18.26018 ], [ -64.482566, -18.260892 ], [ -64.482471, -18.260903 ], [ -64.48219, -18.261421 ], [ -64.482898, -18.262415 ], [ -64.483406, -18.263272 ], [ -64.483746, -18.263592 ], [ -64.484768, -18.264185 ], [ -64.485519, -18.265661 ], [ -64.485733, -18.267761 ], [ -64.48599, -18.268091 ], [ -64.486252, -18.26907 ], [ -64.486807, -18.26939 ], [ -64.489169, -18.269301 ], [ -64.48939, -18.270776 ], [ -64.489531, -18.271709 ], [ -64.489498, -18.272004 ], [ -64.488904, -18.272902 ], [ -64.487821, -18.272711 ], [ -64.48505, -18.271238 ], [ -64.483697, -18.271427 ], [ -64.482402, -18.272529 ], [ -64.482509, -18.276409 ], [ -64.481346, -18.278676 ], [ -64.481354, -18.279568 ], [ -64.481355, -18.279727 ], [ -64.481418, -18.279986 ], [ -64.482557, -18.282053 ], [ -64.484269, -18.283662 ], [ -64.484144, -18.284416 ], [ -64.484284, -18.285145 ], [ -64.484288, -18.285647 ], [ -64.484039, -18.286367 ], [ -64.483819, -18.286956 ], [ -64.483718, -18.287431 ], [ -64.483757, -18.287681 ], [ -64.485134, -18.289794 ], [ -64.486035, -18.291551 ], [ -64.486415, -18.292818 ], [ -64.485174, -18.294521 ], [ -64.484367, -18.295162 ], [ -64.479046, -18.29478 ], [ -64.477528, -18.294632 ], [ -64.475582, -18.295126 ], [ -64.473841, -18.295473 ], [ -64.473149, -18.296237 ], [ -64.473385, -18.297999 ], [ -64.473774, -18.300324 ], [ -64.473584, -18.300668 ], [ -64.473635, -18.30082 ], [ -64.47334, -18.301468 ], [ -64.472835, -18.302175 ], [ -64.472359, -18.302738 ], [ -64.472002, -18.303071 ], [ -64.471526, -18.303677 ], [ -64.470796, -18.304314 ], [ -64.470213, -18.304605 ], [ -64.469616, -18.30504 ], [ -64.468926, -18.30516 ], [ -64.468188, -18.304951 ], [ -64.466642, -18.304991 ], [ -64.465756, -18.304998 ], [ -64.464917, -18.305277 ], [ -64.464396, -18.305783 ], [ -64.46442, -18.306197 ], [ -64.464745, -18.306956 ], [ -64.466757, -18.309127 ], [ -64.470246, -18.311076 ], [ -64.471577, -18.311278 ], [ -64.471879, -18.311981 ], [ -64.471686, -18.312465 ], [ -64.471768, -18.312669 ], [ -64.47162, -18.313029 ], [ -64.471116, -18.313807 ], [ -64.46987, -18.315553 ], [ -64.468981, -18.316994 ], [ -64.468116, -18.317732 ], [ -64.466994, -18.318315 ], [ -64.466386, -18.319223 ], [ -64.465952, -18.320092 ], [ -64.465822, -18.320812 ], [ -64.464802, -18.322513 ], [ -64.463484, -18.323934 ], [ -64.462906, -18.323994 ], [ -64.461561, -18.324167 ], [ -64.461812, -18.323647 ], [ -64.462109, -18.323201 ], [ -64.46227, -18.322712 ], [ -64.462882, -18.322291 ], [ -64.463013, -18.321817 ], [ -64.462853, -18.321325 ], [ -64.462423, -18.320904 ], [ -64.462715, -18.320412 ], [ -64.461968, -18.31943 ], [ -64.460636, -18.319158 ], [ -64.459428, -18.321163 ], [ -64.459416, -18.323401 ], [ -64.458981, -18.324392 ], [ -64.457725, -18.324331 ], [ -64.456378, -18.322508 ], [ -64.453794, -18.322712 ], [ -64.452549, -18.323806 ], [ -64.452244, -18.326501 ], [ -64.452194, -18.326658 ], [ -64.452161, -18.327256 ], [ -64.45175, -18.327486 ], [ -64.451374, -18.327501 ], [ -64.45101, -18.327372 ], [ -64.450695, -18.327088 ], [ -64.449086, -18.326227 ], [ -64.447253, -18.325596 ], [ -64.446303, -18.325698 ], [ -64.445638, -18.325988 ], [ -64.445482, -18.326602 ], [ -64.445563, -18.326995 ], [ -64.445831, -18.32765 ], [ -64.444719, -18.327934 ], [ -64.443394, -18.328123 ], [ -64.442284, -18.328646 ], [ -64.441335, -18.328856 ], [ -64.440011, -18.329201 ], [ -64.437811, -18.331728 ], [ -64.436668, -18.333285 ], [ -64.435599, -18.334886 ], [ -64.434465, -18.33668 ], [ -64.434941, -18.338686 ], [ -64.435764, -18.339949 ], [ -64.437329, -18.34156 ], [ -64.437118, -18.342762 ], [ -64.437064, -18.342974 ], [ -64.437111, -18.343593 ], [ -64.440406, -18.347252 ], [ -64.441168, -18.350069 ], [ -64.441483, -18.352129 ], [ -64.441649, -18.352705 ], [ -64.442452, -18.354278 ], [ -64.444502, -18.355603 ], [ -64.445136, -18.356248 ], [ -64.444804, -18.357005 ], [ -64.443239, -18.357782 ], [ -64.441893, -18.357331 ], [ -64.440796, -18.358609 ], [ -64.440469, -18.3601 ], [ -64.440619, -18.360539 ], [ -64.440724, -18.364173 ], [ -64.440819, -18.364977 ], [ -64.441008, -18.365176 ], [ -64.441601, -18.365378 ], [ -64.443071, -18.365647 ], [ -64.445962, -18.366754 ], [ -64.447768, -18.370621 ], [ -64.448974, -18.373505 ], [ -64.447603, -18.374965 ], [ -64.446298, -18.373039 ], [ -64.444596, -18.372019 ], [ -64.443169, -18.370309 ], [ -64.441471, -18.368764 ], [ -64.439989, -18.369782 ], [ -64.439029, -18.369933 ], [ -64.43787, -18.370697 ], [ -64.437615, -18.370962 ], [ -64.437165, -18.371582 ], [ -64.43696, -18.372315 ], [ -64.436376, -18.372506 ], [ -64.435641, -18.372612 ], [ -64.435115, -18.372645 ], [ -64.434529, -18.372678 ], [ -64.43375, -18.372913 ], [ -64.432387, -18.373382 ], [ -64.431749, -18.373888 ], [ -64.430808, -18.375124 ], [ -64.429869, -18.377671 ], [ -64.430123, -18.38162 ], [ -64.431257, -18.384646 ], [ -64.431303, -18.386113 ], [ -64.431054, -18.386647 ], [ -64.430614, -18.388013 ], [ -64.429805, -18.391835 ], [ -64.430538, -18.395071 ], [ -64.431207, -18.396056 ], [ -64.431489, -18.396251 ], [ -64.432506, -18.396582 ], [ -64.43276, -18.396664 ], [ -64.434837, -18.397566 ], [ -64.435432, -18.398126 ], [ -64.435464, -18.398419 ], [ -64.435394, -18.399051 ], [ -64.435339, -18.399683 ], [ -64.435296, -18.399759 ], [ -64.434121, -18.400394 ], [ -64.433695, -18.402514 ], [ -64.433115, -18.403823 ], [ -64.431715, -18.404398 ], [ -64.430096, -18.405257 ], [ -64.42871, -18.407455 ], [ -64.427691, -18.409368 ], [ -64.427926, -18.410918 ], [ -64.428338, -18.411895 ], [ -64.4289, -18.415137 ], [ -64.429106, -18.415835 ], [ -64.428929, -18.416142 ], [ -64.428772, -18.416564 ], [ -64.428737, -18.417215 ], [ -64.427964, -18.418228 ], [ -64.426623, -18.419644 ], [ -64.425718, -18.420408 ], [ -64.423795, -18.420897 ], [ -64.421963, -18.422887 ], [ -64.420878, -18.425788 ], [ -64.419812, -18.427921 ], [ -64.419847, -18.429076 ], [ -64.419779, -18.429462 ], [ -64.419877, -18.429958 ], [ -64.419215, -18.430316 ], [ -64.417589, -18.430399 ], [ -64.417004, -18.431179 ], [ -64.417611, -18.433009 ], [ -64.4171, -18.433789 ], [ -64.415998, -18.434644 ], [ -64.415415, -18.435707 ], [ -64.414465, -18.437054 ], [ -64.412753, -18.437358 ], [ -64.412491, -18.437437 ], [ -64.412103, -18.437727 ], [ -64.412055, -18.437915 ], [ -64.411455, -18.439546 ], [ -64.41147, -18.441498 ], [ -64.411356, -18.442096 ], [ -64.410698, -18.442937 ], [ -64.410571, -18.443002 ], [ -64.40912, -18.443409 ], [ -64.407573, -18.444055 ], [ -64.406618, -18.444838 ], [ -64.405963, -18.446113 ], [ -64.405902, -18.447596 ], [ -64.403631, -18.449276 ], [ -64.402672, -18.450442 ], [ -64.401343, -18.450698 ], [ -64.399266, -18.449867 ], [ -64.396977, -18.450237 ], [ -64.393797, -18.450119 ], [ -64.391137, -18.45028 ], [ -64.389445, -18.45135 ], [ -64.387532, -18.452493 ], [ -64.385392, -18.452932 ], [ -64.382954, -18.453232 ], [ -64.381849, -18.453664 ], [ -64.381123, -18.455433 ], [ -64.381578, -18.456841 ], [ -64.380027, -18.457064 ], [ -64.379504, -18.457617 ], [ -64.379048, -18.457895 ], [ -64.378706, -18.458299 ], [ -64.378273, -18.458761 ], [ -64.377555, -18.459182 ], [ -64.376236, -18.459589 ], [ -64.37487, -18.459289 ], [ -64.373617, -18.459862 ], [ -64.372741, -18.46128 ], [ -64.371066, -18.463203 ], [ -64.370042, -18.463296 ], [ -64.367571, -18.463928 ], [ -64.365738, -18.463941 ], [ -64.364414, -18.464727 ], [ -64.363288, -18.466365 ], [ -64.363144, -18.466829 ], [ -64.36348, -18.468191 ], [ -64.362716, -18.469472 ], [ -64.362595, -18.469557 ], [ -64.361496, -18.469828 ], [ -64.360114, -18.469051 ], [ -64.358825, -18.468768 ], [ -64.358451, -18.468759 ], [ -64.357202, -18.469082 ], [ -64.355221, -18.471072 ], [ -64.354235, -18.471551 ], [ -64.353784, -18.471862 ], [ -64.35308, -18.472231 ], [ -64.352888, -18.472424 ], [ -64.351472, -18.473851 ], [ -64.349631, -18.474781 ], [ -64.348959, -18.474745 ], [ -64.348694, -18.474596 ], [ -64.347985, -18.474256 ], [ -64.34699, -18.473905 ], [ -64.346148, -18.473853 ], [ -64.344585, -18.473965 ], [ -64.342457, -18.474855 ], [ -64.340628, -18.475399 ], [ -64.339953, -18.475643 ], [ -64.338966, -18.475886 ], [ -64.33835, -18.476037 ], [ -64.338018, -18.476149 ], [ -64.337673, -18.476295 ], [ -64.337364, -18.476446 ], [ -64.336842, -18.476412 ], [ -64.336308, -18.476677 ], [ -64.33568, -18.477069 ], [ -64.334081, -18.478328 ], [ -64.333608, -18.479451 ], [ -64.333928, -18.480621 ], [ -64.334148, -18.480973 ], [ -64.3363, -18.48172 ], [ -64.337205, -18.483901 ], [ -64.336255, -18.485389 ], [ -64.334228, -18.485944 ], [ -64.330838, -18.48672 ], [ -64.326041, -18.488698 ], [ -64.32423, -18.492536 ], [ -64.324675, -18.495635 ], [ -64.325474, -18.496966 ], [ -64.324819, -18.498452 ], [ -64.322534, -18.499385 ], [ -64.321057, -18.49864 ], [ -64.320774, -18.498272 ], [ -64.320442, -18.497692 ], [ -64.320144, -18.496368 ], [ -64.317989, -18.494972 ], [ -64.316655, -18.494558 ], [ -64.315848, -18.495341 ], [ -64.31578, -18.496257 ], [ -64.315052, -18.497815 ], [ -64.314746, -18.498946 ], [ -64.3117, -18.499926 ], [ -64.310737, -18.499035 ], [ -64.309885, -18.498235 ], [ -64.309661, -18.497469 ], [ -64.309551, -18.496818 ], [ -64.309372, -18.496629 ], [ -64.309073, -18.495989 ], [ -64.308323, -18.495489 ], [ -64.307371, -18.495552 ], [ -64.306607, -18.495827 ], [ -64.303987, -18.498216 ], [ -64.303088, -18.499944 ], [ -64.303322, -18.501494 ], [ -64.305314, -18.504794 ], [ -64.30575, -18.505128 ], [ -64.306221, -18.505778 ], [ -64.306098, -18.506377 ], [ -64.306246, -18.506731 ], [ -64.305873, -18.507232 ], [ -64.305709, -18.507632 ], [ -64.305593, -18.508207 ], [ -64.305476, -18.508649 ], [ -64.305338, -18.508975 ], [ -64.305022, -18.509627 ], [ -64.304768, -18.510413 ], [ -64.304613, -18.51116 ], [ -64.304399, -18.512023 ], [ -64.304487, -18.513036 ], [ -64.304294, -18.514032 ], [ -64.304578, -18.514546 ], [ -64.304765, -18.51531 ], [ -64.305233, -18.516244 ], [ -64.305318, -18.516855 ], [ -64.305219, -18.517081 ], [ -64.30529, -18.517251 ], [ -64.30493, -18.518523 ], [ -64.30374, -18.519383 ], [ -64.30253, -18.519817 ], [ -64.302212, -18.519708 ], [ -64.301657, -18.518663 ], [ -64.3011, -18.518566 ], [ -64.30052, -18.518782 ], [ -64.299619, -18.518846 ], [ -64.299119, -18.519079 ], [ -64.298598, -18.51976 ], [ -64.298228, -18.520537 ], [ -64.298452, -18.521015 ], [ -64.298441, -18.522277 ], [ -64.298729, -18.523117 ], [ -64.298937, -18.524168 ], [ -64.299318, -18.526824 ], [ -64.29989, -18.528216 ], [ -64.300119, -18.529285 ], [ -64.300707, -18.530289 ], [ -64.301155, -18.531134 ], [ -64.3014, -18.531687 ], [ -64.301707, -18.532507 ], [ -64.301791, -18.532965 ], [ -64.301138, -18.533514 ], [ -64.299833, -18.534025 ], [ -64.299067, -18.534145 ], [ -64.29797, -18.534181 ], [ -64.296332, -18.534274 ], [ -64.295802, -18.534109 ], [ -64.294843, -18.532857 ], [ -64.293133, -18.533351 ], [ -64.291366, -18.534492 ], [ -64.28836, -18.538005 ], [ -64.288151, -18.5397 ], [ -64.288904, -18.54153 ], [ -64.290701, -18.54441 ], [ -64.290548, -18.544808 ], [ -64.289599, -18.546575 ], [ -64.289493, -18.54758 ], [ -64.289315, -18.548836 ], [ -64.288498, -18.550276 ], [ -64.287676, -18.551308 ], [ -64.287008, -18.552116 ], [ -64.286224, -18.552838 ], [ -64.285253, -18.55367 ], [ -64.285053, -18.554553 ], [ -64.285299, -18.555269 ], [ -64.285757, -18.55571 ], [ -64.286737, -18.556062 ], [ -64.287424, -18.55597 ], [ -64.288491, -18.555503 ], [ -64.289249, -18.553756 ], [ -64.289439, -18.553614 ], [ -64.2895, -18.553461 ], [ -64.29029, -18.552897 ], [ -64.291252, -18.552116 ], [ -64.291746, -18.552191 ], [ -64.292576, -18.552524 ], [ -64.292896, -18.552947 ], [ -64.293072, -18.553509 ], [ -64.293379, -18.554331 ], [ -64.293528, -18.555031 ], [ -64.293491, -18.555528 ], [ -64.293934, -18.555918 ], [ -64.298501, -18.557178 ], [ -64.298836, -18.557678 ], [ -64.29905, -18.558135 ], [ -64.298987, -18.55834 ], [ -64.299094, -18.558606 ], [ -64.298286, -18.559458 ], [ -64.296813, -18.560244 ], [ -64.295036, -18.560045 ], [ -64.293554, -18.559843 ], [ -64.292967, -18.560412 ], [ -64.294316, -18.56266 ], [ -64.295127, -18.563326 ], [ -64.296325, -18.564269 ], [ -64.296851, -18.565324 ], [ -64.296492, -18.566738 ], [ -64.295758, -18.567519 ], [ -64.294282, -18.568023 ], [ -64.29266, -18.56881 ], [ -64.291459, -18.569245 ], [ -64.290354, -18.569829 ], [ -64.289256, -18.5704 ], [ -64.28883, -18.571102 ], [ -64.288841, -18.572505 ], [ -64.287971, -18.57491 ], [ -64.287831, -18.575119 ], [ -64.287093, -18.576222 ], [ -64.287251, -18.578501 ], [ -64.287074, -18.580277 ], [ -64.287339, -18.582129 ], [ -64.288287, -18.582983 ], [ -64.289366, -18.582555 ], [ -64.29101, -18.582391 ], [ -64.292182, -18.583511 ], [ -64.292433, -18.584425 ], [ -64.292436, -18.584843 ], [ -64.292186, -18.585986 ], [ -64.291761, -18.586985 ], [ -64.291379, -18.587728 ], [ -64.290554, -18.588399 ], [ -64.289154, -18.589021 ], [ -64.287874, -18.589527 ], [ -64.286672, -18.589669 ], [ -64.286371, -18.589976 ], [ -64.285426, -18.590768 ], [ -64.285069, -18.594305 ], [ -64.284662, -18.594964 ], [ -64.283531, -18.595412 ], [ -64.282519, -18.595527 ], [ -64.281762, -18.595485 ], [ -64.280436, -18.59627 ], [ -64.279702, -18.597122 ], [ -64.280085, -18.598884 ], [ -64.280986, -18.600571 ], [ -64.282411, -18.603172 ], [ -64.283455, -18.604223 ], [ -64.285532, -18.604914 ], [ -64.287079, -18.605617 ], [ -64.288135, -18.60659 ], [ -64.288834, -18.608156 ], [ -64.28868, -18.609234 ], [ -64.28928, -18.611984 ], [ -64.289869, -18.614237 ], [ -64.291148, -18.616356 ], [ -64.292741, -18.616878 ], [ -64.293303, -18.616635 ], [ -64.293243, -18.615705 ], [ -64.29359, -18.613823 ], [ -64.294784, -18.612684 ], [ -64.296244, -18.61225 ], [ -64.296624, -18.613517 ], [ -64.29771, -18.614672 ], [ -64.298051, -18.616259 ], [ -64.300127, -18.616809 ], [ -64.302714, -18.616368 ], [ -64.303754, -18.616925 ], [ -64.305251, -18.619173 ], [ -64.305289, -18.624076 ], [ -64.306177, -18.62407 ], [ -64.307358, -18.623709 ], [ -64.310919, -18.624743 ], [ -64.314928, -18.626408 ], [ -64.316644, -18.628231 ], [ -64.316735, -18.630347 ], [ -64.317694, -18.632079 ], [ -64.317609, -18.632332 ], [ -64.315591, -18.63402 ], [ -64.315523, -18.634941 ], [ -64.315073, -18.63558 ], [ -64.315091, -18.637978 ], [ -64.31481, -18.639885 ], [ -64.313264, -18.640955 ], [ -64.31187, -18.642587 ], [ -64.310989, -18.643511 ], [ -64.310629, -18.644854 ], [ -64.31108, -18.646709 ], [ -64.312351, -18.647452 ], [ -64.314272, -18.647016 ], [ -64.315891, -18.645805 ], [ -64.317716, -18.643586 ], [ -64.318474, -18.643683 ], [ -64.31838, -18.644472 ], [ -64.318509, -18.646009 ], [ -64.319607, -18.647684 ], [ -64.319326, -18.650262 ], [ -64.319964, -18.651517 ], [ -64.319973, -18.652638 ], [ -64.319893, -18.655244 ], [ -64.320523, -18.655622 ], [ -64.321127, -18.655542 ], [ -64.321154, -18.656281 ], [ -64.322063, -18.658103 ], [ -64.324132, -18.658518 ], [ -64.324455, -18.66041 ], [ -64.326387, -18.662947 ], [ -64.327739, -18.663847 ], [ -64.329364, -18.664891 ], [ -64.32967, -18.665175 ], [ -64.329895, -18.665268 ], [ -64.332533, -18.665892 ], [ -64.333248, -18.66595 ], [ -64.333673, -18.666124 ], [ -64.334032, -18.666336 ], [ -64.334298, -18.666523 ], [ -64.334723, -18.666722 ], [ -64.335307, -18.666894 ], [ -64.336354, -18.667089 ], [ -64.337082, -18.667172 ], [ -64.337929, -18.667191 ], [ -64.338803, -18.66726 ], [ -64.339161, -18.667334 ], [ -64.340875, -18.667491 ], [ -64.341832, -18.666936 ], [ -64.344849, -18.663547 ], [ -64.345972, -18.661647 ], [ -64.348502, -18.657465 ], [ -64.349547, -18.655558 ], [ -64.350525, -18.653207 ], [ -64.351272, -18.651201 ], [ -64.351746, -18.64948 ], [ -64.352369, -18.647818 ], [ -64.35314, -18.646136 ], [ -64.355279, -18.64321 ], [ -64.356939, -18.641299 ], [ -64.358049, -18.639654 ], [ -64.358862, -18.63793 ], [ -64.359384, -18.636896 ], [ -64.359802, -18.636206 ], [ -64.360132, -18.635011 ], [ -64.360122, -18.633779 ], [ -64.360169, -18.631697 ], [ -64.360371, -18.630483 ], [ -64.360527, -18.628704 ], [ -64.360789, -18.626984 ], [ -64.361198, -18.625102 ], [ -64.361373, -18.623745 ], [ -64.361438, -18.623203 ], [ -64.361473, -18.622392 ], [ -64.361293, -18.6211 ], [ -64.361131, -18.619403 ], [ -64.361097, -18.617726 ], [ -64.361109, -18.616655 ], [ -64.361099, -18.615302 ], [ -64.36149, -18.614875 ], [ -64.361816, -18.614832 ], [ -64.362771, -18.615067 ], [ -64.363559, -18.615567 ], [ -64.364181, -18.616471 ], [ -64.36451, -18.617863 ], [ -64.364947, -18.619436 ], [ -64.365611, -18.620402 ], [ -64.366785, -18.621424 ], [ -64.367705, -18.621961 ], [ -64.368407, -18.622369 ], [ -64.369256, -18.622962 ], [ -64.370741, -18.623113 ], [ -64.372457, -18.622999 ], [ -64.374065, -18.622603 ], [ -64.376031, -18.62212 ], [ -64.377148, -18.622061 ], [ -64.378043, -18.622055 ], [ -64.378821, -18.622057 ], [ -64.379787, -18.622127 ], [ -64.380799, -18.622384 ], [ -64.381651, -18.622642 ], [ -64.382244, -18.623055 ], [ -64.382587, -18.623385 ], [ -64.383286, -18.623602 ], [ -64.383726, -18.62376 ], [ -64.384542, -18.624053 ], [ -64.385151, -18.624236 ], [ -64.385751, -18.624308 ], [ -64.386349, -18.624142 ], [ -64.387267, -18.623794 ], [ -64.388185, -18.623446 ], [ -64.38904, -18.623039 ], [ -64.38995, -18.622726 ], [ -64.390333, -18.622527 ], [ -64.39111, -18.622393 ], [ -64.392084, -18.622352 ], [ -64.393067, -18.622242 ], [ -64.395167, -18.622056 ], [ -64.396078, -18.621922 ], [ -64.397516, -18.621766 ], [ -64.398151, -18.621787 ], [ -64.39867, -18.621877 ], [ -64.399694, -18.622415 ], [ -64.400827, -18.623225 ], [ -64.40243, -18.624611 ], [ -64.402908, -18.625068 ], [ -64.403502, -18.625549 ], [ -64.404006, -18.625887 ], [ -64.405029, -18.626331 ], [ -64.405423, -18.626464 ], [ -64.405862, -18.626469 ], [ -64.40621, -18.626467 ], [ -64.406719, -18.626301 ], [ -64.407093, -18.626205 ], [ -64.407521, -18.625954 ], [ -64.407904, -18.625764 ], [ -64.40826, -18.625625 ], [ -64.408671, -18.625622 ], [ -64.409271, -18.625711 ], [ -64.409746, -18.625827 ], [ -64.410185, -18.6259 ], [ -64.410606, -18.626025 ], [ -64.411001, -18.626158 ], [ -64.411576, -18.626495 ], [ -64.412259, -18.626882 ], [ -64.412822, -18.627258 ], [ -64.413481, -18.627632 ], [ -64.414092, -18.627925 ], [ -64.414773, -18.62821 ], [ -64.415294, -18.628385 ], [ -64.415805, -18.628552 ], [ -64.416342, -18.628684 ], [ -64.416736, -18.628681 ], [ -64.417388, -18.628668 ], [ -64.418193, -18.628585 ], [ -64.419086, -18.628502 ], [ -64.419952, -18.628307 ], [ -64.420747, -18.628182 ], [ -64.421426, -18.628117 ], [ -64.422265, -18.627949 ], [ -64.422944, -18.62785 ], [ -64.423524, -18.627801 ], [ -64.42432, -18.627763 ], [ -64.424633, -18.627769 ], [ -64.424857, -18.627827 ], [ -64.425064, -18.627928 ], [ -64.425818, -18.628306 ], [ -64.426447, -18.628642 ], [ -64.427147, -18.628918 ], [ -64.427891, -18.629143 ], [ -64.428571, -18.629291 ], [ -64.429075, -18.629614 ], [ -64.429786, -18.629993 ], [ -64.430562, -18.630385 ], [ -64.431613, -18.631037 ], [ -64.432535, -18.631613 ], [ -64.433184, -18.632283 ], [ -64.433786, -18.633137 ], [ -64.434948, -18.635429 ], [ -64.435835, -18.6376 ], [ -64.436162, -18.638514 ], [ -64.437432, -18.640058 ], [ -64.43828, -18.641309 ], [ -64.438723, -18.642349 ], [ -64.438763, -18.643315 ], [ -64.438645, -18.644589 ], [ -64.438572, -18.645433 ], [ -64.438824, -18.646689 ], [ -64.43935, -18.647988 ], [ -64.439905, -18.64892 ], [ -64.440542, -18.649796 ], [ -64.441479, -18.650549 ], [ -64.442775, -18.651551 ], [ -64.444407, -18.652352 ], [ -64.446099, -18.65263 ], [ -64.448995, -18.652608 ], [ -64.450765, -18.652548 ], [ -64.452695, -18.652441 ], [ -64.454129, -18.65266 ], [ -64.454936, -18.653007 ], [ -64.456343, -18.653778 ], [ -64.45733, -18.654491 ], [ -64.458223, -18.655405 ], [ -64.458775, -18.655999 ], [ -64.460404, -18.658317 ], [ -64.462716, -18.66149 ], [ -64.464288, -18.663874 ], [ -64.465886, -18.665208 ], [ -64.468205, -18.66726 ], [ -64.469837, -18.667968 ], [ -64.471835, -18.668336 ], [ -64.473378, -18.668109 ], [ -64.476748, -18.668039 ], [ -64.478528, -18.66813 ], [ -64.47993, -18.668334 ], [ -64.481205, -18.668799 ], [ -64.482337, -18.669419 ], [ -64.48437, -18.669971 ], [ -64.48811, -18.670739 ], [ -64.49505, -18.670767 ], [ -64.498105, -18.670966 ], [ -64.500229, -18.670918 ], [ -64.502351, -18.670641 ], [ -64.503543, -18.670232 ], [ -64.50638, -18.669458 ], [ -64.50715, -18.669237 ], [ -64.508706, -18.668611 ], [ -64.510022, -18.668186 ], [ -64.511083, -18.668071 ], [ -64.512564, -18.668181 ], [ -64.513421, -18.668681 ], [ -64.514603, -18.669484 ], [ -64.515635, -18.671073 ], [ -64.516354, -18.672706 ], [ -64.51666, -18.673541 ], [ -64.516749, -18.673746 ], [ -64.516949, -18.674496 ], [ -64.517534, -18.675166 ], [ -64.51828, -18.675773 ], [ -64.519813, -18.676252 ], [ -64.520505, -18.676262 ], [ -64.521678, -18.676037 ], [ -64.522624, -18.675646 ], [ -64.523875, -18.675176 ], [ -64.526236, -18.674697 ], [ -64.52836, -18.674649 ], [ -64.53013, -18.674619 ], [ -64.531514, -18.674623 ], [ -64.533412, -18.674844 ], [ -64.535124, -18.675146 ], [ -64.537009, -18.675437 ], [ -64.542654, -18.675038 ], [ -64.544999, -18.674482 ], [ -64.547381, -18.674539 ], [ -64.550471, -18.674514 ], [ -64.552288, -18.674361 ], [ -64.554172, -18.674163 ], [ -64.555166, -18.674153 ], [ -64.556069, -18.674329 ], [ -64.55678, -18.674599 ], [ -64.558152, -18.674382 ], [ -64.559186, -18.673736 ], [ -64.560199, -18.671964 ], [ -64.561508, -18.669008 ], [ -64.562311, -18.667069 ], [ -64.563178, -18.66338 ], [ -64.564204, -18.661209 ], [ -64.565382, -18.659788 ], [ -64.566978, -18.658818 ], [ -64.570713, -18.656661 ], [ -64.572297, -18.655323 ], [ -64.573657, -18.654526 ], [ -64.575201, -18.653976 ], [ -64.576607, -18.653811 ], [ -64.57816, -18.654239 ], [ -64.579973, -18.654549 ], [ -64.581663, -18.65465 ], [ -64.583409, -18.654214 ], [ -64.58615, -18.652599 ], [ -64.588282, -18.650453 ], [ -64.589691, -18.648447 ], [ -64.590985, -18.646979 ], [ -64.592021, -18.645935 ], [ -64.592996, -18.644815 ], [ -64.594192, -18.643712 ], [ -64.595434, -18.643107 ], [ -64.59688, -18.642884 ], [ -64.599221, -18.642986 ], [ -64.601569, -18.643247 ], [ -64.606179, -18.643706 ], [ -64.607421, -18.643235 ], [ -64.609357, -18.641647 ], [ -64.610508, -18.63995 ], [ -64.610797, -18.639674 ], [ -64.610906, -18.63956 ], [ -64.611584, -18.638886 ], [ -64.612681, -18.637995 ], [ -64.614263, -18.637214 ], [ -64.615806, -18.636684 ], [ -64.617031, -18.636481 ], [ -64.618835, -18.635795 ], [ -64.619998, -18.635459 ], [ -64.620898, -18.634933 ], [ -64.621556, -18.634372 ], [ -64.621851, -18.633622 ], [ -64.621817, -18.632725 ], [ -64.6219, -18.630266 ], [ -64.622055, -18.627619 ], [ -64.622302, -18.626083 ], [ -64.62285, -18.624506 ], [ -64.623424, -18.623485 ], [ -64.624099, -18.622598 ], [ -64.624958, -18.621938 ], [ -64.625698, -18.621606 ], [ -64.626479, -18.621197 ], [ -64.627402, -18.620959 ], [ -64.628245, -18.620817 ], [ -64.629764, -18.620659 ], [ -64.631054, -18.620141 ], [ -64.632051, -18.61927 ], [ -64.632787, -18.618439 ], [ -64.63392, -18.617049 ], [ -64.634443, -18.615012 ], [ -64.634689, -18.613399 ], [ -64.634363, -18.610833 ], [ -64.633626, -18.60944 ], [ -64.633209, -18.60791 ], [ -64.633097, -18.606646 ], [ -64.633584, -18.60505 ], [ -64.6338, -18.604473 ], [ -64.634518, -18.603853 ], [ -64.635762, -18.603593 ], [ -64.636771, -18.603834 ], [ -64.638242, -18.60432 ], [ -64.640236, -18.604705 ], [ -64.641544, -18.604789 ], [ -64.643513, -18.604638 ], [ -64.645055, -18.603992 ], [ -64.646612, -18.602847 ], [ -64.647226, -18.601806 ], [ -64.647537, -18.600692 ], [ -64.647919, -18.598675 ], [ -64.647912, -18.5958 ], [ -64.647715, -18.594172 ], [ -64.647063, -18.593219 ], [ -64.64603, -18.5925 ], [ -64.645247, -18.592545 ], [ -64.644745, -18.592645 ], [ -64.644141, -18.592497 ], [ -64.643433, -18.592081 ], [ -64.643085, -18.591471 ], [ -64.642975, -18.590417 ], [ -64.643007, -18.589573 ], [ -64.643257, -18.58844 ], [ -64.643788, -18.58717 ], [ -64.644257, -18.585728 ], [ -64.644811, -18.584822 ], [ -64.645732, -18.583603 ], [ -64.646933, -18.581851 ], [ -64.648, -18.579829 ], [ -64.648925, -18.577808 ], [ -64.649975, -18.576227 ], [ -64.651439, -18.574225 ], [ -64.652926, -18.572747 ], [ -64.654062, -18.571885 ], [ -64.656158, -18.570962 ], [ -64.657549, -18.570355 ], [ -64.659978, -18.570231 ], [ -64.662193, -18.570177 ], [ -64.663944, -18.570094 ], [ -64.666293, -18.569085 ], [ -64.669455, -18.567216 ], [ -64.671084, -18.565634 ], [ -64.673348, -18.563296 ], [ -64.674229, -18.562062 ], [ -64.674827, -18.561 ], [ -64.675334, -18.55959 ], [ -64.675868, -18.557889 ], [ -64.676496, -18.556282 ], [ -64.677655, -18.554192 ], [ -64.678954, -18.551863 ], [ -64.680182, -18.549557 ], [ -64.680603, -18.548679 ], [ -64.680803, -18.547245 ], [ -64.680867, -18.545901 ], [ -64.68113, -18.544175 ], [ -64.681723, -18.54267 ], [ -64.682604, -18.541367 ], [ -64.68402, -18.540025 ], [ -64.684693, -18.539474 ], [ -64.685713, -18.538808 ], [ -64.686542, -18.538571 ], [ -64.688329, -18.538556 ], [ -64.689115, -18.538617 ], [ -64.690725, -18.538807 ], [ -64.691585, -18.539038 ], [ -64.692371, -18.539031 ], [ -64.693222, -18.538741 ], [ -64.693864, -18.538267 ], [ -64.694356, -18.537445 ], [ -64.69495, -18.536008 ], [ -64.695461, -18.53355 ], [ -64.695798, -18.532114 ], [ -64.696118, -18.530637 ], [ -64.696369, -18.529922 ], [ -64.696854, -18.5295 ], [ -64.697805, -18.529345 ], [ -64.698423, -18.529339 ], [ -64.69917, -18.529332 ], [ -64.699711, -18.529401 ], [ -64.700402, -18.529796 ], [ -64.700749, -18.530153 ], [ -64.701012, -18.530716 ], [ -64.701383, -18.531842 ], [ -64.701523, -18.532996 ], [ -64.701716, -18.534222 ], [ -64.702098, -18.53638 ], [ -64.702602, -18.537923 ], [ -64.703179, -18.538999 ], [ -64.703724, -18.539387 ], [ -64.704525, -18.539625 ], [ -64.705839, -18.539663 ], [ -64.706891, -18.539358 ], [ -64.708326, -18.538633 ], [ -64.709119, -18.53811 ], [ -64.709574, -18.537222 ], [ -64.709926, -18.536359 ], [ -64.710331, -18.535667 ], [ -64.710713, -18.535246 ], [ -64.71115, -18.535095 ], [ -64.711844, -18.535015 ], [ -64.712643, -18.535057 ], [ -64.713699, -18.535096 ], [ -64.71473, -18.53521 ], [ -64.715427, -18.535326 ], [ -64.71651, -18.535489 ], [ -64.717027, -18.535754 ], [ -64.717981, -18.535844 ], [ -64.718858, -18.536008 ], [ -64.719789, -18.536318 ], [ -64.720736, -18.536706 ], [ -64.721186, -18.536969 ], [ -64.721676, -18.537038 ], [ -64.722242, -18.536984 ], [ -64.722906, -18.536487 ], [ -64.723619, -18.535719 ], [ -64.724307, -18.534975 ], [ -64.72502, -18.534134 ], [ -64.725716, -18.53393 ], [ -64.726229, -18.534049 ], [ -64.726955, -18.534509 ], [ -64.728303, -18.53543 ], [ -64.729753, -18.536178 ], [ -64.732673, -18.537159 ], [ -64.734685, -18.537484 ], [ -64.736376, -18.537294 ], [ -64.738176, -18.536396 ], [ -64.739224, -18.535649 ], [ -64.73975, -18.53534 ], [ -64.741093, -18.534551 ], [ -64.742094, -18.534198 ], [ -64.743919, -18.53396 ], [ -64.745851, -18.534016 ], [ -64.747015, -18.534472 ], [ -64.748331, -18.534755 ], [ -64.750132, -18.534591 ], [ -64.751773, -18.533888 ], [ -64.753824, -18.532984 ], [ -64.755667, -18.531911 ], [ -64.757536, -18.530911 ], [ -64.760878, -18.52978 ], [ -64.761935, -18.529492 ], [ -64.763327, -18.528951 ], [ -64.764383, -18.52859 ], [ -64.765027, -18.528481 ], [ -64.765672, -18.528519 ], [ -64.766396, -18.528703 ], [ -64.76735, -18.528914 ], [ -64.76838, -18.52905 ], [ -64.769256, -18.529116 ], [ -64.77067, -18.529219 ], [ -64.771254, -18.529199 ], [ -64.771896, -18.528886 ], [ -64.773468, -18.527963 ], [ -64.774095, -18.527708 ], [ -64.775844, -18.527603 ], [ -64.776956, -18.527557 ], [ -64.777947, -18.527467 ], [ -64.778437, -18.52733 ], [ -64.779699, -18.526877 ], [ -64.780855, -18.52656 ], [ -64.782034, -18.526183 ], [ -64.783547, -18.525495 ], [ -64.784371, -18.525004 ], [ -64.785621, -18.524054 ], [ -64.786665, -18.522609 ], [ -64.787346, -18.521577 ], [ -64.787538, -18.520916 ], [ -64.787501, -18.520228 ], [ -64.787293, -18.519468 ], [ -64.786886, -18.518695 ], [ -64.786558, -18.51823 ], [ -64.786234, -18.517998 ], [ -64.785894, -18.51787 ], [ -64.785682, -18.517572 ], [ -64.785673, -18.517242 ], [ -64.785823, -18.516889 ], [ -64.786049, -18.516491 ], [ -64.786352, -18.516049 ], [ -64.787932, -18.514408 ], [ -64.788732, -18.51314 ], [ -64.789349, -18.511919 ], [ -64.789953, -18.510946 ], [ -64.790483, -18.510165 ], [ -64.793077, -18.507166 ], [ -64.794381, -18.505601 ], [ -64.795461, -18.504565 ], [ -64.796221, -18.503899 ], [ -64.796917, -18.50296 ], [ -64.797612, -18.501732 ], [ -64.797849, -18.500954 ], [ -64.798054, -18.5 ], [ -64.798056, -18.49874 ], [ -64.797981, -18.497363 ], [ -64.797973, -18.496675 ], [ -64.798055, -18.495678 ], [ -64.798231, -18.494841 ], [ -64.798607, -18.494135 ], [ -64.799429, -18.493438 ], [ -64.800557, -18.492681 ], [ -64.801595, -18.492041 ], [ -64.802893, -18.491369 ], [ -64.804037, -18.490714 ], [ -64.805275, -18.490145 ], [ -64.8065, -18.489811 ], [ -64.808656, -18.488956 ], [ -64.810066, -18.488723 ], [ -64.810956, -18.488714 ], [ -64.812662, -18.488888 ], [ -64.816122, -18.489137 ], [ -64.816122, -18.489137 ], [ -64.819403, -18.489014 ], [ -64.821445, -18.489009 ], [ -64.823366, -18.489122 ], [ -64.82475, -18.489314 ], [ -64.826136, -18.489726 ], [ -64.826952, -18.489981 ], [ -64.827675, -18.490092 ], [ -64.828873, -18.48997 ], [ -64.830053, -18.489907 ], [ -64.831585, -18.489629 ], [ -64.832702, -18.489296 ], [ -64.833542, -18.488819 ], [ -64.834591, -18.487842 ], [ -64.835633, -18.48625 ], [ -64.836799, -18.48473 ], [ -64.837332, -18.48427 ], [ -64.838232, -18.483764 ], [ -64.839105, -18.483579 ], [ -64.840671, -18.483564 ], [ -64.841271, -18.483676 ], [ -64.842008, -18.483712 ], [ -64.842993, -18.483952 ], [ -64.843841, -18.48428 ], [ -64.844785, -18.484945 ], [ -64.845653, -18.485698 ], [ -64.846859, -18.486566 ], [ -64.848126, -18.487286 ], [ -64.848853, -18.487791 ], [ -64.849564, -18.488209 ], [ -64.850074, -18.488556 ], [ -64.850799, -18.4889 ], [ -64.851569, -18.489083 ], [ -64.852599, -18.489176 ], [ -64.853902, -18.489046 ], [ -64.854576, -18.488893 ], [ -64.855399, -18.488313 ], [ -64.855742, -18.487703 ], [ -64.856398, -18.486941 ], [ -64.856748, -18.486659 ], [ -64.857159, -18.486377 ], [ -64.857451, -18.486374 ], [ -64.857743, -18.48643 ], [ -64.858563, -18.487008 ], [ -64.859107, -18.487618 ], [ -64.859957, -18.489528 ], [ -64.860364, -18.490271 ], [ -64.86102, -18.491364 ], [ -64.86132, -18.492064 ], [ -64.861664, -18.49269 ], [ -64.862039, -18.493229 ], [ -64.862518, -18.493532 ], [ -64.862964, -18.493615 ], [ -64.863393, -18.493538 ], [ -64.865535, -18.491407 ], [ -64.866129, -18.491006 ], [ -64.866636, -18.490986 ], [ -64.867113, -18.491142 ], [ -64.867638, -18.491372 ], [ -64.868318, -18.491775 ], [ -64.869089, -18.49209 ], [ -64.870045, -18.492447 ], [ -64.870782, -18.492498 ], [ -64.871166, -18.492479 ], [ -64.871548, -18.492315 ], [ -64.871728, -18.491961 ], [ -64.871944, -18.49106 ], [ -64.872002, -18.490318 ], [ -64.872471, -18.489654 ], [ -64.873292, -18.488972 ], [ -64.874071, -18.488583 ], [ -64.8745, -18.488447 ], [ -64.875067, -18.488398 ], [ -64.875559, -18.488422 ], [ -64.876066, -18.488461 ], [ -64.876312, -18.488561 ], [ -64.876623, -18.489117 ], [ -64.877185, -18.489754 ], [ -64.877918, -18.490787 ], [ -64.878402, -18.491544 ], [ -64.879037, -18.492006 ], [ -64.880023, -18.492348 ], [ -64.880854, -18.49253 ], [ -64.881946, -18.49271 ], [ -64.882946, -18.492919 ], [ -64.883855, -18.493145 ], [ -64.884227, -18.493493 ], [ -64.884615, -18.493913 ], [ -64.885176, -18.494626 ], [ -64.885908, -18.4956 ], [ -64.886359, -18.496152 ], [ -64.886935, -18.49682 ], [ -64.887633, -18.497458 ], [ -64.88842, -18.497831 ], [ -64.889483, -18.498157 ], [ -64.890239, -18.498486 ], [ -64.890917, -18.498743 ], [ -64.891443, -18.499134 ], [ -64.89197, -18.499509 ], [ -64.892634, -18.499913 ], [ -64.893421, -18.500286 ], [ -64.894098, -18.500411 ], [ -64.894882, -18.500447 ], [ -64.895681, -18.500512 ], [ -64.896649, -18.50059 ], [ -64.897448, -18.500626 ], [ -64.898078, -18.500737 ], [ -64.898879, -18.500934 ], [ -64.899511, -18.501162 ], [ -64.899959, -18.501421 ], [ -64.900346, -18.501696 ], [ -64.900719, -18.502131 ], [ -64.901016, -18.502583 ], [ -64.901281, -18.502975 ], [ -64.901684, -18.503279 ], [ -64.903345, -18.503511 ], [ -64.904297, -18.503531 ], [ -64.905618, -18.503606 ], [ -64.907004, -18.503929 ], [ -64.907695, -18.503995 ], [ -64.908235, -18.504165 ], [ -64.908731, -18.5046 ], [ -64.909243, -18.505137 ], [ -64.909773, -18.50582 ], [ -64.910429, -18.506853 ], [ -64.911475, -18.50841 ], [ -64.912331, -18.509412 ], [ -64.913246, -18.510208 ], [ -64.913943, -18.510773 ], [ -64.914576, -18.511118 ], [ -64.915656, -18.511517 ], [ -64.917273, -18.511999 ], [ -64.919112, -18.512778 ], [ -64.921362, -18.513788 ], [ -64.922811, -18.514272 ], [ -64.92363, -18.514747 ], [ -64.924466, -18.515353 ], [ -64.925256, -18.515975 ], [ -64.926414, -18.516535 ], [ -64.927614, -18.516742 ], [ -64.928599, -18.516937 ], [ -64.929121, -18.516947 ], [ -64.930136, -18.517127 ], [ -64.930601, -18.517459 ], [ -64.931049, -18.517747 ], [ -64.931757, -18.517872 ], [ -64.932418, -18.517953 ], [ -64.932882, -18.518138 ], [ -64.933084, -18.518444 ], [ -64.933245, -18.519087 ], [ -64.933418, -18.520799 ], [ -64.933788, -18.522363 ], [ -64.934111, -18.523722 ], [ -64.934384, -18.524832 ], [ -64.934613, -18.526104 ], [ -64.934912, -18.528108 ], [ -64.93518, -18.528676 ], [ -64.935914, -18.529768 ], [ -64.936364, -18.530202 ], [ -64.937122, -18.530693 ], [ -64.937987, -18.531123 ], [ -64.938636, -18.531512 ], [ -64.939393, -18.531929 ], [ -64.940319, -18.532315 ], [ -64.941367, -18.532627 ], [ -64.941982, -18.532752 ], [ -64.942754, -18.533066 ], [ -64.944147, -18.534063 ], [ -64.944829, -18.534569 ], [ -64.945493, -18.534928 ], [ -64.946264, -18.535169 ], [ -64.947063, -18.535219 ], [ -64.948972, -18.535654 ], [ -64.949561, -18.535988 ], [ -64.950194, -18.536447 ], [ -64.95066, -18.536925 ], [ -64.951188, -18.537707 ], [ -64.951906, -18.538782 ], [ -64.952702, -18.539556 ], [ -64.953602, -18.540425 ], [ -64.954285, -18.541092 ], [ -64.954904, -18.541452 ], [ -64.956674, -18.54177 ], [ -64.957751, -18.541994 ], [ -64.958476, -18.542294 ], [ -64.958985, -18.542479 ], [ -64.959402, -18.542709 ], [ -64.959654, -18.54319 ], [ -64.959661, -18.543878 ], [ -64.95941, -18.544759 ], [ -64.95827, -18.547115 ], [ -64.957756, -18.547823 ], [ -64.957458, -18.548618 ], [ -64.957131, -18.549544 ], [ -64.957078, -18.550277 ], [ -64.957022, -18.551402 ], [ -64.957202, -18.55174 ], [ -64.957608, -18.552366 ], [ -64.958073, -18.552742 ], [ -64.958662, -18.553161 ], [ -64.959403, -18.553548 ], [ -64.960327, -18.553773 ], [ -64.961851, -18.55405 ], [ -64.963592, -18.554545 ], [ -64.964597, -18.555106 ], [ -64.965492, -18.555463 ], [ -64.965802, -18.555532 ], [ -64.966677, -18.555729 ], [ -64.967338, -18.555766 ], [ -64.968104, -18.555567 ], [ -64.968732, -18.555414 ], [ -64.969503, -18.555255 ], [ -64.970235, -18.555281 ], [ -64.971081, -18.555346 ], [ -64.971865, -18.555469 ], [ -64.972498, -18.555712 ], [ -64.972931, -18.556015 ], [ -64.973383, -18.556567 ], [ -64.973648, -18.556945 ], [ -64.974077, -18.5582 ], [ -64.974405, -18.558636 ], [ -64.9751, -18.558995 ], [ -64.976317, -18.559304 ], [ -64.977362, -18.559381 ], [ -64.978762, -18.559513 ], [ -64.980069, -18.559719 ], [ -64.980961, -18.559783 ], [ -64.981792, -18.559906 ], [ -64.982318, -18.560223 ], [ -64.982843, -18.560466 ], [ -64.983381, -18.560534 ], [ -64.983903, -18.560499 ], [ -64.984422, -18.560274 ], [ -64.9852, -18.559826 ], [ -64.985704, -18.559514 ], [ -64.986362, -18.55936 ], [ -64.986994, -18.559573 ], [ -64.987365, -18.559789 ], [ -64.987814, -18.560077 ], [ -64.988648, -18.560493 ], [ -64.989191, -18.560942 ], [ -64.989502, -18.561275 ], [ -64.989935, -18.56149 ], [ -64.990319, -18.561486 ], [ -64.990959, -18.561128 ], [ -64.991659, -18.560491 ], [ -64.992689, -18.559323 ], [ -64.993111, -18.558557 ], [ -64.993778, -18.557847 ], [ -64.994589, -18.557589 ], [ -64.995033, -18.557496 ], [ -64.995817, -18.557503 ], [ -64.996494, -18.557627 ], [ -64.997249, -18.55781 ], [ -64.997943, -18.558081 ], [ -64.998667, -18.558264 ], [ -64.999405, -18.558388 ], [ -64.999946, -18.558689 ], [ -65.000383, -18.559227 ], [ -65.000561, -18.56006 ], [ -65.000494, -18.560885 ], [ -65.000456, -18.561584 ], [ -65.000437, -18.56387 ], [ -65.000526, -18.564909 ], [ -65.000701, -18.565478 ], [ -65.001038, -18.566129 ], [ -65.001863, -18.567663 ], [ -65.003305, -18.570079 ], [ -65.004027, -18.571434 ], [ -65.004516, -18.572512 ], [ -65.004874, -18.572948 ], [ -65.005569, -18.573234 ], [ -65.006416, -18.573444 ], [ -65.008312, -18.574039 ], [ -65.009345, -18.574409 ], [ -65.013133, -18.576537 ], [ -65.01397, -18.577157 ], [ -65.015145, -18.579093 ], [ -65.015375, -18.58035 ], [ -65.015704, -18.580903 ], [ -65.016386, -18.581482 ], [ -65.017745, -18.582097 ], [ -65.018562, -18.582338 ], [ -65.019211, -18.582653 ], [ -65.019737, -18.582999 ], [ -65.02028, -18.583432 ], [ -65.020653, -18.583809 ], [ -65.020919, -18.584187 ], [ -65.021265, -18.584857 ], [ -65.021456, -18.58547 ], [ -65.021654, -18.586625 ], [ -65.021698, -18.587782 ], [ -65.021514, -18.589073 ], [ -65.021513, -18.590318 ], [ -65.021704, -18.590887 ], [ -65.022115, -18.591541 ], [ -65.022255, -18.591951 ], [ -65.022323, -18.592551 ], [ -65.022284, -18.593152 ], [ -65.022274, -18.593635 ], [ -65.022159, -18.594295 ], [ -65.022154, -18.594972 ], [ -65.022083, -18.5956 ], [ -65.021749, -18.59597 ], [ -65.021308, -18.596355 ], [ -65.020732, -18.597035 ], [ -65.020601, -18.597637 ], [ -65.020605, -18.597974 ], [ -65.020733, -18.598412 ], [ -65.021013, -18.598687 ], [ -65.021322, -18.59883 ], [ -65.021938, -18.59897 ], [ -65.022522, -18.598979 ], [ -65.023644, -18.599069 ], [ -65.02495, -18.599099 ], [ -65.025855, -18.598958 ], [ -65.026896, -18.598624 ], [ -65.027282, -18.598439 ], [ -65.028149, -18.598098 ], [ -65.030143, -18.597842 ], [ -65.031511, -18.59793 ], [ -65.033128, -18.598205 ], [ -65.034066, -18.598342 ], [ -65.034745, -18.598598 ], [ -65.035442, -18.599045 ], [ -65.036108, -18.59955 ], [ -65.037037, -18.60017 ], [ -65.037425, -18.600488 ], [ -65.037663, -18.601101 ], [ -65.037739, -18.602345 ], [ -65.037809, -18.604321 ], [ -65.037999, -18.60615 ], [ -65.038294, -18.60767 ], [ -65.0386, -18.608839 ], [ -65.039333, -18.609739 ], [ -65.040016, -18.610332 ], [ -65.041404, -18.610815 ], [ -65.042389, -18.610922 ], [ -65.043665, -18.611025 ], [ -65.04494, -18.61107 ], [ -65.046262, -18.61107 ], [ -65.046926, -18.611414 ], [ -65.047425, -18.611966 ], [ -65.04771, -18.612739 ], [ -65.047843, -18.613572 ], [ -65.047884, -18.614741 ], [ -65.047613, -18.616153 ], [ -65.04729, -18.617372 ], [ -65.046431, -18.618846 ], [ -65.045892, -18.619965 ], [ -65.045567, -18.621052 ], [ -65.045327, -18.621582 ], [ -65.045331, -18.623194 ], [ -65.045439, -18.624481 ], [ -65.045601, -18.625212 ], [ -65.046241, -18.626025 ], [ -65.047309, -18.626717 ], [ -65.048549, -18.627641 ], [ -65.049865, -18.628476 ], [ -65.050653, -18.628833 ], [ -65.051178, -18.629047 ], [ -65.051597, -18.62935 ], [ -65.051615, -18.62987 ], [ -65.051332, -18.630335 ], [ -65.050862, -18.630867 ], [ -65.050284, -18.631342 ], [ -65.04898, -18.632792 ], [ -65.048602, -18.633294 ], [ -65.048424, -18.633823 ], [ -65.048432, -18.634555 ], [ -65.048785, -18.635782 ], [ -65.049048, -18.637214 ], [ -65.049447, -18.63847 ], [ -65.049551, -18.639435 ], [ -65.049486, -18.640388 ], [ -65.049371, -18.641092 ], [ -65.048749, -18.643047 ], [ -65.048163, -18.646686 ], [ -65.047836, -18.647642 ], [ -65.047279, -18.648556 ], [ -65.046511, -18.649897 ], [ -65.046246, -18.650265 ], [ -65.045786, -18.650901 ], [ -65.044994, -18.651496 ], [ -65.044105, -18.65174 ], [ -65.043322, -18.651734 ], [ -65.042628, -18.651536 ], [ -65.042039, -18.651132 ], [ -65.040759, -18.649433 ], [ -65.040431, -18.649041 ], [ -65.040183, -18.648809 ], [ -65.039707, -18.648727 ], [ -65.039309, -18.64898 ], [ -65.039116, -18.649538 ], [ -65.038533, -18.654797 ], [ -65.038252, -18.6557 ], [ -65.037229, -18.657571 ], [ -65.036889, -18.658673 ], [ -65.036906, -18.660108 ], [ -65.036942, -18.660489 ], [ -65.036569, -18.661474 ], [ -65.035737, -18.662552 ], [ -65.035038, -18.663263 ], [ -65.034282, -18.664238 ], [ -65.032646, -18.666262 ], [ -65.031967, -18.66728 ], [ -65.031642, -18.668368 ], [ -65.031695, -18.669012 ], [ -65.032298, -18.670616 ], [ -65.033595, -18.672345 ], [ -65.0347, -18.67352 ], [ -65.035603, -18.674535 ], [ -65.036569, -18.675638 ], [ -65.03746, -18.676859 ], [ -65.038766, -18.678119 ], [ -65.039808, -18.679162 ], [ -65.040958, -18.680219 ], [ -65.041642, -18.680885 ], [ -65.042124, -18.681349 ], [ -65.042736, -18.681623 ], [ -65.043327, -18.681702 ], [ -65.044462, -18.681543 ], [ -65.045624, -18.681003 ], [ -65.046677, -18.680362 ], [ -65.047356, -18.678465 ], [ -65.048106, -18.676553 ], [ -65.048632, -18.675522 ], [ -65.049054, -18.674799 ], [ -65.049495, -18.674472 ], [ -65.04996, -18.674435 ], [ -65.050847, -18.674443 ], [ -65.051924, -18.674534 ], [ -65.053251, -18.674988 ], [ -65.054071, -18.675389 ], [ -65.055212, -18.675728 ], [ -65.056199, -18.675981 ], [ -65.057131, -18.675861 ], [ -65.058253, -18.675534 ], [ -65.060353, -18.673841 ], [ -65.062326, -18.671812 ], [ -65.063659, -18.670172 ], [ -65.064887, -18.668826 ], [ -65.066286, -18.667609 ], [ -65.068127, -18.666066 ], [ -65.072723, -18.662324 ], [ -65.075035, -18.660409 ], [ -65.076282, -18.659282 ], [ -65.07712, -18.658731 ], [ -65.077657, -18.658637 ], [ -65.078148, -18.65867 ], [ -65.079212, -18.658942 ], [ -65.080293, -18.65934 ], [ -65.081514, -18.659956 ], [ -65.082521, -18.66056 ], [ -65.083342, -18.661122 ], [ -65.084145, -18.66148 ], [ -65.084761, -18.661575 ], [ -65.085852, -18.661534 ], [ -65.086538, -18.661116 ], [ -65.087848, -18.658934 ], [ -65.088318, -18.658416 ], [ -65.088867, -18.658015 ], [ -65.089479, -18.657847 ], [ -65.090295, -18.657911 ], [ -65.091327, -18.658178 ], [ -65.092603, -18.658163 ], [ -65.094013, -18.657884 ], [ -65.094962, -18.657624 ], [ -65.095711, -18.657235 ], [ -65.096426, -18.656685 ], [ -65.096774, -18.656257 ], [ -65.097076, -18.655785 ], [ -65.097371, -18.654829 ], [ -65.097759, -18.653829 ], [ -65.098119, -18.653166 ], [ -65.098843, -18.652015 ], [ -65.099733, -18.650731 ], [ -65.100621, -18.649183 ], [ -65.100981, -18.648447 ], [ -65.101171, -18.647654 ], [ -65.101178, -18.64698 ], [ -65.101043, -18.646029 ], [ -65.100832, -18.645138 ], [ -65.100824, -18.644465 ], [ -65.100915, -18.643116 ], [ -65.101016, -18.642544 ], [ -65.101146, -18.641927 ], [ -65.101565, -18.640985 ], [ -65.102429, -18.639994 ], [ -65.103463, -18.639177 ], [ -65.104378, -18.638566 ], [ -65.105295, -18.63819 ], [ -65.106168, -18.63799 ], [ -65.10675, -18.637793 ], [ -65.108514, -18.637597 ], [ -65.109203, -18.637384 ], [ -65.109997, -18.637009 ], [ -65.110986, -18.636178 ], [ -65.111698, -18.635379 ], [ -65.112181, -18.634656 ], [ -65.113136, -18.633679 ], [ -65.113821, -18.6331 ], [ -65.114753, -18.632694 ], [ -65.115827, -18.63255 ], [ -65.116994, -18.632522 ], [ -65.118224, -18.632567 ], [ -65.119222, -18.632585 ], [ -65.120101, -18.632809 ], [ -65.120996, -18.633107 ], [ -65.121751, -18.633274 ], [ -65.122259, -18.633371 ], [ -65.122549, -18.63319 ], [ -65.123097, -18.632834 ], [ -65.123427, -18.632186 ], [ -65.12378, -18.630864 ], [ -65.124854, -18.628347 ], [ -65.125154, -18.627728 ], [ -65.125591, -18.62705 ], [ -65.126137, -18.626443 ], [ -65.126669, -18.625983 ], [ -65.12708, -18.625715 ], [ -65.127555, -18.625607 ], [ -65.128724, -18.625725 ], [ -65.129738, -18.625714 ], [ -65.130779, -18.625453 ], [ -65.131922, -18.624954 ], [ -65.133022, -18.624197 ], [ -65.134331, -18.623216 ], [ -65.135932, -18.62226 ], [ -65.13723, -18.62163 ], [ -65.138872, -18.62025 ], [ -65.140913, -18.61885 ], [ -65.142849, -18.617641 ], [ -65.144298, -18.616834 ], [ -65.145166, -18.616194 ], [ -65.146487, -18.614949 ], [ -65.146973, -18.614069 ], [ -65.147159, -18.613433 ], [ -65.147004, -18.612043 ], [ -65.146745, -18.611021 ], [ -65.146633, -18.6107 ], [ -65.146513, -18.60969 ], [ -65.146335, -18.608931 ], [ -65.14619, -18.608376 ], [ -65.146069, -18.607762 ], [ -65.1461, -18.607381 ], [ -65.146216, -18.606823 ], [ -65.146427, -18.606469 ], [ -65.1467, -18.606246 ], [ -65.147145, -18.606139 ], [ -65.14759, -18.606134 ], [ -65.148014, -18.606352 ], [ -65.14832, -18.60677 ], [ -65.149298, -18.607579 ], [ -65.149778, -18.607881 ], [ -65.150266, -18.608827 ], [ -65.151097, -18.610136 ], [ -65.152051, -18.611517 ], [ -65.152691, -18.6123 ], [ -65.153603, -18.612773 ], [ -65.15436, -18.613131 ], [ -65.155149, -18.613517 ], [ -65.155996, -18.613712 ], [ -65.156625, -18.613647 ], [ -65.157816, -18.613076 ], [ -65.158485, -18.612556 ], [ -65.159063, -18.612095 ], [ -65.159658, -18.611722 ], [ -65.160432, -18.611355 ], [ -65.161013, -18.61077 ], [ -65.161178, -18.610445 ], [ -65.16194, -18.610012 ], [ -65.162445, -18.609816 ], [ -65.163105, -18.609779 ], [ -65.163692, -18.609881 ], [ -65.164262, -18.610161 ], [ -65.164881, -18.610505 ], [ -65.165789, -18.610656 ], [ -65.166791, -18.610908 ], [ -65.167763, -18.611278 ], [ -65.168759, -18.612277 ], [ -65.170264, -18.61349 ], [ -65.1709, -18.613922 ], [ -65.171739, -18.614674 ], [ -65.173308, -18.616106 ], [ -65.173962, -18.616787 ], [ -65.174898, -18.617904 ], [ -65.175439, -18.618146 ], [ -65.177007, -18.618216 ], [ -65.177881, -18.618118 ], [ -65.179972, -18.61749 ], [ -65.182, -18.617089 ], [ -65.182599, -18.617038 ], [ -65.183507, -18.617159 ], [ -65.184062, -18.617343 ], [ -65.184788, -18.617628 ], [ -65.187045, -18.618773 ], [ -65.188511, -18.619225 ], [ -65.190938, -18.61961 ], [ -65.191682, -18.619759 ], [ -65.193114, -18.619992 ], [ -65.194766, -18.620675 ], [ -65.195746, -18.621616 ], [ -65.197924, -18.622513 ], [ -65.20019, -18.62316 ], [ -65.201673, -18.623802 ], [ -65.202629, -18.624055 ], [ -65.203674, -18.624072 ], [ -65.204428, -18.623717 ], [ -65.205167, -18.623117 ], [ -65.20571, -18.622349 ], [ -65.20569, -18.620767 ], [ -65.205896, -18.619008 ], [ -65.208751, -18.614438 ], [ -65.210475, -18.612612 ], [ -65.210682, -18.61247 ], [ -65.211774, -18.611717 ], [ -65.213516, -18.611234 ], [ -65.21549, -18.610854 ], [ -65.216764, -18.610872 ], [ -65.21871, -18.611173 ], [ -65.22345, -18.611935 ], [ -65.226565, -18.61235 ], [ -65.228972, -18.612382 ], [ -65.231317, -18.61266 ], [ -65.232944, -18.612799 ], [ -65.234492, -18.612732 ], [ -65.235729, -18.612412 ], [ -65.236736, -18.612095 ], [ -65.237834, -18.611923 ], [ -65.239216, -18.611907 ], [ -65.240233, -18.611862 ], [ -65.24121, -18.611664 ], [ -65.242114, -18.611348 ], [ -65.242889, -18.610911 ], [ -65.243293, -18.61048 ], [ -65.243654, -18.609731 ], [ -65.243853, -18.608325 ], [ -65.244128, -18.606846 ], [ -65.244425, -18.606098 ], [ -65.24503, -18.605383 ], [ -65.245916, -18.60464 ], [ -65.246944, -18.603957 ], [ -65.247585, -18.603095 ], [ -65.247931, -18.602127 ], [ -65.248102, -18.601478 ], [ -65.248094, -18.600893 ], [ -65.247947, -18.600407 ], [ -65.24757, -18.600008 ], [ -65.24655, -18.599276 ], [ -65.245708, -18.598518 ], [ -65.245124, -18.597853 ], [ -65.244828, -18.596783 ], [ -65.24467, -18.595492 ], [ -65.244674, -18.594796 ], [ -65.244778, -18.593953 ], [ -65.244926, -18.593536 ], [ -65.245605, -18.592589 ], [ -65.245835, -18.591561 ], [ -65.245428, -18.586533 ], [ -65.245532, -18.581391 ], [ -65.245202, -18.579399 ], [ -65.244385, -18.57724 ], [ -65.241676, -18.569463 ], [ -65.240608, -18.566699 ], [ -65.238945, -18.562897 ], [ -65.238367, -18.559958 ], [ -65.237462, -18.553316 ], [ -65.237647, -18.551232 ], [ -65.238321, -18.549431 ], [ -65.24011, -18.544943 ], [ -65.242669, -18.538678 ], [ -65.244266, -18.535651 ], [ -65.244669, -18.533997 ], [ -65.244848, -18.531392 ], [ -65.244517, -18.529314 ], [ -65.243898, -18.528367 ], [ -65.243371, -18.527447 ], [ -65.243331, -18.526696 ], [ -65.243676, -18.525246 ], [ -65.244597, -18.523846 ], [ -65.245939, -18.522124 ], [ -65.246615, -18.520467 ], [ -65.246751, -18.51928 ], [ -65.246489, -18.517779 ], [ -65.245929, -18.516658 ], [ -65.245729, -18.515272 ], [ -65.245766, -18.513507 ], [ -65.245475, -18.512093 ], [ -65.244723, -18.510222 ], [ -65.24455, -18.508547 ], [ -65.244777, -18.507358 ], [ -65.24528, -18.506427 ], [ -65.246027, -18.505876 ], [ -65.247986, -18.504688 ], [ -65.249495, -18.504237 ], [ -65.251732, -18.503747 ], [ -65.253366, -18.503467 ], [ -65.254881, -18.503449 ], [ -65.256069, -18.50384 ], [ -65.257565, -18.504661 ], [ -65.260862, -18.506386 ], [ -65.262747, -18.506855 ], [ -65.264751, -18.507034 ], [ -65.268483, -18.507307 ], [ -65.269881, -18.507579 ], [ -65.271955, -18.508509 ], [ -65.273418, -18.509099 ], [ -65.275345, -18.509197 ], [ -65.277298, -18.509081 ], [ -65.279234, -18.50874 ], [ -65.280467, -18.507973 ], [ -65.281478, -18.506514 ], [ -65.281976, -18.505236 ], [ -65.282599, -18.504187 ], [ -65.283373, -18.503079 ], [ -65.284035, -18.502724 ], [ -65.284974, -18.502655 ], [ -65.286361, -18.502088 ], [ -65.287837, -18.501405 ], [ -65.288556, -18.500789 ], [ -65.288818, -18.499918 ], [ -65.288743, -18.498878 ], [ -65.288338, -18.498044 ], [ -65.287899, -18.496979 ], [ -65.287769, -18.496316 ], [ -65.287909, -18.495446 ], [ -65.288564, -18.494542 ], [ -65.289554, -18.493778 ], [ -65.291031, -18.493085 ], [ -65.29166, -18.492538 ], [ -65.292227, -18.491837 ], [ -65.292483, -18.49059 ], [ -65.292673, -18.488939 ], [ -65.293162, -18.486938 ], [ -65.293084, -18.485637 ], [ -65.292269, -18.483623 ], [ -65.291273, -18.481668 ], [ -65.290584, -18.480028 ], [ -65.290191, -18.477834 ], [ -65.289885, -18.475264 ], [ -65.289655, -18.473965 ], [ -65.289693, -18.472258 ], [ -65.289998, -18.470115 ], [ -65.290662, -18.46759 ], [ -65.291602, -18.465381 ], [ -65.292493, -18.464011 ], [ -65.294016, -18.462315 ], [ -65.295447, -18.460504 ], [ -65.296737, -18.457192 ], [ -65.297749, -18.455849 ], [ -65.299301, -18.454066 ], [ -65.300647, -18.45269 ], [ -65.301866, -18.450969 ], [ -65.303506, -18.448925 ], [ -65.305091, -18.447344 ], [ -65.307251, -18.445698 ], [ -65.308744, -18.444031 ], [ -65.30919, -18.443389 ], [ -65.309981, -18.442853 ], [ -65.310632, -18.442475 ], [ -65.311751, -18.442317 ], [ -65.313423, -18.442702 ], [ -65.314704, -18.443322 ], [ -65.315932, -18.444493 ], [ -65.317283, -18.445836 ], [ -65.31833, -18.447067 ], [ -65.318736, -18.447958 ], [ -65.319057, -18.449285 ], [ -65.319196, -18.450613 ], [ -65.319484, -18.451709 ], [ -65.319984, -18.45286 ], [ -65.320813, -18.45363 ], [ -65.322513, -18.454575 ], [ -65.323201, -18.454996 ], [ -65.324048, -18.455652 ], [ -65.324255, -18.456093 ], [ -65.324417, -18.456609 ], [ -65.32469, -18.457301 ], [ -65.325149, -18.457947 ], [ -65.32587, -18.458574 ], [ -65.326541, -18.458847 ], [ -65.327318, -18.459 ], [ -65.328359, -18.459091 ], [ -65.329427, -18.458945 ], [ -65.330047, -18.458675 ], [ -65.331371, -18.458196 ], [ -65.332322, -18.457415 ], [ -65.333253, -18.456323 ], [ -65.333725, -18.455666 ], [ -65.334195, -18.45492 ], [ -65.33477, -18.453803 ], [ -65.335246, -18.452376 ], [ -65.335645, -18.450847 ], [ -65.335859, -18.449542 ], [ -65.335933, -18.448135 ], [ -65.335659, -18.446156 ], [ -65.335292, -18.445435 ], [ -65.334879, -18.4447 ], [ -65.334402, -18.443833 ], [ -65.334144, -18.443096 ], [ -65.33396, -18.442122 ], [ -65.333777, -18.441177 ], [ -65.333604, -18.439832 ], [ -65.333559, -18.438811 ], [ -65.333732, -18.437847 ], [ -65.333811, -18.43681 ], [ -65.334031, -18.43589 ], [ -65.334108, -18.434676 ], [ -65.333992, -18.434144 ], [ -65.333872, -18.433302 ], [ -65.33361, -18.432255 ], [ -65.333205, -18.430987 ], [ -65.332651, -18.43015 ], [ -65.331643, -18.428993 ], [ -65.330897, -18.4277 ], [ -65.330714, -18.426755 ], [ -65.330722, -18.426178 ], [ -65.331003, -18.425183 ], [ -65.331428, -18.424512 ], [ -65.331856, -18.424048 ], [ -65.332407, -18.423553 ], [ -65.333068, -18.42313 ], [ -65.333902, -18.422868 ], [ -65.33486, -18.422634 ], [ -65.335618, -18.422507 ], [ -65.336745, -18.422093 ], [ -65.337375, -18.42173 ], [ -65.338284, -18.421275 ], [ -65.339053, -18.420851 ], [ -65.33961, -18.420726 ], [ -65.340072, -18.420513 ], [ -65.341011, -18.420028 ], [ -65.341844, -18.419677 ], [ -65.342719, -18.41906 ], [ -65.343366, -18.418711 ], [ -65.343812, -18.418454 ], [ -65.344429, -18.41824 ], [ -65.344707, -18.418118 ], [ -65.345263, -18.417963 ], [ -65.345839, -18.417883 ], [ -65.350239, -18.414539 ], [ -65.352955, -18.411198 ], [ -65.354488, -18.409841 ], [ -65.355676, -18.408466 ], [ -65.355463, -18.407764 ], [ -65.355463, -18.407764 ], [ -65.355463, -18.407764 ] ], [ [ -65.709246, -17.836908 ], [ -65.709145, -17.837012 ], [ -65.698782, -17.847284 ], [ -65.698697, -17.847326 ], [ -65.660962, -17.862566 ], [ -65.651681, -17.882067 ], [ -65.651213, -17.882196 ], [ -65.648786, -17.882915 ], [ -65.648755, -17.882914 ], [ -65.651182, -17.882195 ], [ -65.65165, -17.882066 ], [ -65.660931, -17.862566 ], [ -65.698666, -17.847325 ], [ -65.698751, -17.847283 ], [ -65.709114, -17.837012 ], [ -65.709215, -17.836907 ], [ -65.722638, -17.823327 ], [ -65.722629, -17.823368 ], [ -65.709246, -17.836908 ] ], [ [ -65.721494, -17.674696 ], [ -65.728382, -17.670117 ], [ -65.734276, -17.666318 ], [ -65.734274, -17.666337 ], [ -65.721494, -17.674696 ] ], [ [ -65.707101, -17.660316 ], [ -65.716922, -17.670107 ], [ -65.717389, -17.670586 ], [ -65.721494, -17.674696 ], [ -65.707101, -17.660316 ] ], [ [ -65.245283, -17.238114 ], [ -65.244506, -17.238916 ], [ -65.2444, -17.239002 ], [ -65.244018, -17.239485 ], [ -65.243804, -17.239992 ], [ -65.243662, -17.240521 ], [ -65.243652, -17.240759 ], [ -65.243643, -17.240994 ], [ -65.24364, -17.241073 ], [ -65.243522, -17.241648 ], [ -65.243499, -17.242223 ], [ -65.243501, -17.242797 ], [ -65.243447, -17.243221 ], [ -65.243431, -17.243349 ], [ -65.243361, -17.243897 ], [ -65.243361, -17.243901 ], [ -65.243554, -17.244453 ], [ -65.243634, -17.244605 ], [ -65.243819, -17.244959 ], [ -65.244018, -17.245424 ], [ -65.244036, -17.245464 ], [ -65.244181, -17.245993 ], [ -65.244214, -17.246242 ], [ -65.244254, -17.246545 ], [ -65.244136, -17.247097 ], [ -65.244066, -17.247649 ], [ -65.243924, -17.248201 ], [ -65.243638, -17.248753 ], [ -65.243527, -17.249039 ], [ -65.243424, -17.249305 ], [ -65.243314, -17.24952 ], [ -65.243139, -17.249857 ], [ -65.242853, -17.250341 ], [ -65.242711, -17.250893 ], [ -65.242785, -17.251491 ], [ -65.242931, -17.25191 ], [ -65.242978, -17.252042 ], [ -65.243171, -17.252571 ], [ -65.24334, -17.253099 ], [ -65.243247, -17.253643 ], [ -65.243246, -17.253651 ], [ -65.242816, -17.254112 ], [ -65.242339, -17.254526 ], [ -65.242008, -17.254864 ], [ -65.241204, -17.255614 ], [ -65.241049, -17.255747 ], [ -65.240995, -17.255812 ], [ -65.240644, -17.25623 ], [ -65.240406, -17.256737 ], [ -65.240192, -17.257312 ], [ -65.240122, -17.25791 ], [ -65.2401, -17.258462 ], [ -65.239958, -17.259037 ], [ -65.239816, -17.259589 ], [ -65.239722, -17.260141 ], [ -65.239699, -17.260693 ], [ -65.239653, -17.261245 ], [ -65.239689, -17.261662 ], [ -65.239095, -17.260814 ], [ -65.240244, -17.256265 ], [ -65.242712, -17.253657 ], [ -65.241947, -17.251709 ], [ -65.243651, -17.247154 ], [ -65.242795, -17.245206 ], [ -65.2432, -17.240487 ], [ -65.244915, -17.238069 ], [ -65.237357, -17.229363 ], [ -65.245283, -17.238114 ] ], [ [ -65.240807, -17.263259 ], [ -65.240712, -17.263198 ], [ -65.240304, -17.262738 ], [ -65.240277, -17.26271 ], [ -65.239919, -17.262325 ], [ -65.239702, -17.261819 ], [ -65.239689, -17.261662 ], [ -65.240807, -17.263259 ] ], [ [ -65.241216, -17.263519 ], [ -65.241664, -17.263773 ], [ -65.242252, -17.263762 ], [ -65.242366, -17.26377 ], [ -65.242964, -17.263793 ], [ -65.243587, -17.263792 ], [ -65.243604, -17.263795 ], [ -65.244162, -17.263883 ], [ -65.244394, -17.264242 ], [ -65.244474, -17.264366 ], [ -65.244452, -17.264917 ], [ -65.24419, -17.265401 ], [ -65.243856, -17.265861 ], [ -65.243451, -17.266321 ], [ -65.242997, -17.266644 ], [ -65.242834, -17.266733 ], [ -65.243593, -17.2653 ], [ -65.241073, -17.263638 ], [ -65.240807, -17.263259 ], [ -65.241216, -17.263519 ] ], [ [ -65.242597, -17.267179 ], [ -65.241399, -17.267656 ], [ -65.241578, -17.26753 ], [ -65.241921, -17.267289 ], [ -65.242447, -17.266944 ], [ -65.242834, -17.266733 ], [ -65.242597, -17.267179 ] ], [ [ -65.241395, -17.267658 ], [ -65.241002, -17.267813 ], [ -65.241399, -17.267656 ], [ -65.241395, -17.267658 ] ], [ [ -65.240294, -17.268095 ], [ -65.237993, -17.269098 ], [ -65.238024, -17.269019 ], [ -65.238501, -17.268628 ], [ -65.238678, -17.268535 ], [ -65.239027, -17.268351 ], [ -65.239673, -17.268166 ], [ -65.240247, -17.26805 ], [ -65.240869, -17.267866 ], [ -65.241002, -17.267813 ], [ -65.240294, -17.268095 ] ], [ [ -65.237991, -17.269104 ], [ -65.237991, -17.269099 ], [ -65.237993, -17.269098 ], [ -65.237991, -17.269104 ] ], [ [ -65.237736, -17.270918 ], [ -65.237717, -17.270698 ], [ -65.23774, -17.270123 ], [ -65.23781, -17.269571 ], [ -65.237991, -17.269104 ], [ -65.237736, -17.270918 ] ], [ [ -65.237767, -17.271273 ], [ -65.237919, -17.27177 ], [ -65.237936, -17.271825 ], [ -65.238057, -17.272399 ], [ -65.238131, -17.272951 ], [ -65.238133, -17.273526 ], [ -65.238038, -17.274078 ], [ -65.237968, -17.27463 ], [ -65.237682, -17.275136 ], [ -65.237205, -17.275551 ], [ -65.237058, -17.275754 ], [ -65.237736, -17.270918 ], [ -65.237767, -17.271273 ] ], [ [ -65.237038, -17.275893 ], [ -65.236814, -17.276374 ], [ -65.236871, -17.276011 ], [ -65.237058, -17.275754 ], [ -65.237038, -17.275893 ] ], [ [ -65.236777, -17.276609 ], [ -65.236803, -17.276818 ], [ -65.23685, -17.277207 ], [ -65.237044, -17.277759 ], [ -65.237332, -17.278287 ], [ -65.237621, -17.278816 ], [ -65.237838, -17.27939 ], [ -65.238008, -17.279965 ], [ -65.238033, -17.280517 ], [ -65.23791, -17.280804 ], [ -65.237795, -17.281069 ], [ -65.237582, -17.281644 ], [ -65.237512, -17.282219 ], [ -65.237513, -17.282817 ], [ -65.237707, -17.283392 ], [ -65.238019, -17.283874 ], [ -65.238356, -17.284357 ], [ -65.238669, -17.284885 ], [ -65.238884, -17.285295 ], [ -65.238958, -17.285436 ], [ -65.239151, -17.286011 ], [ -65.239201, -17.286331 ], [ -65.239248, -17.286632 ], [ -65.239346, -17.287207 ], [ -65.239348, -17.287804 ], [ -65.23923, -17.288379 ], [ -65.238992, -17.288932 ], [ -65.238929, -17.288996 ], [ -65.238901, -17.289024 ], [ -65.239143, -17.287766 ], [ -65.238464, -17.285194 ], [ -65.237048, -17.282986 ], [ -65.237673, -17.281022 ], [ -65.236423, -17.277211 ], [ -65.236814, -17.276374 ], [ -65.236777, -17.276609 ] ], [ [ -65.238764, -17.289738 ], [ -65.236298, -17.291439 ], [ -65.236293, -17.291419 ], [ -65.236603, -17.290889 ], [ -65.23679, -17.290743 ], [ -65.237105, -17.290498 ], [ -65.237583, -17.290152 ], [ -65.237948, -17.289837 ], [ -65.238036, -17.289761 ], [ -65.238562, -17.289369 ], [ -65.238901, -17.289024 ], [ -65.238764, -17.289738 ] ], [ [ -65.236415, -17.291994 ], [ -65.23644, -17.292568 ], [ -65.236418, -17.29312 ], [ -65.236252, -17.293672 ], [ -65.23611, -17.294224 ], [ -65.236093, -17.294653 ], [ -65.235598, -17.293231 ], [ -65.235766, -17.291806 ], [ -65.236298, -17.291439 ], [ -65.236415, -17.291994 ] ], [ [ -65.236461, -17.295712 ], [ -65.236284, -17.296294 ], [ -65.236211, -17.295949 ], [ -65.236113, -17.295374 ], [ -65.236088, -17.294776 ], [ -65.236093, -17.294653 ], [ -65.236461, -17.295712 ] ], [ [ -65.236332, -17.296524 ], [ -65.236382, -17.297098 ], [ -65.236455, -17.297696 ], [ -65.236361, -17.298271 ], [ -65.236171, -17.298823 ], [ -65.236137, -17.29889 ], [ -65.235886, -17.299376 ], [ -65.2356, -17.299859 ], [ -65.235218, -17.300273 ], [ -65.234716, -17.300642 ], [ -65.234214, -17.300919 ], [ -65.23364, -17.30108 ], [ -65.233066, -17.301288 ], [ -65.232564, -17.301634 ], [ -65.232254, -17.302117 ], [ -65.232231, -17.302669 ], [ -65.232353, -17.303244 ], [ -65.232402, -17.303795 ], [ -65.232452, -17.304347 ], [ -65.232453, -17.304922 ], [ -65.232264, -17.305497 ], [ -65.231978, -17.306026 ], [ -65.231716, -17.30651 ], [ -65.231406, -17.306993 ], [ -65.231339, -17.307103 ], [ -65.231096, -17.307499 ], [ -65.230714, -17.30796 ], [ -65.230704, -17.307985 ], [ -65.2305, -17.308466 ], [ -65.230238, -17.308972 ], [ -65.229928, -17.309455 ], [ -65.229778, -17.309652 ], [ -65.229594, -17.309893 ], [ -65.229212, -17.310307 ], [ -65.228129, -17.310989 ], [ -65.227813, -17.31135 ], [ -65.227746, -17.311433 ], [ -65.227638, -17.311834 ], [ -65.227578, -17.312058 ], [ -65.227496, -17.312703 ], [ -65.227674, -17.313351 ], [ -65.228021, -17.313886 ], [ -65.228401, -17.314418 ], [ -65.228872, -17.314919 ], [ -65.228897, -17.314937 ], [ -65.22938, -17.315303 ], [ -65.229899, -17.315563 ], [ -65.230387, -17.315866 ], [ -65.230979, -17.316125 ], [ -65.231514, -17.316393 ], [ -65.232105, -17.316534 ], [ -65.23257, -17.316719 ], [ -65.232852, -17.31704 ], [ -65.233034, -17.317521 ], [ -65.233116, -17.318021 ], [ -65.233032, -17.318429 ], [ -65.233025, -17.3179 ], [ -65.231437, -17.316761 ], [ -65.229118, -17.316431 ], [ -65.226971, -17.314049 ], [ -65.227033, -17.312451 ], [ -65.229578, -17.308509 ], [ -65.231948, -17.30537 ], [ -65.23172, -17.301814 ], [ -65.235125, -17.300086 ], [ -65.236284, -17.296294 ], [ -65.236332, -17.296524 ] ], [ [ -65.23305, -17.319945 ], [ -65.231216, -17.321478 ], [ -65.229253, -17.321151 ], [ -65.229951, -17.320871 ], [ -65.230593, -17.320844 ], [ -65.231129, -17.320823 ], [ -65.23159, -17.320649 ], [ -65.23205, -17.320379 ], [ -65.232346, -17.319998 ], [ -65.232608, -17.319512 ], [ -65.232815, -17.319001 ], [ -65.233017, -17.318502 ], [ -65.233032, -17.318429 ], [ -65.23305, -17.319945 ] ], [ [ -65.229241, -17.321156 ], [ -65.228711, -17.321695 ], [ -65.228455, -17.322266 ], [ -65.228711, -17.321061 ], [ -65.229253, -17.321151 ], [ -65.229241, -17.321156 ] ], [ [ -65.228159, -17.323656 ], [ -65.228155, -17.323555 ], [ -65.228258, -17.322948 ], [ -65.228436, -17.322307 ], [ -65.228455, -17.322266 ], [ -65.228159, -17.323656 ] ], [ [ -65.228185, -17.32422 ], [ -65.228421, -17.324867 ], [ -65.228852, -17.325331 ], [ -65.229242, -17.32577 ], [ -65.229549, -17.32622 ], [ -65.229899, -17.326666 ], [ -65.230114, -17.327058 ], [ -65.230155, -17.327515 ], [ -65.230133, -17.328105 ], [ -65.230161, -17.328728 ], [ -65.230326, -17.329406 ], [ -65.230676, -17.330023 ], [ -65.231032, -17.330485 ], [ -65.231409, -17.330935 ], [ -65.231722, -17.331405 ], [ -65.231976, -17.331911 ], [ -65.232206, -17.332394 ], [ -65.232395, -17.332957 ], [ -65.232594, -17.333463 ], [ -65.232617, -17.333965 ], [ -65.232597, -17.334465 ], [ -65.232466, -17.334975 ], [ -65.232289, -17.335563 ], [ -65.232262, -17.33625 ], [ -65.232502, -17.336907 ], [ -65.232992, -17.337458 ], [ -65.233506, -17.337777 ], [ -65.233958, -17.338107 ], [ -65.234277, -17.338506 ], [ -65.234435, -17.338929 ], [ -65.234352, -17.339334 ], [ -65.234119, -17.339739 ], [ -65.234281, -17.340125 ], [ -65.23402, -17.340535 ], [ -65.233924, -17.340684 ], [ -65.233689, -17.340988 ], [ -65.233638, -17.341054 ], [ -65.233462, -17.341474 ], [ -65.232941, -17.341933 ], [ -65.232658, -17.342243 ], [ -65.232084, -17.342382 ], [ -65.231558, -17.342589 ], [ -65.231055, -17.342843 ], [ -65.230602, -17.343257 ], [ -65.230436, -17.343856 ], [ -65.230413, -17.34443 ], [ -65.230271, -17.344983 ], [ -65.230201, -17.34558 ], [ -65.229874, -17.346091 ], [ -65.229822, -17.346359 ], [ -65.229772, -17.346615 ], [ -65.229561, -17.347175 ], [ -65.229256, -17.347545 ], [ -65.229042, -17.347861 ], [ -65.228869, -17.348825 ], [ -65.228655, -17.349331 ], [ -65.228565, -17.349497 ], [ -65.228393, -17.349814 ], [ -65.228131, -17.350366 ], [ -65.227893, -17.350941 ], [ -65.227703, -17.351471 ], [ -65.227552, -17.35193 ], [ -65.227513, -17.352046 ], [ -65.227324, -17.352621 ], [ -65.227181, -17.353173 ], [ -65.227087, -17.353725 ], [ -65.227137, -17.3543 ], [ -65.227402, -17.354851 ], [ -65.227739, -17.355334 ], [ -65.228123, -17.355816 ], [ -65.227803, -17.356422 ], [ -65.227555, -17.356895 ], [ -65.227199, -17.357245 ], [ -65.227106, -17.357336 ], [ -65.226985, -17.357878 ], [ -65.226773, -17.358316 ], [ -65.22703, -17.35883 ], [ -65.227071, -17.359146 ], [ -65.227104, -17.359405 ], [ -65.226865, -17.360605 ], [ -65.22826, -17.361205 ], [ -65.229056, -17.361489 ], [ -65.229208, -17.361543 ], [ -65.229961, -17.361815 ], [ -65.230536, -17.361884 ], [ -65.231112, -17.362136 ], [ -65.231569, -17.362595 ], [ -65.231857, -17.363077 ], [ -65.232075, -17.363583 ], [ -65.232364, -17.364112 ], [ -65.232481, -17.36441 ], [ -65.232581, -17.364663 ], [ -65.232846, -17.365215 ], [ -65.233111, -17.365743 ], [ -65.233376, -17.366272 ], [ -65.233665, -17.366777 ], [ -65.234026, -17.36726 ], [ -65.234434, -17.367673 ], [ -65.234866, -17.36804 ], [ -65.235394, -17.368339 ], [ -65.235994, -17.368637 ], [ -65.23657, -17.368866 ], [ -65.237121, -17.369072 ], [ -65.237721, -17.369232 ], [ -65.238296, -17.369392 ], [ -65.238847, -17.369529 ], [ -65.239446, -17.369598 ], [ -65.240046, -17.369758 ], [ -65.240502, -17.370148 ], [ -65.24103, -17.370515 ], [ -65.241582, -17.370836 ], [ -65.24211, -17.371066 ], [ -65.242709, -17.371134 ], [ -65.243308, -17.371156 ], [ -65.243907, -17.371109 ], [ -65.244506, -17.371223 ], [ -65.24501, -17.371498 ], [ -65.245538, -17.371819 ], [ -65.246018, -17.372233 ], [ -65.24645, -17.372623 ], [ -65.246955, -17.373059 ], [ -65.247387, -17.373449 ], [ -65.247844, -17.373863 ], [ -65.248324, -17.374276 ], [ -65.248757, -17.374735 ], [ -65.249189, -17.375194 ], [ -65.249622, -17.375608 ], [ -65.25003, -17.376067 ], [ -65.250463, -17.376503 ], [ -65.250943, -17.376939 ], [ -65.251376, -17.37733 ], [ -65.251856, -17.37772 ], [ -65.25236, -17.37811 ], [ -65.252888, -17.378362 ], [ -65.253463, -17.378407 ], [ -65.254038, -17.378407 ], [ -65.254588, -17.378176 ], [ -65.255163, -17.378014 ], [ -65.255689, -17.377806 ], [ -65.256288, -17.377621 ], [ -65.256502, -17.377561 ], [ -65.255339, -17.378136 ], [ -65.252868, -17.37952 ], [ -65.249499, -17.377846 ], [ -65.248284, -17.375534 ], [ -65.245745, -17.373797 ], [ -65.244886, -17.37176 ], [ -65.241173, -17.37109 ], [ -65.23677, -17.369766 ], [ -65.233538, -17.367885 ], [ -65.231289, -17.365775 ], [ -65.230605, -17.362847 ], [ -65.228378, -17.362554 ], [ -65.225174, -17.360431 ], [ -65.224712, -17.35811 ], [ -65.226538, -17.355865 ], [ -65.22474, -17.352772 ], [ -65.226766, -17.349495 ], [ -65.227511, -17.34438 ], [ -65.231085, -17.341227 ], [ -65.232152, -17.337568 ], [ -65.231911, -17.332945 ], [ -65.229937, -17.330565 ], [ -65.229625, -17.327722 ], [ -65.22801, -17.32436 ], [ -65.228159, -17.323656 ], [ -65.228185, -17.32422 ] ], [ [ -65.256812, -17.377408 ], [ -65.256872, -17.377457 ], [ -65.256862, -17.37746 ], [ -65.256502, -17.377561 ], [ -65.256812, -17.377408 ] ], [ [ -65.257437, -17.377321 ], [ -65.258011, -17.377297 ], [ -65.258324, -17.377779 ], [ -65.258062, -17.378263 ], [ -65.257728, -17.378769 ], [ -65.257466, -17.379252 ], [ -65.25742, -17.37985 ], [ -65.257446, -17.380425 ], [ -65.257663, -17.380954 ], [ -65.257691, -17.382039 ], [ -65.258746, -17.382401 ], [ -65.25925, -17.382653 ], [ -65.259801, -17.382813 ], [ -65.259869, -17.38283 ], [ -65.260425, -17.382973 ], [ -65.261024, -17.382995 ], [ -65.26141, -17.383009 ], [ -65.261623, -17.383017 ], [ -65.262221, -17.382947 ], [ -65.26282, -17.382854 ], [ -65.263443, -17.382784 ], [ -65.264065, -17.382783 ], [ -65.264689, -17.382874 ], [ -65.265312, -17.38308 ], [ -65.265816, -17.383379 ], [ -65.266225, -17.383815 ], [ -65.266466, -17.38432 ], [ -65.26632, -17.384525 ], [ -65.266567, -17.384766 ], [ -65.267092, -17.385019 ], [ -65.26748, -17.385452 ], [ -65.26763, -17.386003 ], [ -65.267636, -17.386555 ], [ -65.267752, -17.386831 ], [ -65.267857, -17.387081 ], [ -65.268411, -17.387352 ], [ -65.268454, -17.387362 ], [ -65.268963, -17.387485 ], [ -65.26941, -17.387751 ], [ -65.269618, -17.38791 ], [ -65.269707, -17.387977 ], [ -65.270388, -17.388506 ], [ -65.2706, -17.389032 ], [ -65.27061, -17.389056 ], [ -65.270758, -17.389679 ], [ -65.270835, -17.389983 ], [ -65.270874, -17.390137 ], [ -65.271426, -17.390643 ], [ -65.271466, -17.39068 ], [ -65.271735, -17.391207 ], [ -65.272053, -17.391733 ], [ -65.272441, -17.392235 ], [ -65.272829, -17.392645 ], [ -65.273336, -17.392985 ], [ -65.273866, -17.393256 ], [ -65.274489, -17.393296 ], [ -65.274812, -17.393185 ], [ -65.275038, -17.393107 ], [ -65.275513, -17.392735 ], [ -65.276012, -17.392362 ], [ -65.276584, -17.392104 ], [ -65.277084, -17.391846 ], [ -65.277502, -17.391667 ], [ -65.277633, -17.391611 ], [ -65.278205, -17.391353 ], [ -65.27868, -17.391003 ], [ -65.279155, -17.390677 ], [ -65.279703, -17.39035 ], [ -65.280275, -17.390115 ], [ -65.280847, -17.389833 ], [ -65.281102, -17.389749 ], [ -65.278759, -17.391746 ], [ -65.276174, -17.392487 ], [ -65.274253, -17.394466 ], [ -65.272022, -17.393869 ], [ -65.271263, -17.392365 ], [ -65.270778, -17.390592 ], [ -65.270297, -17.389174 ], [ -65.268342, -17.388396 ], [ -65.266769, -17.388592 ], [ -65.266473, -17.387083 ], [ -65.266018, -17.384462 ], [ -65.266007, -17.384278 ], [ -65.263551, -17.383024 ], [ -65.259946, -17.383688 ], [ -65.25818, -17.383174 ], [ -65.257406, -17.381777 ], [ -65.257123, -17.380073 ], [ -65.257561, -17.378022 ], [ -65.256872, -17.377457 ], [ -65.257437, -17.377321 ] ], [ [ -65.281509, -17.389402 ], [ -65.283073, -17.388447 ], [ -65.283032, -17.388511 ], [ -65.282918, -17.388687 ], [ -65.282516, -17.389151 ], [ -65.281993, -17.389478 ], [ -65.28142, -17.389644 ], [ -65.281102, -17.389749 ], [ -65.281509, -17.389402 ] ], [ [ -65.283248, -17.388178 ], [ -65.283554, -17.387715 ], [ -65.284052, -17.387297 ], [ -65.284551, -17.386901 ], [ -65.285125, -17.386827 ], [ -65.285656, -17.38719 ], [ -65.286036, -17.387453 ], [ -65.286115, -17.387507 ], [ -65.286381, -17.387525 ], [ -65.286714, -17.387548 ], [ -65.287312, -17.387473 ], [ -65.287886, -17.387353 ], [ -65.288415, -17.387554 ], [ -65.288804, -17.38808 ], [ -65.289073, -17.38856 ], [ -65.289342, -17.38904 ], [ -65.289777, -17.38945 ], [ -65.290378, -17.389582 ], [ -65.290838, -17.390015 ], [ -65.291274, -17.390471 ], [ -65.29162, -17.390836 ], [ -65.291662, -17.390881 ], [ -65.292121, -17.391244 ], [ -65.292437, -17.391479 ], [ -65.29258, -17.391585 ], [ -65.293015, -17.391972 ], [ -65.293102, -17.392068 ], [ -65.293404, -17.392405 ], [ -65.293565, -17.392813 ], [ -65.293872, -17.393163 ], [ -65.29408, -17.393541 ], [ -65.294282, -17.393832 ], [ -65.294306, -17.393868 ], [ -65.29437, -17.393974 ], [ -65.294624, -17.394394 ], [ -65.29494, -17.394873 ], [ -65.295012, -17.394958 ], [ -65.295329, -17.39533 ], [ -65.295657, -17.395782 ], [ -65.295694, -17.395832 ], [ -65.295735, -17.395875 ], [ -65.296081, -17.396242 ], [ -65.296357, -17.396488 ], [ -65.296541, -17.396652 ], [ -65.297024, -17.396946 ], [ -65.297052, -17.39696 ], [ -65.297578, -17.397217 ], [ -65.298132, -17.397487 ], [ -65.298662, -17.397804 ], [ -65.299241, -17.39812 ], [ -65.299724, -17.398461 ], [ -65.300207, -17.39887 ], [ -65.300738, -17.39921 ], [ -65.301222, -17.399619 ], [ -65.301776, -17.399913 ], [ -65.301992, -17.400042 ], [ -65.302307, -17.40023 ], [ -65.302766, -17.400593 ], [ -65.303273, -17.400956 ], [ -65.303755, -17.40125 ], [ -65.304168, -17.401729 ], [ -65.304485, -17.402186 ], [ -65.304587, -17.402737 ], [ -65.304617, -17.403312 ], [ -65.304623, -17.403863 ], [ -65.304627, -17.404179 ], [ -65.304629, -17.404415 ], [ -65.304626, -17.404527 ], [ -65.304612, -17.40499 ], [ -65.304643, -17.405588 ], [ -65.304888, -17.406114 ], [ -65.305091, -17.406477 ], [ -65.305157, -17.406594 ], [ -65.305359, -17.406703 ], [ -65.305663, -17.406865 ], [ -65.306262, -17.40686 ], [ -65.306425, -17.406887 ], [ -65.306616, -17.406919 ], [ -65.307437, -17.406963 ], [ -65.30827, -17.407059 ], [ -65.308897, -17.407567 ], [ -65.308917, -17.407589 ], [ -65.309127, -17.407822 ], [ -65.309374, -17.408125 ], [ -65.309463, -17.408235 ], [ -65.309852, -17.408711 ], [ -65.310021, -17.409025 ], [ -65.310122, -17.409214 ], [ -65.31055, -17.409717 ], [ -65.310577, -17.409749 ], [ -65.310875, -17.410126 ], [ -65.310936, -17.410203 ], [ -65.311247, -17.410604 ], [ -65.311461, -17.411155 ], [ -65.311507, -17.411283 ], [ -65.311659, -17.411705 ], [ -65.311665, -17.41228 ], [ -65.311696, -17.412878 ], [ -65.311696, -17.412883 ], [ -65.310499, -17.411038 ], [ -65.308238, -17.40804 ], [ -65.304977, -17.407889 ], [ -65.304146, -17.406842 ], [ -65.304293, -17.403728 ], [ -65.302036, -17.401085 ], [ -65.293818, -17.395843 ], [ -65.292856, -17.393008 ], [ -65.291164, -17.39107 ], [ -65.288921, -17.389495 ], [ -65.287426, -17.388445 ], [ -65.28539, -17.388557 ], [ -65.284264, -17.387414 ], [ -65.28344, -17.388224 ], [ -65.283073, -17.388447 ], [ -65.283248, -17.388178 ] ], [ [ -65.312389, -17.413952 ], [ -65.311337, -17.414643 ], [ -65.311356, -17.414559 ], [ -65.311469, -17.413984 ], [ -65.311631, -17.413453 ], [ -65.311696, -17.412883 ], [ -65.312389, -17.413952 ] ], [ [ -65.311244, -17.415051 ], [ -65.311219, -17.415159 ], [ -65.311149, -17.415283 ], [ -65.31117, -17.415471 ], [ -65.311164, -17.415514 ], [ -65.31116, -17.41554 ], [ -65.311138, -17.41568 ], [ -65.31113, -17.415734 ], [ -65.311113, -17.415962 ], [ -65.311093, -17.416237 ], [ -65.311088, -17.416309 ], [ -65.31109, -17.416629 ], [ -65.311092, -17.416928 ], [ -65.311093, -17.417085 ], [ -65.311108, -17.417201 ], [ -65.311154, -17.417579 ], [ -65.311163, -17.417649 ], [ -65.3112, -17.418154 ], [ -65.311093, -17.418651 ], [ -65.311021, -17.418964 ], [ -65.310995, -17.419079 ], [ -65.311031, -17.419736 ], [ -65.310797, -17.420244 ], [ -65.310491, -17.420753 ], [ -65.310407, -17.420852 ], [ -65.309914, -17.421436 ], [ -65.309889, -17.421466 ], [ -65.309712, -17.421747 ], [ -65.309606, -17.421915 ], [ -65.309355, -17.422214 ], [ -65.309271, -17.422315 ], [ -65.309101, -17.422783 ], [ -65.30885, -17.423371 ], [ -65.308657, -17.423782 ], [ -65.308183, -17.424201 ], [ -65.307732, -17.424619 ], [ -65.307664, -17.424664 ], [ -65.308891, -17.423154 ], [ -65.310011, -17.419612 ], [ -65.310584, -17.417797 ], [ -65.310678, -17.415076 ], [ -65.311337, -17.414643 ], [ -65.311244, -17.415051 ] ], [ [ -65.306372, -17.426253 ], [ -65.306439, -17.426048 ], [ -65.30648, -17.425922 ], [ -65.306527, -17.425808 ], [ -65.30671, -17.425365 ], [ -65.307233, -17.424946 ], [ -65.307369, -17.424857 ], [ -65.307664, -17.424664 ], [ -65.306372, -17.426253 ] ], [ [ -65.306315, -17.426426 ], [ -65.30634, -17.426887 ], [ -65.306345, -17.426978 ], [ -65.306571, -17.427088 ], [ -65.306899, -17.427248 ], [ -65.307501, -17.427518 ], [ -65.308055, -17.427789 ], [ -65.308746, -17.428369 ], [ -65.308761, -17.428381 ], [ -65.30889, -17.428816 ], [ -65.308936, -17.429056 ], [ -65.308983, -17.429298 ], [ -65.309465, -17.429592 ], [ -65.309851, -17.429693 ], [ -65.309976, -17.429725 ], [ -65.310092, -17.429815 ], [ -65.310216, -17.429911 ], [ -65.310335, -17.430002 ], [ -65.311014, -17.430523 ], [ -65.311547, -17.431062 ], [ -65.312119, -17.431343 ], [ -65.312669, -17.431565 ], [ -65.312938, -17.431659 ], [ -65.313105, -17.431718 ], [ -65.313509, -17.431793 ], [ -65.313967, -17.432095 ], [ -65.314037, -17.432719 ], [ -65.313578, -17.433116 ], [ -65.313527, -17.433412 ], [ -65.3135, -17.433568 ], [ -65.314069, -17.434169 ], [ -65.314004, -17.434722 ], [ -65.313722, -17.435207 ], [ -65.313416, -17.435693 ], [ -65.313027, -17.436203 ], [ -65.312733, -17.436613 ], [ -65.312546, -17.436906 ], [ -65.31249, -17.436993 ], [ -65.312322, -17.4376 ], [ -65.312174, -17.438211 ], [ -65.311755, -17.438789 ], [ -65.313175, -17.439262 ], [ -65.314316, -17.440608 ], [ -65.314705, -17.440991 ], [ -65.314801, -17.441086 ], [ -65.314975, -17.441684 ], [ -65.315148, -17.442307 ], [ -65.315218, -17.442931 ], [ -65.315203, -17.443357 ], [ -65.315204, -17.443391 ], [ -65.315216, -17.443819 ], [ -65.31514, -17.444328 ], [ -65.315127, -17.444417 ], [ -65.314989, -17.444971 ], [ -65.314925, -17.445592 ], [ -65.315033, -17.446022 ], [ -65.315075, -17.446188 ], [ -65.315653, -17.44639 ], [ -65.316192, -17.446385 ], [ -65.3163, -17.446384 ], [ -65.316922, -17.446355 ], [ -65.317569, -17.446349 ], [ -65.318168, -17.446343 ], [ -65.318769, -17.446521 ], [ -65.319086, -17.447024 ], [ -65.319021, -17.447576 ], [ -65.3191, -17.448194 ], [ -65.319122, -17.448346 ], [ -65.319146, -17.448521 ], [ -65.319295, -17.448702 ], [ -65.319613, -17.449088 ], [ -65.320163, -17.449146 ], [ -65.320213, -17.449152 ], [ -65.320836, -17.449146 ], [ -65.321437, -17.449278 ], [ -65.321967, -17.449595 ], [ -65.322028, -17.449649 ], [ -65.322427, -17.450004 ], [ -65.322588, -17.450627 ], [ -65.322622, -17.450734 ], [ -65.322733, -17.451082 ], [ -65.322771, -17.4512 ], [ -65.323297, -17.452538 ], [ -65.323806, -17.453187 ], [ -65.324123, -17.45369 ], [ -65.324683, -17.45433 ], [ -65.324825, -17.454491 ], [ -65.324996, -17.454556 ], [ -65.32548, -17.454942 ], [ -65.325875, -17.455499 ], [ -65.326281, -17.455974 ], [ -65.326337, -17.456039 ], [ -65.32692, -17.456379 ], [ -65.327216, -17.456665 ], [ -65.327275, -17.456722 ], [ -65.32759, -17.457105 ], [ -65.327838, -17.45733 ], [ -65.327945, -17.457428 ], [ -65.32805, -17.457635 ], [ -65.328198, -17.457928 ], [ -65.328207, -17.45799 ], [ -65.327193, -17.456993 ], [ -65.325508, -17.455943 ], [ -65.322525, -17.453504 ], [ -65.322317, -17.451727 ], [ -65.321827, -17.449598 ], [ -65.320155, -17.449262 ], [ -65.31859, -17.450081 ], [ -65.318669, -17.449013 ], [ -65.318275, -17.447149 ], [ -65.316879, -17.446721 ], [ -65.313906, -17.446133 ], [ -65.314539, -17.44488 ], [ -65.314631, -17.443031 ], [ -65.312911, -17.440719 ], [ -65.310754, -17.438609 ], [ -65.308459, -17.43838 ], [ -65.3059, -17.428436 ], [ -65.306336, -17.426297 ], [ -65.306372, -17.426253 ], [ -65.306315, -17.426426 ] ], [ [ -65.328805, -17.458579 ], [ -65.329623, -17.460326 ], [ -65.329587, -17.460799 ], [ -65.329378, -17.460538 ], [ -65.329037, -17.460058 ], [ -65.328871, -17.45984 ], [ -65.328672, -17.459579 ], [ -65.328402, -17.45903 ], [ -65.328276, -17.458479 ], [ -65.32827, -17.458436 ], [ -65.328207, -17.45799 ], [ -65.328805, -17.458579 ] ], [ [ -65.329735, -17.460984 ], [ -65.329743, -17.460994 ], [ -65.329996, -17.461239 ], [ -65.330196, -17.461432 ], [ -65.330457, -17.461924 ], [ -65.330577, -17.462151 ], [ -65.33069, -17.462236 ], [ -65.330861, -17.462363 ], [ -65.331297, -17.46275 ], [ -65.331613, -17.463279 ], [ -65.331652, -17.463345 ], [ -65.332153, -17.463785 ], [ -65.332305, -17.464025 ], [ -65.331735, -17.463663 ], [ -65.33011, -17.462988 ], [ -65.329486, -17.462085 ], [ -65.329587, -17.460799 ], [ -65.329735, -17.460984 ] ], [ [ -65.333742, -17.464938 ], [ -65.334134, -17.465339 ], [ -65.333794, -17.465209 ], [ -65.333264, -17.464961 ], [ -65.332899, -17.464657 ], [ -65.332762, -17.464542 ], [ -65.332428, -17.464219 ], [ -65.332305, -17.464025 ], [ -65.333742, -17.464938 ] ], [ [ -65.334323, -17.465411 ], [ -65.334796, -17.465528 ], [ -65.334948, -17.465566 ], [ -65.335088, -17.46569 ], [ -65.335384, -17.465953 ], [ -65.335724, -17.466386 ], [ -65.335767, -17.466587 ], [ -65.335824, -17.466853 ], [ -65.335851, -17.466983 ], [ -65.336121, -17.467486 ], [ -65.336674, -17.467665 ], [ -65.337296, -17.467613 ], [ -65.337886, -17.467516 ], [ -65.337894, -17.467515 ], [ -65.338377, -17.467809 ], [ -65.338444, -17.467934 ], [ -65.338646, -17.468313 ], [ -65.338844, -17.468697 ], [ -65.338854, -17.468717 ], [ -65.338941, -17.468885 ], [ -65.339007, -17.469116 ], [ -65.339054, -17.46928 ], [ -65.339552, -17.469936 ], [ -65.339678, -17.470487 ], [ -65.339733, -17.471084 ], [ -65.339764, -17.471659 ], [ -65.339814, -17.47225 ], [ -65.339758, -17.472486 ], [ -65.339736, -17.472578 ], [ -65.339705, -17.472748 ], [ -65.339572, -17.473479 ], [ -65.339426, -17.474244 ], [ -65.339311, -17.474683 ], [ -65.339298, -17.474731 ], [ -65.339086, -17.475106 ], [ -65.339015, -17.475231 ], [ -65.338788, -17.475408 ], [ -65.338042, -17.476631 ], [ -65.337864, -17.47729 ], [ -65.338334, -17.478002 ], [ -65.338384, -17.478452 ], [ -65.338581, -17.479489 ], [ -65.338604, -17.481585 ], [ -65.338634, -17.483916 ], [ -65.338286, -17.485952 ], [ -65.338688, -17.487061 ], [ -65.338511, -17.487787 ], [ -65.338465, -17.488352 ], [ -65.338467, -17.488824 ], [ -65.338542, -17.489366 ], [ -65.33858, -17.489885 ], [ -65.338558, -17.490219 ], [ -65.338464, -17.490703 ], [ -65.338202, -17.491325 ], [ -65.338218, -17.492109 ], [ -65.338268, -17.4925 ], [ -65.338451, -17.493169 ], [ -65.339095, -17.494887 ], [ -65.339194, -17.495417 ], [ -65.339146, -17.496804 ], [ -65.337927, -17.493463 ], [ -65.338002, -17.491472 ], [ -65.337305, -17.488352 ], [ -65.338075, -17.485432 ], [ -65.337516, -17.479945 ], [ -65.337734, -17.478338 ], [ -65.337549, -17.476354 ], [ -65.338417, -17.475009 ], [ -65.332965, -17.472664 ], [ -65.333341, -17.470979 ], [ -65.333714, -17.468988 ], [ -65.335453, -17.468051 ], [ -65.335516, -17.466751 ], [ -65.334134, -17.465339 ], [ -65.334323, -17.465411 ] ], [ [ -65.339269, -17.497142 ], [ -65.344011, -17.514838 ], [ -65.33912, -17.497568 ], [ -65.339146, -17.496804 ], [ -65.339269, -17.497142 ] ], [ [ -65.344013, -17.514843 ], [ -65.344013, -17.514843 ], [ -65.339969, -17.52015 ], [ -65.336971, -17.523309 ], [ -65.333866, -17.526581 ], [ -65.323469, -17.537535 ], [ -65.300202, -17.55225 ], [ -65.297767, -17.555213 ], [ -65.273314, -17.579554 ], [ -65.269154, -17.582578 ], [ -65.266708, -17.586457 ], [ -65.266462, -17.586848 ], [ -65.265617, -17.587199 ], [ -65.264437, -17.587575 ], [ -65.262471, -17.588163 ], [ -65.261768, -17.588433 ], [ -65.260793, -17.588853 ], [ -65.259866, -17.58932 ], [ -65.258713, -17.589949 ], [ -65.257811, -17.590461 ], [ -65.256884, -17.590962 ], [ -65.256039, -17.591313 ], [ -65.254836, -17.5917 ], [ -65.254312, -17.591911 ], [ -65.253694, -17.592191 ], [ -65.253016, -17.592529 ], [ -65.249407, -17.594709 ], [ -65.249407, -17.594709 ], [ -65.253016, -17.592529 ], [ -65.253694, -17.592191 ], [ -65.254312, -17.591911 ], [ -65.254836, -17.5917 ], [ -65.256039, -17.591313 ], [ -65.256884, -17.590962 ], [ -65.257811, -17.590461 ], [ -65.258713, -17.589949 ], [ -65.259865, -17.58932 ], [ -65.260792, -17.588853 ], [ -65.261768, -17.588432 ], [ -65.26247, -17.588163 ], [ -65.264437, -17.587575 ], [ -65.265617, -17.587199 ], [ -65.266461, -17.586848 ], [ -65.269154, -17.582578 ], [ -65.273314, -17.579554 ], [ -65.297767, -17.555213 ], [ -65.300202, -17.55225 ], [ -65.323469, -17.537535 ], [ -65.339969, -17.52015 ], [ -65.344013, -17.514843 ], [ -65.344011, -17.514838 ], [ -65.344013, -17.514843 ] ], [ [ -64.679409, -18.102938 ], [ -64.679402, -18.102915 ], [ -64.679649, -18.101458 ], [ -64.679409, -18.102938 ] ], [ [ -64.67952, -18.103284 ], [ -64.679626, -18.103792 ], [ -64.679649, -18.103976 ], [ -64.67979, -18.104484 ], [ -64.67986, -18.104899 ], [ -64.679919, -18.105049 ], [ -64.679955, -18.105223 ], [ -64.680073, -18.105477 ], [ -64.680073, -18.105511 ], [ -64.680097, -18.105546 ], [ -64.680133, -18.105546 ], [ -64.680336, -18.105651 ], [ -64.680623, -18.105756 ], [ -64.680731, -18.105814 ], [ -64.680923, -18.105885 ], [ -64.681198, -18.106036 ], [ -64.681377, -18.106198 ], [ -64.681531, -18.106464 ], [ -64.681531, -18.106499 ], [ -64.681523, -18.106513 ], [ -64.681377, -18.106262 ], [ -64.681198, -18.1061 ], [ -64.680923, -18.105948 ], [ -64.680732, -18.105878 ], [ -64.680624, -18.10582 ], [ -64.680337, -18.105715 ], [ -64.680133, -18.10561 ], [ -64.680097, -18.10561 ], [ -64.680074, -18.105575 ], [ -64.680074, -18.10554 ], [ -64.679955, -18.105286 ], [ -64.67992, -18.105113 ], [ -64.679861, -18.104963 ], [ -64.679791, -18.104548 ], [ -64.679649, -18.10404 ], [ -64.679626, -18.103856 ], [ -64.679521, -18.103348 ], [ -64.679403, -18.102979 ], [ -64.679409, -18.102938 ], [ -64.67952, -18.103284 ] ], [ [ -64.681532, -18.106528 ], [ -64.681532, -18.106562 ], [ -64.681471, -18.106666 ], [ -64.681387, -18.106746 ], [ -64.681206, -18.106975 ], [ -64.681146, -18.10701 ], [ -64.681025, -18.10717 ], [ -64.680996, -18.107351 ], [ -64.680988, -18.107337 ], [ -64.681025, -18.107107 ], [ -64.681145, -18.106946 ], [ -64.681205, -18.106912 ], [ -64.681386, -18.106682 ], [ -64.681471, -18.106602 ], [ -64.681523, -18.106513 ], [ -64.681532, -18.106528 ] ], [ [ -64.68113, -18.107568 ], [ -64.68125, -18.107615 ], [ -64.681598, -18.107651 ], [ -64.681969, -18.107723 ], [ -64.682364, -18.10784 ], [ -64.68295, -18.108062 ], [ -64.682974, -18.108085 ], [ -64.683034, -18.108086 ], [ -64.683261, -18.108191 ], [ -64.683321, -18.108237 ], [ -64.683501, -18.108307 ], [ -64.683728, -18.108447 ], [ -64.683955, -18.108644 ], [ -64.684086, -18.108794 ], [ -64.684312, -18.10913 ], [ -64.684442, -18.109476 ], [ -64.684728, -18.109858 ], [ -64.685039, -18.110102 ], [ -64.685111, -18.110113 ], [ -64.685194, -18.110172 ], [ -64.685266, -18.110195 ], [ -64.685517, -18.110346 ], [ -64.685876, -18.110486 ], [ -64.686236, -18.110534 ], [ -64.687111, -18.110551 ], [ -64.687986, -18.110544 ], [ -64.688358, -18.110592 ], [ -64.688357, -18.110604 ], [ -64.688477, -18.110662 ], [ -64.68874, -18.110871 ], [ -64.68905, -18.111195 ], [ -64.689349, -18.111393 ], [ -64.689684, -18.111567 ], [ -64.689971, -18.111661 ], [ -64.691264, -18.111979 ], [ -64.691312, -18.11198 ], [ -64.691384, -18.112015 ], [ -64.691576, -18.112062 ], [ -64.692281, -18.112457 ], [ -64.692389, -18.112504 ], [ -64.692389, -18.112516 ], [ -64.692497, -18.112574 ], [ -64.69258, -18.112643 ], [ -64.69264, -18.112724 ], [ -64.692639, -18.112787 ], [ -64.692581, -18.112707 ], [ -64.692497, -18.112637 ], [ -64.69239, -18.112579 ], [ -64.69239, -18.112568 ], [ -64.692282, -18.112521 ], [ -64.691576, -18.112125 ], [ -64.691385, -18.112078 ], [ -64.691313, -18.112043 ], [ -64.691265, -18.112043 ], [ -64.689972, -18.111725 ], [ -64.689684, -18.111631 ], [ -64.689349, -18.111456 ], [ -64.689051, -18.111259 ], [ -64.68874, -18.110935 ], [ -64.688478, -18.110726 ], [ -64.688358, -18.110667 ], [ -64.688358, -18.110656 ], [ -64.687987, -18.110608 ], [ -64.687111, -18.110614 ], [ -64.686236, -18.110598 ], [ -64.685877, -18.11055 ], [ -64.685518, -18.11041 ], [ -64.685267, -18.110259 ], [ -64.685195, -18.110235 ], [ -64.685111, -18.110177 ], [ -64.685039, -18.110165 ], [ -64.684729, -18.109922 ], [ -64.684443, -18.10954 ], [ -64.684313, -18.109193 ], [ -64.684086, -18.108858 ], [ -64.683955, -18.108707 ], [ -64.683728, -18.10851 ], [ -64.683501, -18.108371 ], [ -64.683322, -18.108301 ], [ -64.683262, -18.108254 ], [ -64.683035, -18.108149 ], [ -64.682975, -18.108149 ], [ -64.682951, -18.108126 ], [ -64.682365, -18.107904 ], [ -64.681969, -18.107786 ], [ -64.681598, -18.107715 ], [ -64.681251, -18.107678 ], [ -64.681131, -18.107632 ], [ -64.680988, -18.1074 ], [ -64.680996, -18.107351 ], [ -64.68113, -18.107568 ] ], [ [ -64.69264, -18.112788 ], [ -64.692639, -18.113168 ], [ -64.692455, -18.113939 ], [ -64.692455, -18.114064 ], [ -64.692454, -18.11406 ], [ -64.692455, -18.113876 ], [ -64.692638, -18.113105 ], [ -64.692639, -18.112787 ], [ -64.69264, -18.112788 ] ], [ [ -64.692501, -18.114279 ], [ -64.692548, -18.114383 ], [ -64.693144, -18.115147 ], [ -64.693203, -18.115251 ], [ -64.693311, -18.115355 ], [ -64.693657, -18.115783 ], [ -64.694001, -18.116384 ], [ -64.694311, -18.116835 ], [ -64.694514, -18.117055 ], [ -64.694514, -18.117102 ], [ -64.694538, -18.117102 ], [ -64.694537, -18.117165 ], [ -64.694514, -18.117165 ], [ -64.694515, -18.117119 ], [ -64.694312, -18.116899 ], [ -64.694002, -18.116448 ], [ -64.693657, -18.115847 ], [ -64.693311, -18.115419 ], [ -64.693204, -18.115314 ], [ -64.693145, -18.11521 ], [ -64.692549, -18.114447 ], [ -64.692501, -18.114343 ], [ -64.692454, -18.114124 ], [ -64.692455, -18.114064 ], [ -64.692501, -18.114279 ] ], [ [ -64.694538, -18.117165 ], [ -64.694537, -18.117384 ], [ -64.694512, -18.117557 ], [ -64.694294, -18.118143 ], [ -64.694258, -18.118201 ], [ -64.694258, -18.118224 ], [ -64.69386, -18.118683 ], [ -64.693643, -18.118843 ], [ -64.693487, -18.119015 ], [ -64.693317, -18.119336 ], [ -64.693184, -18.119647 ], [ -64.693074, -18.120015 ], [ -64.692917, -18.120383 ], [ -64.692735, -18.12075 ], [ -64.69259, -18.120969 ], [ -64.692325, -18.121232 ], [ -64.691832, -18.121483 ], [ -64.691592, -18.121666 ], [ -64.691568, -18.121666 ], [ -64.691435, -18.121826 ], [ -64.691206, -18.122182 ], [ -64.691145, -18.122343 ], [ -64.691048, -18.122481 ], [ -64.690976, -18.122688 ], [ -64.690975, -18.122723 ], [ -64.690939, -18.122815 ], [ -64.690938, -18.123055 ], [ -64.690937, -18.123051 ], [ -64.690938, -18.122751 ], [ -64.690975, -18.122659 ], [ -64.690975, -18.122624 ], [ -64.691048, -18.122417 ], [ -64.691144, -18.12228 ], [ -64.691205, -18.122119 ], [ -64.691435, -18.121763 ], [ -64.691567, -18.121602 ], [ -64.691591, -18.121602 ], [ -64.691832, -18.121419 ], [ -64.692325, -18.121168 ], [ -64.69259, -18.120905 ], [ -64.692735, -18.120687 ], [ -64.692916, -18.120319 ], [ -64.693074, -18.119951 ], [ -64.693183, -18.119583 ], [ -64.693317, -18.119273 ], [ -64.693486, -18.118951 ], [ -64.693643, -18.118779 ], [ -64.693859, -18.118619 ], [ -64.694257, -18.11816 ], [ -64.694257, -18.118137 ], [ -64.694293, -18.11808 ], [ -64.694512, -18.117493 ], [ -64.694537, -18.117321 ], [ -64.694537, -18.117165 ], [ -64.694538, -18.117165 ] ], [ [ -64.691043, -18.123547 ], [ -64.691042, -18.123606 ], [ -64.690938, -18.123114 ], [ -64.690938, -18.123055 ], [ -64.691043, -18.123547 ] ], [ [ -64.691043, -18.12361 ], [ -64.691042, -18.123956 ], [ -64.690908, -18.124232 ], [ -64.6908, -18.124404 ], [ -64.690715, -18.124507 ], [ -64.690691, -18.124519 ], [ -64.69056, -18.12446 ], [ -64.6905, -18.12446 ], [ -64.690488, -18.124448 ], [ -64.690404, -18.124448 ], [ -64.690176, -18.124527 ], [ -64.689911, -18.124699 ], [ -64.689803, -18.124825 ], [ -64.689742, -18.124928 ], [ -64.689681, -18.125089 ], [ -64.689671, -18.125294 ], [ -64.689668, -18.125279 ], [ -64.689681, -18.125025 ], [ -64.689742, -18.124864 ], [ -64.689802, -18.124761 ], [ -64.68991, -18.124635 ], [ -64.690175, -18.124464 ], [ -64.690403, -18.124384 ], [ -64.690487, -18.124385 ], [ -64.690499, -18.124396 ], [ -64.690559, -18.124397 ], [ -64.690691, -18.124455 ], [ -64.690715, -18.124443 ], [ -64.690799, -18.12434 ], [ -64.690908, -18.124168 ], [ -64.691041, -18.123892 ], [ -64.691042, -18.123606 ], [ -64.691043, -18.12361 ] ], [ [ -64.68982, -18.125994 ], [ -64.689867, -18.126156 ], [ -64.689902, -18.126375 ], [ -64.689902, -18.126433 ], [ -64.689868, -18.126219 ], [ -64.689821, -18.126058 ], [ -64.689668, -18.125343 ], [ -64.689671, -18.125294 ], [ -64.68982, -18.125994 ] ], [ [ -64.689903, -18.126438 ], [ -64.689902, -18.126646 ], [ -64.689877, -18.126772 ], [ -64.689817, -18.12683 ], [ -64.689781, -18.126945 ], [ -64.689773, -18.127017 ], [ -64.689767, -18.127008 ], [ -64.68978, -18.126881 ], [ -64.689817, -18.126766 ], [ -64.689877, -18.126709 ], [ -64.689901, -18.126582 ], [ -64.689902, -18.126433 ], [ -64.689903, -18.126438 ] ], [ [ -64.68997, -18.12732 ], [ -64.690017, -18.127424 ], [ -64.690076, -18.127655 ], [ -64.690099, -18.127908 ], [ -64.690094, -18.127913 ], [ -64.690077, -18.127718 ], [ -64.690018, -18.127488 ], [ -64.68997, -18.127384 ], [ -64.689768, -18.127071 ], [ -64.689773, -18.127017 ], [ -64.68997, -18.12732 ] ], [ [ -64.6901, -18.127972 ], [ -64.690088, -18.127983 ], [ -64.690087, -18.128117 ], [ -64.690086, -18.128116 ], [ -64.690087, -18.12792 ], [ -64.690094, -18.127913 ], [ -64.6901, -18.127972 ] ], [ [ -64.690312, -18.128463 ], [ -64.690348, -18.128474 ], [ -64.690372, -18.128521 ], [ -64.690372, -18.128555 ], [ -64.690408, -18.128578 ], [ -64.690491, -18.12874 ], [ -64.690502, -18.128878 ], [ -64.690499, -18.128892 ], [ -64.690491, -18.128804 ], [ -64.690408, -18.128642 ], [ -64.690372, -18.128619 ], [ -64.690373, -18.128584 ], [ -64.690349, -18.128538 ], [ -64.690313, -18.128526 ], [ -64.690087, -18.128179 ], [ -64.690087, -18.128117 ], [ -64.690312, -18.128463 ] ], [ [ -64.690503, -18.128942 ], [ -64.690491, -18.128988 ], [ -64.690466, -18.129011 ], [ -64.690442, -18.129011 ], [ -64.690322, -18.129148 ], [ -64.690129, -18.129286 ], [ -64.689864, -18.129618 ], [ -64.689791, -18.129791 ], [ -64.68973, -18.130044 ], [ -64.689669, -18.130401 ], [ -64.689645, -18.130412 ], [ -64.689631, -18.130815 ], [ -64.689606, -18.130942 ], [ -64.689545, -18.131126 ], [ -64.689485, -18.131172 ], [ -64.689353, -18.131194 ], [ -64.688933, -18.131342 ], [ -64.688657, -18.13134 ], [ -64.688453, -18.131374 ], [ -64.688285, -18.131419 ], [ -64.687972, -18.131578 ], [ -64.687708, -18.131761 ], [ -64.687551, -18.131933 ], [ -64.687445, -18.132112 ], [ -64.687442, -18.132053 ], [ -64.68755, -18.13187 ], [ -64.687707, -18.131698 ], [ -64.687972, -18.131515 ], [ -64.688284, -18.131355 ], [ -64.688452, -18.13131 ], [ -64.688656, -18.131276 ], [ -64.688932, -18.131278 ], [ -64.689353, -18.13113 ], [ -64.689485, -18.131108 ], [ -64.689545, -18.131062 ], [ -64.689606, -18.130878 ], [ -64.68963, -18.130752 ], [ -64.689644, -18.130349 ], [ -64.689668, -18.130337 ], [ -64.68973, -18.12998 ], [ -64.689791, -18.129727 ], [ -64.689863, -18.129555 ], [ -64.690129, -18.129222 ], [ -64.690321, -18.129085 ], [ -64.690442, -18.128947 ], [ -64.690466, -18.128947 ], [ -64.69049, -18.128924 ], [ -64.690499, -18.128892 ], [ -64.690503, -18.128942 ] ], [ [ -64.687453, -18.132238 ], [ -64.687548, -18.132492 ], [ -64.687583, -18.132642 ], [ -64.687678, -18.13285 ], [ -64.687678, -18.132896 ], [ -64.68782, -18.133254 ], [ -64.687891, -18.133508 ], [ -64.687913, -18.133842 ], [ -64.687913, -18.133893 ], [ -64.687891, -18.133571 ], [ -64.68782, -18.133317 ], [ -64.687678, -18.132959 ], [ -64.687678, -18.132913 ], [ -64.687583, -18.132705 ], [ -64.687548, -18.132555 ], [ -64.687453, -18.132301 ], [ -64.687442, -18.132117 ], [ -64.687445, -18.132112 ], [ -64.687453, -18.132238 ] ], [ [ -64.687914, -18.133905 ], [ -64.687912, -18.134194 ], [ -64.6879, -18.134263 ], [ -64.687876, -18.134262 ], [ -64.687731, -18.134388 ], [ -64.687274, -18.134674 ], [ -64.687045, -18.135007 ], [ -64.686984, -18.135168 ], [ -64.686863, -18.135627 ], [ -64.686862, -18.135564 ], [ -64.686984, -18.135104 ], [ -64.687044, -18.134943 ], [ -64.687274, -18.13461 ], [ -64.687731, -18.134325 ], [ -64.687875, -18.134199 ], [ -64.687899, -18.134199 ], [ -64.687912, -18.13413 ], [ -64.687913, -18.133893 ], [ -64.687914, -18.133905 ] ], [ [ -64.686871, -18.136233 ], [ -64.686906, -18.136291 ], [ -64.686988, -18.136821 ], [ -64.686998, -18.137213 ], [ -64.686997, -18.137216 ], [ -64.686988, -18.136885 ], [ -64.686907, -18.136354 ], [ -64.686871, -18.136296 ], [ -64.686862, -18.135628 ], [ -64.686863, -18.135627 ], [ -64.686871, -18.136233 ] ], [ [ -64.686998, -18.137276 ], [ -64.686938, -18.137495 ], [ -64.686816, -18.137771 ], [ -64.68672, -18.137909 ], [ -64.686612, -18.137943 ], [ -64.686467, -18.138023 ], [ -64.686383, -18.138034 ], [ -64.686263, -18.138091 ], [ -64.685712, -18.138076 ], [ -64.685353, -18.137947 ], [ -64.685293, -18.137947 ], [ -64.685137, -18.1379 ], [ -64.684801, -18.137887 ], [ -64.684657, -18.137943 ], [ -64.684597, -18.137989 ], [ -64.684488, -18.138127 ], [ -64.684343, -18.13838 ], [ -64.684234, -18.138655 ], [ -64.684087, -18.139231 ], [ -64.68405, -18.139473 ], [ -64.683989, -18.139703 ], [ -64.683976, -18.139945 ], [ -64.68394, -18.140014 ], [ -64.683939, -18.14029 ], [ -64.683841, -18.140727 ], [ -64.683684, -18.140945 ], [ -64.683455, -18.141175 ], [ -64.683407, -18.141243 ], [ -64.683371, -18.141243 ], [ -64.683154, -18.14138 ], [ -64.682962, -18.14146 ], [ -64.682602, -18.141481 ], [ -64.682182, -18.141479 ], [ -64.681643, -18.141418 ], [ -64.681297, -18.141449 ], [ -64.681071, -18.141451 ], [ -64.680747, -18.141423 ], [ -64.680319, -18.141307 ], [ -64.680195, -18.141209 ], [ -64.680746, -18.141359 ], [ -64.68107, -18.141387 ], [ -64.681297, -18.141385 ], [ -64.681642, -18.141354 ], [ -64.682182, -18.141415 ], [ -64.682601, -18.141417 ], [ -64.682961, -18.141396 ], [ -64.683153, -18.141317 ], [ -64.68337, -18.14118 ], [ -64.683406, -18.14118 ], [ -64.683454, -18.141111 ], [ -64.683683, -18.140882 ], [ -64.68384, -18.140664 ], [ -64.683938, -18.140226 ], [ -64.683939, -18.13995 ], [ -64.683976, -18.139881 ], [ -64.683989, -18.139639 ], [ -64.68405, -18.139409 ], [ -64.684087, -18.139167 ], [ -64.684233, -18.138592 ], [ -64.684343, -18.138316 ], [ -64.684488, -18.138063 ], [ -64.684596, -18.137926 ], [ -64.684657, -18.13788 ], [ -64.684801, -18.137823 ], [ -64.685136, -18.137836 ], [ -64.685292, -18.137883 ], [ -64.685352, -18.137884 ], [ -64.685711, -18.138012 ], [ -64.686263, -18.138027 ], [ -64.686383, -18.13797 ], [ -64.686467, -18.137959 ], [ -64.686611, -18.137879 ], [ -64.686719, -18.137845 ], [ -64.686816, -18.137707 ], [ -64.686937, -18.137431 ], [ -64.686997, -18.137216 ], [ -64.686998, -18.137276 ] ], [ [ -64.680586, -18.141515 ], [ -64.699512, -18.155164 ], [ -64.700685, -18.15602 ], [ -64.710451, -18.162511 ], [ -64.710494, -18.162603 ], [ -64.700686, -18.156084 ], [ -64.699512, -18.155228 ], [ -64.680587, -18.141579 ], [ -64.680196, -18.141273 ], [ -64.680319, -18.141307 ], [ -64.680586, -18.141515 ] ], [ [ -64.710434, -18.162476 ], [ -64.710469, -18.162487 ], [ -64.710493, -18.162539 ], [ -64.710451, -18.162511 ], [ -64.710434, -18.162476 ] ], [ [ -64.710434, -18.162412 ], [ -64.742868, -18.172873 ], [ -64.762783, -18.197384 ], [ -64.805926, -18.208457 ], [ -64.807952, -18.208982 ], [ -64.815262, -18.23036 ], [ -64.825191, -18.247471 ], [ -64.825123, -18.247417 ], [ -64.815263, -18.230423 ], [ -64.807953, -18.209045 ], [ -64.805926, -18.208521 ], [ -64.762784, -18.197448 ], [ -64.742868, -18.172936 ], [ -64.710469, -18.162487 ], [ -64.710434, -18.162412 ] ], [ [ -64.825127, -18.247423 ], [ -64.825119, -18.247414 ], [ -64.825123, -18.247417 ], [ -64.825127, -18.247423 ] ], [ [ -64.830871, -18.254377 ], [ -64.83095, -18.254684 ], [ -64.83097, -18.254775 ], [ -64.830964, -18.25481 ], [ -64.83095, -18.254748 ], [ -64.830871, -18.254441 ], [ -64.82512, -18.247477 ], [ -64.825192, -18.247535 ], [ -64.825127, -18.247423 ], [ -64.830871, -18.254377 ] ], [ [ -64.83097, -18.254838 ], [ -64.830953, -18.254947 ], [ -64.8309, -18.255088 ], [ -64.830876, -18.255226 ], [ -64.83084, -18.25533 ], [ -64.830805, -18.255387 ], [ -64.830805, -18.25541 ], [ -64.830745, -18.255445 ], [ -64.830721, -18.25548 ], [ -64.830625, -18.255537 ], [ -64.830337, -18.255652 ], [ -64.830073, -18.255871 ], [ -64.829965, -18.256033 ], [ -64.829965, -18.256056 ], [ -64.829941, -18.256056 ], [ -64.829941, -18.256183 ], [ -64.829917, -18.256298 ], [ -64.829917, -18.256524 ], [ -64.829917, -18.256522 ], [ -64.829916, -18.256234 ], [ -64.82994, -18.256119 ], [ -64.82994, -18.255992 ], [ -64.829964, -18.255992 ], [ -64.829964, -18.255969 ], [ -64.830072, -18.255808 ], [ -64.830336, -18.255589 ], [ -64.830624, -18.255474 ], [ -64.83072, -18.255416 ], [ -64.830744, -18.255381 ], [ -64.830804, -18.255347 ], [ -64.830804, -18.255324 ], [ -64.83084, -18.255266 ], [ -64.830876, -18.255162 ], [ -64.8309, -18.255024 ], [ -64.830952, -18.254884 ], [ -64.830964, -18.25481 ], [ -64.83097, -18.254838 ] ], [ [ -64.830049, -18.256799 ], [ -64.830109, -18.256857 ], [ -64.830229, -18.257076 ], [ -64.830314, -18.257387 ], [ -64.830422, -18.257964 ], [ -64.830507, -18.258655 ], [ -64.830555, -18.25884 ], [ -64.830555, -18.258901 ], [ -64.830508, -18.258719 ], [ -64.830423, -18.258027 ], [ -64.830314, -18.257451 ], [ -64.83023, -18.25714 ], [ -64.83011, -18.25692 ], [ -64.83005, -18.256863 ], [ -64.829917, -18.256586 ], [ -64.829917, -18.256524 ], [ -64.830049, -18.256799 ] ], [ [ -64.830556, -18.258903 ], [ -64.830556, -18.259373 ], [ -64.830556, -18.25937 ], [ -64.830555, -18.258901 ], [ -64.830556, -18.258903 ] ], [ [ -64.83058, -18.259485 ], [ -64.830593, -18.260269 ], [ -64.830629, -18.260511 ], [ -64.830629, -18.260571 ], [ -64.830593, -18.260333 ], [ -64.83058, -18.259549 ], [ -64.830556, -18.259434 ], [ -64.830556, -18.259373 ], [ -64.83058, -18.259485 ] ], [ [ -64.83063, -18.260575 ], [ -64.83063, -18.261405 ], [ -64.830523, -18.261912 ], [ -64.830487, -18.261981 ], [ -64.830463, -18.261981 ], [ -64.830379, -18.262258 ], [ -64.830259, -18.262408 ], [ -64.829972, -18.262823 ], [ -64.829732, -18.263422 ], [ -64.829528, -18.263849 ], [ -64.829121, -18.264898 ], [ -64.829097, -18.265001 ], [ -64.828954, -18.265313 ], [ -64.828786, -18.265797 ], [ -64.828786, -18.265854 ], [ -64.828655, -18.266431 ], [ -64.828655, -18.267163 ], [ -64.828655, -18.267162 ], [ -64.828654, -18.266367 ], [ -64.828785, -18.265791 ], [ -64.828785, -18.265733 ], [ -64.828953, -18.265249 ], [ -64.829097, -18.264938 ], [ -64.829121, -18.264834 ], [ -64.829528, -18.263785 ], [ -64.829731, -18.263359 ], [ -64.829971, -18.262759 ], [ -64.830259, -18.262344 ], [ -64.830378, -18.262194 ], [ -64.830462, -18.261918 ], [ -64.830486, -18.261918 ], [ -64.830522, -18.261849 ], [ -64.83063, -18.261341 ], [ -64.830629, -18.260571 ], [ -64.83063, -18.260575 ] ], [ [ -64.828727, -18.267232 ], [ -64.828763, -18.267312 ], [ -64.829135, -18.26767 ], [ -64.829604, -18.26805 ], [ -64.830313, -18.268546 ], [ -64.830577, -18.268754 ], [ -64.830961, -18.269123 ], [ -64.830985, -18.269192 ], [ -64.83107, -18.269296 ], [ -64.831238, -18.269699 ], [ -64.831286, -18.269907 ], [ -64.831286, -18.269965 ], [ -64.831395, -18.270207 ], [ -64.831743, -18.270852 ], [ -64.8319, -18.271083 ], [ -64.832056, -18.271383 ], [ -64.832164, -18.27166 ], [ -64.832164, -18.271722 ], [ -64.832057, -18.271446 ], [ -64.8319, -18.271147 ], [ -64.831744, -18.270916 ], [ -64.831395, -18.27027 ], [ -64.831287, -18.270028 ], [ -64.831287, -18.269971 ], [ -64.831239, -18.269763 ], [ -64.83107, -18.26936 ], [ -64.830986, -18.269256 ], [ -64.830962, -18.269187 ], [ -64.830578, -18.268818 ], [ -64.830313, -18.26861 ], [ -64.829605, -18.268114 ], [ -64.829136, -18.267734 ], [ -64.828764, -18.267376 ], [ -64.828727, -18.267295 ], [ -64.828655, -18.267226 ], [ -64.828655, -18.267163 ], [ -64.828727, -18.267232 ] ], [ [ -64.832165, -18.271723 ], [ -64.832165, -18.271743 ], [ -64.832164, -18.27174 ], [ -64.832164, -18.271722 ], [ -64.832165, -18.271723 ] ], [ [ -64.832201, -18.271936 ], [ -64.832201, -18.271997 ], [ -64.832165, -18.271804 ], [ -64.832165, -18.271743 ], [ -64.832201, -18.271936 ] ], [ [ -64.832201, -18.272 ], [ -64.832202, -18.272657 ], [ -64.832154, -18.272991 ], [ -64.832154, -18.273153 ], [ -64.832131, -18.273337 ], [ -64.832131, -18.273498 ], [ -64.832107, -18.273648 ], [ -64.832107, -18.27389 ], [ -64.832071, -18.274156 ], [ -64.832071, -18.274305 ], [ -64.832048, -18.274444 ], [ -64.832048, -18.27451 ], [ -64.832047, -18.274507 ], [ -64.832047, -18.27438 ], [ -64.832071, -18.274242 ], [ -64.832071, -18.274092 ], [ -64.832106, -18.273827 ], [ -64.832106, -18.273585 ], [ -64.83213, -18.273435 ], [ -64.83213, -18.273273 ], [ -64.832154, -18.273089 ], [ -64.832154, -18.272928 ], [ -64.832201, -18.272593 ], [ -64.832201, -18.271997 ], [ -64.832201, -18.272 ] ], [ [ -64.832107, -18.274853 ], [ -64.832107, -18.274913 ], [ -64.832048, -18.274571 ], [ -64.832048, -18.27451 ], [ -64.832107, -18.274853 ] ], [ [ -64.832108, -18.274916 ], [ -64.832108, -18.275145 ], [ -64.832108, -18.275141 ], [ -64.832107, -18.274913 ], [ -64.832108, -18.274916 ] ], [ [ -64.832192, -18.275717 ], [ -64.832241, -18.275925 ], [ -64.832241, -18.275986 ], [ -64.832193, -18.275781 ], [ -64.832108, -18.275205 ], [ -64.832108, -18.275145 ], [ -64.832192, -18.275717 ] ], [ [ -64.832241, -18.275989 ], [ -64.832241, -18.276053 ], [ -64.832241, -18.276052 ], [ -64.832241, -18.275986 ], [ -64.832241, -18.275989 ] ], [ [ -64.832289, -18.27619 ], [ -64.832325, -18.276432 ], [ -64.832421, -18.276813 ], [ -64.832855, -18.277747 ], [ -64.832951, -18.277885 ], [ -64.833011, -18.278035 ], [ -64.833107, -18.27815 ], [ -64.833215, -18.278335 ], [ -64.833408, -18.278611 ], [ -64.834177, -18.279522 ], [ -64.834261, -18.279591 ], [ -64.834706, -18.280076 ], [ -64.834946, -18.280306 ], [ -64.835234, -18.280618 ], [ -64.835403, -18.280768 ], [ -64.836256, -18.281667 ], [ -64.836388, -18.281771 ], [ -64.836448, -18.28184 ], [ -64.836472, -18.28184 ], [ -64.836761, -18.282174 ], [ -64.836761, -18.282197 ], [ -64.837903, -18.283639 ], [ -64.838491, -18.284284 ], [ -64.838681, -18.284606 ], [ -64.838905, -18.284876 ], [ -64.839034, -18.285086 ], [ -64.839258, -18.285385 ], [ -64.839258, -18.285385 ], [ -64.850877, -18.302962 ], [ -64.850862, -18.303002 ], [ -64.839259, -18.285449 ], [ -64.839035, -18.285149 ], [ -64.838906, -18.284939 ], [ -64.838682, -18.28467 ], [ -64.838492, -18.284348 ], [ -64.837903, -18.283702 ], [ -64.836761, -18.282261 ], [ -64.836761, -18.282238 ], [ -64.836473, -18.281904 ], [ -64.836449, -18.281904 ], [ -64.836389, -18.281834 ], [ -64.836257, -18.281731 ], [ -64.835403, -18.280831 ], [ -64.835235, -18.280681 ], [ -64.834947, -18.28037 ], [ -64.834706, -18.280139 ], [ -64.834262, -18.279655 ], [ -64.834178, -18.279586 ], [ -64.833408, -18.278675 ], [ -64.833216, -18.278398 ], [ -64.833108, -18.278214 ], [ -64.833012, -18.278098 ], [ -64.832951, -18.277949 ], [ -64.832855, -18.27781 ], [ -64.832422, -18.276876 ], [ -64.832326, -18.276496 ], [ -64.832289, -18.276254 ], [ -64.832241, -18.276115 ], [ -64.832241, -18.276053 ], [ -64.832289, -18.27619 ] ], [ [ -65.297911, -18.164675 ], [ -65.297824, -18.164824 ], [ -65.297744, -18.164963 ], [ -65.297436, -18.165492 ], [ -65.296946, -18.166334 ], [ -65.296801, -18.166584 ], [ -65.296729, -18.166708 ], [ -65.296433, -18.167217 ], [ -65.296285, -18.167471 ], [ -65.296142, -18.167717 ], [ -65.295901, -18.168131 ], [ -65.295531, -18.168767 ], [ -65.295365, -18.169052 ], [ -65.294995, -18.169688 ], [ -65.29474, -18.170127 ], [ -65.294519, -18.170507 ], [ -65.294288, -18.170904 ], [ -65.294098, -18.171232 ], [ -65.293993, -18.171412 ], [ -65.293905, -18.171562 ], [ -65.293788, -18.17173 ], [ -65.293588, -18.172017 ], [ -65.293421, -18.172257 ], [ -65.293248, -18.172506 ], [ -65.29302, -18.172833 ], [ -65.292829, -18.173106 ], [ -65.292454, -18.173645 ], [ -65.292284, -18.173889 ], [ -65.292177, -18.174042 ], [ -65.291969, -18.17434 ], [ -65.291809, -18.174571 ], [ -65.291639, -18.174814 ], [ -65.291369, -18.175201 ], [ -65.291151, -18.175514 ], [ -65.290976, -18.175765 ], [ -65.290877, -18.175907 ], [ -65.290769, -18.176063 ], [ -65.290349, -18.176666 ], [ -65.290033, -18.177119 ], [ -65.289686, -18.177617 ], [ -65.289412, -18.178009 ], [ -65.288708, -18.17902 ], [ -65.288357, -18.179524 ], [ -65.287884, -18.180202 ], [ -65.287567, -18.180656 ], [ -65.286721, -18.18187 ], [ -65.284423, -18.185167 ], [ -65.282946, -18.187287 ], [ -65.282996, -18.187215 ], [ -65.28322, -18.186894 ], [ -65.285932, -18.183002 ], [ -65.289256, -18.178233 ], [ -65.293248, -18.172506 ], [ -65.293788, -18.17173 ], [ -65.293905, -18.171562 ], [ -65.29474, -18.170127 ], [ -65.295497, -18.168826 ], [ -65.29715, -18.165984 ], [ -65.298218, -18.164148 ], [ -65.298225, -18.164069 ], [ -65.298227, -18.163828 ], [ -65.29812, -18.163528 ], [ -65.298037, -18.163367 ], [ -65.29799, -18.163159 ], [ -65.297812, -18.162733 ], [ -65.297788, -18.162641 ], [ -65.29779, -18.162296 ], [ -65.297815, -18.162169 ], [ -65.297815, -18.162135 ], [ -65.298022, -18.161653 ], [ -65.298022, -18.161653 ], [ -65.297815, -18.162135 ], [ -65.297815, -18.162169 ], [ -65.29779, -18.162296 ], [ -65.297788, -18.162641 ], [ -65.297812, -18.162733 ], [ -65.29799, -18.163159 ], [ -65.298037, -18.163367 ], [ -65.29812, -18.163528 ], [ -65.298227, -18.163828 ], [ -65.298225, -18.164069 ], [ -65.298218, -18.164148 ], [ -65.298119, -18.164318 ], [ -65.297999, -18.164523 ], [ -65.297911, -18.164675 ] ], [ [ -65.281437, -18.189451 ], [ -65.287655, -18.194598 ], [ -65.289038, -18.195743 ], [ -65.288969, -18.195686 ], [ -65.287387, -18.194376 ], [ -65.287235, -18.194251 ], [ -65.281437, -18.189451 ], [ -65.282611, -18.187767 ], [ -65.281437, -18.189451 ] ], [ [ -65.290274, -18.196767 ], [ -65.291243, -18.196217 ], [ -65.291185, -18.19625 ], [ -65.290274, -18.196767 ], [ -65.289681, -18.196275 ], [ -65.289598, -18.196207 ], [ -65.28915, -18.195836 ], [ -65.290274, -18.196767 ] ], [ [ -65.294897, -18.194143 ], [ -65.294725, -18.19424 ], [ -65.293763, -18.194786 ], [ -65.293575, -18.194893 ], [ -65.292111, -18.195724 ], [ -65.294897, -18.194143 ] ], [ [ -65.297406, -18.192719 ], [ -65.297406, -18.192719 ], [ -65.295073, -18.194043 ], [ -65.295006, -18.194081 ], [ -65.297406, -18.192719 ] ], [ [ -65.302916, -18.186815 ], [ -65.305282, -18.184602 ], [ -65.305486, -18.184411 ], [ -65.305646, -18.184261 ], [ -65.305891, -18.184032 ], [ -65.305926, -18.184062 ], [ -65.306173, -18.184278 ], [ -65.306439, -18.184511 ], [ -65.307038, -18.185035 ], [ -65.307792, -18.185695 ], [ -65.305891, -18.184032 ], [ -65.305646, -18.184261 ], [ -65.302635, -18.187116 ], [ -65.302916, -18.186815 ] ], [ [ -65.308538, -18.186348 ], [ -65.309114, -18.186852 ], [ -65.310427, -18.188001 ], [ -65.31179, -18.191335 ], [ -65.315081, -18.193399 ], [ -65.31404, -18.197011 ], [ -65.316777, -18.19808 ], [ -65.317635, -18.198415 ], [ -65.319077, -18.198978 ], [ -65.320869, -18.201282 ], [ -65.320868, -18.201282 ], [ -65.320869, -18.201282 ], [ -65.319077, -18.198978 ], [ -65.31404, -18.197012 ], [ -65.315081, -18.193399 ], [ -65.31179, -18.191335 ], [ -65.310427, -18.188001 ], [ -65.308531, -18.186342 ], [ -65.308538, -18.186348 ] ], [ [ -65.312247, -18.21644 ], [ -65.30996, -18.221983 ], [ -65.306832, -18.227876 ], [ -65.30387, -18.233455 ], [ -65.310683, -18.236854 ], [ -65.315464, -18.239239 ], [ -65.317059, -18.240035 ], [ -65.318909, -18.2406 ], [ -65.319858, -18.240889 ], [ -65.320333, -18.241034 ], [ -65.321376, -18.241353 ], [ -65.322091, -18.241571 ], [ -65.322757, -18.241774 ], [ -65.322987, -18.241845 ], [ -65.323165, -18.241899 ], [ -65.323533, -18.242011 ], [ -65.323533, -18.242011 ], [ -65.323533, -18.242011 ], [ -65.317059, -18.240035 ], [ -65.30387, -18.233455 ], [ -65.305531, -18.230326 ], [ -65.305697, -18.230013 ], [ -65.305962, -18.229514 ], [ -65.306832, -18.227876 ], [ -65.30996, -18.221983 ], [ -65.312247, -18.21644 ], [ -65.313956, -18.213246 ], [ -65.313957, -18.213246 ], [ -65.312247, -18.21644 ] ], [ [ -65.362209, -18.260245 ], [ -65.360942, -18.261338 ], [ -65.354946, -18.266512 ], [ -65.352084, -18.267491 ], [ -65.349798, -18.268273 ], [ -65.346888, -18.269268 ], [ -65.346386, -18.26944 ], [ -65.345755, -18.269656 ], [ -65.345003, -18.270354 ], [ -65.343411, -18.271835 ], [ -65.341964, -18.273181 ], [ -65.341967, -18.273171 ], [ -65.343612, -18.271642 ], [ -65.345767, -18.269638 ], [ -65.350057, -18.26817 ], [ -65.354958, -18.266494 ], [ -65.358387, -18.263536 ], [ -65.362204, -18.260243 ], [ -65.362209, -18.260245 ] ], [ [ -65.340284, -18.277539 ], [ -65.337633, -18.278144 ], [ -65.336735, -18.278766 ], [ -65.334752, -18.280139 ], [ -65.333322, -18.280402 ], [ -65.332189, -18.280611 ], [ -65.33166, -18.280708 ], [ -65.33052, -18.280902 ], [ -65.331654, -18.280694 ], [ -65.334764, -18.280121 ], [ -65.337646, -18.278126 ], [ -65.340291, -18.277523 ], [ -65.340284, -18.277539 ] ], [ [ -65.322942, -18.290041 ], [ -65.322942, -18.290042 ], [ -65.322942, -18.290042 ], [ -65.322942, -18.290041 ], [ -65.322942, -18.290041 ] ], [ [ -65.325236, -18.292129 ], [ -65.323205, -18.294026 ], [ -65.323002, -18.294216 ], [ -65.321866, -18.295278 ], [ -65.318412, -18.298503 ], [ -65.318283, -18.298624 ], [ -65.318233, -18.298673 ], [ -65.318212, -18.298691 ], [ -65.318283, -18.298624 ], [ -65.318317, -18.298592 ], [ -65.318631, -18.298293 ], [ -65.32003, -18.296986 ], [ -65.320599, -18.296454 ], [ -65.321042, -18.296041 ], [ -65.321297, -18.295803 ], [ -65.321878, -18.29526 ], [ -65.325232, -18.292126 ], [ -65.325236, -18.292129 ] ], [ [ -65.315665, -18.304037 ], [ -65.315665, -18.304038 ], [ -65.315665, -18.304037 ], [ -65.315665, -18.304037 ], [ -65.315665, -18.304037 ] ], [ [ -65.315903, -18.30925 ], [ -65.314596, -18.313378 ], [ -65.313686, -18.31625 ], [ -65.31359, -18.31639 ], [ -65.313557, -18.316438 ], [ -65.316773, -18.306501 ], [ -65.315903, -18.30925 ] ], [ [ -65.316376, -18.341508 ], [ -65.316378, -18.341509 ], [ -65.316376, -18.341508 ], [ -65.316376, -18.341508 ], [ -65.316376, -18.341508 ] ], [ [ -65.340591, -18.366255 ], [ -65.34059, -18.366249 ], [ -65.340591, -18.366227 ], [ -65.340591, -18.366255 ] ], [ [ -65.341014, -18.369457 ], [ -65.340972, -18.369765 ], [ -65.34096, -18.369849 ], [ -65.34095, -18.369902 ], [ -65.340925, -18.370219 ], [ -65.340928, -18.370447 ], [ -65.340931, -18.370557 ], [ -65.340924, -18.370698 ], [ -65.340901, -18.370846 ], [ -65.340869, -18.371056 ], [ -65.340829, -18.37132 ], [ -65.340813, -18.371637 ], [ -65.340803, -18.371827 ], [ -65.340714, -18.37218 ], [ -65.340689, -18.372281 ], [ -65.341, -18.369395 ], [ -65.341014, -18.369457 ] ], [ [ -65.340623, -18.377142 ], [ -65.340367, -18.377389 ], [ -65.340089, -18.377543 ], [ -65.339863, -18.377828 ], [ -65.339662, -18.37808 ], [ -65.339662, -18.378078 ], [ -65.340102, -18.377525 ], [ -65.340379, -18.377372 ], [ -65.34063, -18.37713 ], [ -65.340623, -18.377142 ] ], [ [ -65.341745, -18.38287 ], [ -65.341742, -18.382878 ], [ -65.341748, -18.38286 ], [ -65.341745, -18.38287 ] ], [ [ -65.341523, -18.383326 ], [ -65.341395, -18.383478 ], [ -65.341262, -18.383634 ], [ -65.341265, -18.383628 ], [ -65.341529, -18.383316 ], [ -65.341523, -18.383326 ] ], [ [ -65.340951, -18.386365 ], [ -65.340902, -18.386447 ], [ -65.340836, -18.386587 ], [ -65.340722, -18.386831 ], [ -65.340724, -18.386984 ], [ -65.340736, -18.387113 ], [ -65.34076, -18.387273 ], [ -65.340841, -18.387478 ], [ -65.340963, -18.387678 ], [ -65.340963, -18.387678 ], [ -65.340963, -18.387678 ], [ -65.340841, -18.387479 ], [ -65.34076, -18.387273 ], [ -65.340725, -18.387045 ], [ -65.340722, -18.386831 ], [ -65.340902, -18.386447 ], [ -65.340925, -18.386365 ], [ -65.340958, -18.386353 ], [ -65.340951, -18.386365 ] ], [ [ -65.34126, -18.388062 ], [ -65.341398, -18.388256 ], [ -65.341592, -18.388464 ], [ -65.341592, -18.388464 ], [ -65.341592, -18.388464 ], [ -65.341398, -18.388256 ], [ -65.34126, -18.388062 ], [ -65.34126, -18.388062 ], [ -65.34126, -18.388062 ] ], [ [ -65.341855, -18.388862 ], [ -65.341966, -18.389031 ], [ -65.342081, -18.38918 ], [ -65.342205, -18.38932 ], [ -65.342377, -18.3894 ], [ -65.342552, -18.389394 ], [ -65.342625, -18.389367 ], [ -65.342749, -18.389321 ], [ -65.342749, -18.389321 ], [ -65.342552, -18.389394 ], [ -65.342377, -18.3894 ], [ -65.342205, -18.38932 ], [ -65.342081, -18.38918 ], [ -65.341966, -18.389031 ], [ -65.341855, -18.388862 ], [ -65.341855, -18.388862 ], [ -65.341855, -18.388862 ] ], [ [ -65.342798, -18.389263 ], [ -65.342881, -18.389189 ], [ -65.342883, -18.389193 ], [ -65.343004, -18.389092 ], [ -65.342883, -18.389193 ], [ -65.342798, -18.389263 ], [ -65.342798, -18.389263 ] ], [ [ -65.345816, -18.39598 ], [ -65.345835, -18.396148 ], [ -65.345768, -18.395551 ], [ -65.345816, -18.39598 ] ], [ [ -65.346313, -18.397919 ], [ -65.346315, -18.397922 ], [ -65.346387, -18.397958 ], [ -65.34636, -18.398115 ], [ -65.346409, -18.398343 ], [ -65.346542, -18.398774 ], [ -65.346603, -18.398904 ], [ -65.346755, -18.399114 ], [ -65.346755, -18.399114 ], [ -65.346755, -18.399114 ], [ -65.346603, -18.398904 ], [ -65.346542, -18.398774 ], [ -65.346461, -18.398601 ], [ -65.346409, -18.398343 ], [ -65.34636, -18.398115 ], [ -65.346313, -18.397919 ], [ -65.346299, -18.397858 ], [ -65.346313, -18.397919 ] ], [ [ -65.346926, -18.399451 ], [ -65.347101, -18.399891 ], [ -65.347191, -18.400084 ], [ -65.347256, -18.400224 ], [ -65.347431, -18.400493 ], [ -65.347605, -18.400696 ], [ -65.347844, -18.400973 ], [ -65.348227, -18.401222 ], [ -65.348747, -18.401391 ], [ -65.349126, -18.401513 ], [ -65.349659, -18.401679 ], [ -65.349948, -18.401822 ], [ -65.349948, -18.401822 ], [ -65.349948, -18.401822 ], [ -65.349659, -18.401679 ], [ -65.349396, -18.401601 ], [ -65.348227, -18.401222 ], [ -65.348022, -18.401089 ], [ -65.347844, -18.400973 ], [ -65.347686, -18.40079 ], [ -65.347514, -18.40059 ], [ -65.347323, -18.400368 ], [ -65.347256, -18.400224 ], [ -65.347191, -18.400084 ], [ -65.347101, -18.399891 ], [ -65.346926, -18.399451 ], [ -65.346926, -18.399451 ] ], [ [ -65.350288, -18.40222 ], [ -65.350289, -18.40222 ], [ -65.350288, -18.40222 ], [ -65.350288, -18.40222 ] ], [ [ -65.350465, -18.402526 ], [ -65.350465, -18.402526 ], [ -65.350465, -18.402526 ], [ -65.350465, -18.402526 ] ], [ [ -65.350705, -18.403028 ], [ -65.350847, -18.403343 ], [ -65.351043, -18.403721 ], [ -65.351131, -18.403871 ], [ -65.351185, -18.403965 ], [ -65.351185, -18.403965 ], [ -65.351185, -18.403965 ], [ -65.351131, -18.403871 ], [ -65.350921, -18.403511 ], [ -65.350847, -18.403343 ], [ -65.350705, -18.403028 ], [ -65.350705, -18.403028 ] ], [ [ -65.351555, -18.404453 ], [ -65.351906, -18.405005 ], [ -65.35234, -18.405494 ], [ -65.352471, -18.405784 ], [ -65.352751, -18.4062 ], [ -65.353153, -18.406578 ], [ -65.353751, -18.406833 ], [ -65.354413, -18.406968 ], [ -65.354957, -18.407243 ], [ -65.354957, -18.407244 ], [ -65.354957, -18.407243 ], [ -65.354413, -18.406968 ], [ -65.353751, -18.406833 ], [ -65.353261, -18.406624 ], [ -65.353153, -18.406578 ], [ -65.352751, -18.4062 ], [ -65.35262, -18.406004 ], [ -65.352471, -18.405784 ], [ -65.35234, -18.405494 ], [ -65.351906, -18.405005 ], [ -65.351897, -18.404994 ], [ -65.351761, -18.404784 ], [ -65.351555, -18.404453 ], [ -65.351554, -18.404453 ], [ -65.351555, -18.404453 ] ], [ [ -65.715361, -17.51344 ], [ -65.70331, -17.516425 ], [ -65.695197, -17.518582 ], [ -65.69521, -17.518518 ], [ -65.703515, -17.51631 ], [ -65.715565, -17.513324 ], [ -65.737651, -17.520449 ], [ -65.715361, -17.51344 ] ], [ [ -65.6938, -17.525514 ], [ -65.695005, -17.518633 ], [ -65.695197, -17.518582 ], [ -65.6938, -17.525514 ] ], [ [ -65.541907, -17.701775 ], [ -65.541862, -17.701745 ], [ -65.542971, -17.701124 ], [ -65.541907, -17.701775 ] ], [ [ -65.541951, -17.701806 ], [ -65.541779, -17.701919 ], [ -65.541882, -17.701791 ], [ -65.541907, -17.701775 ], [ -65.541951, -17.701806 ] ], [ [ -65.541969, -17.701794 ], [ -65.542226, -17.701968 ], [ -65.551639, -17.708357 ], [ -65.541951, -17.701806 ], [ -65.541969, -17.701794 ] ], [ [ -65.541769, -17.701931 ], [ -65.541541, -17.702075 ], [ -65.541757, -17.701934 ], [ -65.541779, -17.701919 ], [ -65.541769, -17.701931 ] ], [ [ -65.362306, -17.777061 ], [ -65.362004, -17.777097 ], [ -65.3618, -17.777092 ], [ -65.3615, -17.777132 ], [ -65.361463, -17.777154 ], [ -65.361355, -17.777175 ], [ -65.361053, -17.777306 ], [ -65.360968, -17.777362 ], [ -65.360932, -17.777361 ], [ -65.360823, -17.777417 ], [ -65.360714, -17.777449 ], [ -65.360411, -17.777603 ], [ -65.360339, -17.777625 ], [ -65.360217, -17.777703 ], [ -65.360181, -17.777702 ], [ -65.36012, -17.777746 ], [ -65.359976, -17.777789 ], [ -65.35971, -17.777899 ], [ -65.359504, -17.778009 ], [ -65.359443, -17.778019 ], [ -65.359201, -17.778129 ], [ -65.359153, -17.778174 ], [ -65.359117, -17.778173 ], [ -65.358971, -17.778239 ], [ -65.358874, -17.778306 ], [ -65.358727, -17.778453 ], [ -65.358591, -17.778668 ], [ -65.358631, -17.779059 ], [ -65.358676, -17.779198 ], [ -65.358734, -17.779303 ], [ -65.359017, -17.77955 ], [ -65.35904, -17.779608 ], [ -65.359216, -17.779784 ], [ -65.359319, -17.780005 ], [ -65.359401, -17.780133 ], [ -65.35949, -17.780445 ], [ -65.359531, -17.780791 ], [ -65.359524, -17.781158 ], [ -65.359496, -17.781364 ], [ -65.359496, -17.781364 ], [ -65.359496, -17.781364 ], [ -65.359524, -17.781158 ], [ -65.359531, -17.780791 ], [ -65.35949, -17.780445 ], [ -65.359401, -17.780133 ], [ -65.359319, -17.780005 ], [ -65.359216, -17.779784 ], [ -65.35904, -17.779608 ], [ -65.359017, -17.77955 ], [ -65.358734, -17.779303 ], [ -65.358676, -17.779198 ], [ -65.358631, -17.779059 ], [ -65.358591, -17.778668 ], [ -65.358727, -17.778452 ], [ -65.358874, -17.778306 ], [ -65.358971, -17.778239 ], [ -65.359117, -17.778173 ], [ -65.359152, -17.778174 ], [ -65.359201, -17.778129 ], [ -65.359443, -17.778019 ], [ -65.359504, -17.778009 ], [ -65.35971, -17.777899 ], [ -65.359976, -17.777789 ], [ -65.36012, -17.777746 ], [ -65.360181, -17.777702 ], [ -65.360217, -17.777702 ], [ -65.360339, -17.777625 ], [ -65.360411, -17.777603 ], [ -65.360714, -17.777449 ], [ -65.360823, -17.777416 ], [ -65.360932, -17.777361 ], [ -65.360968, -17.777362 ], [ -65.361053, -17.777306 ], [ -65.361355, -17.777175 ], [ -65.361463, -17.777154 ], [ -65.3615, -17.777132 ], [ -65.3618, -17.777092 ], [ -65.362004, -17.777097 ], [ -65.362306, -17.777061 ], [ -65.362232, -17.777004 ], [ -65.326914, -17.758822 ], [ -65.328889, -17.759837 ], [ -65.335115, -17.763034 ], [ -65.342431, -17.76679 ], [ -65.362413, -17.777048 ], [ -65.362484, -17.777072 ], [ -65.362626, -17.777156 ], [ -65.362812, -17.777447 ], [ -65.362306, -17.777061 ] ], [ [ -65.325053, -17.758561 ], [ -65.321903, -17.758119 ], [ -65.293624, -17.754144 ], [ -65.293528, -17.75413 ], [ -65.285077, -17.762005 ], [ -65.271132, -17.774997 ], [ -65.271132, -17.774996 ], [ -65.293528, -17.75413 ], [ -65.326914, -17.758822 ], [ -65.326914, -17.758822 ], [ -65.325053, -17.758561 ] ], [ [ -65.271132, -17.774996 ], [ -65.249261, -17.749022 ], [ -65.254366, -17.739379 ], [ -65.278405, -17.711658 ], [ -65.281814, -17.706451 ], [ -65.280548, -17.704943 ], [ -65.280536, -17.704908 ], [ -65.280404, -17.704771 ], [ -65.280019, -17.704254 ], [ -65.280006, -17.704219 ], [ -65.279561, -17.703737 ], [ -65.278852, -17.703013 ], [ -65.277697, -17.7016 ], [ -65.276711, -17.700451 ], [ -65.276218, -17.69998 ], [ -65.276218, -17.69998 ], [ -65.276711, -17.700451 ], [ -65.277697, -17.7016 ], [ -65.278852, -17.703013 ], [ -65.279562, -17.703737 ], [ -65.280007, -17.704219 ], [ -65.280019, -17.704254 ], [ -65.280404, -17.704771 ], [ -65.280536, -17.704909 ], [ -65.280548, -17.704943 ], [ -65.281814, -17.706451 ], [ -65.278405, -17.711658 ], [ -65.272396, -17.718588 ], [ -65.262865, -17.72958 ], [ -65.262852, -17.729595 ], [ -65.254366, -17.739379 ], [ -65.249261, -17.749022 ], [ -65.249535, -17.749347 ], [ -65.251169, -17.751288 ], [ -65.271132, -17.774996 ], [ -65.271132, -17.774996 ] ], [ [ -65.278994, -17.839315 ], [ -65.278464, -17.839519 ], [ -65.278248, -17.839552 ], [ -65.277527, -17.839536 ], [ -65.277095, -17.839475 ], [ -65.276999, -17.83944 ], [ -65.276699, -17.839484 ], [ -65.276482, -17.839667 ], [ -65.276397, -17.839758 ], [ -65.276179, -17.840137 ], [ -65.276105, -17.840367 ], [ -65.27596, -17.840643 ], [ -65.275874, -17.840896 ], [ -65.275486, -17.841539 ], [ -65.274857, -17.84233 ], [ -65.2747, -17.842502 ], [ -65.274579, -17.842663 ], [ -65.274482, -17.842916 ], [ -65.274812, -17.844025 ], [ -65.274782, -17.84504 ], [ -65.274709, -17.845247 ], [ -65.274551, -17.845499 ], [ -65.274237, -17.845912 ], [ -65.273838, -17.846336 ], [ -65.273597, -17.846496 ], [ -65.273331, -17.846724 ], [ -65.27332, -17.846732 ], [ -65.273018, -17.846941 ], [ -65.272752, -17.84717 ], [ -65.272282, -17.847432 ], [ -65.27215, -17.847466 ], [ -65.271994, -17.847557 ], [ -65.271873, -17.847648 ], [ -65.27168, -17.847705 ], [ -65.271007, -17.84778 ], [ -65.270599, -17.847778 ], [ -65.270082, -17.847751 ], [ -65.269866, -17.847772 ], [ -65.269217, -17.847906 ], [ -65.268795, -17.848099 ], [ -65.268398, -17.848166 ], [ -65.267821, -17.848358 ], [ -65.267352, -17.848423 ], [ -65.267304, -17.848446 ], [ -65.267075, -17.848468 ], [ -65.266582, -17.848637 ], [ -65.266245, -17.848819 ], [ -65.26581, -17.849162 ], [ -65.265532, -17.849483 ], [ -65.265399, -17.849678 ], [ -65.265253, -17.849988 ], [ -65.265143, -17.850299 ], [ -65.26507, -17.850564 ], [ -65.26486, -17.851496 ], [ -65.264691, -17.851703 ], [ -65.264389, -17.851943 ], [ -65.264184, -17.852056 ], [ -65.264051, -17.852251 ], [ -65.263808, -17.852711 ], [ -65.263735, -17.852907 ], [ -65.263578, -17.853182 ], [ -65.263287, -17.853584 ], [ -65.263203, -17.853641 ], [ -65.262913, -17.853915 ], [ -65.262248, -17.854683 ], [ -65.261753, -17.855095 ], [ -65.261705, -17.855095 ], [ -65.261705, -17.855118 ], [ -65.261356, -17.855265 ], [ -65.261007, -17.855378 ], [ -65.260043, -17.855809 ], [ -65.259476, -17.856197 ], [ -65.259271, -17.856392 ], [ -65.258546, -17.857205 ], [ -65.258449, -17.857355 ], [ -65.258448, -17.857412 ], [ -65.258183, -17.857595 ], [ -65.257821, -17.857961 ], [ -65.257808, -17.857996 ], [ -65.25776, -17.858019 ], [ -65.25706, -17.858705 ], [ -65.256951, -17.858785 ], [ -65.256554, -17.858898 ], [ -65.256205, -17.858953 ], [ -65.255893, -17.858951 ], [ -65.255797, -17.858927 ], [ -65.255593, -17.858845 ], [ -65.25527, -17.858681 ], [ -65.255066, -17.85868 ], [ -65.254825, -17.858713 ], [ -65.254657, -17.858757 ], [ -65.254476, -17.858779 ], [ -65.254079, -17.858961 ], [ -65.253717, -17.8592 ], [ -65.25298, -17.859922 ], [ -65.252544, -17.860507 ], [ -65.252338, -17.860978 ], [ -65.252264, -17.86122 ], [ -65.252178, -17.861611 ], [ -65.252164, -17.862015 ], [ -65.25221, -17.862303 ], [ -65.252281, -17.862557 ], [ -65.252268, -17.862603 ], [ -65.252267, -17.862869 ], [ -65.252205, -17.863168 ], [ -65.251891, -17.863558 ], [ -65.25142, -17.863946 ], [ -65.251336, -17.863992 ], [ -65.250855, -17.864342 ], [ -65.249337, -17.865479 ], [ -65.248629, -17.866282 ], [ -65.248382, -17.866619 ], [ -65.248087, -17.866922 ], [ -65.246873, -17.867593 ], [ -65.246684, -17.867768 ], [ -65.246487, -17.868219 ], [ -65.246486, -17.86898 ], [ -65.246443, -17.869315 ], [ -65.246188, -17.869883 ], [ -65.245942, -17.8703 ], [ -65.245803, -17.870659 ], [ -65.245764, -17.871213 ], [ -65.245592, -17.871791 ], [ -65.245565, -17.872333 ], [ -65.245605, -17.872598 ], [ -65.246202, -17.874009 ], [ -65.246841, -17.875016 ], [ -65.246869, -17.875315 ], [ -65.246837, -17.875535 ], [ -65.246471, -17.876726 ], [ -65.246302, -17.8775 ], [ -65.246153, -17.878747 ], [ -65.246094, -17.879623 ], [ -65.245977, -17.880582 ], [ -65.245703, -17.881518 ], [ -65.245469, -17.881936 ], [ -65.245091, -17.882309 ], [ -65.244912, -17.882392 ], [ -65.244421, -17.882466 ], [ -65.243943, -17.88261 ], [ -65.243658, -17.882786 ], [ -65.243089, -17.884026 ], [ -65.241741, -17.88539 ], [ -65.241517, -17.88568 ], [ -65.241437, -17.885935 ], [ -65.241468, -17.886361 ], [ -65.241618, -17.886774 ], [ -65.242025, -17.887496 ], [ -65.242669, -17.888837 ], [ -65.242686, -17.889183 ], [ -65.242583, -17.88953 ], [ -65.242373, -17.889924 ], [ -65.242021, -17.890412 ], [ -65.241772, -17.890645 ], [ -65.241223, -17.890859 ], [ -65.240315, -17.891111 ], [ -65.239348, -17.891456 ], [ -65.23923, -17.89155 ], [ -65.239224, -17.891699 ], [ -65.239221, -17.891769 ], [ -65.239284, -17.891976 ], [ -65.239816, -17.893065 ], [ -65.239917, -17.893398 ], [ -65.239919, -17.893536 ], [ -65.239851, -17.893744 ], [ -65.239589, -17.893897 ], [ -65.239084, -17.893834 ], [ -65.23877, -17.893722 ], [ -65.238614, -17.893724 ], [ -65.238409, -17.893657 ], [ -65.237483, -17.893517 ], [ -65.237207, -17.89352 ], [ -65.236957, -17.893685 ], [ -65.236493, -17.894739 ], [ -65.234872, -17.896232 ], [ -65.234748, -17.896387 ], [ -65.234471, -17.896732 ], [ -65.234167, -17.897301 ], [ -65.234041, -17.897682 ], [ -65.233945, -17.898444 ], [ -65.233951, -17.898882 ], [ -65.234081, -17.899538 ], [ -65.234863, -17.90044 ], [ -65.234973, -17.900611 ], [ -65.235037, -17.900864 ], [ -65.235053, -17.901129 ], [ -65.234928, -17.901603 ], [ -65.234601, -17.902183 ], [ -65.233754, -17.903345 ], [ -65.233403, -17.903937 ], [ -65.233159, -17.904458 ], [ -65.232779, -17.904751 ], [ -65.232354, -17.905217 ], [ -65.231153, -17.905945 ], [ -65.230704, -17.906434 ], [ -65.230578, -17.906804 ], [ -65.230584, -17.907219 ], [ -65.230794, -17.90762 ], [ -65.231162, -17.908169 ], [ -65.231298, -17.908433 ], [ -65.231124, -17.908838 ], [ -65.230627, -17.909293 ], [ -65.230425, -17.909411 ], [ -65.230229, -17.909562 ], [ -65.22981, -17.910017 ], [ -65.229681, -17.910237 ], [ -65.229615, -17.910676 ], [ -65.229764, -17.911009 ], [ -65.229887, -17.911169 ], [ -65.229887, -17.911169 ], [ -65.229764, -17.911009 ], [ -65.229615, -17.910676 ], [ -65.229681, -17.910237 ], [ -65.22981, -17.910017 ], [ -65.230229, -17.909562 ], [ -65.230425, -17.909411 ], [ -65.230627, -17.909293 ], [ -65.231124, -17.908838 ], [ -65.231298, -17.908433 ], [ -65.231162, -17.908169 ], [ -65.230794, -17.90762 ], [ -65.230584, -17.907219 ], [ -65.230577, -17.906804 ], [ -65.230704, -17.906434 ], [ -65.231153, -17.905945 ], [ -65.232354, -17.905216 ], [ -65.232779, -17.904751 ], [ -65.233159, -17.904458 ], [ -65.233403, -17.903937 ], [ -65.233754, -17.903345 ], [ -65.234601, -17.902183 ], [ -65.234928, -17.901603 ], [ -65.235053, -17.901129 ], [ -65.235037, -17.900864 ], [ -65.234973, -17.900611 ], [ -65.234863, -17.900439 ], [ -65.234081, -17.899538 ], [ -65.233951, -17.898882 ], [ -65.233945, -17.898444 ], [ -65.234041, -17.897682 ], [ -65.234167, -17.897301 ], [ -65.234471, -17.896732 ], [ -65.234871, -17.896232 ], [ -65.236493, -17.894739 ], [ -65.236957, -17.893685 ], [ -65.237207, -17.89352 ], [ -65.237483, -17.893517 ], [ -65.238409, -17.893657 ], [ -65.238614, -17.893724 ], [ -65.23877, -17.893722 ], [ -65.239084, -17.893834 ], [ -65.239589, -17.893897 ], [ -65.239851, -17.893744 ], [ -65.239919, -17.893536 ], [ -65.239917, -17.893398 ], [ -65.239816, -17.893065 ], [ -65.239284, -17.891976 ], [ -65.239221, -17.891769 ], [ -65.239229, -17.89155 ], [ -65.239348, -17.891456 ], [ -65.240315, -17.891111 ], [ -65.241223, -17.890859 ], [ -65.241772, -17.890645 ], [ -65.242021, -17.890412 ], [ -65.242373, -17.889924 ], [ -65.242583, -17.88953 ], [ -65.242686, -17.889183 ], [ -65.242669, -17.888837 ], [ -65.242025, -17.887496 ], [ -65.241618, -17.886774 ], [ -65.241468, -17.886361 ], [ -65.241437, -17.885935 ], [ -65.241517, -17.88568 ], [ -65.241741, -17.885389 ], [ -65.243088, -17.884026 ], [ -65.243658, -17.882786 ], [ -65.243943, -17.88261 ], [ -65.244421, -17.882466 ], [ -65.244912, -17.882392 ], [ -65.245091, -17.882309 ], [ -65.245469, -17.881936 ], [ -65.245703, -17.881518 ], [ -65.245977, -17.880581 ], [ -65.246094, -17.879623 ], [ -65.246153, -17.878747 ], [ -65.246302, -17.8775 ], [ -65.246471, -17.876726 ], [ -65.246837, -17.875535 ], [ -65.246869, -17.875315 ], [ -65.246841, -17.875016 ], [ -65.246202, -17.874009 ], [ -65.245604, -17.872598 ], [ -65.245564, -17.872333 ], [ -65.245592, -17.871791 ], [ -65.245764, -17.871213 ], [ -65.245803, -17.870659 ], [ -65.245942, -17.8703 ], [ -65.246188, -17.869882 ], [ -65.246443, -17.869315 ], [ -65.246486, -17.86898 ], [ -65.246486, -17.868219 ], [ -65.246684, -17.867768 ], [ -65.246873, -17.867593 ], [ -65.248087, -17.866922 ], [ -65.248382, -17.866619 ], [ -65.248629, -17.866282 ], [ -65.249337, -17.865479 ], [ -65.250855, -17.864342 ], [ -65.251335, -17.863992 ], [ -65.25142, -17.863946 ], [ -65.25189, -17.863558 ], [ -65.252205, -17.863168 ], [ -65.252267, -17.862868 ], [ -65.252268, -17.862603 ], [ -65.252281, -17.862557 ], [ -65.25221, -17.862303 ], [ -65.252163, -17.862014 ], [ -65.252178, -17.861611 ], [ -65.252264, -17.86122 ], [ -65.252338, -17.860978 ], [ -65.252544, -17.860507 ], [ -65.25298, -17.859922 ], [ -65.253717, -17.8592 ], [ -65.254079, -17.858961 ], [ -65.254476, -17.858779 ], [ -65.254657, -17.858757 ], [ -65.254825, -17.858712 ], [ -65.255065, -17.85868 ], [ -65.25527, -17.858681 ], [ -65.255593, -17.858845 ], [ -65.255797, -17.858927 ], [ -65.255893, -17.858951 ], [ -65.256205, -17.858953 ], [ -65.256554, -17.858898 ], [ -65.256951, -17.858785 ], [ -65.257059, -17.858705 ], [ -65.25776, -17.858018 ], [ -65.257808, -17.857996 ], [ -65.257821, -17.857961 ], [ -65.258183, -17.857595 ], [ -65.258448, -17.857412 ], [ -65.258449, -17.857355 ], [ -65.258546, -17.857205 ], [ -65.259271, -17.856392 ], [ -65.259476, -17.856197 ], [ -65.260043, -17.855809 ], [ -65.261006, -17.855378 ], [ -65.261355, -17.855265 ], [ -65.261705, -17.855118 ], [ -65.261705, -17.855094 ], [ -65.261753, -17.855095 ], [ -65.262248, -17.854683 ], [ -65.262913, -17.853915 ], [ -65.263202, -17.853641 ], [ -65.263287, -17.853584 ], [ -65.263577, -17.853182 ], [ -65.263735, -17.852906 ], [ -65.263808, -17.852711 ], [ -65.264051, -17.852251 ], [ -65.264184, -17.852056 ], [ -65.264389, -17.851942 ], [ -65.264691, -17.851702 ], [ -65.26486, -17.851496 ], [ -65.26507, -17.850564 ], [ -65.265143, -17.850299 ], [ -65.265253, -17.849988 ], [ -65.265399, -17.849678 ], [ -65.265532, -17.849483 ], [ -65.26581, -17.849162 ], [ -65.266245, -17.848819 ], [ -65.266582, -17.848637 ], [ -65.267075, -17.848468 ], [ -65.267304, -17.848446 ], [ -65.267352, -17.848423 ], [ -65.267821, -17.848358 ], [ -65.268398, -17.848166 ], [ -65.268795, -17.848099 ], [ -65.269217, -17.847906 ], [ -65.269866, -17.847772 ], [ -65.270082, -17.847751 ], [ -65.270599, -17.847778 ], [ -65.271007, -17.84778 ], [ -65.27168, -17.847704 ], [ -65.271873, -17.847648 ], [ -65.271993, -17.847557 ], [ -65.27215, -17.847466 ], [ -65.272282, -17.847432 ], [ -65.272752, -17.84717 ], [ -65.273018, -17.846941 ], [ -65.273331, -17.846724 ], [ -65.273597, -17.846496 ], [ -65.273838, -17.846336 ], [ -65.274237, -17.845912 ], [ -65.274551, -17.845499 ], [ -65.274709, -17.845247 ], [ -65.274782, -17.84504 ], [ -65.274812, -17.844025 ], [ -65.274482, -17.842916 ], [ -65.274579, -17.842663 ], [ -65.2747, -17.842502 ], [ -65.274857, -17.84233 ], [ -65.275486, -17.841539 ], [ -65.275874, -17.840896 ], [ -65.27596, -17.840643 ], [ -65.276105, -17.840367 ], [ -65.276179, -17.840137 ], [ -65.276397, -17.839758 ], [ -65.276481, -17.839667 ], [ -65.276699, -17.839484 ], [ -65.276999, -17.83944 ], [ -65.277095, -17.839475 ], [ -65.277527, -17.839536 ], [ -65.278248, -17.839552 ], [ -65.278464, -17.839519 ], [ -65.278994, -17.839315 ], [ -65.278994, -17.839315 ], [ -65.278994, -17.839315 ] ], [ [ -65.230919, -17.911976 ], [ -65.23092, -17.912022 ], [ -65.230993, -17.91209 ], [ -65.230973, -17.912367 ], [ -65.230683, -17.913027 ], [ -65.230449, -17.913445 ], [ -65.230334, -17.913757 ], [ -65.230305, -17.914242 ], [ -65.230539, -17.914619 ], [ -65.230758, -17.914824 ], [ -65.230758, -17.914824 ], [ -65.230539, -17.914619 ], [ -65.230305, -17.914242 ], [ -65.230334, -17.913757 ], [ -65.230449, -17.913445 ], [ -65.230683, -17.913027 ], [ -65.230973, -17.912367 ], [ -65.230993, -17.91209 ], [ -65.23092, -17.912022 ], [ -65.230919, -17.911976 ], [ -65.230919, -17.911976 ] ], [ [ -65.232341, -17.915579 ], [ -65.232342, -17.915579 ], [ -65.231315, -17.915141 ], [ -65.231315, -17.915141 ], [ -65.232341, -17.915579 ] ], [ [ -65.232972, -17.91601 ], [ -65.233338, -17.916375 ], [ -65.233338, -17.916375 ], [ -65.232972, -17.91601 ], [ -65.232972, -17.91601 ] ], [ [ -65.233871, -17.916726 ], [ -65.234055, -17.916904 ], [ -65.232708, -17.917604 ], [ -65.232329, -17.917919 ], [ -65.231951, -17.918373 ], [ -65.231448, -17.919185 ], [ -65.231247, -17.919395 ], [ -65.230831, -17.919699 ], [ -65.230294, -17.919936 ], [ -65.229218, -17.920213 ], [ -65.228838, -17.920471 ], [ -65.228623, -17.920542 ], [ -65.22755, -17.92065 ], [ -65.226034, -17.920802 ], [ -65.225424, -17.920901 ], [ -65.224874, -17.921057 ], [ -65.223167, -17.921687 ], [ -65.221638, -17.922153 ], [ -65.219813, -17.922116 ], [ -65.219179, -17.922261 ], [ -65.21888, -17.92238 ], [ -65.218163, -17.922549 ], [ -65.216939, -17.922609 ], [ -65.216592, -17.922671 ], [ -65.216163, -17.922848 ], [ -65.215379, -17.923399 ], [ -65.215142, -17.923666 ], [ -65.215086, -17.923932 ], [ -65.215138, -17.924162 ], [ -65.215248, -17.924322 ], [ -65.215248, -17.924322 ], [ -65.215138, -17.924162 ], [ -65.215086, -17.923932 ], [ -65.215142, -17.923666 ], [ -65.215378, -17.923399 ], [ -65.216162, -17.922848 ], [ -65.216592, -17.92267 ], [ -65.216939, -17.922609 ], [ -65.218162, -17.922549 ], [ -65.21888, -17.92238 ], [ -65.219178, -17.922261 ], [ -65.219812, -17.922116 ], [ -65.221637, -17.922153 ], [ -65.223167, -17.921687 ], [ -65.224874, -17.921057 ], [ -65.225424, -17.920901 ], [ -65.226034, -17.920802 ], [ -65.228623, -17.920542 ], [ -65.228838, -17.920471 ], [ -65.229218, -17.920213 ], [ -65.230294, -17.919936 ], [ -65.230831, -17.919699 ], [ -65.231247, -17.919395 ], [ -65.231447, -17.919185 ], [ -65.231951, -17.918373 ], [ -65.232329, -17.917919 ], [ -65.232708, -17.917604 ], [ -65.234055, -17.916904 ], [ -65.233871, -17.916726 ], [ -65.233871, -17.916726 ] ], [ [ -65.215897, -17.924361 ], [ -65.216439, -17.924459 ], [ -65.216812, -17.924581 ], [ -65.216813, -17.924582 ], [ -65.216439, -17.924459 ], [ -65.215897, -17.924361 ], [ -65.215248, -17.924322 ], [ -65.215248, -17.924322 ], [ -65.215897, -17.924361 ] ], [ [ -65.218022, -17.925179 ], [ -65.218022, -17.925179 ], [ -65.217418, -17.924921 ], [ -65.217418, -17.924921 ], [ -65.218022, -17.925179 ] ], [ [ -65.218944, -17.925826 ], [ -65.21925, -17.926214 ], [ -65.219398, -17.926535 ], [ -65.219401, -17.926697 ], [ -65.219226, -17.927056 ], [ -65.218931, -17.927359 ], [ -65.218225, -17.928347 ], [ -65.217976, -17.928545 ], [ -65.217332, -17.928841 ], [ -65.217046, -17.928936 ], [ -65.215606, -17.928964 ], [ -65.21479, -17.92903 ], [ -65.213977, -17.929189 ], [ -65.213232, -17.929163 ], [ -65.212882, -17.929074 ], [ -65.212342, -17.929057 ], [ -65.212246, -17.929081 ], [ -65.212152, -17.929163 ], [ -65.211861, -17.929777 ], [ -65.210869, -17.932497 ], [ -65.210885, -17.932751 ], [ -65.211234, -17.933634 ], [ -65.211279, -17.934245 ], [ -65.211152, -17.93458 ], [ -65.210893, -17.934929 ], [ -65.209987, -17.935354 ], [ -65.209548, -17.93567 ], [ -65.208814, -17.936393 ], [ -65.20854, -17.936511 ], [ -65.208109, -17.936608 ], [ -65.206357, -17.936616 ], [ -65.205766, -17.936438 ], [ -65.205128, -17.936318 ], [ -65.204742, -17.936207 ], [ -65.204742, -17.936207 ], [ -65.205128, -17.936318 ], [ -65.205766, -17.936438 ], [ -65.206357, -17.936616 ], [ -65.208109, -17.936608 ], [ -65.20854, -17.936511 ], [ -65.208814, -17.936393 ], [ -65.209548, -17.93567 ], [ -65.209987, -17.935354 ], [ -65.210893, -17.934929 ], [ -65.211152, -17.93458 ], [ -65.211279, -17.934245 ], [ -65.211234, -17.933634 ], [ -65.210885, -17.93275 ], [ -65.210869, -17.932497 ], [ -65.211861, -17.929777 ], [ -65.212152, -17.929163 ], [ -65.212246, -17.929081 ], [ -65.212342, -17.929057 ], [ -65.212882, -17.929074 ], [ -65.213232, -17.929163 ], [ -65.213976, -17.929189 ], [ -65.21479, -17.92903 ], [ -65.215606, -17.928963 ], [ -65.217046, -17.928936 ], [ -65.217332, -17.928841 ], [ -65.217976, -17.928545 ], [ -65.218225, -17.928346 ], [ -65.218931, -17.927359 ], [ -65.219226, -17.927056 ], [ -65.219401, -17.926697 ], [ -65.219398, -17.926535 ], [ -65.21925, -17.926214 ], [ -65.218944, -17.925826 ], [ -65.218944, -17.925826 ] ], [ [ -65.204621, -17.93614 ], [ -65.204543, -17.935714 ], [ -65.204587, -17.935483 ], [ -65.204835, -17.935227 ], [ -65.205228, -17.934957 ], [ -65.205609, -17.934803 ], [ -65.206324, -17.934415 ], [ -65.206596, -17.934158 ], [ -65.206616, -17.933904 ], [ -65.206591, -17.933835 ], [ -65.206591, -17.933835 ], [ -65.206616, -17.933904 ], [ -65.206596, -17.934158 ], [ -65.206324, -17.934415 ], [ -65.20561, -17.934803 ], [ -65.205228, -17.934957 ], [ -65.204836, -17.935227 ], [ -65.204587, -17.935483 ], [ -65.204543, -17.935714 ], [ -65.204621, -17.93614 ], [ -65.204621, -17.93614 ] ], [ [ -65.206301, -17.933689 ], [ -65.20606, -17.933634 ], [ -65.205508, -17.933617 ], [ -65.205243, -17.933562 ], [ -65.205243, -17.933562 ], [ -65.205508, -17.933617 ], [ -65.20606, -17.933634 ], [ -65.206301, -17.933689 ], [ -65.206591, -17.933835 ], [ -65.206301, -17.933689 ] ], [ [ -65.203665, -17.932381 ], [ -65.203665, -17.932381 ], [ -65.204674, -17.933234 ], [ -65.203665, -17.932381 ] ], [ [ -65.202235, -17.931463 ], [ -65.201931, -17.931201 ], [ -65.201931, -17.931201 ], [ -65.202235, -17.931463 ], [ -65.202235, -17.931463 ] ], [ [ -65.201351, -17.930966 ], [ -65.201091, -17.931211 ], [ -65.200864, -17.93134 ], [ -65.199917, -17.931373 ], [ -65.199822, -17.931467 ], [ -65.199512, -17.932392 ], [ -65.199289, -17.93274 ], [ -65.198719, -17.933185 ], [ -65.196804, -17.934393 ], [ -65.196592, -17.934661 ], [ -65.196323, -17.935113 ], [ -65.196242, -17.935333 ], [ -65.196248, -17.935736 ], [ -65.196507, -17.936206 ], [ -65.196645, -17.936562 ], [ -65.196722, -17.936953 ], [ -65.196683, -17.937518 ], [ -65.196536, -17.938165 ], [ -65.196421, -17.939319 ], [ -65.196449, -17.939584 ], [ -65.196562, -17.939894 ], [ -65.196882, -17.940398 ], [ -65.19782, -17.941344 ], [ -65.199208, -17.942631 ], [ -65.199392, -17.94294 ], [ -65.199483, -17.943389 ], [ -65.199448, -17.943482 ], [ -65.199212, -17.943761 ], [ -65.198786, -17.944169 ], [ -65.198144, -17.944579 ], [ -65.197476, -17.944875 ], [ -65.195828, -17.945423 ], [ -65.19503, -17.945847 ], [ -65.193133, -17.946686 ], [ -65.19273, -17.947014 ], [ -65.191878, -17.947876 ], [ -65.191653, -17.948051 ], [ -65.191104, -17.948299 ], [ -65.190931, -17.94835 ], [ -65.190363, -17.948515 ], [ -65.189501, -17.948663 ], [ -65.188342, -17.949021 ], [ -65.187877, -17.94928 ], [ -65.187498, -17.949595 ], [ -65.186978, -17.950177 ], [ -65.186029, -17.95096 ], [ -65.184882, -17.952091 ], [ -65.183431, -17.953847 ], [ -65.183003, -17.954106 ], [ -65.182379, -17.95417 ], [ -65.182078, -17.95407 ], [ -65.182078, -17.95407 ], [ -65.182379, -17.95417 ], [ -65.183002, -17.954106 ], [ -65.183431, -17.953847 ], [ -65.184882, -17.952091 ], [ -65.186029, -17.95096 ], [ -65.186978, -17.950177 ], [ -65.187498, -17.949595 ], [ -65.187877, -17.94928 ], [ -65.188342, -17.949021 ], [ -65.189501, -17.948663 ], [ -65.190363, -17.948515 ], [ -65.191104, -17.948299 ], [ -65.191653, -17.948051 ], [ -65.191878, -17.947876 ], [ -65.19273, -17.947014 ], [ -65.193133, -17.946686 ], [ -65.195029, -17.945847 ], [ -65.195828, -17.945423 ], [ -65.197476, -17.944875 ], [ -65.198144, -17.944579 ], [ -65.198786, -17.944169 ], [ -65.199212, -17.943761 ], [ -65.199448, -17.943482 ], [ -65.199483, -17.943389 ], [ -65.199392, -17.94294 ], [ -65.199207, -17.942631 ], [ -65.19782, -17.941344 ], [ -65.196881, -17.940398 ], [ -65.196562, -17.939894 ], [ -65.196449, -17.939584 ], [ -65.196421, -17.939319 ], [ -65.196536, -17.938165 ], [ -65.196683, -17.937518 ], [ -65.196722, -17.936953 ], [ -65.196644, -17.936562 ], [ -65.196507, -17.936206 ], [ -65.196248, -17.935736 ], [ -65.196242, -17.935333 ], [ -65.196323, -17.935113 ], [ -65.196592, -17.93466 ], [ -65.196804, -17.934393 ], [ -65.198719, -17.933185 ], [ -65.199289, -17.93274 ], [ -65.199512, -17.932392 ], [ -65.199822, -17.931467 ], [ -65.199917, -17.931373 ], [ -65.200864, -17.93134 ], [ -65.201091, -17.93121 ], [ -65.201351, -17.930966 ], [ -65.201544, -17.930998 ], [ -65.201544, -17.930998 ], [ -65.201351, -17.930966 ] ], [ [ -65.181605, -17.953787 ], [ -65.181116, -17.953158 ], [ -65.180734, -17.952528 ], [ -65.180227, -17.951508 ], [ -65.180227, -17.951508 ], [ -65.180734, -17.952528 ], [ -65.181116, -17.953158 ], [ -65.181605, -17.953787 ], [ -65.181605, -17.953787 ] ], [ [ -65.179194, -17.951473 ], [ -65.178438, -17.951516 ], [ -65.177159, -17.951899 ], [ -65.176936, -17.952224 ], [ -65.176861, -17.952847 ], [ -65.176383, -17.953809 ], [ -65.176303, -17.954064 ], [ -65.176307, -17.954352 ], [ -65.176423, -17.954892 ], [ -65.176491, -17.955445 ], [ -65.176305, -17.955804 ], [ -65.176197, -17.955874 ], [ -65.175695, -17.955961 ], [ -65.175263, -17.955977 ], [ -65.174926, -17.955934 ], [ -65.174456, -17.955813 ], [ -65.174238, -17.955711 ], [ -65.174238, -17.955711 ], [ -65.174456, -17.955813 ], [ -65.174926, -17.955934 ], [ -65.175262, -17.955977 ], [ -65.175694, -17.955961 ], [ -65.176197, -17.955874 ], [ -65.176304, -17.955804 ], [ -65.176491, -17.955445 ], [ -65.176423, -17.954892 ], [ -65.176307, -17.954352 ], [ -65.176303, -17.954064 ], [ -65.176383, -17.953809 ], [ -65.176861, -17.952847 ], [ -65.176936, -17.952224 ], [ -65.177159, -17.951899 ], [ -65.178438, -17.951516 ], [ -65.179194, -17.951473 ], [ -65.180227, -17.951508 ], [ -65.180227, -17.951508 ], [ -65.179194, -17.951473 ] ], [ [ -65.172723, -17.954702 ], [ -65.171339, -17.954521 ], [ -65.170666, -17.954482 ], [ -65.170045, -17.954651 ], [ -65.169759, -17.954815 ], [ -65.169522, -17.955037 ], [ -65.169322, -17.955292 ], [ -65.169049, -17.955549 ], [ -65.168466, -17.955867 ], [ -65.168158, -17.956135 ], [ -65.167805, -17.956669 ], [ -65.167635, -17.957363 ], [ -65.167645, -17.957996 ], [ -65.167841, -17.959112 ], [ -65.167874, -17.959711 ], [ -65.167657, -17.960509 ], [ -65.167043, -17.961991 ], [ -65.166975, -17.962269 ], [ -65.166229, -17.96381 ], [ -65.165958, -17.964147 ], [ -65.165815, -17.964229 ], [ -65.165146, -17.964421 ], [ -65.164583, -17.964508 ], [ -65.164222, -17.964477 ], [ -65.163932, -17.964377 ], [ -65.163932, -17.964376 ], [ -65.164222, -17.964477 ], [ -65.164582, -17.964508 ], [ -65.165145, -17.964421 ], [ -65.165815, -17.964229 ], [ -65.165958, -17.964147 ], [ -65.166229, -17.96381 ], [ -65.166975, -17.962269 ], [ -65.167043, -17.961991 ], [ -65.167657, -17.960509 ], [ -65.167874, -17.959711 ], [ -65.167841, -17.959112 ], [ -65.167644, -17.957996 ], [ -65.167635, -17.957362 ], [ -65.167805, -17.956669 ], [ -65.168157, -17.956135 ], [ -65.168466, -17.955866 ], [ -65.169049, -17.955549 ], [ -65.169322, -17.955292 ], [ -65.169522, -17.955037 ], [ -65.169759, -17.954815 ], [ -65.170045, -17.95465 ], [ -65.170666, -17.954482 ], [ -65.171339, -17.954521 ], [ -65.172723, -17.954702 ], [ -65.173037, -17.954848 ], [ -65.173037, -17.954848 ], [ -65.172723, -17.954702 ] ], [ [ -65.163653, -17.964195 ], [ -65.163163, -17.963532 ], [ -65.163018, -17.963407 ], [ -65.163018, -17.963407 ], [ -65.163164, -17.963532 ], [ -65.163653, -17.964195 ], [ -65.163653, -17.964195 ] ], [ [ -65.162861, -17.963339 ], [ -65.162044, -17.963325 ], [ -65.161901, -17.963384 ], [ -65.161661, -17.963387 ], [ -65.160673, -17.963155 ], [ -65.160145, -17.963161 ], [ -65.158888, -17.963417 ], [ -65.157769, -17.963626 ], [ -65.157302, -17.963845 ], [ -65.157302, -17.963844 ], [ -65.157312, -17.963863 ], [ -65.157382, -17.963915 ], [ -65.157452, -17.963976 ], [ -65.157508, -17.963999 ], [ -65.157577, -17.964087 ], [ -65.157592, -17.964376 ], [ -65.157569, -17.964487 ], [ -65.157546, -17.964548 ], [ -65.15753, -17.964572 ], [ -65.157348, -17.96479 ], [ -65.157339, -17.964801 ], [ -65.157323, -17.964824 ], [ -65.157298, -17.964855 ], [ -65.157255, -17.964905 ], [ -65.157212, -17.964954 ], [ -65.157181, -17.965009 ], [ -65.157092, -17.965168 ], [ -65.157092, -17.965168 ], [ -65.157181, -17.965009 ], [ -65.157212, -17.964954 ], [ -65.157255, -17.964905 ], [ -65.157298, -17.964855 ], [ -65.157323, -17.964824 ], [ -65.157339, -17.964801 ], [ -65.157348, -17.96479 ], [ -65.15753, -17.964572 ], [ -65.157546, -17.964548 ], [ -65.157569, -17.964487 ], [ -65.157394, -17.964014 ], [ -65.157312, -17.963863 ], [ -65.157311, -17.963862 ], [ -65.157265, -17.963808 ], [ -65.157259, -17.963801 ], [ -65.157209, -17.963766 ], [ -65.157159, -17.963743 ], [ -65.157159, -17.963743 ], [ -65.157116, -17.96372 ], [ -65.157042, -17.963697 ], [ -65.15698, -17.963674 ], [ -65.156907, -17.963646 ], [ -65.156747, -17.963604 ], [ -65.156723, -17.963592 ], [ -65.156591, -17.963567 ], [ -65.156439, -17.963541 ], [ -65.156303, -17.963518 ], [ -65.156219, -17.963517 ], [ -65.156128, -17.963504 ], [ -65.156051, -17.963492 ], [ -65.155884, -17.963432 ], [ -65.155788, -17.963408 ], [ -65.15574, -17.963384 ], [ -65.155679, -17.963355 ], [ -65.155597, -17.963325 ], [ -65.155596, -17.963324 ], [ -65.155465, -17.963248 ], [ -65.155465, -17.963248 ], [ -65.155416, -17.963192 ], [ -65.155251, -17.963078 ], [ -65.155251, -17.963078 ], [ -65.155, -17.962925 ], [ -65.154821, -17.962853 ], [ -65.15482, -17.962853 ], [ -65.154629, -17.962747 ], [ -65.154486, -17.962699 ], [ -65.154486, -17.962699 ], [ -65.154402, -17.962652 ], [ -65.154283, -17.962604 ], [ -65.154151, -17.962568 ], [ -65.154019, -17.96252 ], [ -65.153696, -17.962447 ], [ -65.153311, -17.962442 ], [ -65.153227, -17.962453 ], [ -65.153119, -17.962452 ], [ -65.153023, -17.962462 ], [ -65.152854, -17.962553 ], [ -65.152769, -17.962621 ], [ -65.152685, -17.962678 ], [ -65.152539, -17.962838 ], [ -65.152442, -17.962998 ], [ -65.152392, -17.96316 ], [ -65.152269, -17.963505 ], [ -65.152231, -17.963666 ], [ -65.152107, -17.964104 ], [ -65.15207, -17.964207 ], [ -65.151995, -17.964484 ], [ -65.151895, -17.964945 ], [ -65.151892, -17.965222 ], [ -65.15188, -17.965268 ], [ -65.151732, -17.965578 ], [ -65.151672, -17.965624 ], [ -65.151563, -17.965773 ], [ -65.151465, -17.965876 ], [ -65.151393, -17.965967 ], [ -65.151186, -17.966173 ], [ -65.151017, -17.966309 ], [ -65.150799, -17.966503 ], [ -65.150629, -17.966675 ], [ -65.15052, -17.966812 ], [ -65.150483, -17.966869 ], [ -65.150409, -17.967053 ], [ -65.150384, -17.967192 ], [ -65.15038, -17.967619 ], [ -65.150403, -17.967758 ], [ -65.150564, -17.968442 ], [ -65.150669, -17.968824 ], [ -65.150703, -17.968998 ], [ -65.150785, -17.96923 ], [ -65.150867, -17.969393 ], [ -65.150891, -17.969474 ], [ -65.150973, -17.969625 ], [ -65.150997, -17.969695 ], [ -65.151103, -17.969904 ], [ -65.151185, -17.970136 ], [ -65.151326, -17.970404 ], [ -65.151385, -17.970543 ], [ -65.151385, -17.970566 ], [ -65.151408, -17.970647 ], [ -65.151407, -17.970693 ], [ -65.151407, -17.970693 ], [ -65.151408, -17.970647 ], [ -65.151385, -17.970566 ], [ -65.151385, -17.970543 ], [ -65.151326, -17.970403 ], [ -65.151184, -17.970136 ], [ -65.151103, -17.969904 ], [ -65.150997, -17.969695 ], [ -65.150973, -17.969625 ], [ -65.150891, -17.969474 ], [ -65.150867, -17.969393 ], [ -65.150785, -17.96923 ], [ -65.150703, -17.968998 ], [ -65.150669, -17.968824 ], [ -65.150564, -17.968442 ], [ -65.150403, -17.967758 ], [ -65.15038, -17.967619 ], [ -65.150384, -17.967192 ], [ -65.150409, -17.967053 ], [ -65.150483, -17.966869 ], [ -65.15052, -17.966812 ], [ -65.150629, -17.966674 ], [ -65.150799, -17.966503 ], [ -65.151017, -17.966309 ], [ -65.151186, -17.966173 ], [ -65.151392, -17.965967 ], [ -65.151465, -17.965875 ], [ -65.151562, -17.965773 ], [ -65.151672, -17.965624 ], [ -65.151732, -17.965578 ], [ -65.151879, -17.965268 ], [ -65.151892, -17.965222 ], [ -65.151895, -17.964945 ], [ -65.151995, -17.964484 ], [ -65.15207, -17.964207 ], [ -65.152107, -17.964104 ], [ -65.152231, -17.963666 ], [ -65.152269, -17.963505 ], [ -65.152392, -17.963159 ], [ -65.152441, -17.962998 ], [ -65.152539, -17.962838 ], [ -65.152685, -17.962678 ], [ -65.152769, -17.962621 ], [ -65.152854, -17.962552 ], [ -65.153023, -17.962462 ], [ -65.153119, -17.962452 ], [ -65.153227, -17.962453 ], [ -65.153311, -17.962442 ], [ -65.153696, -17.962447 ], [ -65.154019, -17.96252 ], [ -65.154151, -17.962568 ], [ -65.154282, -17.962604 ], [ -65.154402, -17.962652 ], [ -65.154402, -17.962652 ], [ -65.154486, -17.962699 ], [ -65.154629, -17.962747 ], [ -65.154629, -17.962747 ], [ -65.15482, -17.962853 ], [ -65.155, -17.962925 ], [ -65.155, -17.962925 ], [ -65.155251, -17.963078 ], [ -65.155251, -17.963078 ], [ -65.155416, -17.963192 ], [ -65.155416, -17.963192 ], [ -65.155465, -17.963248 ], [ -65.155596, -17.963324 ], [ -65.155679, -17.963355 ], [ -65.15574, -17.963384 ], [ -65.155788, -17.963408 ], [ -65.155884, -17.963432 ], [ -65.156051, -17.963492 ], [ -65.156128, -17.963504 ], [ -65.156219, -17.963517 ], [ -65.156303, -17.963518 ], [ -65.156438, -17.963541 ], [ -65.156591, -17.963567 ], [ -65.156723, -17.963592 ], [ -65.156747, -17.963604 ], [ -65.156907, -17.963646 ], [ -65.15698, -17.963674 ], [ -65.157042, -17.963697 ], [ -65.157116, -17.96372 ], [ -65.157116, -17.96372 ], [ -65.157159, -17.963743 ], [ -65.157159, -17.963743 ], [ -65.157209, -17.963766 ], [ -65.157209, -17.963766 ], [ -65.157259, -17.963801 ], [ -65.157259, -17.963801 ], [ -65.157302, -17.963844 ], [ -65.157769, -17.963626 ], [ -65.158888, -17.963417 ], [ -65.160144, -17.963161 ], [ -65.160673, -17.963155 ], [ -65.161661, -17.963387 ], [ -65.161901, -17.963384 ], [ -65.162044, -17.963325 ], [ -65.16286, -17.963339 ], [ -65.163018, -17.963407 ], [ -65.163018, -17.963407 ], [ -65.162861, -17.963339 ] ], [ [ -65.157006, -17.965329 ], [ -65.157006, -17.965329 ], [ -65.157068, -17.965191 ], [ -65.157068, -17.965191 ], [ -65.157006, -17.965329 ] ], [ [ -65.156897, -17.965466 ], [ -65.156897, -17.965466 ], [ -65.156946, -17.965386 ], [ -65.156946, -17.965386 ], [ -65.156897, -17.965466 ] ], [ [ -65.156848, -17.965569 ], [ -65.156848, -17.965569 ], [ -65.156873, -17.965489 ], [ -65.156873, -17.965489 ], [ -65.156848, -17.965569 ] ], [ [ -65.156775, -17.965684 ], [ -65.15675, -17.965799 ], [ -65.15675, -17.965799 ], [ -65.156775, -17.965684 ], [ -65.156812, -17.965604 ], [ -65.156812, -17.965604 ], [ -65.156775, -17.965684 ] ], [ [ -65.156737, -17.96588 ], [ -65.156712, -17.965972 ], [ -65.156747, -17.966088 ], [ -65.156854, -17.966217 ], [ -65.157008, -17.966369 ], [ -65.157068, -17.966416 ], [ -65.157092, -17.966416 ], [ -65.157294, -17.966661 ], [ -65.157365, -17.96672 ], [ -65.157435, -17.966928 ], [ -65.157432, -17.967263 ], [ -65.157395, -17.967402 ], [ -65.157333, -17.967586 ], [ -65.157272, -17.967735 ], [ -65.157234, -17.96785 ], [ -65.157161, -17.967965 ], [ -65.157124, -17.968046 ], [ -65.157038, -17.968345 ], [ -65.156817, -17.968816 ], [ -65.15673, -17.969104 ], [ -65.156668, -17.969277 ], [ -65.156606, -17.969518 ], [ -65.156543, -17.969853 ], [ -65.156538, -17.970326 ], [ -65.156584, -17.970593 ], [ -65.156619, -17.970709 ], [ -65.156642, -17.970848 ], [ -65.156711, -17.971137 ], [ -65.15671, -17.971195 ], [ -65.156734, -17.971195 ], [ -65.156734, -17.971219 ], [ -65.156758, -17.971242 ], [ -65.156839, -17.971578 ], [ -65.156884, -17.971833 ], [ -65.156882, -17.972041 ], [ -65.156857, -17.972156 ], [ -65.156856, -17.972237 ], [ -65.15682, -17.972283 ], [ -65.156734, -17.972455 ], [ -65.156734, -17.972455 ], [ -65.15682, -17.972283 ], [ -65.156856, -17.972237 ], [ -65.156857, -17.972156 ], [ -65.156882, -17.972041 ], [ -65.156884, -17.971833 ], [ -65.156839, -17.971578 ], [ -65.156758, -17.971242 ], [ -65.156734, -17.971219 ], [ -65.156734, -17.971195 ], [ -65.15671, -17.971195 ], [ -65.156711, -17.971137 ], [ -65.156642, -17.970848 ], [ -65.156619, -17.970709 ], [ -65.156584, -17.970593 ], [ -65.156538, -17.970326 ], [ -65.156543, -17.969853 ], [ -65.156606, -17.969518 ], [ -65.156668, -17.969277 ], [ -65.15673, -17.969104 ], [ -65.156817, -17.968816 ], [ -65.157038, -17.968345 ], [ -65.157124, -17.968046 ], [ -65.157161, -17.967965 ], [ -65.157234, -17.96785 ], [ -65.157272, -17.967735 ], [ -65.157333, -17.967586 ], [ -65.157395, -17.967402 ], [ -65.157432, -17.967263 ], [ -65.157435, -17.966928 ], [ -65.157365, -17.96672 ], [ -65.157294, -17.966661 ], [ -65.157092, -17.966416 ], [ -65.157068, -17.966416 ], [ -65.157008, -17.966369 ], [ -65.156854, -17.966217 ], [ -65.156747, -17.966088 ], [ -65.156712, -17.965972 ], [ -65.156737, -17.96588 ], [ -65.156738, -17.965799 ], [ -65.156738, -17.965799 ], [ -65.156737, -17.96588 ] ], [ [ -65.154569, -17.972834 ], [ -65.154545, -17.972868 ], [ -65.154495, -17.973041 ], [ -65.154493, -17.973295 ], [ -65.154479, -17.973434 ], [ -65.154503, -17.973503 ], [ -65.154526, -17.973538 ], [ -65.154574, -17.973573 ], [ -65.154681, -17.973702 ], [ -65.154967, -17.973948 ], [ -65.155314, -17.974091 ], [ -65.155637, -17.974152 ], [ -65.156466, -17.974162 ], [ -65.15661, -17.974187 ], [ -65.156754, -17.9742 ], [ -65.156873, -17.974236 ], [ -65.156957, -17.974283 ], [ -65.157065, -17.974319 ], [ -65.157136, -17.974401 ], [ -65.157362, -17.974589 ], [ -65.157362, -17.974612 ], [ -65.157385, -17.974693 ], [ -65.157407, -17.974913 ], [ -65.157406, -17.97504 ], [ -65.157406, -17.97504 ], [ -65.157407, -17.974913 ], [ -65.157385, -17.974693 ], [ -65.157362, -17.974612 ], [ -65.157362, -17.974589 ], [ -65.157136, -17.974401 ], [ -65.157065, -17.974319 ], [ -65.156957, -17.974283 ], [ -65.156873, -17.974236 ], [ -65.156754, -17.9742 ], [ -65.15661, -17.974187 ], [ -65.156466, -17.974162 ], [ -65.155637, -17.974152 ], [ -65.155314, -17.974091 ], [ -65.154967, -17.973948 ], [ -65.154681, -17.973702 ], [ -65.154574, -17.973573 ], [ -65.154526, -17.973538 ], [ -65.154503, -17.973503 ], [ -65.154479, -17.973434 ], [ -65.154493, -17.973295 ], [ -65.154495, -17.973041 ], [ -65.154545, -17.972868 ], [ -65.154569, -17.972834 ], [ -65.154715, -17.972685 ], [ -65.154715, -17.972685 ], [ -65.154569, -17.972834 ] ], [ [ -65.157285, -17.975177 ], [ -65.157285, -17.975177 ], [ -65.157309, -17.975119 ], [ -65.157309, -17.975119 ], [ -65.157285, -17.975177 ] ], [ [ -65.157261, -17.975188 ], [ -65.157261, -17.975188 ], [ -65.157261, -17.975177 ], [ -65.157261, -17.975177 ], [ -65.157261, -17.975188 ] ], [ [ -65.157249, -17.9752 ], [ -65.157249, -17.9752 ], [ -65.157249, -17.975188 ], [ -65.157249, -17.975188 ], [ -65.157249, -17.9752 ] ], [ [ -65.156982, -17.975451 ], [ -65.156873, -17.975565 ], [ -65.156727, -17.975737 ], [ -65.15669, -17.975805 ], [ -65.15663, -17.975886 ], [ -65.156605, -17.975955 ], [ -65.156495, -17.976115 ], [ -65.156434, -17.976288 ], [ -65.156433, -17.976322 ], [ -65.156433, -17.976322 ], [ -65.156434, -17.976288 ], [ -65.156495, -17.976115 ], [ -65.156605, -17.975955 ], [ -65.15663, -17.975886 ], [ -65.15669, -17.975805 ], [ -65.156727, -17.975737 ], [ -65.156873, -17.975565 ], [ -65.156982, -17.975451 ], [ -65.157006, -17.975405 ], [ -65.157006, -17.975405 ], [ -65.156982, -17.975451 ] ], [ [ -65.156419, -17.97653 ], [ -65.156443, -17.976611 ], [ -65.156442, -17.976634 ], [ -65.156514, -17.976716 ], [ -65.156549, -17.976797 ], [ -65.156573, -17.976821 ], [ -65.156608, -17.976891 ], [ -65.156667, -17.976961 ], [ -65.156738, -17.977146 ], [ -65.15676, -17.97732 ], [ -65.156759, -17.977447 ], [ -65.156771, -17.977447 ], [ -65.156745, -17.977643 ], [ -65.156707, -17.977816 ], [ -65.156706, -17.977897 ], [ -65.15667, -17.977943 ], [ -65.156596, -17.978162 ], [ -65.156595, -17.978231 ], [ -65.156571, -17.978277 ], [ -65.156569, -17.978508 ], [ -65.156555, -17.978635 ], [ -65.156554, -17.978808 ], [ -65.1566, -17.978994 ], [ -65.156612, -17.978994 ], [ -65.156779, -17.979157 ], [ -65.15691, -17.979217 ], [ -65.15697, -17.979217 ], [ -65.157138, -17.979254 ], [ -65.157246, -17.979255 ], [ -65.157414, -17.979223 ], [ -65.157668, -17.97911 ], [ -65.157776, -17.979077 ], [ -65.157921, -17.978998 ], [ -65.158054, -17.978941 ], [ -65.158162, -17.978873 ], [ -65.158271, -17.978817 ], [ -65.158343, -17.97876 ], [ -65.158464, -17.978692 ], [ -65.158609, -17.97859 ], [ -65.158911, -17.978443 ], [ -65.15908, -17.978376 ], [ -65.159188, -17.978342 ], [ -65.159297, -17.978297 ], [ -65.159381, -17.978275 ], [ -65.159477, -17.978265 ], [ -65.159573, -17.978243 ], [ -65.159777, -17.978245 ], [ -65.159874, -17.978223 ], [ -65.160522, -17.978231 ], [ -65.160522, -17.978243 ], [ -65.160558, -17.978266 ], [ -65.160954, -17.978271 ], [ -65.16099, -17.978294 ], [ -65.161038, -17.978295 ], [ -65.161062, -17.978307 ], [ -65.161266, -17.978344 ], [ -65.161446, -17.978346 ], [ -65.161542, -17.978359 ], [ -65.161626, -17.97836 ], [ -65.16177, -17.978338 ], [ -65.162047, -17.978284 ], [ -65.162167, -17.97825 ], [ -65.162287, -17.978229 ], [ -65.16254, -17.978162 ], [ -65.162841, -17.97812 ], [ -65.163021, -17.978076 ], [ -65.163382, -17.97808 ], [ -65.163477, -17.978104 ], [ -65.163561, -17.97814 ], [ -65.163656, -17.978256 ], [ -65.163691, -17.978361 ], [ -65.163715, -17.978396 ], [ -65.163714, -17.978454 ], [ -65.16375, -17.978523 ], [ -65.163831, -17.978825 ], [ -65.16383, -17.978975 ], [ -65.163853, -17.979068 ], [ -65.163852, -17.979137 ], [ -65.163876, -17.979172 ], [ -65.163874, -17.979299 ], [ -65.163886, -17.979299 ], [ -65.163922, -17.979392 ], [ -65.163957, -17.979427 ], [ -65.163981, -17.979473 ], [ -65.164005, -17.979497 ], [ -65.164065, -17.979521 ], [ -65.164209, -17.979522 ], [ -65.164329, -17.979478 ], [ -65.164631, -17.979308 ], [ -65.164849, -17.979126 ], [ -65.164849, -17.979126 ], [ -65.164631, -17.979308 ], [ -65.164329, -17.979478 ], [ -65.164209, -17.979522 ], [ -65.164065, -17.979521 ], [ -65.164005, -17.979497 ], [ -65.163981, -17.979474 ], [ -65.163957, -17.979427 ], [ -65.163922, -17.979392 ], [ -65.163886, -17.979299 ], [ -65.163874, -17.979299 ], [ -65.163876, -17.979172 ], [ -65.163852, -17.979137 ], [ -65.163853, -17.979068 ], [ -65.163829, -17.978975 ], [ -65.163831, -17.978825 ], [ -65.16375, -17.978523 ], [ -65.163714, -17.978454 ], [ -65.163715, -17.978396 ], [ -65.163691, -17.978361 ], [ -65.163656, -17.978256 ], [ -65.163561, -17.97814 ], [ -65.163477, -17.978104 ], [ -65.163382, -17.97808 ], [ -65.163021, -17.978076 ], [ -65.162841, -17.97812 ], [ -65.16254, -17.978162 ], [ -65.162287, -17.978229 ], [ -65.162167, -17.97825 ], [ -65.162047, -17.978284 ], [ -65.16177, -17.978338 ], [ -65.161626, -17.97836 ], [ -65.161542, -17.978359 ], [ -65.161446, -17.978346 ], [ -65.161266, -17.978344 ], [ -65.161062, -17.978307 ], [ -65.161038, -17.978295 ], [ -65.16099, -17.978294 ], [ -65.160954, -17.978271 ], [ -65.160558, -17.978266 ], [ -65.160522, -17.978243 ], [ -65.160522, -17.978231 ], [ -65.159874, -17.978223 ], [ -65.159777, -17.978245 ], [ -65.159573, -17.978243 ], [ -65.159477, -17.978265 ], [ -65.159381, -17.978275 ], [ -65.159297, -17.978297 ], [ -65.159188, -17.978342 ], [ -65.15908, -17.978376 ], [ -65.158911, -17.978443 ], [ -65.158609, -17.97859 ], [ -65.158464, -17.978692 ], [ -65.158343, -17.97876 ], [ -65.158271, -17.978817 ], [ -65.158162, -17.978873 ], [ -65.158054, -17.978941 ], [ -65.157921, -17.978998 ], [ -65.157776, -17.979077 ], [ -65.157668, -17.97911 ], [ -65.157414, -17.979223 ], [ -65.157246, -17.979255 ], [ -65.157138, -17.979254 ], [ -65.15697, -17.979217 ], [ -65.15691, -17.979217 ], [ -65.156779, -17.979157 ], [ -65.156612, -17.978994 ], [ -65.1566, -17.978994 ], [ -65.156554, -17.978808 ], [ -65.156555, -17.978635 ], [ -65.156569, -17.978508 ], [ -65.156571, -17.978277 ], [ -65.156595, -17.978231 ], [ -65.156596, -17.978162 ], [ -65.15667, -17.977943 ], [ -65.156706, -17.977897 ], [ -65.156707, -17.977816 ], [ -65.156745, -17.977643 ], [ -65.156771, -17.977447 ], [ -65.156759, -17.977447 ], [ -65.15676, -17.97732 ], [ -65.156738, -17.977146 ], [ -65.156667, -17.976961 ], [ -65.156608, -17.976891 ], [ -65.156573, -17.976821 ], [ -65.156549, -17.976797 ], [ -65.156514, -17.976716 ], [ -65.156442, -17.976634 ], [ -65.156443, -17.976611 ], [ -65.156419, -17.97653 ], [ -65.156421, -17.976322 ], [ -65.156421, -17.976322 ], [ -65.156419, -17.97653 ] ], [ [ -65.16559, -17.978256 ], [ -65.16565, -17.978199 ], [ -65.165759, -17.978131 ], [ -65.165843, -17.97812 ], [ -65.165927, -17.978121 ], [ -65.166059, -17.978192 ], [ -65.166237, -17.978333 ], [ -65.166285, -17.978391 ], [ -65.166321, -17.978415 ], [ -65.166344, -17.978461 ], [ -65.166404, -17.97852 ], [ -65.166427, -17.978555 ], [ -65.166427, -17.978578 ], [ -65.166463, -17.978613 ], [ -65.166463, -17.978636 ], [ -65.166486, -17.978671 ], [ -65.166485, -17.978844 ], [ -65.166496, -17.978879 ], [ -65.166496, -17.97896 ], [ -65.166434, -17.979133 ], [ -65.166397, -17.979178 ], [ -65.1663, -17.979351 ], [ -65.166081, -17.979625 ], [ -65.166081, -17.979625 ], [ -65.1663, -17.979351 ], [ -65.166397, -17.979178 ], [ -65.166434, -17.979133 ], [ -65.166496, -17.97896 ], [ -65.166496, -17.978879 ], [ -65.166485, -17.978844 ], [ -65.166486, -17.978671 ], [ -65.166463, -17.978636 ], [ -65.166463, -17.978613 ], [ -65.166427, -17.978578 ], [ -65.166427, -17.978555 ], [ -65.166404, -17.97852 ], [ -65.166344, -17.978461 ], [ -65.166321, -17.978415 ], [ -65.166285, -17.978391 ], [ -65.166237, -17.978333 ], [ -65.166059, -17.978192 ], [ -65.165927, -17.978121 ], [ -65.165843, -17.97812 ], [ -65.165759, -17.978131 ], [ -65.16565, -17.978199 ], [ -65.16559, -17.978256 ], [ -65.16559, -17.978256 ] ], [ [ -65.165923, -17.97982 ], [ -65.165886, -17.979912 ], [ -65.165813, -17.980038 ], [ -65.165776, -17.980119 ], [ -65.165715, -17.980187 ], [ -65.165703, -17.980268 ], [ -65.165666, -17.980314 ], [ -65.165652, -17.980545 ], [ -65.165699, -17.980661 ], [ -65.165735, -17.980696 ], [ -65.165807, -17.980697 ], [ -65.165951, -17.980722 ], [ -65.166083, -17.980723 ], [ -65.166286, -17.98076 ], [ -65.166358, -17.980761 ], [ -65.166647, -17.980707 ], [ -65.166912, -17.980594 ], [ -65.167094, -17.980492 ], [ -65.167214, -17.980413 ], [ -65.167347, -17.980357 ], [ -65.167468, -17.980289 ], [ -65.167576, -17.980244 ], [ -65.167697, -17.980222 ], [ -65.168118, -17.980065 ], [ -65.168311, -17.98001 ], [ -65.168504, -17.979943 ], [ -65.168817, -17.979877 ], [ -65.169346, -17.979802 ], [ -65.169718, -17.979807 ], [ -65.169934, -17.979798 ], [ -65.170137, -17.979904 ], [ -65.170137, -17.979927 ], [ -65.170076, -17.980054 ], [ -65.170039, -17.980192 ], [ -65.170039, -17.980192 ], [ -65.170076, -17.980054 ], [ -65.170137, -17.979927 ], [ -65.170137, -17.979904 ], [ -65.169934, -17.979798 ], [ -65.169718, -17.979807 ], [ -65.169346, -17.979802 ], [ -65.168817, -17.979877 ], [ -65.168504, -17.979943 ], [ -65.168311, -17.98001 ], [ -65.168118, -17.980065 ], [ -65.167697, -17.980222 ], [ -65.167576, -17.980244 ], [ -65.167468, -17.980289 ], [ -65.167347, -17.980357 ], [ -65.167214, -17.980413 ], [ -65.167094, -17.980492 ], [ -65.166912, -17.980594 ], [ -65.166647, -17.980707 ], [ -65.166358, -17.980761 ], [ -65.166286, -17.98076 ], [ -65.166083, -17.980723 ], [ -65.165951, -17.980722 ], [ -65.165807, -17.980697 ], [ -65.165735, -17.980696 ], [ -65.165699, -17.980661 ], [ -65.165652, -17.980545 ], [ -65.165666, -17.980314 ], [ -65.165703, -17.980268 ], [ -65.165715, -17.980187 ], [ -65.165776, -17.980119 ], [ -65.165813, -17.980038 ], [ -65.165886, -17.979912 ], [ -65.165923, -17.97982 ], [ -65.166045, -17.97966 ], [ -65.166045, -17.97966 ], [ -65.165923, -17.97982 ] ], [ [ -65.169953, -17.980329 ], [ -65.169868, -17.980421 ], [ -65.169783, -17.980535 ], [ -65.169674, -17.980661 ], [ -65.169674, -17.980661 ], [ -65.169783, -17.980535 ], [ -65.169868, -17.980421 ], [ -65.169953, -17.980329 ], [ -65.170002, -17.980226 ], [ -65.170002, -17.980226 ], [ -65.169953, -17.980329 ] ], [ [ -65.169117, -17.981082 ], [ -65.169117, -17.981082 ], [ -65.169154, -17.981037 ], [ -65.169154, -17.981037 ], [ -65.169117, -17.981082 ] ], [ [ -65.16767, -17.981724 ], [ -65.16767, -17.981724 ], [ -65.167707, -17.981667 ], [ -65.167707, -17.981667 ], [ -65.16767, -17.981724 ] ], [ [ -65.167537, -17.981884 ], [ -65.167476, -17.981976 ], [ -65.167426, -17.982137 ], [ -65.167425, -17.982322 ], [ -65.167436, -17.982391 ], [ -65.16753, -17.982612 ], [ -65.167613, -17.982705 ], [ -65.167744, -17.982799 ], [ -65.167948, -17.982894 ], [ -65.168187, -17.982955 ], [ -65.168343, -17.982957 ], [ -65.168463, -17.98297 ], [ -65.168583, -17.982959 ], [ -65.168656, -17.982937 ], [ -65.168728, -17.982869 ], [ -65.168752, -17.982857 ], [ -65.168752, -17.982857 ], [ -65.168728, -17.982869 ], [ -65.168656, -17.982937 ], [ -65.168583, -17.982959 ], [ -65.168463, -17.98297 ], [ -65.168343, -17.982957 ], [ -65.168187, -17.982955 ], [ -65.167948, -17.982894 ], [ -65.167744, -17.982799 ], [ -65.167613, -17.982705 ], [ -65.16753, -17.982612 ], [ -65.167436, -17.982391 ], [ -65.167425, -17.982322 ], [ -65.167426, -17.982137 ], [ -65.167476, -17.981976 ], [ -65.167537, -17.981884 ], [ -65.167586, -17.981792 ], [ -65.167586, -17.981792 ], [ -65.167537, -17.981884 ] ], [ [ -65.168789, -17.982812 ], [ -65.168837, -17.982778 ], [ -65.168837, -17.982778 ], [ -65.168789, -17.982812 ], [ -65.168789, -17.982812 ] ], [ [ -65.168983, -17.982618 ], [ -65.16914, -17.982492 ], [ -65.169188, -17.98247 ], [ -65.169236, -17.98247 ], [ -65.169285, -17.982459 ], [ -65.169465, -17.982461 ], [ -65.169501, -17.982485 ], [ -65.169525, -17.982485 ], [ -65.169596, -17.982509 ], [ -65.169644, -17.982544 ], [ -65.169703, -17.982626 ], [ -65.16975, -17.982731 ], [ -65.169797, -17.982916 ], [ -65.169796, -17.982997 ], [ -65.169831, -17.983078 ], [ -65.16983, -17.983205 ], [ -65.169852, -17.983379 ], [ -65.169898, -17.98361 ], [ -65.169933, -17.983738 ], [ -65.169956, -17.983877 ], [ -65.170003, -17.98397 ], [ -65.170073, -17.984144 ], [ -65.170156, -17.984307 ], [ -65.170167, -17.984353 ], [ -65.170191, -17.984377 ], [ -65.170335, -17.984459 ], [ -65.170394, -17.984518 ], [ -65.170526, -17.984519 ], [ -65.170598, -17.984497 ], [ -65.170622, -17.984497 ], [ -65.170622, -17.984497 ], [ -65.170598, -17.984497 ], [ -65.170526, -17.984519 ], [ -65.170394, -17.984518 ], [ -65.170335, -17.984459 ], [ -65.170191, -17.984377 ], [ -65.170167, -17.984353 ], [ -65.170156, -17.984307 ], [ -65.170073, -17.984144 ], [ -65.170003, -17.98397 ], [ -65.169956, -17.983877 ], [ -65.169933, -17.983738 ], [ -65.169898, -17.98361 ], [ -65.169852, -17.983379 ], [ -65.16983, -17.983205 ], [ -65.169831, -17.983078 ], [ -65.169796, -17.982997 ], [ -65.169797, -17.982916 ], [ -65.16975, -17.982731 ], [ -65.169703, -17.982626 ], [ -65.169644, -17.982544 ], [ -65.169596, -17.982509 ], [ -65.169525, -17.982485 ], [ -65.169501, -17.982485 ], [ -65.169465, -17.982461 ], [ -65.169285, -17.982459 ], [ -65.169236, -17.98247 ], [ -65.169188, -17.98247 ], [ -65.16914, -17.982492 ], [ -65.168983, -17.982618 ], [ -65.168983, -17.982618 ] ], [ [ -65.170623, -17.984474 ], [ -65.170695, -17.98444 ], [ -65.170719, -17.984417 ], [ -65.170719, -17.984417 ], [ -65.170695, -17.98444 ], [ -65.170623, -17.984474 ], [ -65.170623, -17.984474 ] ], [ [ -65.171194, -17.982516 ], [ -65.171278, -17.982437 ], [ -65.171555, -17.982336 ], [ -65.17188, -17.98234 ], [ -65.172167, -17.982458 ], [ -65.172418, -17.982577 ], [ -65.172597, -17.982672 ], [ -65.172692, -17.982765 ], [ -65.17287, -17.982975 ], [ -65.172941, -17.983103 ], [ -65.173202, -17.983453 ], [ -65.173297, -17.983604 ], [ -65.173415, -17.983767 ], [ -65.173534, -17.983954 ], [ -65.173878, -17.984397 ], [ -65.174032, -17.984572 ], [ -65.174222, -17.98484 ], [ -65.174364, -17.985026 ], [ -65.174685, -17.985377 ], [ -65.174804, -17.985517 ], [ -65.175101, -17.985809 ], [ -65.175364, -17.985997 ], [ -65.175471, -17.986056 ], [ -65.175603, -17.986104 ], [ -65.175711, -17.986163 ], [ -65.175794, -17.986187 ], [ -65.175866, -17.986223 ], [ -65.176082, -17.986271 ], [ -65.176166, -17.986284 ], [ -65.176262, -17.986308 ], [ -65.176382, -17.986309 ], [ -65.176562, -17.986323 ], [ -65.176946, -17.986328 ], [ -65.177175, -17.986284 ], [ -65.177608, -17.986127 ], [ -65.177729, -17.986071 ], [ -65.17791, -17.986004 ], [ -65.178006, -17.985947 ], [ -65.178139, -17.985914 ], [ -65.178199, -17.98588 ], [ -65.178283, -17.985881 ], [ -65.178319, -17.98587 ], [ -65.178464, -17.98586 ], [ -65.17856, -17.985861 ], [ -65.178679, -17.985897 ], [ -65.178787, -17.985945 ], [ -65.179086, -17.98611 ], [ -65.179336, -17.986298 ], [ -65.179443, -17.986403 ], [ -65.179503, -17.986485 ], [ -65.17961, -17.986601 ], [ -65.179645, -17.986671 ], [ -65.17968, -17.986718 ], [ -65.179704, -17.986787 ], [ -65.179728, -17.986799 ], [ -65.179725, -17.987065 ], [ -65.179664, -17.987191 ], [ -65.179664, -17.987191 ], [ -65.179725, -17.987065 ], [ -65.179728, -17.986799 ], [ -65.179704, -17.986787 ], [ -65.17968, -17.986718 ], [ -65.179645, -17.986671 ], [ -65.17961, -17.986601 ], [ -65.179503, -17.986485 ], [ -65.179443, -17.986403 ], [ -65.179336, -17.986298 ], [ -65.179086, -17.98611 ], [ -65.178787, -17.985945 ], [ -65.178679, -17.985897 ], [ -65.17856, -17.985861 ], [ -65.178464, -17.98586 ], [ -65.178319, -17.98587 ], [ -65.178283, -17.985881 ], [ -65.178199, -17.98588 ], [ -65.178139, -17.985914 ], [ -65.178006, -17.985947 ], [ -65.17791, -17.986004 ], [ -65.177729, -17.986071 ], [ -65.177608, -17.986127 ], [ -65.177175, -17.986284 ], [ -65.176946, -17.986328 ], [ -65.176562, -17.986323 ], [ -65.176382, -17.986309 ], [ -65.176262, -17.986308 ], [ -65.176166, -17.986284 ], [ -65.176082, -17.986271 ], [ -65.175866, -17.986223 ], [ -65.175794, -17.986187 ], [ -65.175711, -17.986163 ], [ -65.175603, -17.986104 ], [ -65.175471, -17.986056 ], [ -65.175364, -17.985997 ], [ -65.175101, -17.985809 ], [ -65.174804, -17.985517 ], [ -65.174685, -17.985377 ], [ -65.174364, -17.985026 ], [ -65.174222, -17.98484 ], [ -65.174032, -17.984572 ], [ -65.173878, -17.984397 ], [ -65.173534, -17.983954 ], [ -65.173415, -17.983767 ], [ -65.173297, -17.983604 ], [ -65.173202, -17.983453 ], [ -65.172941, -17.983103 ], [ -65.17287, -17.982975 ], [ -65.172692, -17.982765 ], [ -65.172597, -17.982672 ], [ -65.172418, -17.982577 ], [ -65.172167, -17.982458 ], [ -65.17188, -17.98234 ], [ -65.171555, -17.982336 ], [ -65.171278, -17.982437 ], [ -65.171194, -17.982516 ], [ -65.171194, -17.982516 ] ], [ [ -65.177737, -17.987793 ], [ -65.177676, -17.987873 ], [ -65.17759, -17.98808 ], [ -65.17754, -17.988299 ], [ -65.177537, -17.988576 ], [ -65.177525, -17.988645 ], [ -65.177525, -17.988645 ], [ -65.177537, -17.988576 ], [ -65.17754, -17.988299 ], [ -65.17759, -17.98808 ], [ -65.177676, -17.987873 ], [ -65.177737, -17.987793 ], [ -65.17787, -17.987656 ], [ -65.17787, -17.987656 ], [ -65.177737, -17.987793 ] ], [ [ -65.177512, -17.98868 ], [ -65.177559, -17.988854 ], [ -65.177606, -17.988981 ], [ -65.177605, -17.989028 ], [ -65.177629, -17.989074 ], [ -65.177734, -17.989376 ], [ -65.177757, -17.989503 ], [ -65.177756, -17.989549 ], [ -65.177803, -17.989654 ], [ -65.177827, -17.989735 ], [ -65.177826, -17.989781 ], [ -65.177921, -17.989979 ], [ -65.177968, -17.99006 ], [ -65.177968, -17.990072 ], [ -65.17811, -17.990247 ], [ -65.178158, -17.990282 ], [ -65.178205, -17.99034 ], [ -65.178217, -17.990375 ], [ -65.178265, -17.990387 ], [ -65.17836, -17.990458 ], [ -65.178564, -17.990541 ], [ -65.178672, -17.990565 ], [ -65.178804, -17.990578 ], [ -65.179008, -17.990581 ], [ -65.179128, -17.990559 ], [ -65.179261, -17.990514 ], [ -65.179393, -17.990458 ], [ -65.179646, -17.990369 ], [ -65.179731, -17.990324 ], [ -65.179827, -17.990302 ], [ -65.179984, -17.990223 ], [ -65.180093, -17.990154 ], [ -65.180503, -17.989951 ], [ -65.180793, -17.98977 ], [ -65.180938, -17.989691 ], [ -65.181143, -17.989554 ], [ -65.181324, -17.989452 ], [ -65.181481, -17.989385 ], [ -65.181614, -17.989317 ], [ -65.181987, -17.989252 ], [ -65.182299, -17.989256 ], [ -65.182502, -17.989304 ], [ -65.182598, -17.989352 ], [ -65.182706, -17.989388 ], [ -65.182849, -17.98947 ], [ -65.183016, -17.989588 ], [ -65.183231, -17.989764 ], [ -65.183374, -17.989904 ], [ -65.183492, -17.990055 ], [ -65.183551, -17.990183 ], [ -65.183634, -17.990311 ], [ -65.183716, -17.990543 ], [ -65.183799, -17.990683 ], [ -65.183846, -17.990799 ], [ -65.183928, -17.99095 ], [ -65.183963, -17.991032 ], [ -65.183975, -17.99109 ], [ -65.184128, -17.991449 ], [ -65.184163, -17.991554 ], [ -65.184233, -17.991693 ], [ -65.184269, -17.991798 ], [ -65.184446, -17.992112 ], [ -65.184493, -17.99217 ], [ -65.184541, -17.992194 ], [ -65.184601, -17.992252 ], [ -65.184672, -17.992346 ], [ -65.184874, -17.992556 ], [ -65.1851, -17.992767 ], [ -65.185195, -17.992872 ], [ -65.185529, -17.993153 ], [ -65.185636, -17.993258 ], [ -65.185945, -17.993643 ], [ -65.186004, -17.993736 ], [ -65.186099, -17.993853 ], [ -65.186194, -17.993993 ], [ -65.186276, -17.994132 ], [ -65.186335, -17.994248 ], [ -65.186382, -17.994365 ], [ -65.186441, -17.994481 ], [ -65.186533, -17.994956 ], [ -65.186532, -17.995094 ], [ -65.186544, -17.995094 ], [ -65.18653, -17.995221 ], [ -65.186444, -17.995451 ], [ -65.186394, -17.995728 ], [ -65.186393, -17.995774 ], [ -65.186369, -17.995832 ], [ -65.186368, -17.995901 ], [ -65.186331, -17.995993 ], [ -65.18633, -17.996086 ], [ -65.18633, -17.996086 ], [ -65.186331, -17.995993 ], [ -65.186368, -17.995901 ], [ -65.186369, -17.995832 ], [ -65.186393, -17.995774 ], [ -65.186394, -17.995728 ], [ -65.186444, -17.995451 ], [ -65.18653, -17.995221 ], [ -65.186544, -17.995094 ], [ -65.186532, -17.995094 ], [ -65.186533, -17.994956 ], [ -65.186441, -17.994481 ], [ -65.186382, -17.994365 ], [ -65.186335, -17.994248 ], [ -65.186276, -17.994132 ], [ -65.186194, -17.993993 ], [ -65.186099, -17.993853 ], [ -65.186004, -17.993736 ], [ -65.185945, -17.993643 ], [ -65.185636, -17.993258 ], [ -65.185529, -17.993153 ], [ -65.185195, -17.992872 ], [ -65.1851, -17.992767 ], [ -65.184874, -17.992556 ], [ -65.184672, -17.992346 ], [ -65.184601, -17.992252 ], [ -65.184541, -17.992194 ], [ -65.184493, -17.99217 ], [ -65.184446, -17.992112 ], [ -65.184269, -17.991798 ], [ -65.184233, -17.991693 ], [ -65.184163, -17.991554 ], [ -65.184128, -17.99145 ], [ -65.183975, -17.99109 ], [ -65.183963, -17.991032 ], [ -65.183928, -17.99095 ], [ -65.183846, -17.990799 ], [ -65.183799, -17.990683 ], [ -65.183716, -17.990543 ], [ -65.183634, -17.990311 ], [ -65.183551, -17.990183 ], [ -65.183492, -17.990055 ], [ -65.183374, -17.989904 ], [ -65.183231, -17.989764 ], [ -65.183016, -17.989588 ], [ -65.182849, -17.98947 ], [ -65.182706, -17.989388 ], [ -65.182598, -17.989352 ], [ -65.182502, -17.989304 ], [ -65.182299, -17.989256 ], [ -65.181987, -17.989252 ], [ -65.181614, -17.989317 ], [ -65.181481, -17.989385 ], [ -65.181324, -17.989452 ], [ -65.181143, -17.989554 ], [ -65.180938, -17.989691 ], [ -65.180793, -17.98977 ], [ -65.180503, -17.989951 ], [ -65.180093, -17.990154 ], [ -65.179984, -17.990223 ], [ -65.179827, -17.990302 ], [ -65.179731, -17.990324 ], [ -65.179646, -17.990369 ], [ -65.179393, -17.990458 ], [ -65.179261, -17.990514 ], [ -65.179128, -17.990559 ], [ -65.179008, -17.990581 ], [ -65.178804, -17.990578 ], [ -65.178672, -17.990565 ], [ -65.178564, -17.990541 ], [ -65.17836, -17.990458 ], [ -65.178265, -17.990387 ], [ -65.178217, -17.990375 ], [ -65.178205, -17.99034 ], [ -65.178158, -17.990282 ], [ -65.17811, -17.990247 ], [ -65.177968, -17.990072 ], [ -65.177968, -17.99006 ], [ -65.177921, -17.989979 ], [ -65.177826, -17.989781 ], [ -65.177827, -17.989735 ], [ -65.177803, -17.989654 ], [ -65.177756, -17.989549 ], [ -65.177757, -17.989503 ], [ -65.177734, -17.989376 ], [ -65.177629, -17.989074 ], [ -65.177605, -17.989028 ], [ -65.177606, -17.988981 ], [ -65.177559, -17.988854 ], [ -65.177512, -17.98868 ], [ -65.177513, -17.988645 ], [ -65.177513, -17.988645 ], [ -65.177512, -17.98868 ] ], [ [ -65.186305, -17.996178 ], [ -65.186304, -17.996339 ], [ -65.186267, -17.996408 ], [ -65.186266, -17.996501 ], [ -65.186241, -17.996639 ], [ -65.186215, -17.996847 ], [ -65.186213, -17.997055 ], [ -65.186187, -17.997251 ], [ -65.186186, -17.997413 ], [ -65.186149, -17.997528 ], [ -65.186148, -17.997586 ], [ -65.186098, -17.997781 ], [ -65.186097, -17.997932 ], [ -65.18606, -17.998024 ], [ -65.186058, -17.99822 ], [ -65.186128, -17.99844 ], [ -65.186187, -17.998534 ], [ -65.186402, -17.998709 ], [ -65.186449, -17.998756 ], [ -65.186473, -17.998756 ], [ -65.186545, -17.998803 ], [ -65.186617, -17.998827 ], [ -65.186773, -17.998829 ], [ -65.187135, -17.998625 ], [ -65.187329, -17.998466 ], [ -65.187474, -17.998364 ], [ -65.187594, -17.998307 ], [ -65.187667, -17.998262 ], [ -65.187739, -17.99824 ], [ -65.187775, -17.99824 ], [ -65.187848, -17.998206 ], [ -65.187884, -17.998207 ], [ -65.188004, -17.998162 ], [ -65.188232, -17.998164 ], [ -65.18834, -17.9982 ], [ -65.188424, -17.998248 ], [ -65.188603, -17.998388 ], [ -65.188781, -17.998587 ], [ -65.188852, -17.998703 ], [ -65.188923, -17.998796 ], [ -65.189112, -17.999099 ], [ -65.18923, -17.999343 ], [ -65.189397, -17.999484 ], [ -65.189444, -17.999542 ], [ -65.189588, -17.999625 ], [ -65.189648, -17.999648 ], [ -65.189695, -17.999684 ], [ -65.189851, -17.999685 ], [ -65.189851, -17.999685 ], [ -65.189695, -17.999684 ], [ -65.189648, -17.999648 ], [ -65.189588, -17.999625 ], [ -65.189444, -17.999542 ], [ -65.189397, -17.999484 ], [ -65.18923, -17.999343 ], [ -65.189112, -17.999099 ], [ -65.188923, -17.998796 ], [ -65.188852, -17.998703 ], [ -65.188781, -17.998587 ], [ -65.188603, -17.998388 ], [ -65.188424, -17.998248 ], [ -65.18834, -17.9982 ], [ -65.188232, -17.998164 ], [ -65.188004, -17.998162 ], [ -65.187884, -17.998207 ], [ -65.187848, -17.998206 ], [ -65.187775, -17.99824 ], [ -65.187739, -17.99824 ], [ -65.187667, -17.998262 ], [ -65.187594, -17.998307 ], [ -65.187474, -17.998364 ], [ -65.187329, -17.998466 ], [ -65.187135, -17.998625 ], [ -65.186773, -17.998829 ], [ -65.186617, -17.998827 ], [ -65.186545, -17.998803 ], [ -65.186473, -17.998756 ], [ -65.186449, -17.998756 ], [ -65.186402, -17.998709 ], [ -65.186187, -17.998534 ], [ -65.186128, -17.99844 ], [ -65.186058, -17.99822 ], [ -65.18606, -17.998024 ], [ -65.186097, -17.997932 ], [ -65.186098, -17.997781 ], [ -65.186148, -17.997586 ], [ -65.186149, -17.997528 ], [ -65.186186, -17.997413 ], [ -65.186187, -17.997251 ], [ -65.186213, -17.997055 ], [ -65.186215, -17.996847 ], [ -65.186241, -17.996639 ], [ -65.186266, -17.996501 ], [ -65.186267, -17.996408 ], [ -65.186304, -17.996339 ], [ -65.186305, -17.996178 ], [ -65.186318, -17.996085 ], [ -65.186318, -17.996085 ], [ -65.186305, -17.996178 ] ], [ [ -65.189852, -17.999651 ], [ -65.189876, -17.999651 ], [ -65.189876, -17.999651 ], [ -65.189852, -17.999651 ], [ -65.189852, -17.999651 ] ], [ [ -65.19023, -17.99902 ], [ -65.190278, -17.998986 ], [ -65.190278, -17.998986 ], [ -65.19023, -17.99902 ], [ -65.19023, -17.99902 ] ], [ [ -65.190327, -17.998928 ], [ -65.190448, -17.998837 ], [ -65.19052, -17.998815 ], [ -65.190556, -17.998792 ], [ -65.190617, -17.99877 ], [ -65.190725, -17.99876 ], [ -65.190773, -17.998737 ], [ -65.190845, -17.998784 ], [ -65.19088, -17.998819 ], [ -65.190916, -17.998889 ], [ -65.190999, -17.999006 ], [ -65.191046, -17.999098 ], [ -65.19115, -17.999504 ], [ -65.191148, -17.999747 ], [ -65.191123, -17.999862 ], [ -65.191122, -17.999954 ], [ -65.191085, -18.000046 ], [ -65.191085, -18.000093 ], [ -65.191048, -18.000185 ], [ -65.191035, -18.000289 ], [ -65.190998, -18.000404 ], [ -65.190996, -18.000588 ], [ -65.190959, -18.00075 ], [ -65.190956, -18.00105 ], [ -65.191147, -18.001191 ], [ -65.191194, -18.001215 ], [ -65.191254, -18.001262 ], [ -65.191302, -18.001262 ], [ -65.19153, -18.001311 ], [ -65.191878, -18.001315 ], [ -65.192034, -18.001375 ], [ -65.192117, -18.001422 ], [ -65.192177, -18.001446 ], [ -65.192344, -18.00154 ], [ -65.192464, -18.001622 ], [ -65.192857, -18.001985 ], [ -65.193011, -18.002195 ], [ -65.19307, -18.002311 ], [ -65.193117, -18.002427 ], [ -65.19314, -18.00252 ], [ -65.19314, -18.002555 ], [ -65.193163, -18.002636 ], [ -65.193162, -18.002705 ], [ -65.193186, -18.00274 ], [ -65.193244, -18.002926 ], [ -65.193267, -18.003003 ], [ -65.193267, -18.003018 ], [ -65.19329, -18.003107 ], [ -65.193314, -18.003169 ], [ -65.193337, -18.00325 ], [ -65.193349, -18.003282 ], [ -65.193396, -18.003401 ], [ -65.193431, -18.003471 ], [ -65.193454, -18.003564 ], [ -65.193462, -18.003604 ], [ -65.193474, -18.003672 ], [ -65.193482, -18.00373 ], [ -65.193494, -18.003805 ], [ -65.193491, -18.003852 ], [ -65.193492, -18.003916 ], [ -65.193507, -18.003963 ], [ -65.193535, -18.004064 ], [ -65.193593, -18.004157 ], [ -65.193746, -18.004355 ], [ -65.193829, -18.004448 ], [ -65.193947, -18.004565 ], [ -65.194006, -18.004601 ], [ -65.19403, -18.004624 ], [ -65.194054, -18.004636 ], [ -65.194125, -18.004695 ], [ -65.194339, -18.004814 ], [ -65.194494, -18.004874 ], [ -65.194601, -18.004933 ], [ -65.194696, -18.004969 ], [ -65.194732, -18.004997 ], [ -65.194815, -18.005029 ], [ -65.194909, -18.005067 ], [ -65.195029, -18.005136 ], [ -65.195068, -18.005155 ], [ -65.195101, -18.005183 ], [ -65.195124, -18.005195 ], [ -65.195195, -18.005277 ], [ -65.195218, -18.005323 ], [ -65.195233, -18.005454 ], [ -65.195227, -18.005588 ], [ -65.195077, -18.005977 ], [ -65.195016, -18.006068 ], [ -65.195015, -18.006114 ], [ -65.194953, -18.006239 ], [ -65.19494, -18.006297 ], [ -65.194928, -18.006319 ], [ -65.194928, -18.006342 ], [ -65.194903, -18.006377 ], [ -65.194828, -18.006605 ], [ -65.194831, -18.006677 ], [ -65.194833, -18.006781 ], [ -65.19483, -18.006842 ], [ -65.194848, -18.006893 ], [ -65.194869, -18.006964 ], [ -65.194941, -18.007079 ], [ -65.195059, -18.007173 ], [ -65.195131, -18.007234 ], [ -65.195192, -18.007283 ], [ -65.195249, -18.007314 ], [ -65.195305, -18.007332 ], [ -65.195345, -18.007339 ], [ -65.195476, -18.007376 ], [ -65.195751, -18.007392 ], [ -65.195991, -18.007396 ], [ -65.196099, -18.007375 ], [ -65.196196, -18.007331 ], [ -65.196304, -18.007321 ], [ -65.196485, -18.007278 ], [ -65.196688, -18.007281 ], [ -65.19676, -18.007271 ], [ -65.196832, -18.007272 ], [ -65.196916, -18.007297 ], [ -65.197094, -18.007426 ], [ -65.197318, -18.007649 ], [ -65.197471, -18.007858 ], [ -65.197552, -18.008082 ], [ -65.19767, -18.008408 ], [ -65.197691, -18.008455 ], [ -65.197694, -18.008473 ], [ -65.197708, -18.008511 ], [ -65.197801, -18.008769 ], [ -65.197903, -18.008981 ], [ -65.197924, -18.009026 ], [ -65.198016, -18.009168 ], [ -65.198111, -18.009271 ], [ -65.198149, -18.009321 ], [ -65.198185, -18.009376 ], [ -65.198193, -18.009397 ], [ -65.198211, -18.009428 ], [ -65.198241, -18.009464 ], [ -65.198274, -18.009495 ], [ -65.198292, -18.009529 ], [ -65.198333, -18.009611 ], [ -65.198377, -18.009686 ], [ -65.198426, -18.009762 ], [ -65.198542, -18.01004 ], [ -65.198599, -18.010225 ], [ -65.198644, -18.010444 ], [ -65.198701, -18.010641 ], [ -65.198723, -18.010802 ], [ -65.198714, -18.011377 ], [ -65.198676, -18.011549 ], [ -65.198502, -18.011926 ], [ -65.198379, -18.01212 ], [ -65.198354, -18.012188 ], [ -65.198305, -18.012268 ], [ -65.198208, -18.012381 ], [ -65.198208, -18.012393 ], [ -65.198208, -18.012393 ], [ -65.198208, -18.012381 ], [ -65.198305, -18.012268 ], [ -65.198354, -18.012188 ], [ -65.198379, -18.01212 ], [ -65.198502, -18.011926 ], [ -65.198676, -18.011549 ], [ -65.198714, -18.011377 ], [ -65.198723, -18.010802 ], [ -65.198701, -18.010641 ], [ -65.198644, -18.010444 ], [ -65.198599, -18.010225 ], [ -65.198542, -18.01004 ], [ -65.198426, -18.009762 ], [ -65.198377, -18.009686 ], [ -65.198333, -18.009611 ], [ -65.198292, -18.009529 ], [ -65.198274, -18.009495 ], [ -65.198241, -18.009464 ], [ -65.198211, -18.009428 ], [ -65.198193, -18.009397 ], [ -65.198185, -18.009376 ], [ -65.198149, -18.009321 ], [ -65.198111, -18.009271 ], [ -65.198016, -18.009168 ], [ -65.197924, -18.009026 ], [ -65.197721, -18.008706 ], [ -65.197694, -18.008473 ], [ -65.19767, -18.008408 ], [ -65.197603, -18.00826 ], [ -65.197552, -18.008082 ], [ -65.197471, -18.007858 ], [ -65.197318, -18.007649 ], [ -65.197094, -18.007426 ], [ -65.196916, -18.007297 ], [ -65.196832, -18.007272 ], [ -65.19676, -18.007271 ], [ -65.196688, -18.007281 ], [ -65.196485, -18.007278 ], [ -65.196304, -18.007321 ], [ -65.196196, -18.007331 ], [ -65.196099, -18.007375 ], [ -65.195991, -18.007396 ], [ -65.195751, -18.007392 ], [ -65.195476, -18.007376 ], [ -65.195345, -18.007339 ], [ -65.195305, -18.007332 ], [ -65.195249, -18.007314 ], [ -65.195192, -18.007283 ], [ -65.195131, -18.007234 ], [ -65.195059, -18.007173 ], [ -65.194941, -18.007079 ], [ -65.194869, -18.006964 ], [ -65.194848, -18.006893 ], [ -65.19483, -18.006842 ], [ -65.194833, -18.006781 ], [ -65.194831, -18.006677 ], [ -65.194828, -18.006605 ], [ -65.194903, -18.006377 ], [ -65.194928, -18.006342 ], [ -65.194928, -18.006319 ], [ -65.19494, -18.006297 ], [ -65.194953, -18.006239 ], [ -65.195015, -18.006114 ], [ -65.195016, -18.006068 ], [ -65.195077, -18.005977 ], [ -65.195227, -18.005588 ], [ -65.195233, -18.005454 ], [ -65.195218, -18.005323 ], [ -65.195195, -18.005277 ], [ -65.195124, -18.005195 ], [ -65.195101, -18.005183 ], [ -65.195068, -18.005155 ], [ -65.195029, -18.005136 ], [ -65.194909, -18.005067 ], [ -65.194815, -18.005029 ], [ -65.194732, -18.004997 ], [ -65.194696, -18.004969 ], [ -65.194601, -18.004933 ], [ -65.194494, -18.004874 ], [ -65.194339, -18.004814 ], [ -65.194125, -18.004695 ], [ -65.194054, -18.004636 ], [ -65.19403, -18.004624 ], [ -65.194006, -18.004601 ], [ -65.193947, -18.004565 ], [ -65.193829, -18.004448 ], [ -65.193746, -18.004355 ], [ -65.193593, -18.004157 ], [ -65.193535, -18.004064 ], [ -65.193507, -18.003963 ], [ -65.193492, -18.003916 ], [ -65.193491, -18.003852 ], [ -65.193494, -18.003805 ], [ -65.193482, -18.00373 ], [ -65.193474, -18.003672 ], [ -65.193462, -18.003604 ], [ -65.193454, -18.003564 ], [ -65.193431, -18.003471 ], [ -65.193396, -18.003401 ], [ -65.193349, -18.003282 ], [ -65.193337, -18.00325 ], [ -65.193314, -18.003169 ], [ -65.19329, -18.003107 ], [ -65.193267, -18.003018 ], [ -65.193267, -18.003003 ], [ -65.193244, -18.002926 ], [ -65.193186, -18.00274 ], [ -65.193162, -18.002705 ], [ -65.193163, -18.002636 ], [ -65.19314, -18.002555 ], [ -65.19314, -18.00252 ], [ -65.193117, -18.002427 ], [ -65.19307, -18.002311 ], [ -65.193011, -18.002195 ], [ -65.192857, -18.001985 ], [ -65.192464, -18.001622 ], [ -65.192344, -18.00154 ], [ -65.192177, -18.001446 ], [ -65.192117, -18.001422 ], [ -65.192034, -18.001375 ], [ -65.191878, -18.001315 ], [ -65.19153, -18.001311 ], [ -65.191302, -18.001262 ], [ -65.191254, -18.001262 ], [ -65.191194, -18.001215 ], [ -65.191147, -18.001191 ], [ -65.190956, -18.00105 ], [ -65.190959, -18.00075 ], [ -65.190996, -18.000588 ], [ -65.190998, -18.000404 ], [ -65.191035, -18.000289 ], [ -65.191048, -18.000185 ], [ -65.191085, -18.000093 ], [ -65.191085, -18.000046 ], [ -65.191122, -17.999954 ], [ -65.191123, -17.999862 ], [ -65.191148, -17.999747 ], [ -65.19115, -17.999504 ], [ -65.191046, -17.999098 ], [ -65.190999, -17.999006 ], [ -65.190916, -17.998889 ], [ -65.19088, -17.998819 ], [ -65.190845, -17.998784 ], [ -65.190773, -17.998737 ], [ -65.190725, -17.99876 ], [ -65.190617, -17.99877 ], [ -65.190556, -17.998792 ], [ -65.19052, -17.998815 ], [ -65.190448, -17.998837 ], [ -65.190327, -17.998928 ], [ -65.190327, -17.998928 ] ], [ [ -65.196683, -18.013311 ], [ -65.196597, -18.013447 ], [ -65.196536, -18.013515 ], [ -65.196499, -18.013618 ], [ -65.196364, -18.013834 ], [ -65.196276, -18.014075 ], [ -65.196263, -18.014143 ], [ -65.196238, -18.0142 ], [ -65.196201, -18.014326 ], [ -65.196198, -18.014522 ], [ -65.196158, -18.014763 ], [ -65.196155, -18.01497 ], [ -65.19613, -18.015039 ], [ -65.196128, -18.015188 ], [ -65.196184, -18.015454 ], [ -65.196229, -18.015627 ], [ -65.196311, -18.015801 ], [ -65.196358, -18.015859 ], [ -65.196591, -18.016289 ], [ -65.19665, -18.016382 ], [ -65.196685, -18.016406 ], [ -65.196943, -18.016813 ], [ -65.19699, -18.016917 ], [ -65.197048, -18.016999 ], [ -65.197083, -18.01708 ], [ -65.19713, -18.017161 ], [ -65.197199, -18.017346 ], [ -65.197222, -18.017427 ], [ -65.197246, -18.017439 ], [ -65.197268, -18.017566 ], [ -65.197265, -18.01775 ], [ -65.197286, -18.017958 ], [ -65.197283, -18.018188 ], [ -65.197257, -18.018337 ], [ -65.197255, -18.018429 ], [ -65.19714, -18.018899 ], [ -65.197103, -18.018979 ], [ -65.197079, -18.019013 ], [ -65.197029, -18.019139 ], [ -65.196869, -18.019412 ], [ -65.196782, -18.019606 ], [ -65.196709, -18.01972 ], [ -65.196646, -18.019868 ], [ -65.196548, -18.020039 ], [ -65.196548, -18.020051 ], [ -65.196511, -18.020108 ], [ -65.196365, -18.020278 ], [ -65.196182, -18.020459 ], [ -65.196182, -18.020482 ], [ -65.196182, -18.020482 ], [ -65.196182, -18.020459 ], [ -65.196365, -18.020278 ], [ -65.196511, -18.020108 ], [ -65.196548, -18.020051 ], [ -65.196548, -18.020039 ], [ -65.196646, -18.019868 ], [ -65.196709, -18.01972 ], [ -65.196782, -18.019606 ], [ -65.196869, -18.019412 ], [ -65.197029, -18.019139 ], [ -65.197079, -18.019013 ], [ -65.197103, -18.018979 ], [ -65.19714, -18.018899 ], [ -65.197255, -18.018429 ], [ -65.197257, -18.018337 ], [ -65.197283, -18.018188 ], [ -65.197286, -18.017958 ], [ -65.197265, -18.01775 ], [ -65.197268, -18.017566 ], [ -65.197246, -18.017439 ], [ -65.197222, -18.017427 ], [ -65.197199, -18.017346 ], [ -65.19713, -18.017161 ], [ -65.197083, -18.01708 ], [ -65.197048, -18.016999 ], [ -65.19699, -18.016917 ], [ -65.196943, -18.016813 ], [ -65.196685, -18.016406 ], [ -65.19665, -18.016382 ], [ -65.196591, -18.016289 ], [ -65.196358, -18.015859 ], [ -65.196311, -18.015801 ], [ -65.196229, -18.015627 ], [ -65.196184, -18.015454 ], [ -65.196128, -18.015188 ], [ -65.19613, -18.015039 ], [ -65.196155, -18.01497 ], [ -65.196158, -18.014763 ], [ -65.196198, -18.014522 ], [ -65.196201, -18.014326 ], [ -65.196238, -18.0142 ], [ -65.196263, -18.014143 ], [ -65.196276, -18.014075 ], [ -65.196364, -18.013834 ], [ -65.196499, -18.013618 ], [ -65.196536, -18.013515 ], [ -65.196597, -18.013447 ], [ -65.196683, -18.013311 ], [ -65.196878, -18.013084 ], [ -65.196878, -18.013084 ], [ -65.196683, -18.013311 ] ], [ [ -65.195903, -18.020707 ], [ -65.195903, -18.020707 ], [ -65.195927, -18.020673 ], [ -65.195927, -18.020673 ], [ -65.195903, -18.020707 ] ], [ [ -65.195744, -18.020877 ], [ -65.195744, -18.020877 ], [ -65.195878, -18.020718 ], [ -65.195878, -18.020718 ], [ -65.195744, -18.020877 ] ], [ [ -65.19572, -18.020888 ], [ -65.195696, -18.020922 ], [ -65.195696, -18.020922 ], [ -65.19572, -18.020888 ], [ -65.19572, -18.020877 ], [ -65.19572, -18.020877 ], [ -65.19572, -18.020888 ] ], [ [ -65.195334, -18.021204 ], [ -65.195334, -18.021204 ], [ -65.195365, -18.021087 ], [ -65.195365, -18.021087 ], [ -65.195334, -18.021204 ] ], [ [ -65.195176, -18.021517 ], [ -65.195254, -18.021802 ], [ -65.195449, -18.021899 ], [ -65.195733, -18.021924 ], [ -65.195897, -18.021937 ], [ -65.196103, -18.021902 ], [ -65.196358, -18.021885 ], [ -65.196568, -18.021883 ], [ -65.196718, -18.021881 ], [ -65.196959, -18.021907 ], [ -65.21043, -18.023565 ], [ -65.226015, -18.042589 ], [ -65.232794, -18.049536 ], [ -65.227897, -18.055052 ], [ -65.232343, -18.061085 ], [ -65.232336, -18.061101 ], [ -65.232398, -18.061185 ], [ -65.222312, -18.08439 ], [ -65.221395, -18.088103 ], [ -65.22692, -18.088071 ], [ -65.231923, -18.096586 ], [ -65.251551, -18.115455 ], [ -65.252136, -18.115912 ], [ -65.256366, -18.119645 ], [ -65.264516, -18.119976 ], [ -65.264557, -18.11999 ], [ -65.264586, -18.120003 ], [ -65.264635, -18.120011 ], [ -65.264688, -18.120049 ], [ -65.264718, -18.120079 ], [ -65.264738, -18.120101 ], [ -65.264768, -18.120173 ], [ -65.264804, -18.120228 ], [ -65.264825, -18.120267 ], [ -65.264879, -18.120388 ], [ -65.264903, -18.120466 ], [ -65.264912, -18.120532 ], [ -65.264908, -18.120618 ], [ -65.26493, -18.120875 ], [ -65.264965, -18.121025 ], [ -65.264989, -18.121059 ], [ -65.265001, -18.121128 ], [ -65.26506, -18.121232 ], [ -65.265108, -18.121347 ], [ -65.265287, -18.121544 ], [ -65.265407, -18.121625 ], [ -65.265419, -18.12166 ], [ -65.265622, -18.121753 ], [ -65.265658, -18.121776 ], [ -65.265754, -18.121776 ], [ -65.265838, -18.121811 ], [ -65.265874, -18.121812 ], [ -65.265994, -18.121847 ], [ -65.266343, -18.121849 ], [ -65.266547, -18.121792 ], [ -65.266583, -18.121769 ], [ -65.267005, -18.121622 ], [ -65.267101, -18.121599 ], [ -65.267185, -18.121554 ], [ -65.267197, -18.121554 ], [ -65.267342, -18.121463 ], [ -65.267474, -18.121429 ], [ -65.267607, -18.121372 ], [ -65.267643, -18.121372 ], [ -65.267739, -18.121315 ], [ -65.267956, -18.121236 ], [ -65.268052, -18.121213 ], [ -65.268377, -18.121169 ], [ -65.268641, -18.12117 ], [ -65.268845, -18.121229 ], [ -65.269085, -18.121322 ], [ -65.269229, -18.121403 ], [ -65.269253, -18.121426 ], [ -65.269277, -18.121427 ], [ -65.269277, -18.121438 ], [ -65.269325, -18.121438 ], [ -65.269385, -18.121462 ], [ -65.269469, -18.121531 ], [ -65.26954, -18.121566 ], [ -65.269684, -18.121705 ], [ -65.269876, -18.121821 ], [ -65.270223, -18.122007 ], [ -65.270307, -18.122042 ], [ -65.270367, -18.122076 ], [ -65.270475, -18.122123 ], [ -65.270558, -18.122181 ], [ -65.270642, -18.12225 ], [ -65.270702, -18.122285 ], [ -65.270702, -18.122308 ], [ -65.270798, -18.122355 ], [ -65.270858, -18.122424 ], [ -65.271001, -18.122528 ], [ -65.271121, -18.122644 ], [ -65.271288, -18.122783 ], [ -65.27136, -18.122829 ], [ -65.271612, -18.122934 ], [ -65.271648, -18.122969 ], [ -65.271804, -18.123016 ], [ -65.271911, -18.123074 ], [ -65.271971, -18.12312 ], [ -65.272031, -18.123132 ], [ -65.272211, -18.123225 ], [ -65.272295, -18.123294 ], [ -65.272606, -18.123492 ], [ -65.273409, -18.123921 ], [ -65.273528, -18.124002 ], [ -65.273552, -18.124026 ], [ -65.27366, -18.124072 ], [ -65.273792, -18.124153 ], [ -65.273972, -18.124281 ], [ -65.274055, -18.12435 ], [ -65.274139, -18.124477 ], [ -65.274187, -18.124524 ], [ -65.274222, -18.124616 ], [ -65.27427, -18.124685 ], [ -65.27427, -18.124708 ], [ -65.274318, -18.124731 ], [ -65.274341, -18.124766 ], [ -65.274365, -18.124835 ], [ -65.274389, -18.124835 ], [ -65.274496, -18.124985 ], [ -65.274496, -18.125031 ], [ -65.274568, -18.125089 ], [ -65.274675, -18.125251 ], [ -65.27477, -18.125435 ], [ -65.274878, -18.125597 ], [ -65.274937, -18.125712 ], [ -65.27508, -18.12592 ], [ -65.275247, -18.12614 ], [ -65.275485, -18.126509 ], [ -65.275581, -18.12667 ], [ -65.275819, -18.126982 ], [ -65.27607, -18.12734 ], [ -65.276129, -18.127467 ], [ -65.276237, -18.127617 ], [ -65.276427, -18.128009 ], [ -65.276509, -18.128251 ], [ -65.276569, -18.128367 ], [ -65.276616, -18.128482 ], [ -65.276687, -18.128712 ], [ -65.276735, -18.128793 ], [ -65.276782, -18.128931 ], [ -65.276818, -18.128989 ], [ -65.276878, -18.129058 ], [ -65.276901, -18.129128 ], [ -65.276973, -18.129209 ], [ -65.277032, -18.129312 ], [ -65.277056, -18.12937 ], [ -65.277066, -18.129842 ], [ -65.277053, -18.12998 ], [ -65.277028, -18.130083 ], [ -65.277003, -18.130244 ], [ -65.276967, -18.130313 ], [ -65.276942, -18.130428 ], [ -65.276941, -18.130623 ], [ -65.276929, -18.130669 ], [ -65.276927, -18.131014 ], [ -65.276915, -18.131095 ], [ -65.276913, -18.131348 ], [ -65.276937, -18.131406 ], [ -65.276984, -18.13159 ], [ -65.276984, -18.131636 ], [ -65.277031, -18.131694 ], [ -65.277043, -18.13174 ], [ -65.277079, -18.13182 ], [ -65.277162, -18.131936 ], [ -65.27727, -18.131994 ], [ -65.27727, -18.132017 ], [ -65.27733, -18.13204 ], [ -65.277354, -18.13204 ], [ -65.277474, -18.132099 ], [ -65.277594, -18.13218 ], [ -65.277905, -18.132319 ], [ -65.278001, -18.132377 ], [ -65.278193, -18.13247 ], [ -65.278385, -18.132586 ], [ -65.278408, -18.13261 ], [ -65.278552, -18.132691 ], [ -65.278636, -18.13276 ], [ -65.278648, -18.13276 ], [ -65.278648, -18.132772 ], [ -65.278684, -18.132772 ], [ -65.278696, -18.132784 ], [ -65.278768, -18.132795 ], [ -65.278768, -18.132807 ], [ -65.27878, -18.132807 ], [ -65.278912, -18.1329 ], [ -65.279079, -18.133004 ], [ -65.279139, -18.133062 ], [ -65.279247, -18.133132 ], [ -65.279342, -18.133213 ], [ -65.279498, -18.133317 ], [ -65.279606, -18.133432 ], [ -65.279713, -18.133514 ], [ -65.280168, -18.133942 ], [ -65.280442, -18.134242 ], [ -65.280586, -18.134438 ], [ -65.280633, -18.134531 ], [ -65.280741, -18.134646 ], [ -65.280944, -18.134912 ], [ -65.281003, -18.135004 ], [ -65.281027, -18.135062 ], [ -65.281253, -18.135374 ], [ -65.281313, -18.135443 ], [ -65.281349, -18.135501 ], [ -65.281373, -18.135512 ], [ -65.281611, -18.135836 ], [ -65.281671, -18.135905 ], [ -65.281695, -18.135905 ], [ -65.281922, -18.136136 ], [ -65.282006, -18.13624 ], [ -65.282161, -18.136368 ], [ -65.282293, -18.136495 ], [ -65.28246, -18.136634 ], [ -65.282532, -18.136703 ], [ -65.282628, -18.136773 ], [ -65.282736, -18.136865 ], [ -65.283023, -18.137074 ], [ -65.283071, -18.137097 ], [ -65.283107, -18.137097 ], [ -65.283203, -18.137144 ], [ -65.283239, -18.137178 ], [ -65.28343, -18.137237 ], [ -65.28343, -18.13726 ], [ -65.283586, -18.137284 ], [ -65.283682, -18.13733 ], [ -65.283814, -18.137354 ], [ -65.283934, -18.1374 ], [ -65.284054, -18.137424 ], [ -65.28409, -18.137424 ], [ -65.28409, -18.137436 ], [ -65.284162, -18.137459 ], [ -65.284258, -18.13746 ], [ -65.284294, -18.137483 ], [ -65.284463, -18.137495 ], [ -65.284462, -18.137507 ], [ -65.284583, -18.137507 ], [ -65.285243, -18.137545 ], [ -65.285411, -18.13758 ], [ -65.285604, -18.137604 ], [ -65.285784, -18.137605 ], [ -65.285928, -18.137618 ], [ -65.286156, -18.137619 ], [ -65.286288, -18.137631 ], [ -65.286409, -18.137632 ], [ -65.286529, -18.137667 ], [ -65.286745, -18.137668 ], [ -65.287057, -18.137727 ], [ -65.287333, -18.137797 ], [ -65.287429, -18.137832 ], [ -65.287477, -18.137833 ], [ -65.287633, -18.137891 ], [ -65.287729, -18.137914 ], [ -65.287909, -18.137984 ], [ -65.287945, -18.137984 ], [ -65.288101, -18.138077 ], [ -65.288196, -18.138112 ], [ -65.288292, -18.138182 ], [ -65.288328, -18.138217 ], [ -65.288352, -18.138228 ], [ -65.288531, -18.138459 ], [ -65.288531, -18.138471 ], [ -65.288543, -18.138471 ], [ -65.288543, -18.138482 ], [ -65.288555, -18.138482 ], [ -65.288782, -18.138667 ], [ -65.288794, -18.138691 ], [ -65.288854, -18.138737 ], [ -65.289058, -18.13883 ], [ -65.289178, -18.1389 ], [ -65.289262, -18.138934 ], [ -65.289573, -18.139097 ], [ -65.290172, -18.139514 ], [ -65.290184, -18.139537 ], [ -65.290399, -18.139734 ], [ -65.290447, -18.139803 ], [ -65.290471, -18.139826 ], [ -65.290495, -18.139827 ], [ -65.290495, -18.139838 ], [ -65.290543, -18.139838 ], [ -65.290566, -18.13993 ], [ -65.29059, -18.139988 ], [ -65.290614, -18.139988 ], [ -65.290864, -18.140369 ], [ -65.290959, -18.140531 ], [ -65.291031, -18.140623 ], [ -65.291162, -18.140831 ], [ -65.29121, -18.140888 ], [ -65.291353, -18.141188 ], [ -65.291436, -18.141384 ], [ -65.291435, -18.141407 ], [ -65.291459, -18.141453 ], [ -65.291459, -18.141522 ], [ -65.291482, -18.141603 ], [ -65.291481, -18.141948 ], [ -65.291504, -18.142121 ], [ -65.291503, -18.142282 ], [ -65.291538, -18.142466 ], [ -65.291538, -18.142535 ], [ -65.291561, -18.142639 ], [ -65.291608, -18.142938 ], [ -65.291607, -18.143007 ], [ -65.291631, -18.143076 ], [ -65.29163, -18.143191 ], [ -65.291713, -18.143502 ], [ -65.291712, -18.143594 ], [ -65.291724, -18.143594 ], [ -65.291783, -18.143767 ], [ -65.291783, -18.143802 ], [ -65.291843, -18.143906 ], [ -65.291926, -18.14401 ], [ -65.291974, -18.144044 ], [ -65.291974, -18.144056 ], [ -65.29207, -18.144125 ], [ -65.292213, -18.144287 ], [ -65.292369, -18.144438 ], [ -65.292428, -18.144507 ], [ -65.292536, -18.144657 ], [ -65.292643, -18.144888 ], [ -65.292643, -18.144911 ], [ -65.292678, -18.144934 ], [ -65.292739, -18.144934 ], [ -65.292798, -18.145107 ], [ -65.292833, -18.145257 ], [ -65.292952, -18.145453 ], [ -65.292988, -18.145534 ], [ -65.292987, -18.14558 ], [ -65.293118, -18.145856 ], [ -65.293201, -18.146064 ], [ -65.293237, -18.146133 ], [ -65.293237, -18.146144 ], [ -65.293285, -18.146202 ], [ -65.293392, -18.146398 ], [ -65.293451, -18.146537 ], [ -65.293486, -18.146675 ], [ -65.29351, -18.146721 ], [ -65.293534, -18.146813 ], [ -65.293617, -18.146986 ], [ -65.293688, -18.147263 ], [ -65.293687, -18.147355 ], [ -65.293711, -18.147378 ], [ -65.293711, -18.147412 ], [ -65.293746, -18.147527 ], [ -65.293804, -18.147884 ], [ -65.293804, -18.147942 ], [ -65.293816, -18.147976 ], [ -65.293909, -18.148598 ], [ -65.293908, -18.148713 ], [ -65.293944, -18.14884 ], [ -65.293942, -18.14907 ], [ -65.293906, -18.149127 ], [ -65.293905, -18.149288 ], [ -65.29388, -18.149426 ], [ -65.29388, -18.149507 ], [ -65.293843, -18.149622 ], [ -65.293843, -18.149679 ], [ -65.293867, -18.149737 ], [ -65.293865, -18.150036 ], [ -65.293853, -18.150116 ], [ -65.29385, -18.150634 ], [ -65.293873, -18.150818 ], [ -65.293871, -18.151209 ], [ -65.293882, -18.15129 ], [ -65.29388, -18.151762 ], [ -65.293915, -18.151888 ], [ -65.293913, -18.152371 ], [ -65.293924, -18.152533 ], [ -65.293922, -18.152912 ], [ -65.293934, -18.152981 ], [ -65.293929, -18.153763 ], [ -65.293917, -18.153867 ], [ -65.29394, -18.154005 ], [ -65.293938, -18.154454 ], [ -65.293961, -18.154615 ], [ -65.29396, -18.154833 ], [ -65.293983, -18.154983 ], [ -65.293981, -18.155386 ], [ -65.294003, -18.155673 ], [ -65.294, -18.156341 ], [ -65.294035, -18.156479 ], [ -65.294034, -18.156663 ], [ -65.294058, -18.156686 ], [ -65.294058, -18.156721 ], [ -65.294154, -18.156813 ], [ -65.294213, -18.156905 ], [ -65.294381, -18.157067 ], [ -65.29444, -18.157114 ], [ -65.294536, -18.157229 ], [ -65.294668, -18.157333 ], [ -65.294751, -18.157426 ], [ -65.294763, -18.157449 ], [ -65.294835, -18.157507 ], [ -65.294847, -18.157541 ], [ -65.294966, -18.157703 ], [ -65.295002, -18.157738 ], [ -65.295074, -18.157842 ], [ -65.295133, -18.157911 ], [ -65.295169, -18.157992 ], [ -65.295193, -18.158003 ], [ -65.295193, -18.158026 ], [ -65.295431, -18.158361 ], [ -65.295551, -18.1585 ], [ -65.295838, -18.158766 ], [ -65.295874, -18.158823 ], [ -65.295898, -18.158824 ], [ -65.295921, -18.158858 ], [ -65.296125, -18.158986 ], [ -65.296125, -18.158997 ], [ -65.296353, -18.159102 ], [ -65.296629, -18.159195 ], [ -65.296725, -18.159242 ], [ -65.297145, -18.159347 ], [ -65.297205, -18.159348 ], [ -65.297409, -18.159395 ], [ -65.297445, -18.159418 ], [ -65.297613, -18.159476 ], [ -65.297697, -18.159534 ], [ -65.297696, -18.159546 ], [ -65.297864, -18.159639 ], [ -65.297996, -18.159731 ], [ -65.298116, -18.159835 ], [ -65.298271, -18.160078 ], [ -65.298318, -18.160193 ], [ -65.298353, -18.160343 ], [ -65.298364, -18.160538 ], [ -65.298387, -18.160734 ], [ -65.298386, -18.161022 ], [ -65.298361, -18.161137 ], [ -65.298361, -18.161171 ], [ -65.298361, -18.161171 ], [ -65.298361, -18.161137 ], [ -65.298386, -18.161022 ], [ -65.298387, -18.160734 ], [ -65.298364, -18.160538 ], [ -65.298353, -18.160343 ], [ -65.298318, -18.160193 ], [ -65.298271, -18.160078 ], [ -65.298116, -18.159835 ], [ -65.297996, -18.159731 ], [ -65.297864, -18.159639 ], [ -65.297696, -18.159546 ], [ -65.297697, -18.159534 ], [ -65.297613, -18.159476 ], [ -65.297445, -18.159418 ], [ -65.297409, -18.159395 ], [ -65.297205, -18.159348 ], [ -65.297145, -18.159347 ], [ -65.296725, -18.159242 ], [ -65.296629, -18.159195 ], [ -65.296353, -18.159102 ], [ -65.296125, -18.158997 ], [ -65.296125, -18.158986 ], [ -65.295921, -18.158858 ], [ -65.295898, -18.158824 ], [ -65.295874, -18.158823 ], [ -65.295838, -18.158766 ], [ -65.295551, -18.1585 ], [ -65.295431, -18.158361 ], [ -65.295193, -18.158026 ], [ -65.295193, -18.158003 ], [ -65.295169, -18.157992 ], [ -65.295133, -18.157911 ], [ -65.295074, -18.157842 ], [ -65.295002, -18.157738 ], [ -65.294966, -18.157703 ], [ -65.294847, -18.157541 ], [ -65.294835, -18.157507 ], [ -65.294763, -18.157449 ], [ -65.294751, -18.157426 ], [ -65.294668, -18.157333 ], [ -65.294536, -18.157229 ], [ -65.29444, -18.157114 ], [ -65.294381, -18.157067 ], [ -65.294213, -18.156905 ], [ -65.294154, -18.156813 ], [ -65.294058, -18.156721 ], [ -65.294058, -18.156686 ], [ -65.294034, -18.156663 ], [ -65.294035, -18.156479 ], [ -65.294, -18.156341 ], [ -65.294003, -18.155673 ], [ -65.293981, -18.155386 ], [ -65.293983, -18.154983 ], [ -65.29396, -18.154833 ], [ -65.293961, -18.154615 ], [ -65.293938, -18.154454 ], [ -65.29394, -18.154005 ], [ -65.293917, -18.153867 ], [ -65.293929, -18.153763 ], [ -65.293934, -18.152981 ], [ -65.293922, -18.152912 ], [ -65.293924, -18.152533 ], [ -65.293913, -18.152371 ], [ -65.293915, -18.151888 ], [ -65.29388, -18.151762 ], [ -65.293882, -18.15129 ], [ -65.293871, -18.151209 ], [ -65.293873, -18.150818 ], [ -65.29385, -18.150634 ], [ -65.293853, -18.150116 ], [ -65.293865, -18.150036 ], [ -65.293867, -18.149737 ], [ -65.293843, -18.149679 ], [ -65.293843, -18.149622 ], [ -65.29388, -18.149507 ], [ -65.29388, -18.149426 ], [ -65.293905, -18.149288 ], [ -65.293906, -18.149127 ], [ -65.293942, -18.14907 ], [ -65.293944, -18.14884 ], [ -65.293908, -18.148713 ], [ -65.293909, -18.148598 ], [ -65.293816, -18.147977 ], [ -65.293804, -18.147942 ], [ -65.293804, -18.147884 ], [ -65.293746, -18.147528 ], [ -65.293711, -18.147412 ], [ -65.293711, -18.147378 ], [ -65.293687, -18.147355 ], [ -65.293688, -18.147263 ], [ -65.293617, -18.146986 ], [ -65.293534, -18.146813 ], [ -65.29351, -18.146721 ], [ -65.293486, -18.146675 ], [ -65.293451, -18.146537 ], [ -65.293392, -18.146398 ], [ -65.293285, -18.146202 ], [ -65.293237, -18.146144 ], [ -65.293237, -18.146133 ], [ -65.293201, -18.146064 ], [ -65.293118, -18.145856 ], [ -65.292987, -18.14558 ], [ -65.292988, -18.145534 ], [ -65.292952, -18.145453 ], [ -65.292833, -18.145257 ], [ -65.292798, -18.145107 ], [ -65.292739, -18.144934 ], [ -65.292678, -18.144934 ], [ -65.292643, -18.144911 ], [ -65.292643, -18.144888 ], [ -65.292536, -18.144657 ], [ -65.292428, -18.144507 ], [ -65.292369, -18.144438 ], [ -65.292213, -18.144287 ], [ -65.29207, -18.144125 ], [ -65.291974, -18.144056 ], [ -65.291974, -18.144044 ], [ -65.291926, -18.14401 ], [ -65.291843, -18.143906 ], [ -65.291783, -18.143802 ], [ -65.291783, -18.143767 ], [ -65.291724, -18.143594 ], [ -65.291712, -18.143594 ], [ -65.291713, -18.143502 ], [ -65.29163, -18.143191 ], [ -65.291631, -18.143076 ], [ -65.291607, -18.143007 ], [ -65.291608, -18.142938 ], [ -65.291561, -18.142639 ], [ -65.291538, -18.142535 ], [ -65.291538, -18.142466 ], [ -65.291503, -18.142282 ], [ -65.291504, -18.142121 ], [ -65.291481, -18.141948 ], [ -65.291482, -18.141603 ], [ -65.291459, -18.141522 ], [ -65.291459, -18.141453 ], [ -65.291435, -18.141407 ], [ -65.291436, -18.141384 ], [ -65.291353, -18.141188 ], [ -65.29121, -18.140888 ], [ -65.291162, -18.140831 ], [ -65.291031, -18.140623 ], [ -65.290959, -18.140531 ], [ -65.290864, -18.140369 ], [ -65.290614, -18.139988 ], [ -65.29059, -18.139988 ], [ -65.290566, -18.13993 ], [ -65.290543, -18.139838 ], [ -65.290495, -18.139838 ], [ -65.290495, -18.139827 ], [ -65.290471, -18.139826 ], [ -65.290447, -18.139803 ], [ -65.290399, -18.139734 ], [ -65.290184, -18.139537 ], [ -65.290172, -18.139514 ], [ -65.289573, -18.139097 ], [ -65.289262, -18.138934 ], [ -65.289178, -18.1389 ], [ -65.289058, -18.13883 ], [ -65.288854, -18.138737 ], [ -65.288794, -18.138691 ], [ -65.288782, -18.138667 ], [ -65.288555, -18.138482 ], [ -65.288543, -18.138482 ], [ -65.288543, -18.138471 ], [ -65.288531, -18.138471 ], [ -65.288531, -18.138459 ], [ -65.288352, -18.138228 ], [ -65.288328, -18.138217 ], [ -65.288292, -18.138182 ], [ -65.288196, -18.138112 ], [ -65.288101, -18.138077 ], [ -65.287945, -18.137984 ], [ -65.287909, -18.137984 ], [ -65.287729, -18.137914 ], [ -65.287633, -18.137891 ], [ -65.287477, -18.137833 ], [ -65.287429, -18.137832 ], [ -65.287333, -18.137797 ], [ -65.287057, -18.137727 ], [ -65.286745, -18.137668 ], [ -65.286529, -18.137667 ], [ -65.286409, -18.137632 ], [ -65.286288, -18.137631 ], [ -65.286156, -18.137619 ], [ -65.285928, -18.137618 ], [ -65.285784, -18.137605 ], [ -65.285604, -18.137604 ], [ -65.285411, -18.13758 ], [ -65.285243, -18.137545 ], [ -65.284583, -18.137507 ], [ -65.284462, -18.137507 ], [ -65.284463, -18.137495 ], [ -65.284294, -18.137483 ], [ -65.284258, -18.13746 ], [ -65.284162, -18.137459 ], [ -65.28409, -18.137436 ], [ -65.28409, -18.137424 ], [ -65.284054, -18.137424 ], [ -65.283934, -18.1374 ], [ -65.283814, -18.137354 ], [ -65.283682, -18.13733 ], [ -65.283586, -18.137284 ], [ -65.28343, -18.13726 ], [ -65.28343, -18.137237 ], [ -65.283239, -18.137178 ], [ -65.283203, -18.137144 ], [ -65.283107, -18.137097 ], [ -65.283071, -18.137097 ], [ -65.283023, -18.137074 ], [ -65.282736, -18.136865 ], [ -65.282628, -18.136773 ], [ -65.282532, -18.136703 ], [ -65.28246, -18.136634 ], [ -65.282293, -18.136495 ], [ -65.282161, -18.136368 ], [ -65.282006, -18.13624 ], [ -65.281922, -18.136136 ], [ -65.281695, -18.135905 ], [ -65.281671, -18.135905 ], [ -65.281611, -18.135836 ], [ -65.281373, -18.135512 ], [ -65.281349, -18.135501 ], [ -65.281313, -18.135443 ], [ -65.281253, -18.135374 ], [ -65.281027, -18.135062 ], [ -65.281003, -18.135004 ], [ -65.280944, -18.134912 ], [ -65.280741, -18.134646 ], [ -65.280633, -18.134531 ], [ -65.280586, -18.134438 ], [ -65.280442, -18.134242 ], [ -65.280168, -18.133942 ], [ -65.279713, -18.133514 ], [ -65.279606, -18.133432 ], [ -65.279498, -18.133317 ], [ -65.279342, -18.133213 ], [ -65.279247, -18.133132 ], [ -65.279139, -18.133062 ], [ -65.279079, -18.133004 ], [ -65.278912, -18.1329 ], [ -65.27878, -18.132807 ], [ -65.278768, -18.132807 ], [ -65.278768, -18.132795 ], [ -65.278696, -18.132784 ], [ -65.278684, -18.132772 ], [ -65.278648, -18.132772 ], [ -65.278648, -18.13276 ], [ -65.278636, -18.13276 ], [ -65.278552, -18.132691 ], [ -65.278408, -18.13261 ], [ -65.278385, -18.132586 ], [ -65.278193, -18.13247 ], [ -65.278001, -18.132377 ], [ -65.277905, -18.132319 ], [ -65.277594, -18.13218 ], [ -65.277474, -18.132099 ], [ -65.277354, -18.13204 ], [ -65.27733, -18.13204 ], [ -65.27727, -18.132017 ], [ -65.27727, -18.131994 ], [ -65.277162, -18.131936 ], [ -65.277079, -18.13182 ], [ -65.277043, -18.13174 ], [ -65.277031, -18.131694 ], [ -65.276984, -18.131636 ], [ -65.276984, -18.13159 ], [ -65.276937, -18.131406 ], [ -65.276913, -18.131348 ], [ -65.276915, -18.131095 ], [ -65.276927, -18.131014 ], [ -65.276929, -18.130669 ], [ -65.276941, -18.130623 ], [ -65.276942, -18.130428 ], [ -65.276967, -18.130313 ], [ -65.277003, -18.130244 ], [ -65.277028, -18.130083 ], [ -65.277053, -18.12998 ], [ -65.277066, -18.129842 ], [ -65.277056, -18.12937 ], [ -65.277032, -18.129312 ], [ -65.276973, -18.129209 ], [ -65.276901, -18.129128 ], [ -65.276878, -18.129058 ], [ -65.276818, -18.128989 ], [ -65.276782, -18.128931 ], [ -65.276735, -18.128793 ], [ -65.276687, -18.128712 ], [ -65.276616, -18.128482 ], [ -65.276569, -18.128367 ], [ -65.276509, -18.128251 ], [ -65.276427, -18.128009 ], [ -65.276236, -18.127617 ], [ -65.276129, -18.127467 ], [ -65.27607, -18.12734 ], [ -65.275819, -18.126982 ], [ -65.275581, -18.12667 ], [ -65.275485, -18.126509 ], [ -65.275247, -18.12614 ], [ -65.27508, -18.12592 ], [ -65.274937, -18.125712 ], [ -65.274878, -18.125597 ], [ -65.27477, -18.125435 ], [ -65.274675, -18.125251 ], [ -65.274568, -18.125089 ], [ -65.274496, -18.125031 ], [ -65.274496, -18.124985 ], [ -65.274389, -18.124835 ], [ -65.274365, -18.124835 ], [ -65.274341, -18.124766 ], [ -65.274318, -18.124731 ], [ -65.27427, -18.124708 ], [ -65.27427, -18.124685 ], [ -65.274222, -18.124616 ], [ -65.274187, -18.124524 ], [ -65.274139, -18.124477 ], [ -65.274055, -18.12435 ], [ -65.273972, -18.124281 ], [ -65.273792, -18.124153 ], [ -65.27366, -18.124072 ], [ -65.273552, -18.124026 ], [ -65.273528, -18.124002 ], [ -65.273409, -18.123921 ], [ -65.272606, -18.123492 ], [ -65.272295, -18.123294 ], [ -65.272211, -18.123225 ], [ -65.272031, -18.123132 ], [ -65.271971, -18.12312 ], [ -65.271911, -18.123074 ], [ -65.271804, -18.123016 ], [ -65.271648, -18.122969 ], [ -65.271612, -18.122934 ], [ -65.27136, -18.122829 ], [ -65.271288, -18.122783 ], [ -65.271121, -18.122644 ], [ -65.271001, -18.122528 ], [ -65.270858, -18.122424 ], [ -65.270798, -18.122355 ], [ -65.270702, -18.122308 ], [ -65.270702, -18.122285 ], [ -65.270642, -18.12225 ], [ -65.270558, -18.122181 ], [ -65.270475, -18.122123 ], [ -65.270367, -18.122076 ], [ -65.270307, -18.122042 ], [ -65.270223, -18.122007 ], [ -65.269876, -18.121821 ], [ -65.269684, -18.121705 ], [ -65.26954, -18.121566 ], [ -65.269469, -18.121531 ], [ -65.269385, -18.121462 ], [ -65.269325, -18.121438 ], [ -65.269277, -18.121438 ], [ -65.269277, -18.121427 ], [ -65.269253, -18.121426 ], [ -65.269229, -18.121403 ], [ -65.269085, -18.121322 ], [ -65.268845, -18.121229 ], [ -65.268641, -18.12117 ], [ -65.268377, -18.121169 ], [ -65.268052, -18.121213 ], [ -65.267956, -18.121236 ], [ -65.267739, -18.121315 ], [ -65.267643, -18.121372 ], [ -65.267607, -18.121372 ], [ -65.267474, -18.121429 ], [ -65.267342, -18.121463 ], [ -65.267197, -18.121554 ], [ -65.267185, -18.121554 ], [ -65.267101, -18.121599 ], [ -65.267005, -18.121622 ], [ -65.266583, -18.121769 ], [ -65.266547, -18.121792 ], [ -65.266343, -18.121849 ], [ -65.265994, -18.121847 ], [ -65.265874, -18.121812 ], [ -65.265838, -18.121811 ], [ -65.265754, -18.121776 ], [ -65.265658, -18.121776 ], [ -65.265622, -18.121753 ], [ -65.265419, -18.12166 ], [ -65.265407, -18.121625 ], [ -65.265287, -18.121544 ], [ -65.265108, -18.121347 ], [ -65.26506, -18.121232 ], [ -65.265001, -18.121128 ], [ -65.264989, -18.121059 ], [ -65.264965, -18.121025 ], [ -65.26493, -18.120875 ], [ -65.264908, -18.120618 ], [ -65.264912, -18.120532 ], [ -65.264903, -18.120466 ], [ -65.264879, -18.120388 ], [ -65.264825, -18.120267 ], [ -65.264804, -18.120228 ], [ -65.264768, -18.120173 ], [ -65.264738, -18.120101 ], [ -65.264718, -18.120079 ], [ -65.264688, -18.120049 ], [ -65.264635, -18.120011 ], [ -65.264586, -18.120003 ], [ -65.264557, -18.11999 ], [ -65.264516, -18.119976 ], [ -65.256366, -18.119645 ], [ -65.252136, -18.115912 ], [ -65.251551, -18.115455 ], [ -65.231923, -18.096586 ], [ -65.22692, -18.088071 ], [ -65.221395, -18.088103 ], [ -65.222312, -18.08439 ], [ -65.23185, -18.062231 ], [ -65.232336, -18.061101 ], [ -65.227897, -18.055052 ], [ -65.232794, -18.049536 ], [ -65.226015, -18.042589 ], [ -65.21043, -18.023565 ], [ -65.196959, -18.021907 ], [ -65.196718, -18.021881 ], [ -65.196568, -18.021883 ], [ -65.196358, -18.021885 ], [ -65.196103, -18.021902 ], [ -65.195897, -18.021937 ], [ -65.195733, -18.021924 ], [ -65.195449, -18.021899 ], [ -65.195254, -18.021802 ], [ -65.195176, -18.021517 ], [ -65.195159, -18.021361 ], [ -65.195159, -18.021361 ], [ -65.195176, -18.021517 ] ], [ [ -65.29824, -18.161286 ], [ -65.29824, -18.161286 ], [ -65.298264, -18.16124 ], [ -65.298264, -18.16124 ], [ -65.29824, -18.161286 ] ], [ [ -65.298192, -18.161354 ], [ -65.298167, -18.161389 ], [ -65.298046, -18.16163 ], [ -65.298046, -18.16163 ], [ -65.298167, -18.161389 ], [ -65.298192, -18.161354 ], [ -65.298192, -18.161331 ], [ -65.298192, -18.161331 ], [ -65.298192, -18.161354 ] ], [ [ -65.631589, -17.886798 ], [ -65.631034, -17.887106 ], [ -65.609094, -17.902913 ], [ -65.609081, -17.9029 ], [ -65.631003, -17.887105 ], [ -65.631558, -17.886798 ], [ -65.631983, -17.886706 ], [ -65.648587, -17.882911 ], [ -65.648618, -17.882912 ], [ -65.632014, -17.886707 ], [ -65.631589, -17.886798 ] ], [ [ -65.609063, -17.902913 ], [ -65.609048, -17.902898 ], [ -65.60907, -17.90289 ], [ -65.609081, -17.9029 ], [ -65.609063, -17.902913 ] ], [ [ -65.572907, -17.91519 ], [ -65.562387, -17.928058 ], [ -65.562528, -17.928237 ], [ -65.566829, -17.932086 ], [ -65.567422, -17.954922 ], [ -65.560428, -17.966744 ], [ -65.560023, -17.967443 ], [ -65.563442, -17.980369 ], [ -65.54261, -17.998225 ], [ -65.546871, -18.003391 ], [ -65.553039, -18.010508 ], [ -65.552838, -18.010973 ], [ -65.548502, -18.021563 ], [ -65.547285, -18.050907 ], [ -65.546836, -18.051266 ], [ -65.543101, -18.056948 ], [ -65.543089, -18.056948 ], [ -65.542906, -18.057268 ], [ -65.542748, -18.057438 ], [ -65.542443, -18.05786 ], [ -65.542394, -18.057963 ], [ -65.542357, -18.057985 ], [ -65.541991, -18.058297 ], [ -65.541702, -18.058581 ], [ -65.541437, -18.058866 ], [ -65.541439, -18.05903 ], [ -65.541589, -18.059215 ], [ -65.541875, -18.059371 ], [ -65.542151, -18.059524 ], [ -65.542234, -18.05964 ], [ -65.542281, -18.059779 ], [ -65.542254, -18.060043 ], [ -65.542253, -18.060227 ], [ -65.542287, -18.060366 ], [ -65.542359, -18.06047 ], [ -65.54273, -18.060612 ], [ -65.542699, -18.060612 ], [ -65.542327, -18.060469 ], [ -65.542256, -18.060365 ], [ -65.542221, -18.060227 ], [ -65.542223, -18.060043 ], [ -65.54225, -18.059778 ], [ -65.542203, -18.05964 ], [ -65.54212, -18.059524 ], [ -65.541844, -18.059371 ], [ -65.541557, -18.059214 ], [ -65.541408, -18.059029 ], [ -65.541406, -18.058865 ], [ -65.541671, -18.058581 ], [ -65.54196, -18.058296 ], [ -65.542326, -18.057985 ], [ -65.542363, -18.057962 ], [ -65.542412, -18.057859 ], [ -65.542716, -18.057438 ], [ -65.542874, -18.057267 ], [ -65.543058, -18.056947 ], [ -65.54307, -18.056947 ], [ -65.546805, -18.051265 ], [ -65.547254, -18.050906 ], [ -65.548471, -18.021562 ], [ -65.552807, -18.010972 ], [ -65.553007, -18.010507 ], [ -65.54684, -18.00339 ], [ -65.542579, -17.998225 ], [ -65.563411, -17.980369 ], [ -65.559992, -17.967442 ], [ -65.560396, -17.966743 ], [ -65.56739, -17.954921 ], [ -65.566798, -17.932085 ], [ -65.562496, -17.928237 ], [ -65.562366, -17.92807 ], [ -65.562356, -17.928057 ], [ -65.572876, -17.91519 ], [ -65.609039, -17.902889 ], [ -65.609048, -17.902898 ], [ -65.572907, -17.91519 ] ], [ [ -65.542904, -18.060615 ], [ -65.543194, -18.06048 ], [ -65.543339, -18.060367 ], [ -65.543448, -18.060311 ], [ -65.543641, -18.060256 ], [ -65.544123, -18.060262 ], [ -65.544123, -18.060262 ], [ -65.543673, -18.060256 ], [ -65.543479, -18.060311 ], [ -65.543371, -18.060368 ], [ -65.543225, -18.060481 ], [ -65.542935, -18.060615 ], [ -65.54273, -18.060613 ], [ -65.54273, -18.060612 ], [ -65.542904, -18.060615 ] ], [ [ -65.544154, -18.060262 ], [ -65.544466, -18.060381 ], [ -65.545183, -18.060908 ], [ -65.545385, -18.061209 ], [ -65.545432, -18.061348 ], [ -65.545503, -18.061487 ], [ -65.545549, -18.061648 ], [ -65.54564, -18.062224 ], [ -65.545806, -18.062514 ], [ -65.545902, -18.062596 ], [ -65.545926, -18.062596 ], [ -65.546129, -18.062737 ], [ -65.546381, -18.062843 ], [ -65.546544, -18.062935 ], [ -65.546517, -18.062937 ], [ -65.54635, -18.062843 ], [ -65.546098, -18.062736 ], [ -65.545895, -18.062596 ], [ -65.545871, -18.062595 ], [ -65.545775, -18.062514 ], [ -65.545609, -18.062224 ], [ -65.545518, -18.061648 ], [ -65.545472, -18.061486 ], [ -65.545401, -18.061347 ], [ -65.545354, -18.061209 ], [ -65.545152, -18.060907 ], [ -65.544435, -18.06038 ], [ -65.544123, -18.060262 ], [ -65.544154, -18.060262 ] ], [ [ -65.546638, -18.062927 ], [ -65.546868, -18.062815 ], [ -65.546965, -18.062747 ], [ -65.547135, -18.062576 ], [ -65.547255, -18.06252 ], [ -65.547316, -18.062464 ], [ -65.547534, -18.062363 ], [ -65.547727, -18.062239 ], [ -65.548016, -18.062242 ], [ -65.548016, -18.062242 ], [ -65.547759, -18.062239 ], [ -65.547565, -18.062363 ], [ -65.547347, -18.062464 ], [ -65.547287, -18.062521 ], [ -65.547166, -18.062577 ], [ -65.546996, -18.062747 ], [ -65.546899, -18.062815 ], [ -65.546669, -18.062927 ], [ -65.546549, -18.062937 ], [ -65.546544, -18.062935 ], [ -65.546638, -18.062927 ] ], [ [ -65.548047, -18.062243 ], [ -65.548227, -18.062394 ], [ -65.548345, -18.062568 ], [ -65.548416, -18.062719 ], [ -65.548475, -18.062892 ], [ -65.548474, -18.062927 ], [ -65.54851, -18.062939 ], [ -65.548534, -18.062973 ], [ -65.548726, -18.063079 ], [ -65.548954, -18.063151 ], [ -65.549337, -18.063351 ], [ -65.549504, -18.063503 ], [ -65.549576, -18.063607 ], [ -65.549611, -18.063688 ], [ -65.549596, -18.064022 ], [ -65.549363, -18.064479 ], [ -65.549385, -18.064675 ], [ -65.54942, -18.06479 ], [ -65.549848, -18.065371 ], [ -65.549907, -18.065509 ], [ -65.549907, -18.065567 ], [ -65.549943, -18.065602 ], [ -65.549966, -18.065671 ], [ -65.549965, -18.065752 ], [ -65.549868, -18.065888 ], [ -65.54959, -18.066035 ], [ -65.549142, -18.066236 ], [ -65.548936, -18.066372 ], [ -65.548911, -18.066544 ], [ -65.54915, -18.066731 ], [ -65.549119, -18.06673 ], [ -65.54888, -18.066543 ], [ -65.548905, -18.066371 ], [ -65.549111, -18.066235 ], [ -65.549558, -18.066034 ], [ -65.549836, -18.065888 ], [ -65.549934, -18.065751 ], [ -65.549935, -18.06567 ], [ -65.549911, -18.065601 ], [ -65.549876, -18.065566 ], [ -65.549876, -18.065509 ], [ -65.549817, -18.06537 ], [ -65.549389, -18.06479 ], [ -65.549354, -18.064674 ], [ -65.549332, -18.064478 ], [ -65.549565, -18.064021 ], [ -65.54958, -18.063688 ], [ -65.549544, -18.063607 ], [ -65.549473, -18.063502 ], [ -65.549306, -18.063351 ], [ -65.548923, -18.06315 ], [ -65.548695, -18.063079 ], [ -65.548503, -18.062973 ], [ -65.548479, -18.062938 ], [ -65.548443, -18.062926 ], [ -65.548444, -18.062892 ], [ -65.548385, -18.062718 ], [ -65.548314, -18.062568 ], [ -65.548195, -18.062394 ], [ -65.548016, -18.062242 ], [ -65.548047, -18.062243 ] ], [ [ -65.549155, -18.066731 ], [ -65.549155, -18.066731 ], [ -65.54915, -18.066731 ], [ -65.54915, -18.066731 ], [ -65.549155, -18.066731 ] ], [ [ -65.549186, -18.066731 ], [ -65.549413, -18.066884 ], [ -65.549688, -18.067163 ], [ -65.549735, -18.067233 ], [ -65.549829, -18.067533 ], [ -65.549812, -18.067981 ], [ -65.549882, -18.068327 ], [ -65.550072, -18.068583 ], [ -65.550274, -18.068815 ], [ -65.550488, -18.06914 ], [ -65.550559, -18.069313 ], [ -65.550642, -18.069441 ], [ -65.550665, -18.069522 ], [ -65.550927, -18.069847 ], [ -65.551034, -18.06994 ], [ -65.551082, -18.069964 ], [ -65.551051, -18.069963 ], [ -65.551003, -18.06994 ], [ -65.550896, -18.069846 ], [ -65.550634, -18.069521 ], [ -65.550611, -18.06944 ], [ -65.550527, -18.069313 ], [ -65.550457, -18.069139 ], [ -65.550243, -18.068814 ], [ -65.550041, -18.068582 ], [ -65.54985, -18.068327 ], [ -65.549781, -18.067981 ], [ -65.549797, -18.067532 ], [ -65.549704, -18.067232 ], [ -65.549656, -18.067162 ], [ -65.549382, -18.066883 ], [ -65.549155, -18.066731 ], [ -65.549186, -18.066731 ] ], [ [ -65.551147, -18.069964 ], [ -65.551329, -18.069817 ], [ -65.551366, -18.069726 ], [ -65.551367, -18.069645 ], [ -65.551344, -18.06953 ], [ -65.551249, -18.069356 ], [ -65.551167, -18.069148 ], [ -65.551121, -18.068906 ], [ -65.551146, -18.068757 ], [ -65.551147, -18.068642 ], [ -65.551257, -18.068459 ], [ -65.551366, -18.068449 ], [ -65.551375, -18.068451 ], [ -65.551289, -18.068459 ], [ -65.551179, -18.068642 ], [ -65.551178, -18.068757 ], [ -65.551152, -18.068906 ], [ -65.551198, -18.069148 ], [ -65.55128, -18.069357 ], [ -65.551375, -18.06953 ], [ -65.551398, -18.069646 ], [ -65.551397, -18.069726 ], [ -65.55136, -18.069818 ], [ -65.551179, -18.069965 ], [ -65.551082, -18.069964 ], [ -65.551082, -18.069964 ], [ -65.551147, -18.069964 ] ], [ [ -65.551397, -18.068449 ], [ -65.551673, -18.068533 ], [ -65.551781, -18.068604 ], [ -65.551972, -18.068698 ], [ -65.552274, -18.068734 ], [ -65.552266, -18.068736 ], [ -65.551941, -18.068697 ], [ -65.55175, -18.068603 ], [ -65.551642, -18.068533 ], [ -65.551375, -18.068451 ], [ -65.551397, -18.068449 ] ], [ [ -65.552387, -18.068703 ], [ -65.552496, -18.068612 ], [ -65.552557, -18.068532 ], [ -65.55263, -18.068395 ], [ -65.552655, -18.068304 ], [ -65.552728, -18.068212 ], [ -65.552765, -18.068132 ], [ -65.55285, -18.068087 ], [ -65.55309, -18.06809 ], [ -65.553091, -18.068091 ], [ -65.552881, -18.068088 ], [ -65.552796, -18.068133 ], [ -65.552759, -18.068213 ], [ -65.552686, -18.068304 ], [ -65.552661, -18.068396 ], [ -65.552588, -18.068533 ], [ -65.552527, -18.068613 ], [ -65.552418, -18.068703 ], [ -65.552297, -18.068736 ], [ -65.552274, -18.068734 ], [ -65.552387, -18.068703 ] ], [ [ -65.553121, -18.068091 ], [ -65.553253, -18.068173 ], [ -65.553337, -18.068266 ], [ -65.553371, -18.068405 ], [ -65.553393, -18.068704 ], [ -65.553416, -18.068796 ], [ -65.553415, -18.068923 ], [ -65.553461, -18.069142 ], [ -65.55347, -18.069499 ], [ -65.55354, -18.069718 ], [ -65.553694, -18.069938 ], [ -65.553694, -18.069961 ], [ -65.553838, -18.069998 ], [ -65.554102, -18.070173 ], [ -65.554197, -18.07029 ], [ -65.554291, -18.070498 ], [ -65.55429, -18.07059 ], [ -65.554325, -18.070705 ], [ -65.55437, -18.071097 ], [ -65.554665, -18.071133 ], [ -65.554651, -18.071135 ], [ -65.554339, -18.071096 ], [ -65.554294, -18.070705 ], [ -65.554259, -18.070589 ], [ -65.55426, -18.070497 ], [ -65.554166, -18.070289 ], [ -65.55407, -18.070173 ], [ -65.553807, -18.069997 ], [ -65.553663, -18.069961 ], [ -65.553663, -18.069938 ], [ -65.553509, -18.069717 ], [ -65.553439, -18.069498 ], [ -65.55343, -18.069141 ], [ -65.553384, -18.068922 ], [ -65.553385, -18.068796 ], [ -65.553362, -18.068703 ], [ -65.55334, -18.068404 ], [ -65.553305, -18.068266 ], [ -65.553222, -18.068173 ], [ -65.553091, -18.068091 ], [ -65.553121, -18.068091 ] ], [ [ -65.554736, -18.071124 ], [ -65.554918, -18.070908 ], [ -65.555164, -18.070301 ], [ -65.555408, -18.069982 ], [ -65.55571, -18.069859 ], [ -65.555732, -18.069864 ], [ -65.555439, -18.069983 ], [ -65.555196, -18.070302 ], [ -65.554949, -18.070909 ], [ -65.554767, -18.071125 ], [ -65.554683, -18.071135 ], [ -65.554665, -18.071133 ], [ -65.554736, -18.071124 ] ], [ [ -65.555741, -18.06986 ], [ -65.555861, -18.069884 ], [ -65.556424, -18.070259 ], [ -65.556568, -18.07033 ], [ -65.55678, -18.070389 ], [ -65.556752, -18.07039 ], [ -65.556536, -18.07033 ], [ -65.556393, -18.070259 ], [ -65.55583, -18.069884 ], [ -65.555732, -18.069864 ], [ -65.555741, -18.06986 ] ], [ [ -65.55715, -18.070383 ], [ -65.557282, -18.07035 ], [ -65.557367, -18.070305 ], [ -65.557452, -18.070283 ], [ -65.557524, -18.070284 ], [ -65.557524, -18.070284 ], [ -65.557483, -18.070284 ], [ -65.557398, -18.070306 ], [ -65.557314, -18.070351 ], [ -65.557181, -18.070384 ], [ -65.556784, -18.07039 ], [ -65.55678, -18.070389 ], [ -65.55715, -18.070383 ] ], [ [ -65.557555, -18.070285 ], [ -65.557687, -18.070344 ], [ -65.557818, -18.070495 ], [ -65.557877, -18.070634 ], [ -65.5579, -18.070761 ], [ -65.557898, -18.070956 ], [ -65.557811, -18.071231 ], [ -65.557661, -18.071816 ], [ -65.557624, -18.071908 ], [ -65.557623, -18.072057 ], [ -65.55768, -18.072426 ], [ -65.557704, -18.072461 ], [ -65.557728, -18.072461 ], [ -65.55787, -18.072658 ], [ -65.558097, -18.07288 ], [ -65.558144, -18.072972 ], [ -65.558168, -18.072972 ], [ -65.558252, -18.073054 ], [ -65.558503, -18.073241 ], [ -65.558983, -18.073431 ], [ -65.559284, -18.073446 ], [ -65.559344, -18.07347 ], [ -65.55951, -18.073679 ], [ -65.559555, -18.074002 ], [ -65.559567, -18.074002 ], [ -65.559662, -18.074222 ], [ -65.559962, -18.074329 ], [ -65.56013, -18.074342 ], [ -65.56013, -18.074354 ], [ -65.560268, -18.074377 ], [ -65.560359, -18.074388 ], [ -65.560335, -18.074388 ], [ -65.560237, -18.074376 ], [ -65.560099, -18.074353 ], [ -65.560099, -18.074342 ], [ -65.55993, -18.074328 ], [ -65.559631, -18.074221 ], [ -65.559536, -18.074001 ], [ -65.559524, -18.074001 ], [ -65.559479, -18.073679 ], [ -65.559312, -18.073469 ], [ -65.559252, -18.073446 ], [ -65.558952, -18.073431 ], [ -65.558472, -18.073241 ], [ -65.558221, -18.073053 ], [ -65.558137, -18.072972 ], [ -65.558113, -18.072972 ], [ -65.558066, -18.072879 ], [ -65.557839, -18.072658 ], [ -65.557697, -18.07246 ], [ -65.557672, -18.07246 ], [ -65.557649, -18.072425 ], [ -65.557592, -18.072057 ], [ -65.557593, -18.071907 ], [ -65.55763, -18.071815 ], [ -65.55778, -18.071231 ], [ -65.557867, -18.070956 ], [ -65.557868, -18.07076 ], [ -65.557846, -18.070633 ], [ -65.557787, -18.070495 ], [ -65.557656, -18.070343 ], [ -65.557524, -18.070284 ], [ -65.557555, -18.070285 ] ], [ [ -65.560433, -18.074387 ], [ -65.560442, -18.074388 ], [ -65.560366, -18.074389 ], [ -65.560359, -18.074388 ], [ -65.560433, -18.074387 ] ], [ [ -65.560465, -18.074387 ], [ -65.593819, -18.077723 ], [ -65.594087, -18.077783 ], [ -65.6036, -18.084147 ], [ -65.603709, -18.084542 ], [ -65.613063, -18.104946 ], [ -65.613698, -18.105928 ], [ -65.622443, -18.116595 ], [ -65.639407, -18.142309 ], [ -65.622412, -18.116594 ], [ -65.613667, -18.105927 ], [ -65.613032, -18.104946 ], [ -65.603678, -18.084541 ], [ -65.603569, -18.084147 ], [ -65.594056, -18.077783 ], [ -65.593788, -18.077722 ], [ -65.560442, -18.074388 ], [ -65.560465, -18.074387 ] ], [ [ -65.643264, -17.660671 ], [ -65.660762, -17.651808 ], [ -65.660893, -17.651742 ], [ -65.661691, -17.658767 ], [ -65.660838, -17.652094 ], [ -65.660814, -17.652002 ], [ -65.643264, -17.660671 ] ], [ [ -65.67598, -17.565662 ], [ -65.675477, -17.554209 ], [ -65.676217, -17.570368 ], [ -65.67598, -17.565662 ] ], [ [ -65.151443, -17.970752 ], [ -65.151467, -17.970775 ], [ -65.151466, -17.97081 ], [ -65.151466, -17.97081 ], [ -65.151467, -17.970775 ], [ -65.151443, -17.970751 ], [ -65.151443, -17.970717 ], [ -65.151443, -17.970717 ], [ -65.151443, -17.970752 ] ], [ [ -65.151478, -17.97081 ], [ -65.151466, -17.97081 ], [ -65.151466, -17.97081 ], [ -65.151478, -17.97081 ], [ -65.151478, -17.97081 ] ], [ [ -65.151478, -17.970821 ], [ -65.15149, -17.970833 ], [ -65.15149, -17.970833 ], [ -65.151478, -17.970821 ], [ -65.151478, -17.97081 ], [ -65.151478, -17.97081 ], [ -65.151478, -17.970821 ] ], [ [ -65.151514, -17.970833 ], [ -65.15149, -17.970833 ], [ -65.15149, -17.970833 ], [ -65.151514, -17.970833 ], [ -65.151514, -17.970833 ] ], [ [ -65.151538, -17.970903 ], [ -65.151549, -17.971007 ], [ -65.151584, -17.971111 ], [ -65.151607, -17.971216 ], [ -65.15163, -17.971274 ], [ -65.151665, -17.971401 ], [ -65.15171, -17.971748 ], [ -65.151707, -17.972003 ], [ -65.151645, -17.97221 ], [ -65.151584, -17.972313 ], [ -65.151523, -17.97244 ], [ -65.15151, -17.972497 ], [ -65.15145, -17.972566 ], [ -65.151449, -17.972589 ], [ -65.151389, -17.972658 ], [ -65.151304, -17.972772 ], [ -65.151255, -17.972806 ], [ -65.151182, -17.972886 ], [ -65.151061, -17.972989 ], [ -65.150795, -17.973251 ], [ -65.150637, -17.973365 ], [ -65.150155, -17.973614 ], [ -65.149998, -17.973681 ], [ -65.149672, -17.973804 ], [ -65.149335, -17.973916 ], [ -65.149118, -17.973971 ], [ -65.148829, -17.974095 ], [ -65.148588, -17.974161 ], [ -65.148444, -17.974183 ], [ -65.148275, -17.974238 ], [ -65.148082, -17.97434 ], [ -65.147961, -17.974443 ], [ -65.147743, -17.974648 ], [ -65.147548, -17.9749 ], [ -65.147451, -17.975072 ], [ -65.14739, -17.975141 ], [ -65.147329, -17.975267 ], [ -65.147268, -17.975347 ], [ -65.147182, -17.975508 ], [ -65.147122, -17.975588 ], [ -65.14706, -17.975715 ], [ -65.146658, -17.976345 ], [ -65.146601, -17.976418 ], [ -65.146403, -17.976666 ], [ -65.146087, -17.977032 ], [ -65.145954, -17.977157 ], [ -65.145832, -17.977295 ], [ -65.145723, -17.977444 ], [ -65.14559, -17.977569 ], [ -65.14548, -17.977695 ], [ -65.145347, -17.977832 ], [ -65.14508, -17.978071 ], [ -65.14491, -17.978254 ], [ -65.144571, -17.978551 ], [ -65.144353, -17.978768 ], [ -65.144208, -17.978881 ], [ -65.144111, -17.978938 ], [ -65.144051, -17.978949 ], [ -65.143859, -17.978947 ], [ -65.143787, -17.978934 ], [ -65.143643, -17.978886 ], [ -65.143572, -17.978851 ], [ -65.143572, -17.978851 ], [ -65.143572, -17.978851 ], [ -65.143441, -17.978745 ], [ -65.143441, -17.978745 ], [ -65.143298, -17.978605 ], [ -65.143203, -17.978523 ], [ -65.143119, -17.978429 ], [ -65.142928, -17.978312 ], [ -65.142928, -17.978312 ], [ -65.142917, -17.978277 ], [ -65.142881, -17.978276 ], [ -65.142881, -17.978276 ], [ -65.142881, -17.978276 ], [ -65.142809, -17.978206 ], [ -65.14269, -17.978159 ], [ -65.14269, -17.978159 ], [ -65.14269, -17.978158 ], [ -65.142594, -17.978077 ], [ -65.14257, -17.978076 ], [ -65.142499, -17.978052 ], [ -65.142427, -17.978017 ], [ -65.142187, -17.978014 ], [ -65.14215, -17.978048 ], [ -65.142066, -17.978082 ], [ -65.14197, -17.978081 ], [ -65.14162, -17.978215 ], [ -65.1415, -17.978248 ], [ -65.141162, -17.978395 ], [ -65.14103, -17.978462 ], [ -65.140487, -17.978687 ], [ -65.140258, -17.978811 ], [ -65.140077, -17.978879 ], [ -65.139847, -17.979003 ], [ -65.139727, -17.979059 ], [ -65.139485, -17.979195 ], [ -65.139316, -17.979274 ], [ -65.138991, -17.979386 ], [ -65.138871, -17.979442 ], [ -65.138702, -17.979498 ], [ -65.138533, -17.979588 ], [ -65.138389, -17.979563 ], [ -65.138244, -17.979654 ], [ -65.137991, -17.979697 ], [ -65.137786, -17.979799 ], [ -65.137581, -17.979889 ], [ -65.137389, -17.979933 ], [ -65.137196, -17.979988 ], [ -65.136967, -17.980066 ], [ -65.136617, -17.980247 ], [ -65.136436, -17.980326 ], [ -65.136183, -17.980473 ], [ -65.136014, -17.980529 ], [ -65.135809, -17.98063 ], [ -65.1357, -17.980675 ], [ -65.135555, -17.980754 ], [ -65.135483, -17.980811 ], [ -65.135313, -17.980983 ], [ -65.135289, -17.980982 ], [ -65.135289, -17.981005 ], [ -65.135167, -17.981212 ], [ -65.134969, -17.981787 ], [ -65.13492, -17.981902 ], [ -65.134845, -17.982213 ], [ -65.134794, -17.982467 ], [ -65.134744, -17.982663 ], [ -65.134743, -17.982813 ], [ -65.134655, -17.983205 ], [ -65.134553, -17.983816 ], [ -65.13445, -17.984531 ], [ -65.134412, -17.984727 ], [ -65.13441, -17.984924 ], [ -65.134298, -17.985396 ], [ -65.134261, -17.985511 ], [ -65.134199, -17.985638 ], [ -65.134125, -17.985856 ], [ -65.134076, -17.985948 ], [ -65.134039, -17.986098 ], [ -65.133965, -17.98627 ], [ -65.133891, -17.986478 ], [ -65.133829, -17.986685 ], [ -65.133791, -17.986846 ], [ -65.13374, -17.987146 ], [ -65.133739, -17.987308 ], [ -65.1337, -17.987561 ], [ -65.133696, -17.988024 ], [ -65.13367, -17.988208 ], [ -65.133668, -17.988382 ], [ -65.133643, -17.988508 ], [ -65.133642, -17.988635 ], [ -65.133629, -17.988716 ], [ -65.133542, -17.989016 ], [ -65.133492, -17.989246 ], [ -65.133492, -17.989281 ], [ -65.13348, -17.989281 ], [ -65.13344, -17.989615 ], [ -65.133438, -17.989893 ], [ -65.133449, -17.989939 ], [ -65.133447, -17.990216 ], [ -65.133526, -17.990691 ], [ -65.133537, -17.990818 ], [ -65.13356, -17.990899 ], [ -65.133571, -17.991027 ], [ -65.133594, -17.991165 ], [ -65.133617, -17.991235 ], [ -65.133615, -17.991385 ], [ -65.133603, -17.991431 ], [ -65.1336, -17.991766 ], [ -65.133574, -17.991963 ], [ -65.133572, -17.992147 ], [ -65.133533, -17.992517 ], [ -65.133507, -17.99269 ], [ -65.133295, -17.99345 ], [ -65.133172, -17.993772 ], [ -65.133135, -17.99391 ], [ -65.132926, -17.994347 ], [ -65.132633, -17.99484 ], [ -65.13256, -17.994932 ], [ -65.132536, -17.995012 ], [ -65.13239, -17.995207 ], [ -65.132328, -17.995345 ], [ -65.132255, -17.995425 ], [ -65.132207, -17.995505 ], [ -65.132194, -17.995551 ], [ -65.13217, -17.995597 ], [ -65.132121, -17.995643 ], [ -65.132084, -17.995723 ], [ -65.131914, -17.995952 ], [ -65.131914, -17.995964 ], [ -65.131853, -17.996021 ], [ -65.131695, -17.996204 ], [ -65.131417, -17.996455 ], [ -65.13138, -17.996501 ], [ -65.13132, -17.996546 ], [ -65.131308, -17.996569 ], [ -65.130981, -17.996843 ], [ -65.13092, -17.996911 ], [ -65.130884, -17.996934 ], [ -65.130726, -17.997105 ], [ -65.130337, -17.997586 ], [ -65.129997, -17.997975 ], [ -65.129791, -17.99818 ], [ -65.129561, -17.998386 ], [ -65.129318, -17.998648 ], [ -65.128748, -17.999219 ], [ -65.128542, -17.999344 ], [ -65.128325, -17.999503 ], [ -65.12824, -17.999537 ], [ -65.128192, -17.999571 ], [ -65.128108, -17.999605 ], [ -65.127951, -17.999637 ], [ -65.127794, -17.999682 ], [ -65.127277, -17.999768 ], [ -65.126965, -17.999764 ], [ -65.126737, -17.999773 ], [ -65.125704, -17.999761 ], [ -65.125476, -17.999747 ], [ -65.124755, -17.999738 ], [ -65.124431, -17.999722 ], [ -65.124119, -17.999719 ], [ -65.124023, -17.999729 ], [ -65.123951, -17.999728 ], [ -65.123951, -17.99974 ], [ -65.123818, -17.999738 ], [ -65.123566, -17.999781 ], [ -65.123445, -17.999815 ], [ -65.123361, -17.999825 ], [ -65.123, -17.999902 ], [ -65.12276, -17.999922 ], [ -65.122579, -17.999955 ], [ -65.122159, -17.999984 ], [ -65.121954, -17.999982 ], [ -65.121533, -18.000046 ], [ -65.121413, -18.000045 ], [ -65.121293, -18.000078 ], [ -65.120885, -18.000073 ], [ -65.120729, -18.000059 ], [ -65.120548, -18.000057 ], [ -65.12038, -18.000044 ], [ -65.120201, -18.000018 ], [ -65.120009, -17.999981 ], [ -65.119624, -17.999977 ], [ -65.11936, -17.999997 ], [ -65.118916, -17.999991 ], [ -65.118783, -18.000013 ], [ -65.118663, -18.000012 ], [ -65.118447, -18.000044 ], [ -65.11835, -18.000066 ], [ -65.118278, -18.000099 ], [ -65.11823, -18.000099 ], [ -65.118158, -18.000121 ], [ -65.118122, -18.000144 ], [ -65.118061, -18.000143 ], [ -65.118061, -18.000155 ], [ -65.118037, -18.000154 ], [ -65.117929, -18.000188 ], [ -65.1177, -18.000231 ], [ -65.117471, -18.000298 ], [ -65.11723, -18.000399 ], [ -65.116687, -18.000658 ], [ -65.116566, -18.000726 ], [ -65.116422, -18.000794 ], [ -65.116192, -18.000918 ], [ -65.116084, -18.000951 ], [ -65.115951, -18.001031 ], [ -65.115879, -18.001053 ], [ -65.115794, -18.001121 ], [ -65.115709, -18.001166 ], [ -65.115637, -18.001235 ], [ -65.115479, -18.001348 ], [ -65.115298, -18.001508 ], [ -65.115201, -18.001576 ], [ -65.115177, -18.001622 ], [ -65.114946, -18.001816 ], [ -65.11485, -18.001838 ], [ -65.114526, -18.001834 ], [ -65.114478, -18.001845 ], [ -65.114286, -18.001843 ], [ -65.114129, -18.001875 ], [ -65.114093, -18.00191 ], [ -65.114057, -18.001909 ], [ -65.1139, -18.002011 ], [ -65.113875, -18.002057 ], [ -65.11379, -18.002137 ], [ -65.113753, -18.002217 ], [ -65.113705, -18.002286 ], [ -65.113691, -18.002413 ], [ -65.113688, -18.00276 ], [ -65.113711, -18.002876 ], [ -65.113711, -18.002922 ], [ -65.113769, -18.003061 ], [ -65.113769, -18.003119 ], [ -65.113792, -18.003154 ], [ -65.113792, -18.003189 ], [ -65.113886, -18.003386 ], [ -65.113957, -18.003491 ], [ -65.113969, -18.00356 ], [ -65.114016, -18.003607 ], [ -65.114111, -18.003736 ], [ -65.114111, -18.003747 ], [ -65.114455, -18.004039 ], [ -65.114111, -18.003747 ], [ -65.114111, -18.003735 ], [ -65.114016, -18.003607 ], [ -65.113968, -18.00356 ], [ -65.113957, -18.003491 ], [ -65.113886, -18.003386 ], [ -65.113792, -18.003189 ], [ -65.113792, -18.003154 ], [ -65.113769, -18.003119 ], [ -65.113769, -18.003061 ], [ -65.11371, -18.002922 ], [ -65.113711, -18.002876 ], [ -65.113688, -18.00276 ], [ -65.113691, -18.002413 ], [ -65.113705, -18.002286 ], [ -65.113753, -18.002217 ], [ -65.11379, -18.002137 ], [ -65.113875, -18.002057 ], [ -65.113899, -18.002011 ], [ -65.114057, -18.001909 ], [ -65.114093, -18.001909 ], [ -65.114129, -18.001875 ], [ -65.114285, -18.001842 ], [ -65.114478, -18.001845 ], [ -65.114526, -18.001834 ], [ -65.11485, -18.001838 ], [ -65.114946, -18.001816 ], [ -65.115176, -18.001622 ], [ -65.115201, -18.001576 ], [ -65.115298, -18.001508 ], [ -65.115479, -18.001348 ], [ -65.115637, -18.001235 ], [ -65.115709, -18.001166 ], [ -65.115794, -18.001121 ], [ -65.115879, -18.001053 ], [ -65.115951, -18.00103 ], [ -65.116084, -18.000951 ], [ -65.116192, -18.000918 ], [ -65.116422, -18.000793 ], [ -65.116566, -18.000726 ], [ -65.116687, -18.000658 ], [ -65.11723, -18.000399 ], [ -65.117471, -18.000298 ], [ -65.1177, -18.000231 ], [ -65.117929, -18.000188 ], [ -65.118037, -18.000154 ], [ -65.118061, -18.000154 ], [ -65.118061, -18.000143 ], [ -65.118121, -18.000144 ], [ -65.118158, -18.000121 ], [ -65.11823, -18.000099 ], [ -65.118278, -18.000099 ], [ -65.11835, -18.000066 ], [ -65.118447, -18.000044 ], [ -65.118663, -18.000011 ], [ -65.118783, -18.000013 ], [ -65.118916, -17.999991 ], [ -65.11936, -17.999997 ], [ -65.119624, -17.999977 ], [ -65.120009, -17.999981 ], [ -65.1202, -18.000018 ], [ -65.12038, -18.000044 ], [ -65.120548, -18.000057 ], [ -65.120729, -18.000059 ], [ -65.120885, -18.000073 ], [ -65.121293, -18.000078 ], [ -65.121413, -18.000044 ], [ -65.121533, -18.000046 ], [ -65.121954, -17.999982 ], [ -65.122159, -17.999984 ], [ -65.122579, -17.999954 ], [ -65.12276, -17.999922 ], [ -65.123, -17.999902 ], [ -65.123361, -17.999825 ], [ -65.123445, -17.999815 ], [ -65.123566, -17.999781 ], [ -65.123818, -17.999738 ], [ -65.12395, -17.99974 ], [ -65.123951, -17.999728 ], [ -65.124023, -17.999729 ], [ -65.124119, -17.999719 ], [ -65.124431, -17.999722 ], [ -65.124755, -17.999738 ], [ -65.125476, -17.999746 ], [ -65.125704, -17.999761 ], [ -65.126737, -17.999773 ], [ -65.126965, -17.999764 ], [ -65.127277, -17.999768 ], [ -65.127794, -17.999682 ], [ -65.127951, -17.999637 ], [ -65.128107, -17.999605 ], [ -65.128192, -17.999571 ], [ -65.12824, -17.999537 ], [ -65.128325, -17.999503 ], [ -65.128542, -17.999344 ], [ -65.128748, -17.999219 ], [ -65.129318, -17.998648 ], [ -65.12956, -17.998386 ], [ -65.129791, -17.99818 ], [ -65.129997, -17.997975 ], [ -65.130337, -17.997586 ], [ -65.130726, -17.997105 ], [ -65.130884, -17.996934 ], [ -65.13092, -17.996911 ], [ -65.130981, -17.996843 ], [ -65.131307, -17.996569 ], [ -65.13132, -17.996546 ], [ -65.13138, -17.996501 ], [ -65.131417, -17.996455 ], [ -65.131695, -17.996204 ], [ -65.131853, -17.996021 ], [ -65.131914, -17.995964 ], [ -65.131914, -17.995952 ], [ -65.132084, -17.995723 ], [ -65.132121, -17.995643 ], [ -65.13217, -17.995597 ], [ -65.132194, -17.995551 ], [ -65.132207, -17.995505 ], [ -65.132255, -17.995425 ], [ -65.132328, -17.995345 ], [ -65.13239, -17.995207 ], [ -65.132536, -17.995012 ], [ -65.13256, -17.994932 ], [ -65.132633, -17.99484 ], [ -65.132926, -17.994347 ], [ -65.133135, -17.99391 ], [ -65.133172, -17.993772 ], [ -65.133295, -17.99345 ], [ -65.133507, -17.99269 ], [ -65.133532, -17.992517 ], [ -65.133572, -17.992147 ], [ -65.133574, -17.991962 ], [ -65.1336, -17.991766 ], [ -65.133603, -17.991431 ], [ -65.133615, -17.991385 ], [ -65.133617, -17.991235 ], [ -65.133593, -17.991165 ], [ -65.133571, -17.991026 ], [ -65.13356, -17.990899 ], [ -65.133537, -17.990818 ], [ -65.133526, -17.990691 ], [ -65.133446, -17.990216 ], [ -65.133449, -17.989939 ], [ -65.133438, -17.989892 ], [ -65.13344, -17.989615 ], [ -65.13348, -17.989281 ], [ -65.133492, -17.989281 ], [ -65.133492, -17.989246 ], [ -65.133542, -17.989015 ], [ -65.133629, -17.988716 ], [ -65.133642, -17.988635 ], [ -65.133643, -17.988508 ], [ -65.133668, -17.988381 ], [ -65.13367, -17.988208 ], [ -65.133696, -17.988024 ], [ -65.1337, -17.987561 ], [ -65.133739, -17.987308 ], [ -65.13374, -17.987146 ], [ -65.133791, -17.986846 ], [ -65.133829, -17.986685 ], [ -65.133891, -17.986477 ], [ -65.133965, -17.98627 ], [ -65.134039, -17.986098 ], [ -65.134076, -17.985948 ], [ -65.134125, -17.985856 ], [ -65.134199, -17.985638 ], [ -65.13426, -17.985511 ], [ -65.134298, -17.985396 ], [ -65.13441, -17.984924 ], [ -65.134412, -17.984727 ], [ -65.13445, -17.984531 ], [ -65.134553, -17.983816 ], [ -65.134655, -17.983205 ], [ -65.134743, -17.982813 ], [ -65.134744, -17.982663 ], [ -65.134794, -17.982467 ], [ -65.134845, -17.982213 ], [ -65.13492, -17.981902 ], [ -65.134969, -17.981787 ], [ -65.135167, -17.981212 ], [ -65.135289, -17.981005 ], [ -65.135289, -17.980982 ], [ -65.135313, -17.980983 ], [ -65.135483, -17.980811 ], [ -65.135555, -17.980754 ], [ -65.1357, -17.980675 ], [ -65.135809, -17.98063 ], [ -65.136014, -17.980529 ], [ -65.136182, -17.980473 ], [ -65.136436, -17.980326 ], [ -65.136617, -17.980247 ], [ -65.136967, -17.980066 ], [ -65.137196, -17.979988 ], [ -65.137389, -17.979933 ], [ -65.137581, -17.979889 ], [ -65.137786, -17.979799 ], [ -65.137991, -17.979697 ], [ -65.138244, -17.979654 ], [ -65.138389, -17.979563 ], [ -65.138533, -17.979588 ], [ -65.138702, -17.979498 ], [ -65.13887, -17.979442 ], [ -65.138991, -17.979386 ], [ -65.139316, -17.979274 ], [ -65.139485, -17.979195 ], [ -65.139727, -17.979059 ], [ -65.139847, -17.979003 ], [ -65.140077, -17.978879 ], [ -65.140258, -17.978811 ], [ -65.140487, -17.978687 ], [ -65.141029, -17.978462 ], [ -65.141162, -17.978395 ], [ -65.1415, -17.978248 ], [ -65.14162, -17.978215 ], [ -65.14197, -17.978081 ], [ -65.142066, -17.978082 ], [ -65.14215, -17.978048 ], [ -65.142187, -17.978014 ], [ -65.142427, -17.978017 ], [ -65.142498, -17.978052 ], [ -65.14257, -17.978076 ], [ -65.142594, -17.978076 ], [ -65.142594, -17.978077 ], [ -65.142594, -17.978077 ], [ -65.14269, -17.978159 ], [ -65.142809, -17.978206 ], [ -65.142809, -17.978206 ], [ -65.142809, -17.978206 ], [ -65.142881, -17.978276 ], [ -65.142917, -17.978277 ], [ -65.142917, -17.978277 ], [ -65.142917, -17.978277 ], [ -65.142928, -17.978312 ], [ -65.143119, -17.978429 ], [ -65.143119, -17.978429 ], [ -65.143203, -17.978523 ], [ -65.143298, -17.978605 ], [ -65.143441, -17.978745 ], [ -65.143572, -17.978851 ], [ -65.143572, -17.978851 ], [ -65.143643, -17.978886 ], [ -65.143787, -17.978934 ], [ -65.143859, -17.978947 ], [ -65.144051, -17.978949 ], [ -65.144111, -17.978938 ], [ -65.144208, -17.978881 ], [ -65.144353, -17.978768 ], [ -65.144571, -17.978551 ], [ -65.14491, -17.978254 ], [ -65.14508, -17.978071 ], [ -65.145347, -17.977832 ], [ -65.14548, -17.977695 ], [ -65.145589, -17.977569 ], [ -65.145723, -17.977443 ], [ -65.145832, -17.977295 ], [ -65.145954, -17.977157 ], [ -65.146087, -17.977032 ], [ -65.146403, -17.976666 ], [ -65.146658, -17.976345 ], [ -65.14706, -17.975714 ], [ -65.147122, -17.975588 ], [ -65.147182, -17.975508 ], [ -65.147268, -17.975347 ], [ -65.147329, -17.975267 ], [ -65.14739, -17.975141 ], [ -65.147451, -17.975072 ], [ -65.147548, -17.9749 ], [ -65.147743, -17.974648 ], [ -65.147961, -17.974443 ], [ -65.148082, -17.97434 ], [ -65.148275, -17.974238 ], [ -65.148444, -17.974182 ], [ -65.148588, -17.974161 ], [ -65.148829, -17.974095 ], [ -65.149118, -17.973971 ], [ -65.149335, -17.973916 ], [ -65.149672, -17.973804 ], [ -65.149998, -17.973681 ], [ -65.150155, -17.973613 ], [ -65.150637, -17.973365 ], [ -65.150794, -17.973251 ], [ -65.151061, -17.972989 ], [ -65.151182, -17.972886 ], [ -65.151255, -17.972806 ], [ -65.151303, -17.972772 ], [ -65.151389, -17.972657 ], [ -65.151449, -17.972589 ], [ -65.151449, -17.972566 ], [ -65.15151, -17.972497 ], [ -65.151523, -17.972439 ], [ -65.151584, -17.972313 ], [ -65.151645, -17.97221 ], [ -65.151707, -17.972003 ], [ -65.151709, -17.971748 ], [ -65.151665, -17.971401 ], [ -65.15163, -17.971274 ], [ -65.151606, -17.971216 ], [ -65.151583, -17.971111 ], [ -65.151548, -17.971007 ], [ -65.151537, -17.970903 ], [ -65.151514, -17.970833 ], [ -65.151514, -17.970833 ], [ -65.151538, -17.970903 ] ], [ [ -65.115125, -18.0047 ], [ -65.115416, -18.005539 ], [ -65.115515, -18.006115 ], [ -65.115516, -18.006345 ], [ -65.11554, -18.006517 ], [ -65.115494, -18.006932 ], [ -65.115399, -18.007265 ], [ -65.11534, -18.007415 ], [ -65.115137, -18.007738 ], [ -65.114982, -18.007922 ], [ -65.114815, -18.00806 ], [ -65.114623, -18.008187 ], [ -65.11442, -18.008279 ], [ -65.114347, -18.008296 ], [ -65.114024, -18.008372 ], [ -65.113664, -18.00843 ], [ -65.113496, -18.00843 ], [ -65.113281, -18.008453 ], [ -65.112993, -18.008453 ], [ -65.111757, -18.008351 ], [ -65.111181, -18.008363 ], [ -65.111049, -18.008387 ], [ -65.110749, -18.008502 ], [ -65.110079, -18.008836 ], [ -65.109636, -18.009113 ], [ -65.1096, -18.009113 ], [ -65.109013, -18.009344 ], [ -65.108821, -18.00939 ], [ -65.108665, -18.00939 ], [ -65.108534, -18.009425 ], [ -65.108438, -18.009425 ], [ -65.107766, -18.009575 ], [ -65.107622, -18.009576 ], [ -65.107479, -18.00961 ], [ -65.106591, -18.009611 ], [ -65.106183, -18.009577 ], [ -65.105451, -18.009566 ], [ -65.105127, -18.009509 ], [ -65.104995, -18.009509 ], [ -65.104743, -18.009464 ], [ -65.104611, -18.009464 ], [ -65.104527, -18.009441 ], [ -65.104431, -18.009441 ], [ -65.104311, -18.009418 ], [ -65.103951, -18.009418 ], [ -65.103771, -18.009384 ], [ -65.103615, -18.009384 ], [ -65.103615, -18.009384 ], [ -65.103614, -18.009384 ], [ -65.103603, -18.009373 ], [ -65.103471, -18.009373 ], [ -65.103339, -18.009408 ], [ -65.103243, -18.009408 ], [ -65.103183, -18.009431 ], [ -65.102415, -18.009524 ], [ -65.10238, -18.009547 ], [ -65.10214, -18.009593 ], [ -65.101085, -18.009893 ], [ -65.10039, -18.010113 ], [ -65.100186, -18.010159 ], [ -65.099995, -18.010228 ], [ -65.099623, -18.010309 ], [ -65.098185, -18.010817 ], [ -65.098066, -18.01084 ], [ -65.097934, -18.010898 ], [ -65.097778, -18.010909 ], [ -65.097382, -18.011013 ], [ -65.097227, -18.011037 ], [ -65.096519, -18.011037 ], [ -65.095991, -18.010969 ], [ -65.09599, -18.010969 ], [ -65.095858, -18.0109 ], [ -65.095654, -18.010831 ], [ -65.094897, -18.010475 ], [ -65.094609, -18.010406 ], [ -65.094032, -18.010223 ], [ -65.093564, -18.010097 ], [ -65.093203, -18.010028 ], [ -65.092687, -18.010029 ], [ -65.091848, -18.010168 ], [ -65.091381, -18.010283 ], [ -65.091165, -18.010387 ], [ -65.090794, -18.010525 ], [ -65.090542, -18.010664 ], [ -65.090471, -18.010744 ], [ -65.08998, -18.01109 ], [ -65.089598, -18.01147 ], [ -65.089443, -18.011654 ], [ -65.088964, -18.012081 ], [ -65.088128, -18.012956 ], [ -65.087937, -18.013186 ], [ -65.08771, -18.013394 ], [ -65.087244, -18.013924 ], [ -65.086874, -18.014534 ], [ -65.086696, -18.014914 ], [ -65.085981, -18.016238 ], [ -65.085778, -18.016572 ], [ -65.08554, -18.017009 ], [ -65.085266, -18.017573 ], [ -65.085207, -18.017723 ], [ -65.085135, -18.017827 ], [ -65.085076, -18.017988 ], [ -65.084981, -18.01816 ], [ -65.084862, -18.018529 ], [ -65.084803, -18.018782 ], [ -65.08478, -18.019024 ], [ -65.084733, -18.019231 ], [ -65.084733, -18.019346 ], [ -65.084698, -18.019461 ], [ -65.084651, -18.019806 ], [ -65.084521, -18.020244 ], [ -65.084462, -18.02052 ], [ -65.084189, -18.021303 ], [ -65.083845, -18.022177 ], [ -65.083809, -18.02235 ], [ -65.083738, -18.022557 ], [ -65.083679, -18.022868 ], [ -65.083668, -18.02311 ], [ -65.083551, -18.023823 ], [ -65.083504, -18.023984 ], [ -65.08348, -18.024146 ], [ -65.083397, -18.024399 ], [ -65.083314, -18.024583 ], [ -65.083219, -18.024744 ], [ -65.083004, -18.024998 ], [ -65.08298, -18.024998 ], [ -65.082896, -18.025067 ], [ -65.082249, -18.025378 ], [ -65.082178, -18.025436 ], [ -65.08183, -18.025597 ], [ -65.081147, -18.025816 ], [ -65.080536, -18.025943 ], [ -65.079696, -18.025956 ], [ -65.079276, -18.025933 ], [ -65.078135, -18.025704 ], [ -65.077787, -18.025704 ], [ -65.077571, -18.025751 ], [ -65.077224, -18.025889 ], [ -65.07702, -18.025993 ], [ -65.076745, -18.0262 ], [ -65.075082, -18.027295 ], [ -65.074399, -18.027779 ], [ -65.074268, -18.027906 ], [ -65.074244, -18.027906 ], [ -65.073921, -18.028228 ], [ -65.073802, -18.028378 ], [ -65.073492, -18.028954 ], [ -65.073338, -18.029333 ], [ -65.073207, -18.029805 ], [ -65.073065, -18.030162 ], [ -65.072874, -18.030508 ], [ -65.072635, -18.030818 ], [ -65.072384, -18.031037 ], [ -65.072253, -18.03113 ], [ -65.071953, -18.031222 ], [ -65.071761, -18.031245 ], [ -65.071401, -18.031245 ], [ -65.071197, -18.03128 ], [ -65.070981, -18.03128 ], [ -65.070789, -18.031327 ], [ -65.070669, -18.031327 ], [ -65.070406, -18.031488 ], [ -65.070263, -18.031626 ], [ -65.070179, -18.031776 ], [ -65.070209, -18.033306 ], [ -65.070067, -18.033836 ], [ -65.069972, -18.034043 ], [ -65.069817, -18.034239 ], [ -65.069625, -18.034308 ], [ -65.069457, -18.034331 ], [ -65.069337, -18.034331 ], [ -65.069097, -18.034297 ], [ -65.069097, -18.034297 ], [ -65.069037, -18.034262 ], [ -65.069013, -18.034262 ], [ -65.069013, -18.034262 ], [ -65.068544, -18.03401 ], [ -65.068544, -18.03401 ], [ -65.068375, -18.033883 ], [ -65.068375, -18.033883 ], [ -65.068363, -18.033849 ], [ -65.068207, -18.033734 ], [ -65.068207, -18.033734 ], [ -65.067893, -18.0334 ], [ -65.067797, -18.033262 ], [ -65.067688, -18.033147 ], [ -65.067592, -18.033079 ], [ -65.067592, -18.033078 ], [ -65.067508, -18.032917 ], [ -65.067447, -18.03263 ], [ -65.067446, -18.03248 ], [ -65.067385, -18.032193 ], [ -65.067384, -18.031928 ], [ -65.067335, -18.031721 ], [ -65.067307, -18.030777 ], [ -65.067271, -18.030616 ], [ -65.067269, -18.03026 ], [ -65.06704, -18.029891 ], [ -65.066908, -18.029788 ], [ -65.066908, -18.029788 ], [ -65.066571, -18.02957 ], [ -65.066571, -18.02957 ], [ -65.065248, -18.028834 ], [ -65.065248, -18.028834 ], [ -65.064803, -18.02857 ], [ -65.064803, -18.02857 ], [ -65.064755, -18.028513 ], [ -65.064719, -18.028501 ], [ -65.064719, -18.028501 ], [ -65.064575, -18.028386 ], [ -65.064575, -18.028386 ], [ -65.064322, -18.028122 ], [ -65.064213, -18.027972 ], [ -65.064092, -18.027708 ], [ -65.064056, -18.027581 ], [ -65.064067, -18.027294 ], [ -65.064114, -18.027167 ], [ -65.064245, -18.026937 ], [ -65.064532, -18.026637 ], [ -65.06458, -18.026614 ], [ -65.06458, -18.026591 ], [ -65.06513, -18.026257 ], [ -65.065274, -18.026153 ], [ -65.065454, -18.026061 ], [ -65.065777, -18.025842 ], [ -65.066064, -18.025612 ], [ -65.066219, -18.025393 ], [ -65.066374, -18.02514 ], [ -65.066433, -18.024875 ], [ -65.066444, -18.024633 ], [ -65.066324, -18.024518 ], [ -65.066095, -18.024208 ], [ -65.065962, -18.023978 ], [ -65.065756, -18.023518 ], [ -65.065635, -18.023196 ], [ -65.065502, -18.023023 ], [ -65.065502, -18.023 ], [ -65.065447, -18.022373 ], [ -65.064942, -18.0226 ], [ -65.064553, -18.022736 ], [ -65.064445, -18.022736 ], [ -65.063822, -18.022863 ], [ -65.06351, -18.023036 ], [ -65.06351, -18.023036 ], [ -65.063822, -18.022863 ], [ -65.064445, -18.022736 ], [ -65.064553, -18.022736 ], [ -65.064942, -18.0226 ], [ -65.065447, -18.022373 ], [ -65.065502, -18.023 ], [ -65.065502, -18.023023 ], [ -65.065635, -18.023196 ], [ -65.065756, -18.023518 ], [ -65.065962, -18.023978 ], [ -65.066095, -18.024208 ], [ -65.066324, -18.024518 ], [ -65.066444, -18.024633 ], [ -65.066433, -18.024875 ], [ -65.066374, -18.02514 ], [ -65.066219, -18.025393 ], [ -65.066064, -18.025612 ], [ -65.065777, -18.025842 ], [ -65.065454, -18.026061 ], [ -65.065274, -18.026153 ], [ -65.065131, -18.026257 ], [ -65.06458, -18.026591 ], [ -65.06458, -18.026614 ], [ -65.064532, -18.026637 ], [ -65.064245, -18.026937 ], [ -65.064114, -18.027167 ], [ -65.064067, -18.027294 ], [ -65.064056, -18.027581 ], [ -65.064092, -18.027708 ], [ -65.064213, -18.027972 ], [ -65.064322, -18.028122 ], [ -65.064575, -18.028386 ], [ -65.064719, -18.028501 ], [ -65.064755, -18.028513 ], [ -65.064755, -18.028513 ], [ -65.064755, -18.028513 ], [ -65.064803, -18.02857 ], [ -65.065248, -18.028834 ], [ -65.065248, -18.028834 ], [ -65.066571, -18.02957 ], [ -65.066571, -18.02957 ], [ -65.066908, -18.029788 ], [ -65.066908, -18.029788 ], [ -65.06704, -18.029891 ], [ -65.06704, -18.029892 ], [ -65.06727, -18.03026 ], [ -65.067271, -18.030616 ], [ -65.067308, -18.030777 ], [ -65.067335, -18.031721 ], [ -65.067384, -18.031928 ], [ -65.067385, -18.032193 ], [ -65.067446, -18.03248 ], [ -65.067447, -18.03263 ], [ -65.067508, -18.032917 ], [ -65.067592, -18.033079 ], [ -65.067688, -18.033147 ], [ -65.067689, -18.033147 ], [ -65.067797, -18.033262 ], [ -65.067894, -18.0334 ], [ -65.068207, -18.033734 ], [ -65.068363, -18.033849 ], [ -65.068363, -18.033849 ], [ -65.068375, -18.033883 ], [ -65.068544, -18.03401 ], [ -65.068544, -18.03401 ], [ -65.069013, -18.034262 ], [ -65.069037, -18.034262 ], [ -65.069037, -18.034262 ], [ -65.069097, -18.034297 ], [ -65.069337, -18.034331 ], [ -65.069457, -18.034331 ], [ -65.069625, -18.034308 ], [ -65.069816, -18.034239 ], [ -65.069972, -18.034043 ], [ -65.070067, -18.033836 ], [ -65.070209, -18.033306 ], [ -65.070179, -18.031776 ], [ -65.070262, -18.031626 ], [ -65.070406, -18.031488 ], [ -65.070669, -18.031327 ], [ -65.070789, -18.031326 ], [ -65.070981, -18.03128 ], [ -65.071197, -18.03128 ], [ -65.071401, -18.031245 ], [ -65.071761, -18.031245 ], [ -65.071953, -18.031222 ], [ -65.072252, -18.031129 ], [ -65.072384, -18.031037 ], [ -65.072635, -18.030818 ], [ -65.072874, -18.030508 ], [ -65.073065, -18.030162 ], [ -65.073207, -18.029805 ], [ -65.073337, -18.029333 ], [ -65.073492, -18.028953 ], [ -65.073802, -18.028378 ], [ -65.073921, -18.028228 ], [ -65.074244, -18.027906 ], [ -65.074268, -18.027906 ], [ -65.074399, -18.027779 ], [ -65.075081, -18.027295 ], [ -65.076745, -18.0262 ], [ -65.07702, -18.025993 ], [ -65.077224, -18.025889 ], [ -65.077571, -18.025751 ], [ -65.077787, -18.025704 ], [ -65.078135, -18.025704 ], [ -65.079276, -18.025933 ], [ -65.079696, -18.025956 ], [ -65.080536, -18.025943 ], [ -65.081147, -18.025816 ], [ -65.08183, -18.025597 ], [ -65.082177, -18.025436 ], [ -65.082249, -18.025378 ], [ -65.082896, -18.025067 ], [ -65.08298, -18.024997 ], [ -65.083004, -18.024997 ], [ -65.083219, -18.024744 ], [ -65.083314, -18.024583 ], [ -65.083397, -18.024399 ], [ -65.08348, -18.024145 ], [ -65.083504, -18.023984 ], [ -65.083551, -18.023823 ], [ -65.083668, -18.02311 ], [ -65.083679, -18.022868 ], [ -65.083738, -18.022557 ], [ -65.083809, -18.02235 ], [ -65.083845, -18.022177 ], [ -65.084189, -18.021303 ], [ -65.084462, -18.02052 ], [ -65.084521, -18.020244 ], [ -65.084651, -18.019806 ], [ -65.084698, -18.019461 ], [ -65.084733, -18.019346 ], [ -65.084733, -18.019231 ], [ -65.08478, -18.019024 ], [ -65.084803, -18.018782 ], [ -65.084862, -18.018529 ], [ -65.084981, -18.01816 ], [ -65.085076, -18.017988 ], [ -65.085135, -18.017826 ], [ -65.085207, -18.017723 ], [ -65.085266, -18.017573 ], [ -65.08554, -18.017009 ], [ -65.085778, -18.016572 ], [ -65.085981, -18.016238 ], [ -65.086696, -18.014914 ], [ -65.086874, -18.014534 ], [ -65.087244, -18.013923 ], [ -65.08771, -18.013394 ], [ -65.087937, -18.013186 ], [ -65.088128, -18.012956 ], [ -65.088964, -18.012081 ], [ -65.089442, -18.011654 ], [ -65.089598, -18.01147 ], [ -65.08998, -18.01109 ], [ -65.090471, -18.010744 ], [ -65.090542, -18.010664 ], [ -65.090794, -18.010525 ], [ -65.091165, -18.010387 ], [ -65.091381, -18.010283 ], [ -65.091848, -18.010168 ], [ -65.092687, -18.010029 ], [ -65.093203, -18.010028 ], [ -65.093563, -18.010097 ], [ -65.094032, -18.010223 ], [ -65.094608, -18.010406 ], [ -65.094897, -18.010475 ], [ -65.095654, -18.010831 ], [ -65.095858, -18.0109 ], [ -65.095858, -18.0109 ], [ -65.09599, -18.010969 ], [ -65.096519, -18.011037 ], [ -65.097226, -18.011037 ], [ -65.097382, -18.011013 ], [ -65.097778, -18.010909 ], [ -65.097934, -18.010898 ], [ -65.098065, -18.01084 ], [ -65.098185, -18.010817 ], [ -65.099623, -18.010309 ], [ -65.099995, -18.010228 ], [ -65.100186, -18.010159 ], [ -65.10039, -18.010113 ], [ -65.101085, -18.009893 ], [ -65.10214, -18.009593 ], [ -65.102379, -18.009547 ], [ -65.102415, -18.009524 ], [ -65.103183, -18.009431 ], [ -65.103243, -18.009408 ], [ -65.103339, -18.009408 ], [ -65.10347, -18.009373 ], [ -65.103602, -18.009373 ], [ -65.103603, -18.009373 ], [ -65.103603, -18.009373 ], [ -65.103615, -18.009384 ], [ -65.10377, -18.009384 ], [ -65.103951, -18.009418 ], [ -65.10431, -18.009418 ], [ -65.104431, -18.009441 ], [ -65.104527, -18.009441 ], [ -65.104611, -18.009464 ], [ -65.104743, -18.009464 ], [ -65.104995, -18.009509 ], [ -65.105127, -18.009509 ], [ -65.105451, -18.009566 ], [ -65.106183, -18.009577 ], [ -65.106591, -18.009611 ], [ -65.107479, -18.00961 ], [ -65.107622, -18.009576 ], [ -65.107766, -18.009575 ], [ -65.108438, -18.009425 ], [ -65.108534, -18.009425 ], [ -65.108665, -18.00939 ], [ -65.108821, -18.00939 ], [ -65.109013, -18.009344 ], [ -65.1096, -18.009113 ], [ -65.109636, -18.009113 ], [ -65.110079, -18.008836 ], [ -65.110749, -18.008502 ], [ -65.111049, -18.008386 ], [ -65.111181, -18.008363 ], [ -65.111756, -18.008351 ], [ -65.112993, -18.008453 ], [ -65.113281, -18.008453 ], [ -65.113496, -18.00843 ], [ -65.113664, -18.00843 ], [ -65.114024, -18.008372 ], [ -65.11442, -18.008279 ], [ -65.114623, -18.008187 ], [ -65.114815, -18.00806 ], [ -65.114982, -18.007922 ], [ -65.115137, -18.007738 ], [ -65.11534, -18.007415 ], [ -65.115399, -18.007265 ], [ -65.115494, -18.006932 ], [ -65.11554, -18.006517 ], [ -65.115515, -18.006345 ], [ -65.115515, -18.006115 ], [ -65.115416, -18.005539 ], [ -65.115125, -18.0047 ], [ -65.114908, -18.004419 ], [ -65.114658, -18.004211 ], [ -65.114908, -18.004419 ], [ -65.115125, -18.0047 ] ], [ [ -65.063391, -18.023129 ], [ -65.06314, -18.023313 ], [ -65.06314, -18.023313 ], [ -65.063391, -18.023129 ], [ -65.063415, -18.023128 ], [ -65.063415, -18.023128 ], [ -65.063391, -18.023129 ] ], [ [ -65.062149, -18.024798 ], [ -65.061958, -18.024902 ], [ -65.06179, -18.025029 ], [ -65.061539, -18.025155 ], [ -65.060449, -18.025835 ], [ -65.060079, -18.026135 ], [ -65.060079, -18.026135 ], [ -65.060449, -18.025835 ], [ -65.061539, -18.025155 ], [ -65.06179, -18.025029 ], [ -65.061958, -18.024902 ], [ -65.062149, -18.024798 ], [ -65.062305, -18.024683 ], [ -65.062305, -18.024683 ], [ -65.062149, -18.024798 ] ], [ [ -65.059246, -18.031337 ], [ -65.059246, -18.031337 ], [ -65.059282, -18.031314 ], [ -65.059282, -18.031314 ], [ -65.059246, -18.031337 ] ], [ [ -65.058995, -18.031602 ], [ -65.058756, -18.031728 ], [ -65.058516, -18.031821 ], [ -65.058156, -18.031902 ], [ -65.057964, -18.031902 ], [ -65.057641, -18.032006 ], [ -65.05709, -18.03234 ], [ -65.056898, -18.03242 ], [ -65.056563, -18.032513 ], [ -65.056419, -18.032536 ], [ -65.055579, -18.032537 ], [ -65.055171, -18.032514 ], [ -65.054859, -18.03248 ], [ -65.054511, -18.03248 ], [ -65.054511, -18.032468 ], [ -65.054162, -18.032365 ], [ -65.053538, -18.032216 ], [ -65.05295, -18.032217 ], [ -65.05277, -18.03224 ], [ -65.052578, -18.032286 ], [ -65.052482, -18.032332 ], [ -65.052314, -18.032355 ], [ -65.051895, -18.032505 ], [ -65.051045, -18.032909 ], [ -65.050398, -18.033174 ], [ -65.049308, -18.033681 ], [ -65.048972, -18.033819 ], [ -65.048385, -18.033958 ], [ -65.048013, -18.033958 ], [ -65.04764, -18.033866 ], [ -65.046859, -18.033476 ], [ -65.045849, -18.032947 ], [ -65.045849, -18.032913 ], [ -65.045248, -18.032729 ], [ -65.04478, -18.032568 ], [ -65.043747, -18.03227 ], [ -65.043483, -18.032236 ], [ -65.043122, -18.032144 ], [ -65.04281, -18.032133 ], [ -65.042618, -18.03211 ], [ -65.042066, -18.03211 ], [ -65.04185, -18.032168 ], [ -65.041671, -18.032191 ], [ -65.041551, -18.032191 ], [ -65.041371, -18.032214 ], [ -65.041131, -18.032215 ], [ -65.040963, -18.032249 ], [ -65.040819, -18.032249 ], [ -65.040255, -18.032365 ], [ -65.039944, -18.03248 ], [ -65.039872, -18.032526 ], [ -65.039668, -18.032607 ], [ -65.039225, -18.032826 ], [ -65.037655, -18.03346 ], [ -65.037452, -18.033587 ], [ -65.037284, -18.033667 ], [ -65.036937, -18.033921 ], [ -65.036937, -18.033921 ], [ -65.037284, -18.033667 ], [ -65.037452, -18.033587 ], [ -65.037655, -18.03346 ], [ -65.039225, -18.032826 ], [ -65.039668, -18.032607 ], [ -65.039872, -18.032526 ], [ -65.039944, -18.03248 ], [ -65.040255, -18.032365 ], [ -65.040819, -18.032249 ], [ -65.040963, -18.032249 ], [ -65.041131, -18.032215 ], [ -65.041371, -18.032214 ], [ -65.041551, -18.032191 ], [ -65.041671, -18.032191 ], [ -65.04185, -18.032168 ], [ -65.042066, -18.03211 ], [ -65.042618, -18.03211 ], [ -65.04281, -18.032133 ], [ -65.043122, -18.032144 ], [ -65.043483, -18.032236 ], [ -65.043747, -18.03227 ], [ -65.04478, -18.032568 ], [ -65.045248, -18.032729 ], [ -65.045849, -18.032913 ], [ -65.045849, -18.032947 ], [ -65.046859, -18.033476 ], [ -65.04764, -18.033866 ], [ -65.048013, -18.033958 ], [ -65.048385, -18.033958 ], [ -65.048972, -18.033819 ], [ -65.049308, -18.033681 ], [ -65.050398, -18.033174 ], [ -65.051045, -18.032909 ], [ -65.051895, -18.032505 ], [ -65.052314, -18.032355 ], [ -65.052482, -18.032332 ], [ -65.052578, -18.032286 ], [ -65.05277, -18.03224 ], [ -65.05295, -18.032217 ], [ -65.053538, -18.032216 ], [ -65.054162, -18.032365 ], [ -65.054511, -18.032468 ], [ -65.054511, -18.03248 ], [ -65.054859, -18.03248 ], [ -65.055171, -18.032514 ], [ -65.055579, -18.032537 ], [ -65.056419, -18.032536 ], [ -65.056563, -18.032513 ], [ -65.056898, -18.03242 ], [ -65.05709, -18.03234 ], [ -65.057641, -18.032006 ], [ -65.057964, -18.031902 ], [ -65.058156, -18.031902 ], [ -65.058516, -18.031821 ], [ -65.058756, -18.031728 ], [ -65.058995, -18.031602 ], [ -65.059175, -18.03144 ], [ -65.059175, -18.03144 ], [ -65.058995, -18.031602 ] ], [ [ -65.033557, -18.041495 ], [ -65.033365, -18.041599 ], [ -65.033113, -18.041691 ], [ -65.032442, -18.041853 ], [ -65.032298, -18.041864 ], [ -65.032166, -18.041899 ], [ -65.031986, -18.041899 ], [ -65.031794, -18.041922 ], [ -65.031086, -18.041923 ], [ -65.030846, -18.041946 ], [ -65.030654, -18.041946 ], [ -65.030462, -18.0419 ], [ -65.029921, -18.041624 ], [ -65.029632, -18.041406 ], [ -65.029367, -18.041176 ], [ -65.028861, -18.040612 ], [ -65.028681, -18.040348 ], [ -65.028511, -18.040014 ], [ -65.028451, -18.03983 ], [ -65.028255, -18.03891 ], [ -65.028219, -18.038795 ], [ -65.028219, -18.038703 ], [ -65.028169, -18.038346 ], [ -65.028167, -18.037713 ], [ -65.028202, -18.037517 ], [ -65.028286, -18.03731 ], [ -65.028357, -18.037218 ], [ -65.028357, -18.037218 ], [ -65.028286, -18.03731 ], [ -65.028202, -18.037517 ], [ -65.028167, -18.037713 ], [ -65.028169, -18.038346 ], [ -65.028219, -18.038703 ], [ -65.028219, -18.038795 ], [ -65.028255, -18.03891 ], [ -65.028451, -18.03983 ], [ -65.028511, -18.040014 ], [ -65.028681, -18.040348 ], [ -65.028861, -18.040612 ], [ -65.029367, -18.041176 ], [ -65.029632, -18.041406 ], [ -65.029921, -18.041624 ], [ -65.030462, -18.0419 ], [ -65.030654, -18.041946 ], [ -65.030846, -18.041946 ], [ -65.031086, -18.041923 ], [ -65.031794, -18.041922 ], [ -65.031986, -18.041899 ], [ -65.032166, -18.041899 ], [ -65.032298, -18.041864 ], [ -65.032442, -18.041853 ], [ -65.033113, -18.041691 ], [ -65.033365, -18.041599 ], [ -65.033557, -18.041495 ], [ -65.034012, -18.041196 ], [ -65.034012, -18.041196 ], [ -65.033557, -18.041495 ] ], [ [ -65.030679, -18.03541 ], [ -65.030762, -18.035214 ], [ -65.030809, -18.034961 ], [ -65.030808, -18.034742 ], [ -65.030676, -18.034535 ], [ -65.030507, -18.034351 ], [ -65.030387, -18.034328 ], [ -65.030231, -18.034328 ], [ -65.029751, -18.034444 ], [ -65.029655, -18.034501 ], [ -65.029512, -18.034536 ], [ -65.029116, -18.034698 ], [ -65.028637, -18.034916 ], [ -65.028146, -18.035089 ], [ -65.027762, -18.03517 ], [ -65.027366, -18.035205 ], [ -65.027126, -18.035205 ], [ -65.026766, -18.035148 ], [ -65.026598, -18.035102 ], [ -65.026538, -18.035102 ], [ -65.026381, -18.034999 ], [ -65.026249, -18.034849 ], [ -65.026116, -18.034665 ], [ -65.025947, -18.03432 ], [ -65.025862, -18.034067 ], [ -65.025765, -18.033848 ], [ -65.025403, -18.03317 ], [ -65.025391, -18.03317 ], [ -65.025391, -18.033147 ], [ -65.025367, -18.033147 ], [ -65.025367, -18.033135 ], [ -65.024682, -18.03294 ], [ -65.024226, -18.032837 ], [ -65.024034, -18.032814 ], [ -65.023313, -18.032607 ], [ -65.023121, -18.032607 ], [ -65.023013, -18.032561 ], [ -65.022593, -18.032493 ], [ -65.022424, -18.032424 ], [ -65.021548, -18.032252 ], [ -65.020911, -18.032045 ], [ -65.020262, -18.031723 ], [ -65.019793, -18.031413 ], [ -65.019648, -18.031298 ], [ -65.01942, -18.031022 ], [ -65.019274, -18.030665 ], [ -65.019044, -18.02994 ], [ -65.018671, -18.029618 ], [ -65.018057, -18.029227 ], [ -65.017937, -18.029124 ], [ -65.017828, -18.028997 ], [ -65.017503, -18.028514 ], [ -65.017226, -18.028192 ], [ -65.016889, -18.027905 ], [ -65.016588, -18.027686 ], [ -65.016299, -18.027514 ], [ -65.016095, -18.027411 ], [ -65.015723, -18.027273 ], [ -65.015566, -18.027238 ], [ -65.015242, -18.027238 ], [ -65.014883, -18.027319 ], [ -65.014883, -18.027319 ], [ -65.015242, -18.027238 ], [ -65.015566, -18.027238 ], [ -65.015723, -18.027273 ], [ -65.016095, -18.027411 ], [ -65.016299, -18.027514 ], [ -65.016588, -18.027686 ], [ -65.016889, -18.027905 ], [ -65.017226, -18.028192 ], [ -65.017503, -18.028514 ], [ -65.017828, -18.028997 ], [ -65.017937, -18.029124 ], [ -65.018057, -18.029227 ], [ -65.018671, -18.029618 ], [ -65.019044, -18.02994 ], [ -65.019274, -18.030665 ], [ -65.01942, -18.031022 ], [ -65.019648, -18.031298 ], [ -65.019793, -18.031413 ], [ -65.020262, -18.031723 ], [ -65.020911, -18.032045 ], [ -65.021548, -18.032252 ], [ -65.022424, -18.032424 ], [ -65.022593, -18.032493 ], [ -65.023013, -18.032561 ], [ -65.023121, -18.032607 ], [ -65.023313, -18.032607 ], [ -65.024034, -18.032814 ], [ -65.024226, -18.032837 ], [ -65.024682, -18.03294 ], [ -65.025367, -18.033135 ], [ -65.025367, -18.033147 ], [ -65.025391, -18.033147 ], [ -65.025391, -18.03317 ], [ -65.025403, -18.03317 ], [ -65.025765, -18.033848 ], [ -65.025862, -18.034067 ], [ -65.025947, -18.03432 ], [ -65.026116, -18.034665 ], [ -65.026249, -18.034849 ], [ -65.026381, -18.034999 ], [ -65.026538, -18.035102 ], [ -65.026598, -18.035102 ], [ -65.026766, -18.035148 ], [ -65.027126, -18.035205 ], [ -65.027366, -18.035205 ], [ -65.027762, -18.03517 ], [ -65.028146, -18.035089 ], [ -65.028637, -18.034916 ], [ -65.029116, -18.034698 ], [ -65.029512, -18.034536 ], [ -65.029655, -18.034501 ], [ -65.029751, -18.034444 ], [ -65.030231, -18.034328 ], [ -65.030387, -18.034328 ], [ -65.030507, -18.034351 ], [ -65.030676, -18.034535 ], [ -65.030808, -18.034742 ], [ -65.030809, -18.034961 ], [ -65.030762, -18.035214 ], [ -65.030679, -18.03541 ], [ -65.030428, -18.035732 ], [ -65.030141, -18.036043 ], [ -65.030141, -18.036043 ], [ -65.030428, -18.035732 ], [ -65.030679, -18.03541 ] ], [ [ -65.014811, -18.027365 ], [ -65.014811, -18.027365 ], [ -65.014883, -18.027331 ], [ -65.014883, -18.027331 ], [ -65.014811, -18.027365 ] ], [ [ -65.014775, -18.027377 ], [ -65.014523, -18.027504 ], [ -65.014428, -18.027573 ], [ -65.014428, -18.027573 ], [ -65.014523, -18.027504 ], [ -65.014775, -18.027377 ], [ -65.014811, -18.027377 ], [ -65.014811, -18.027377 ], [ -65.014775, -18.027377 ] ], [ [ -65.014057, -18.027849 ], [ -65.013925, -18.027953 ], [ -65.013925, -18.027953 ], [ -65.014057, -18.027849 ], [ -65.014296, -18.027699 ], [ -65.014296, -18.027699 ], [ -65.014057, -18.027849 ] ], [ [ -65.013853, -18.02801 ], [ -65.013853, -18.02801 ], [ -65.013877, -18.02801 ], [ -65.013877, -18.02801 ], [ -65.013853, -18.02801 ] ], [ [ -65.01377, -18.028091 ], [ -65.01359, -18.028206 ], [ -65.013267, -18.028367 ], [ -65.013267, -18.028367 ], [ -65.01359, -18.028206 ], [ -65.01377, -18.028091 ], [ -65.013817, -18.028079 ], [ -65.013817, -18.028079 ], [ -65.01377, -18.028091 ] ], [ [ -65.012811, -18.028563 ], [ -65.012679, -18.028632 ], [ -65.011888, -18.028852 ], [ -65.011648, -18.028898 ], [ -65.011241, -18.029025 ], [ -65.010894, -18.029197 ], [ -65.010582, -18.029313 ], [ -65.010302, -18.029496 ], [ -65.009894, -18.029715 ], [ -65.009894, -18.029715 ], [ -65.010302, -18.029496 ], [ -65.010582, -18.029313 ], [ -65.010894, -18.029197 ], [ -65.011241, -18.029025 ], [ -65.011648, -18.028898 ], [ -65.011888, -18.028852 ], [ -65.012679, -18.028632 ], [ -65.012811, -18.028563 ], [ -65.013243, -18.028402 ], [ -65.013243, -18.028402 ], [ -65.012811, -18.028563 ] ], [ [ -64.977623, -18.063456 ], [ -64.964568, -18.068339 ], [ -64.964568, -18.068339 ], [ -64.977623, -18.063456 ], [ -64.986974, -18.058954 ], [ -64.986974, -18.058954 ], [ -64.977623, -18.063456 ] ], [ [ -64.947312, -18.160098 ], [ -64.931805, -18.170365 ], [ -64.923971, -18.175443 ], [ -64.923971, -18.175443 ], [ -64.931805, -18.170365 ], [ -64.947312, -18.160098 ], [ -64.947938, -18.159608 ], [ -64.947938, -18.159608 ], [ -64.947312, -18.160098 ] ], [ [ -64.901328, -18.213692 ], [ -64.901328, -18.213692 ], [ -64.918476, -18.201842 ], [ -64.918476, -18.201842 ], [ -64.901328, -18.213692 ] ], [ [ -64.885067, -18.243092 ], [ -64.885067, -18.243092 ], [ -64.892484, -18.238395 ], [ -64.892484, -18.238395 ], [ -64.885067, -18.243092 ] ], [ [ -64.874495, -18.25592 ], [ -64.874351, -18.255978 ], [ -64.87368, -18.256347 ], [ -64.873152, -18.256577 ], [ -64.873068, -18.256635 ], [ -64.872984, -18.256658 ], [ -64.8729, -18.256715 ], [ -64.872528, -18.256796 ], [ -64.872276, -18.256796 ], [ -64.87194, -18.256865 ], [ -64.871568, -18.257003 ], [ -64.871304, -18.257153 ], [ -64.871304, -18.257153 ], [ -64.871568, -18.257003 ], [ -64.87194, -18.256865 ], [ -64.872276, -18.256796 ], [ -64.872528, -18.256796 ], [ -64.8729, -18.256715 ], [ -64.872984, -18.256658 ], [ -64.873068, -18.256635 ], [ -64.873152, -18.256577 ], [ -64.87368, -18.256347 ], [ -64.874351, -18.255978 ], [ -64.874495, -18.25592 ], [ -64.875218, -18.255429 ], [ -64.875218, -18.255429 ], [ -64.874495, -18.25592 ] ], [ [ -64.869854, -18.258663 ], [ -64.869698, -18.258744 ], [ -64.86953, -18.258859 ], [ -64.869482, -18.258859 ], [ -64.869422, -18.258894 ], [ -64.869158, -18.258871 ], [ -64.868521, -18.258721 ], [ -64.868053, -18.258721 ], [ -64.867741, -18.258698 ], [ -64.867177, -18.258571 ], [ -64.866997, -18.258421 ], [ -64.8669, -18.258317 ], [ -64.866792, -18.258121 ], [ -64.8666, -18.257683 ], [ -64.866408, -18.257404 ], [ -64.866265, -18.257226 ], [ -64.86617, -18.257137 ], [ -64.865933, -18.257005 ], [ -64.86565, -18.256918 ], [ -64.865433, -18.256865 ], [ -64.86519, -18.256887 ], [ -64.86505, -18.256874 ], [ -64.864956, -18.25687 ], [ -64.864852, -18.256881 ], [ -64.864642, -18.256948 ], [ -64.864246, -18.257049 ], [ -64.863994, -18.25721 ], [ -64.863742, -18.257348 ], [ -64.863742, -18.257348 ], [ -64.863994, -18.25721 ], [ -64.864246, -18.257049 ], [ -64.864642, -18.256948 ], [ -64.864852, -18.256881 ], [ -64.864956, -18.25687 ], [ -64.86505, -18.256874 ], [ -64.86519, -18.256887 ], [ -64.865433, -18.256865 ], [ -64.86565, -18.256918 ], [ -64.865933, -18.257005 ], [ -64.86617, -18.257137 ], [ -64.866265, -18.257226 ], [ -64.866408, -18.257404 ], [ -64.8666, -18.257683 ], [ -64.866792, -18.258121 ], [ -64.8669, -18.258317 ], [ -64.866997, -18.258421 ], [ -64.867177, -18.258571 ], [ -64.867741, -18.258698 ], [ -64.868053, -18.258721 ], [ -64.868521, -18.258721 ], [ -64.869158, -18.258871 ], [ -64.869422, -18.258894 ], [ -64.869482, -18.258859 ], [ -64.86953, -18.258859 ], [ -64.869698, -18.258744 ], [ -64.869854, -18.258663 ], [ -64.870069, -18.258525 ], [ -64.870069, -18.258525 ], [ -64.869854, -18.258663 ] ], [ [ -64.86367, -18.257394 ], [ -64.850837, -18.265449 ], [ -64.850837, -18.265449 ], [ -64.86367, -18.257394 ], [ -64.863682, -18.257406 ], [ -64.863682, -18.257406 ], [ -64.86367, -18.257394 ] ], [ [ -64.815552, -18.48354 ], [ -64.815553, -18.483263 ], [ -64.815565, -18.483252 ], [ -64.815566, -18.483044 ], [ -64.81559, -18.482964 ], [ -64.815592, -18.481764 ], [ -64.815593, -18.48177 ], [ -64.81559, -18.483027 ], [ -64.815566, -18.483108 ], [ -64.815566, -18.483315 ], [ -64.815554, -18.483327 ], [ -64.815553, -18.483604 ], [ -64.815517, -18.48365 ], [ -64.815468, -18.483857 ], [ -64.81525, -18.48453 ], [ -64.815274, -18.484404 ], [ -64.815468, -18.483793 ], [ -64.815516, -18.483586 ], [ -64.815552, -18.48354 ] ], [ [ -64.815569, -18.481533 ], [ -64.815592, -18.481706 ], [ -64.815592, -18.481764 ], [ -64.815569, -18.481597 ], [ -64.815545, -18.481597 ], [ -64.815545, -18.481533 ], [ -64.815569, -18.481533 ] ], [ [ -64.815545, -18.481533 ], [ -64.815545, -18.481533 ], [ -64.815545, -18.481398 ], [ -64.815546, -18.481401 ], [ -64.815545, -18.481533 ] ], [ [ -64.815545, -18.481398 ], [ -64.815474, -18.481158 ], [ -64.815476, -18.481104 ], [ -64.815545, -18.481337 ], [ -64.815545, -18.481398 ] ], [ [ -64.815609, -18.479608 ], [ -64.815755, -18.478593 ], [ -64.815756, -18.478397 ], [ -64.815891, -18.477141 ], [ -64.815892, -18.476507 ], [ -64.815917, -18.476299 ], [ -64.815918, -18.475868 ], [ -64.815918, -18.475878 ], [ -64.815917, -18.476363 ], [ -64.815893, -18.47657 ], [ -64.815892, -18.477204 ], [ -64.815757, -18.478461 ], [ -64.815756, -18.478657 ], [ -64.81561, -18.479671 ], [ -64.815609, -18.479833 ], [ -64.8155, -18.480489 ], [ -64.815476, -18.481104 ], [ -64.815473, -18.481095 ], [ -64.815499, -18.480426 ], [ -64.815609, -18.479769 ], [ -64.815609, -18.479608 ] ], [ [ -64.815835, -18.475347 ], [ -64.815812, -18.475197 ], [ -64.815752, -18.475047 ], [ -64.815704, -18.474816 ], [ -64.815704, -18.474756 ], [ -64.815751, -18.474983 ], [ -64.815811, -18.475134 ], [ -64.815835, -18.475284 ], [ -64.815871, -18.475388 ], [ -64.81587, -18.475445 ], [ -64.815894, -18.475515 ], [ -64.815918, -18.475815 ], [ -64.815918, -18.475868 ], [ -64.815895, -18.475578 ], [ -64.815871, -18.475509 ], [ -64.815871, -18.475451 ], [ -64.815835, -18.475347 ] ], [ [ -64.815704, -18.474756 ], [ -64.815703, -18.474753 ], [ -64.815704, -18.474394 ], [ -64.815705, -18.474401 ], [ -64.815704, -18.474756 ] ], [ [ -64.815704, -18.474394 ], [ -64.815681, -18.474182 ], [ -64.815682, -18.474126 ], [ -64.815704, -18.474337 ], [ -64.815704, -18.474394 ] ], [ [ -64.815695, -18.473057 ], [ -64.815719, -18.472988 ], [ -64.815721, -18.472342 ], [ -64.815819, -18.471409 ], [ -64.815868, -18.471144 ], [ -64.815868, -18.470994 ], [ -64.815977, -18.47051 ], [ -64.816063, -18.469703 ], [ -64.816063, -18.46952 ], [ -64.816064, -18.469524 ], [ -64.816064, -18.469766 ], [ -64.815978, -18.470573 ], [ -64.815869, -18.471057 ], [ -64.815868, -18.471207 ], [ -64.81582, -18.471472 ], [ -64.815721, -18.472406 ], [ -64.81572, -18.473052 ], [ -64.815696, -18.473121 ], [ -64.815695, -18.47349 ], [ -64.815683, -18.47349 ], [ -64.815682, -18.474125 ], [ -64.815681, -18.474118 ], [ -64.815682, -18.473426 ], [ -64.815694, -18.473426 ], [ -64.815695, -18.473057 ] ], [ [ -64.815285, -18.468033 ], [ -64.815166, -18.467836 ], [ -64.815166, -18.46779 ], [ -64.815034, -18.467513 ], [ -64.814998, -18.467385 ], [ -64.81483, -18.467131 ], [ -64.814518, -18.466806 ], [ -64.814266, -18.466517 ], [ -64.814086, -18.466389 ], [ -64.814074, -18.466331 ], [ -64.813918, -18.466158 ], [ -64.813798, -18.465996 ], [ -64.813787, -18.465707 ], [ -64.813739, -18.465442 ], [ -64.813715, -18.46543 ], [ -64.813667, -18.465142 ], [ -64.813668, -18.465083 ], [ -64.813714, -18.465366 ], [ -64.813738, -18.465378 ], [ -64.813786, -18.465644 ], [ -64.813797, -18.465932 ], [ -64.813917, -18.466094 ], [ -64.814073, -18.466268 ], [ -64.814085, -18.466326 ], [ -64.814265, -18.466453 ], [ -64.814517, -18.466743 ], [ -64.81483, -18.467067 ], [ -64.814997, -18.467322 ], [ -64.815033, -18.467449 ], [ -64.815165, -18.467726 ], [ -64.815165, -18.467772 ], [ -64.815285, -18.467969 ], [ -64.815405, -18.468235 ], [ -64.815968, -18.469126 ], [ -64.816028, -18.469287 ], [ -64.816064, -18.469461 ], [ -64.816063, -18.46952 ], [ -64.816029, -18.469351 ], [ -64.815969, -18.469189 ], [ -64.815405, -18.468299 ], [ -64.815285, -18.468033 ] ], [ [ -64.813813, -18.464064 ], [ -64.814007, -18.46373 ], [ -64.814151, -18.463523 ], [ -64.814525, -18.463075 ], [ -64.814983, -18.462662 ], [ -64.815454, -18.46218 ], [ -64.815598, -18.462066 ], [ -64.815695, -18.462008 ], [ -64.816032, -18.461756 ], [ -64.816213, -18.461677 ], [ -64.816321, -18.461573 ], [ -64.816369, -18.461504 ], [ -64.816598, -18.461332 ], [ -64.816827, -18.461114 ], [ -64.816864, -18.461045 ], [ -64.8169, -18.461011 ], [ -64.8169, -18.460988 ], [ -64.817153, -18.460701 ], [ -64.817225, -18.460574 ], [ -64.817322, -18.460448 ], [ -64.817527, -18.460241 ], [ -64.817659, -18.460161 ], [ -64.817888, -18.460082 ], [ -64.817985, -18.460024 ], [ -64.818454, -18.4599 ], [ -64.818743, -18.459844 ], [ -64.818791, -18.459809 ], [ -64.819056, -18.459499 ], [ -64.819153, -18.459338 ], [ -64.819225, -18.459165 ], [ -64.819226, -18.459096 ], [ -64.81925, -18.459004 ], [ -64.819251, -18.458614 ], [ -64.819251, -18.458618 ], [ -64.819251, -18.459068 ], [ -64.819226, -18.45916 ], [ -64.819226, -18.459229 ], [ -64.819154, -18.459402 ], [ -64.819057, -18.459563 ], [ -64.818792, -18.459873 ], [ -64.818743, -18.459907 ], [ -64.818455, -18.459963 ], [ -64.817985, -18.460088 ], [ -64.817889, -18.460145 ], [ -64.81766, -18.460225 ], [ -64.817528, -18.460305 ], [ -64.817323, -18.460512 ], [ -64.817226, -18.460638 ], [ -64.817154, -18.460764 ], [ -64.8169, -18.461052 ], [ -64.8169, -18.461075 ], [ -64.816864, -18.461109 ], [ -64.816828, -18.461178 ], [ -64.816599, -18.461396 ], [ -64.81637, -18.461568 ], [ -64.816322, -18.461637 ], [ -64.816213, -18.46174 ], [ -64.816033, -18.46182 ], [ -64.815695, -18.462072 ], [ -64.815599, -18.462129 ], [ -64.815454, -18.462244 ], [ -64.814984, -18.462726 ], [ -64.814526, -18.463139 ], [ -64.814152, -18.463587 ], [ -64.814007, -18.463794 ], [ -64.813814, -18.464127 ], [ -64.813729, -18.464427 ], [ -64.813668, -18.464715 ], [ -64.813668, -18.465083 ], [ -64.813667, -18.465078 ], [ -64.813668, -18.464651 ], [ -64.813728, -18.464363 ], [ -64.813813, -18.464064 ] ], [ [ -64.819158, -18.457521 ], [ -64.819192, -18.457758 ], [ -64.819215, -18.458393 ], [ -64.819251, -18.458554 ], [ -64.819251, -18.458614 ], [ -64.819216, -18.458456 ], [ -64.819193, -18.457822 ], [ -64.819157, -18.45758 ], [ -64.819158, -18.457521 ] ], [ [ -64.819158, -18.457521 ], [ -64.819157, -18.457516 ], [ -64.819157, -18.457388 ], [ -64.819158, -18.457395 ], [ -64.819158, -18.457521 ] ], [ [ -64.819157, -18.457388 ], [ -64.819087, -18.456795 ], [ -64.819087, -18.456738 ], [ -64.819157, -18.457331 ], [ -64.819157, -18.457388 ] ], [ [ -64.819087, -18.456738 ], [ -64.819086, -18.456731 ], [ -64.819087, -18.456581 ], [ -64.819087, -18.456587 ], [ -64.819087, -18.456738 ] ], [ [ -64.819087, -18.456581 ], [ -64.819064, -18.456403 ], [ -64.819064, -18.45635 ], [ -64.819087, -18.456524 ], [ -64.819087, -18.456581 ] ], [ [ -64.819102, -18.455071 ], [ -64.819199, -18.454598 ], [ -64.819199, -18.454448 ], [ -64.819345, -18.45393 ], [ -64.819369, -18.453896 ], [ -64.819371, -18.45287 ], [ -64.819372, -18.452875 ], [ -64.81937, -18.453959 ], [ -64.819345, -18.453994 ], [ -64.8192, -18.454512 ], [ -64.8192, -18.454662 ], [ -64.819102, -18.455134 ], [ -64.819102, -18.455273 ], [ -64.819078, -18.455411 ], [ -64.819064, -18.45635 ], [ -64.819063, -18.456339 ], [ -64.819077, -18.455347 ], [ -64.819101, -18.455209 ], [ -64.819102, -18.455071 ] ], [ [ -64.819371, -18.45287 ], [ -64.819336, -18.452656 ], [ -64.819336, -18.452597 ], [ -64.819371, -18.452811 ], [ -64.819371, -18.45287 ] ], [ [ -64.819435, -18.451105 ], [ -64.819665, -18.450483 ], [ -64.819774, -18.450265 ], [ -64.820112, -18.44969 ], [ -64.820474, -18.448965 ], [ -64.820739, -18.448666 ], [ -64.820968, -18.448448 ], [ -64.82127, -18.448231 ], [ -64.821727, -18.447841 ], [ -64.821872, -18.447691 ], [ -64.822306, -18.447151 ], [ -64.822631, -18.447038 ], [ -64.822824, -18.447027 ], [ -64.823089, -18.446948 ], [ -64.823161, -18.446902 ], [ -64.823221, -18.446821 ], [ -64.823282, -18.446695 ], [ -64.823427, -18.446269 ], [ -64.823475, -18.446073 ], [ -64.823477, -18.445519 ], [ -64.823501, -18.445393 ], [ -64.823538, -18.444909 ], [ -64.823574, -18.444782 ], [ -64.823659, -18.444632 ], [ -64.823876, -18.444345 ], [ -64.824177, -18.444012 ], [ -64.82437, -18.443875 ], [ -64.824683, -18.443703 ], [ -64.825057, -18.443543 ], [ -64.825165, -18.443475 ], [ -64.825406, -18.443361 ], [ -64.825574, -18.443315 ], [ -64.825586, -18.443292 ], [ -64.825707, -18.443247 ], [ -64.825875, -18.443144 ], [ -64.825875, -18.443121 ], [ -64.825972, -18.443052 ], [ -64.826358, -18.442673 ], [ -64.826394, -18.442593 ], [ -64.826394, -18.442523 ], [ -64.826417, -18.442436 ], [ -64.826419, -18.442495 ], [ -64.826395, -18.442587 ], [ -64.826394, -18.442656 ], [ -64.826358, -18.442737 ], [ -64.825973, -18.443116 ], [ -64.825876, -18.443184 ], [ -64.825876, -18.443207 ], [ -64.825707, -18.44331 ], [ -64.825587, -18.443356 ], [ -64.825575, -18.443379 ], [ -64.825406, -18.443424 ], [ -64.825166, -18.443538 ], [ -64.825057, -18.443607 ], [ -64.824684, -18.443767 ], [ -64.824371, -18.443938 ], [ -64.824178, -18.444076 ], [ -64.823877, -18.444409 ], [ -64.82366, -18.444696 ], [ -64.823575, -18.444845 ], [ -64.823539, -18.444972 ], [ -64.823502, -18.445456 ], [ -64.823477, -18.445583 ], [ -64.823476, -18.446137 ], [ -64.823428, -18.446332 ], [ -64.823282, -18.446759 ], [ -64.823222, -18.446885 ], [ -64.823162, -18.446966 ], [ -64.823089, -18.447011 ], [ -64.822825, -18.447091 ], [ -64.822632, -18.447101 ], [ -64.822307, -18.447215 ], [ -64.821873, -18.447755 ], [ -64.821728, -18.447904 ], [ -64.82127, -18.448294 ], [ -64.820969, -18.448512 ], [ -64.82074, -18.44873 ], [ -64.820475, -18.449028 ], [ -64.820112, -18.449753 ], [ -64.819774, -18.450328 ], [ -64.819666, -18.450547 ], [ -64.819436, -18.451169 ], [ -64.819387, -18.451434 ], [ -64.819338, -18.451872 ], [ -64.819336, -18.452597 ], [ -64.819336, -18.452592 ], [ -64.819337, -18.451808 ], [ -64.819386, -18.45137 ], [ -64.819435, -18.451105 ] ], [ [ -64.826396, -18.441716 ], [ -64.826418, -18.442431 ], [ -64.826417, -18.442436 ], [ -64.826396, -18.44178 ], [ -64.826349, -18.441468 ], [ -64.826349, -18.44141 ], [ -64.826396, -18.441716 ] ], [ [ -64.826349, -18.44141 ], [ -64.826348, -18.441405 ], [ -64.826348, -18.441347 ], [ -64.826349, -18.441353 ], [ -64.826349, -18.44141 ] ], [ [ -64.826348, -18.441347 ], [ -64.826325, -18.44118 ], [ -64.826326, -18.441122 ], [ -64.826348, -18.441289 ], [ -64.826348, -18.441347 ] ], [ [ -64.826326, -18.441122 ], [ -64.826325, -18.441116 ], [ -64.826325, -18.441025 ], [ -64.826326, -18.44103 ], [ -64.826326, -18.441122 ] ], [ [ -64.826325, -18.441025 ], [ -64.826278, -18.440741 ], [ -64.826278, -18.440682 ], [ -64.826325, -18.440966 ], [ -64.826325, -18.441025 ] ], [ [ -64.826459, -18.439986 ], [ -64.826664, -18.439907 ], [ -64.826989, -18.439908 ], [ -64.827157, -18.439886 ], [ -64.827314, -18.43991 ], [ -64.827807, -18.439901 ], [ -64.828011, -18.439844 ], [ -64.828084, -18.439798 ], [ -64.828493, -18.439443 ], [ -64.828711, -18.43904 ], [ -64.828795, -18.438925 ], [ -64.82888, -18.438764 ], [ -64.828988, -18.438626 ], [ -64.82906, -18.438627 ], [ -64.829109, -18.438546 ], [ -64.829145, -18.438546 ], [ -64.829494, -18.438317 ], [ -64.829542, -18.438248 ], [ -64.829628, -18.437776 ], [ -64.829628, -18.437568 ], [ -64.829652, -18.437522 ], [ -64.829689, -18.437211 ], [ -64.829774, -18.436808 ], [ -64.829931, -18.436497 ], [ -64.829931, -18.436463 ], [ -64.829967, -18.43644 ], [ -64.830004, -18.436232 ], [ -64.830064, -18.43606 ], [ -64.830318, -18.435611 ], [ -64.830487, -18.43537 ], [ -64.830499, -18.435312 ], [ -64.830523, -18.435301 ], [ -64.830607, -18.435151 ], [ -64.830728, -18.434771 ], [ -64.830838, -18.434276 ], [ -64.830935, -18.43363 ], [ -64.830935, -18.43348 ], [ -64.830972, -18.433342 ], [ -64.831056, -18.433158 ], [ -64.831153, -18.433055 ], [ -64.831286, -18.432848 ], [ -64.831418, -18.432722 ], [ -64.831599, -18.432515 ], [ -64.831732, -18.43225 ], [ -64.831732, -18.432206 ], [ -64.831733, -18.43221 ], [ -64.831733, -18.432314 ], [ -64.8316, -18.432578 ], [ -64.831419, -18.432785 ], [ -64.831286, -18.432911 ], [ -64.831154, -18.433118 ], [ -64.831057, -18.433222 ], [ -64.830973, -18.433406 ], [ -64.830936, -18.433544 ], [ -64.830936, -18.433694 ], [ -64.830838, -18.434339 ], [ -64.830729, -18.434835 ], [ -64.830608, -18.435215 ], [ -64.830523, -18.435364 ], [ -64.830499, -18.435376 ], [ -64.830487, -18.435433 ], [ -64.830318, -18.435675 ], [ -64.830065, -18.436123 ], [ -64.830004, -18.436296 ], [ -64.829968, -18.436503 ], [ -64.829932, -18.436526 ], [ -64.829932, -18.436561 ], [ -64.829775, -18.436871 ], [ -64.82969, -18.437275 ], [ -64.829653, -18.437586 ], [ -64.829629, -18.437632 ], [ -64.829628, -18.43784 ], [ -64.829543, -18.438312 ], [ -64.829495, -18.438381 ], [ -64.829145, -18.43861 ], [ -64.829109, -18.43861 ], [ -64.829061, -18.43869 ], [ -64.828989, -18.43869 ], [ -64.82888, -18.438828 ], [ -64.828796, -18.438989 ], [ -64.828711, -18.439104 ], [ -64.828494, -18.439506 ], [ -64.828084, -18.439862 ], [ -64.828012, -18.439908 ], [ -64.827807, -18.439964 ], [ -64.827314, -18.439974 ], [ -64.827158, -18.43995 ], [ -64.826989, -18.439972 ], [ -64.826665, -18.43997 ], [ -64.82646, -18.44005 ], [ -64.826303, -18.440165 ], [ -64.826279, -18.440234 ], [ -64.826278, -18.440682 ], [ -64.826278, -18.440678 ], [ -64.826279, -18.44017 ], [ -64.826303, -18.440101 ], [ -64.826459, -18.439986 ] ], [ [ -64.831732, -18.432206 ], [ -64.831709, -18.432095 ], [ -64.831709, -18.432035 ], [ -64.831732, -18.432146 ], [ -64.831732, -18.432206 ] ], [ [ -64.831709, -18.432035 ], [ -64.831708, -18.432031 ], [ -64.831708, -18.432012 ], [ -64.831709, -18.432014 ], [ -64.831709, -18.432035 ] ], [ [ -64.831708, -18.432012 ], [ -64.831673, -18.431921 ], [ -64.831673, -18.43186 ], [ -64.831708, -18.43195 ], [ -64.831708, -18.432012 ] ], [ [ -64.831673, -18.43186 ], [ -64.831673, -18.431858 ], [ -64.831673, -18.431828 ], [ -64.831673, -18.431829 ], [ -64.831673, -18.43186 ] ], [ [ -64.831422, -18.43124 ], [ -64.831267, -18.430778 ], [ -64.831207, -18.430535 ], [ -64.831051, -18.430119 ], [ -64.830824, -18.429784 ], [ -64.830439, -18.429436 ], [ -64.830151, -18.429227 ], [ -64.830043, -18.429169 ], [ -64.829659, -18.428855 ], [ -64.829251, -18.428427 ], [ -64.829251, -18.428392 ], [ -64.829191, -18.428323 ], [ -64.829059, -18.427953 ], [ -64.829059, -18.427892 ], [ -64.82919, -18.428259 ], [ -64.82925, -18.428329 ], [ -64.82925, -18.428363 ], [ -64.829658, -18.428792 ], [ -64.830042, -18.429105 ], [ -64.830151, -18.429163 ], [ -64.830439, -18.429372 ], [ -64.830823, -18.42972 ], [ -64.831051, -18.430056 ], [ -64.831206, -18.430472 ], [ -64.831266, -18.430714 ], [ -64.831421, -18.431176 ], [ -64.831493, -18.431303 ], [ -64.831577, -18.4315 ], [ -64.831625, -18.431673 ], [ -64.831673, -18.431766 ], [ -64.831673, -18.431828 ], [ -64.831625, -18.431737 ], [ -64.831578, -18.431563 ], [ -64.831494, -18.431367 ], [ -64.831422, -18.43124 ] ], [ [ -64.829277, -18.427049 ], [ -64.829313, -18.427014 ], [ -64.829325, -18.426968 ], [ -64.829422, -18.426888 ], [ -64.829736, -18.426243 ], [ -64.829806, -18.425997 ], [ -64.829809, -18.426054 ], [ -64.829736, -18.426307 ], [ -64.829422, -18.426951 ], [ -64.829326, -18.427032 ], [ -64.829314, -18.427078 ], [ -64.829278, -18.427112 ], [ -64.829084, -18.427446 ], [ -64.82906, -18.427572 ], [ -64.829059, -18.427892 ], [ -64.829059, -18.427889 ], [ -64.829059, -18.427509 ], [ -64.829084, -18.427382 ], [ -64.829277, -18.427049 ] ], [ [ -64.829666, -18.425165 ], [ -64.829591, -18.425045 ], [ -64.829511, -18.42491 ], [ -64.829439, -18.424703 ], [ -64.829403, -18.424506 ], [ -64.829391, -18.424506 ], [ -64.829379, -18.424356 ], [ -64.829308, -18.424056 ], [ -64.829308, -18.423998 ], [ -64.829272, -18.423941 ], [ -64.829261, -18.423664 ], [ -64.829177, -18.423444 ], [ -64.829177, -18.423383 ], [ -64.82926, -18.4236 ], [ -64.829271, -18.423877 ], [ -64.829307, -18.423935 ], [ -64.829307, -18.423992 ], [ -64.829379, -18.424293 ], [ -64.829391, -18.424443 ], [ -64.829403, -18.424443 ], [ -64.829438, -18.424639 ], [ -64.82951, -18.424847 ], [ -64.82959, -18.424981 ], [ -64.829666, -18.425101 ], [ -64.829678, -18.425217 ], [ -64.829749, -18.425367 ], [ -64.829785, -18.425517 ], [ -64.829808, -18.42599 ], [ -64.829806, -18.425997 ], [ -64.829786, -18.425581 ], [ -64.82975, -18.425431 ], [ -64.829678, -18.42528 ], [ -64.829666, -18.425165 ] ], [ [ -64.829177, -18.423383 ], [ -64.829176, -18.423381 ], [ -64.829176, -18.423372 ], [ -64.829177, -18.423375 ], [ -64.829177, -18.423383 ] ], [ [ -64.829057, -18.422826 ], [ -64.829176, -18.423311 ], [ -64.829176, -18.423372 ], [ -64.829058, -18.42289 ], [ -64.828998, -18.422705 ], [ -64.828999, -18.422648 ], [ -64.829057, -18.422826 ] ], [ [ -64.829085, -18.421085 ], [ -64.829133, -18.420912 ], [ -64.829145, -18.420912 ], [ -64.829158, -18.420716 ], [ -64.829218, -18.420532 ], [ -64.829218, -18.420451 ], [ -64.829294, -18.420257 ], [ -64.82937, -18.420084 ], [ -64.829458, -18.419873 ], [ -64.829666, -18.419439 ], [ -64.829859, -18.419105 ], [ -64.830112, -18.41876 ], [ -64.830486, -18.418358 ], [ -64.830618, -18.418151 ], [ -64.830787, -18.417841 ], [ -64.830805, -18.417716 ], [ -64.830812, -18.417732 ], [ -64.830788, -18.417905 ], [ -64.830619, -18.418215 ], [ -64.830486, -18.418422 ], [ -64.830113, -18.418824 ], [ -64.829859, -18.419169 ], [ -64.829666, -18.419502 ], [ -64.829459, -18.419937 ], [ -64.829371, -18.420147 ], [ -64.829295, -18.420321 ], [ -64.829219, -18.420515 ], [ -64.829219, -18.420596 ], [ -64.829158, -18.42078 ], [ -64.829146, -18.420976 ], [ -64.829134, -18.420976 ], [ -64.829085, -18.421149 ], [ -64.829061, -18.421483 ], [ -64.829024, -18.42161 ], [ -64.828999, -18.422648 ], [ -64.828997, -18.422642 ], [ -64.829024, -18.421546 ], [ -64.82906, -18.421419 ], [ -64.829085, -18.421085 ] ], [ [ -64.830309, -18.417153 ], [ -64.830021, -18.416771 ], [ -64.829853, -18.416505 ], [ -64.829625, -18.416088 ], [ -64.829565, -18.41588 ], [ -64.829566, -18.41582 ], [ -64.829625, -18.416025 ], [ -64.829852, -18.416441 ], [ -64.83002, -18.416707 ], [ -64.830308, -18.417089 ], [ -64.830596, -18.417402 ], [ -64.83068, -18.41746 ], [ -64.830764, -18.417564 ], [ -64.830812, -18.417668 ], [ -64.830805, -18.417716 ], [ -64.830765, -18.417628 ], [ -64.830681, -18.417523 ], [ -64.830597, -18.417465 ], [ -64.830309, -18.417153 ] ], [ [ -64.829735, -18.414883 ], [ -64.83023, -18.414263 ], [ -64.830374, -18.41401 ], [ -64.830483, -18.413676 ], [ -64.830556, -18.413307 ], [ -64.830593, -18.413031 ], [ -64.830811, -18.412259 ], [ -64.831102, -18.411338 ], [ -64.831126, -18.411165 ], [ -64.831199, -18.410854 ], [ -64.831477, -18.410255 ], [ -64.832249, -18.409071 ], [ -64.832261, -18.409071 ], [ -64.832261, -18.409048 ], [ -64.832309, -18.408968 ], [ -64.832394, -18.408761 ], [ -64.832406, -18.40868 ], [ -64.832454, -18.408553 ], [ -64.832515, -18.408311 ], [ -64.832563, -18.408185 ], [ -64.832722, -18.40724 ], [ -64.832722, -18.406886 ], [ -64.832723, -18.406888 ], [ -64.832722, -18.407303 ], [ -64.832564, -18.408248 ], [ -64.832516, -18.408375 ], [ -64.832455, -18.408617 ], [ -64.832407, -18.408744 ], [ -64.832394, -18.408824 ], [ -64.83231, -18.409031 ], [ -64.832262, -18.409112 ], [ -64.832261, -18.409135 ], [ -64.832249, -18.409135 ], [ -64.831477, -18.410319 ], [ -64.831199, -18.410917 ], [ -64.831127, -18.411229 ], [ -64.831102, -18.411401 ], [ -64.830812, -18.412323 ], [ -64.830594, -18.413094 ], [ -64.830557, -18.413371 ], [ -64.830484, -18.41374 ], [ -64.830375, -18.414074 ], [ -64.83023, -18.414327 ], [ -64.829736, -18.414947 ], [ -64.829639, -18.415131 ], [ -64.829566, -18.415431 ], [ -64.829566, -18.415819 ], [ -64.829565, -18.415817 ], [ -64.829566, -18.415367 ], [ -64.829639, -18.415067 ], [ -64.829735, -18.414883 ] ], [ [ -64.832195, -18.406332 ], [ -64.832171, -18.406332 ], [ -64.832027, -18.406251 ], [ -64.831775, -18.406076 ], [ -64.831594, -18.405983 ], [ -64.831138, -18.405589 ], [ -64.830958, -18.405461 ], [ -64.830718, -18.405206 ], [ -64.83067, -18.405125 ], [ -64.830586, -18.405033 ], [ -64.830514, -18.404905 ], [ -64.830431, -18.404605 ], [ -64.830431, -18.404544 ], [ -64.830514, -18.404842 ], [ -64.830586, -18.404969 ], [ -64.83067, -18.405062 ], [ -64.830717, -18.405143 ], [ -64.830957, -18.405398 ], [ -64.831138, -18.405525 ], [ -64.831594, -18.40592 ], [ -64.831774, -18.406013 ], [ -64.832026, -18.406187 ], [ -64.83217, -18.406268 ], [ -64.832194, -18.406269 ], [ -64.832375, -18.406396 ], [ -64.832543, -18.406547 ], [ -64.832687, -18.406744 ], [ -64.832722, -18.406825 ], [ -64.832722, -18.406886 ], [ -64.832687, -18.406807 ], [ -64.832543, -18.406611 ], [ -64.832375, -18.40646 ], [ -64.832195, -18.406332 ] ], [ [ -64.830431, -18.404544 ], [ -64.83043, -18.404542 ], [ -64.83043, -18.40451 ], [ -64.830431, -18.404513 ], [ -64.830431, -18.404544 ] ], [ [ -64.83043, -18.40451 ], [ -64.830395, -18.404363 ], [ -64.830395, -18.404303 ], [ -64.83043, -18.404449 ], [ -64.83043, -18.40451 ] ], [ [ -64.830468, -18.403711 ], [ -64.830469, -18.403311 ], [ -64.83047, -18.403314 ], [ -64.830469, -18.403775 ], [ -64.830432, -18.403913 ], [ -64.830396, -18.404213 ], [ -64.830395, -18.404303 ], [ -64.830395, -18.404299 ], [ -64.830395, -18.404149 ], [ -64.830432, -18.40385 ], [ -64.830468, -18.403711 ] ], [ [ -64.830122, -18.402505 ], [ -64.830111, -18.402424 ], [ -64.829919, -18.402008 ], [ -64.829775, -18.401753 ], [ -64.829608, -18.401176 ], [ -64.829561, -18.400876 ], [ -64.829561, -18.400817 ], [ -64.829607, -18.401112 ], [ -64.829775, -18.40169 ], [ -64.829918, -18.401944 ], [ -64.83011, -18.40236 ], [ -64.830122, -18.402441 ], [ -64.830266, -18.402719 ], [ -64.830349, -18.402961 ], [ -64.830445, -18.403158 ], [ -64.830469, -18.40325 ], [ -64.830469, -18.403311 ], [ -64.830446, -18.403221 ], [ -64.83035, -18.403025 ], [ -64.830266, -18.402782 ], [ -64.830122, -18.402505 ] ], [ [ -64.829863, -18.399649 ], [ -64.829881, -18.399604 ], [ -64.829911, -18.39958 ], [ -64.829964, -18.399541 ], [ -64.830079, -18.39946 ], [ -64.830273, -18.399259 ], [ -64.830405, -18.399098 ], [ -64.830463, -18.399036 ], [ -64.830538, -18.39896 ], [ -64.830719, -18.398776 ], [ -64.830827, -18.398627 ], [ -64.830936, -18.398374 ], [ -64.83096, -18.398262 ], [ -64.830961, -18.398322 ], [ -64.830937, -18.398437 ], [ -64.830828, -18.398691 ], [ -64.830719, -18.39884 ], [ -64.830539, -18.399024 ], [ -64.830463, -18.3991 ], [ -64.830406, -18.399162 ], [ -64.830273, -18.399322 ], [ -64.83008, -18.399523 ], [ -64.829965, -18.399605 ], [ -64.829912, -18.399644 ], [ -64.829881, -18.399667 ], [ -64.829864, -18.399712 ], [ -64.829682, -18.400173 ], [ -64.829561, -18.400622 ], [ -64.829561, -18.400817 ], [ -64.82956, -18.400812 ], [ -64.82956, -18.400558 ], [ -64.829682, -18.400109 ], [ -64.829863, -18.399649 ] ], [ [ -64.830949, -18.39774 ], [ -64.83096, -18.398259 ], [ -64.83096, -18.398262 ], [ -64.83095, -18.397803 ], [ -64.830902, -18.397642 ], [ -64.830902, -18.397581 ], [ -64.830949, -18.39774 ] ], [ [ -64.830928, -18.396438 ], [ -64.830929, -18.396442 ], [ -64.830927, -18.39725 ], [ -64.830903, -18.397469 ], [ -64.830902, -18.397581 ], [ -64.830902, -18.397578 ], [ -64.830902, -18.397405 ], [ -64.830926, -18.397186 ], [ -64.830928, -18.396438 ] ], [ [ -64.830928, -18.396438 ], [ -64.830857, -18.396073 ], [ -64.830858, -18.396013 ], [ -64.830928, -18.396379 ], [ -64.830928, -18.396438 ] ], [ [ -64.831038, -18.395549 ], [ -64.831351, -18.39547 ], [ -64.8317, -18.395414 ], [ -64.831904, -18.395415 ], [ -64.832049, -18.395369 ], [ -64.832217, -18.395278 ], [ -64.832277, -18.395209 ], [ -64.832302, -18.395151 ], [ -64.832302, -18.395047 ], [ -64.832326, -18.394932 ], [ -64.832447, -18.394656 ], [ -64.832568, -18.394484 ], [ -64.832592, -18.394484 ], [ -64.832604, -18.394461 ], [ -64.832628, -18.394461 ], [ -64.832712, -18.39438 ], [ -64.832736, -18.394381 ], [ -64.833013, -18.394151 ], [ -64.833074, -18.394059 ], [ -64.833158, -18.393967 ], [ -64.833217, -18.39381 ], [ -64.833219, -18.39387 ], [ -64.833159, -18.394031 ], [ -64.833074, -18.394123 ], [ -64.833014, -18.394215 ], [ -64.832737, -18.394444 ], [ -64.832713, -18.394444 ], [ -64.832628, -18.394524 ], [ -64.832604, -18.394524 ], [ -64.832592, -18.394547 ], [ -64.832568, -18.394547 ], [ -64.832448, -18.39472 ], [ -64.832327, -18.394996 ], [ -64.832303, -18.395111 ], [ -64.832302, -18.395215 ], [ -64.832278, -18.395272 ], [ -64.832218, -18.395341 ], [ -64.832049, -18.395433 ], [ -64.831905, -18.395478 ], [ -64.8317, -18.395477 ], [ -64.831352, -18.395533 ], [ -64.831039, -18.395612 ], [ -64.830954, -18.39567 ], [ -64.830858, -18.395831 ], [ -64.830858, -18.396013 ], [ -64.830857, -18.396009 ], [ -64.830857, -18.395767 ], [ -64.830954, -18.395606 ], [ -64.831038, -18.395549 ] ], [ [ -64.833196, -18.393183 ], [ -64.833218, -18.393806 ], [ -64.833217, -18.39381 ], [ -64.833196, -18.393247 ], [ -64.833149, -18.393085 ], [ -64.83315, -18.39303 ], [ -64.833196, -18.393183 ] ], [ [ -64.833221, -18.392399 ], [ -64.83327, -18.39225 ], [ -64.83327, -18.39203 ], [ -64.833416, -18.391454 ], [ -64.833416, -18.391077 ], [ -64.833417, -18.39108 ], [ -64.833416, -18.391518 ], [ -64.833271, -18.392094 ], [ -64.83327, -18.392313 ], [ -64.833222, -18.392463 ], [ -64.83321, -18.39259 ], [ -64.833161, -18.39267 ], [ -64.83315, -18.39303 ], [ -64.833148, -18.393022 ], [ -64.833161, -18.392607 ], [ -64.833209, -18.392526 ], [ -64.833221, -18.392399 ] ], [ [ -64.833082, -18.390277 ], [ -64.833153, -18.390358 ], [ -64.833333, -18.390716 ], [ -64.833417, -18.391016 ], [ -64.833416, -18.391077 ], [ -64.833334, -18.39078 ], [ -64.833154, -18.390421 ], [ -64.833082, -18.39034 ], [ -64.833082, -18.390277 ] ], [ [ -64.833119, -18.389392 ], [ -64.83312, -18.389395 ], [ -64.83312, -18.389568 ], [ -64.833083, -18.389879 ], [ -64.833082, -18.390277 ], [ -64.833081, -18.390276 ], [ -64.833082, -18.389815 ], [ -64.833119, -18.389504 ], [ -64.833119, -18.389392 ] ], [ [ -64.833095, -18.389262 ], [ -64.833119, -18.389331 ], [ -64.833119, -18.389392 ], [ -64.833096, -18.389325 ], [ -64.833084, -18.389198 ], [ -64.833088, -18.389184 ], [ -64.833095, -18.389262 ] ], [ [ -64.833313, -18.388813 ], [ -64.833349, -18.388802 ], [ -64.833385, -18.388756 ], [ -64.833385, -18.388733 ], [ -64.833482, -18.388618 ], [ -64.833482, -18.388597 ], [ -64.833482, -18.388601 ], [ -64.833482, -18.388681 ], [ -64.833386, -18.388796 ], [ -64.833386, -18.388819 ], [ -64.83335, -18.388865 ], [ -64.833314, -18.388877 ], [ -64.833241, -18.38898 ], [ -64.833109, -18.389106 ], [ -64.833088, -18.389184 ], [ -64.833084, -18.389135 ], [ -64.833108, -18.389043 ], [ -64.833241, -18.388916 ], [ -64.833313, -18.388813 ] ], [ [ -64.833159, -18.387826 ], [ -64.833063, -18.387722 ], [ -64.832968, -18.387502 ], [ -64.832632, -18.387028 ], [ -64.832332, -18.386681 ], [ -64.832068, -18.386483 ], [ -64.832008, -18.386483 ], [ -64.831852, -18.386424 ], [ -64.831611, -18.3864 ], [ -64.831371, -18.386399 ], [ -64.831106, -18.386375 ], [ -64.83059, -18.386084 ], [ -64.830542, -18.386026 ], [ -64.83047, -18.385991 ], [ -64.83041, -18.385922 ], [ -64.830374, -18.385921 ], [ -64.830338, -18.385852 ], [ -64.830206, -18.385678 ], [ -64.830026, -18.385297 ], [ -64.82987, -18.385123 ], [ -64.829678, -18.384961 ], [ -64.829438, -18.384798 ], [ -64.82933, -18.384751 ], [ -64.82927, -18.384705 ], [ -64.829017, -18.3846 ], [ -64.828682, -18.384091 ], [ -64.828454, -18.383709 ], [ -64.828407, -18.383467 ], [ -64.828409, -18.383417 ], [ -64.828453, -18.383646 ], [ -64.828681, -18.384027 ], [ -64.829017, -18.384536 ], [ -64.829269, -18.384641 ], [ -64.829329, -18.384688 ], [ -64.829437, -18.384735 ], [ -64.829677, -18.384897 ], [ -64.829869, -18.38506 ], [ -64.830025, -18.385233 ], [ -64.830205, -18.385615 ], [ -64.830337, -18.385788 ], [ -64.830373, -18.385858 ], [ -64.830409, -18.385858 ], [ -64.830469, -18.385927 ], [ -64.830541, -18.385962 ], [ -64.830589, -18.38602 ], [ -64.831105, -18.386311 ], [ -64.83137, -18.386335 ], [ -64.83161, -18.386337 ], [ -64.831851, -18.386361 ], [ -64.832007, -18.386419 ], [ -64.832067, -18.38642 ], [ -64.832331, -18.386617 ], [ -64.832631, -18.386964 ], [ -64.832967, -18.387439 ], [ -64.833063, -18.387658 ], [ -64.833159, -18.387763 ], [ -64.833267, -18.387913 ], [ -64.833267, -18.387948 ], [ -64.833434, -18.388341 ], [ -64.833482, -18.388537 ], [ -64.833482, -18.388597 ], [ -64.833435, -18.388404 ], [ -64.833267, -18.388011 ], [ -64.833267, -18.387977 ], [ -64.833159, -18.387826 ] ], [ [ -64.82866, -18.382482 ], [ -64.828817, -18.382183 ], [ -64.829565, -18.381241 ], [ -64.829842, -18.380815 ], [ -64.829879, -18.380677 ], [ -64.829915, -18.380631 ], [ -64.83, -18.380343 ], [ -64.830121, -18.379721 ], [ -64.830134, -18.379536 ], [ -64.830194, -18.379318 ], [ -64.830243, -18.378972 ], [ -64.830291, -18.378811 ], [ -64.830448, -18.378523 ], [ -64.830678, -18.378005 ], [ -64.830787, -18.377671 ], [ -64.830835, -18.377406 ], [ -64.830872, -18.377303 ], [ -64.830872, -18.377086 ], [ -64.830873, -18.377089 ], [ -64.830872, -18.377366 ], [ -64.830836, -18.37747 ], [ -64.830787, -18.377735 ], [ -64.830679, -18.378069 ], [ -64.830449, -18.378587 ], [ -64.830292, -18.378874 ], [ -64.830244, -18.379036 ], [ -64.830195, -18.379381 ], [ -64.830134, -18.3796 ], [ -64.830122, -18.379785 ], [ -64.83, -18.380407 ], [ -64.829916, -18.380695 ], [ -64.829879, -18.380741 ], [ -64.829843, -18.380879 ], [ -64.829566, -18.381304 ], [ -64.828818, -18.382246 ], [ -64.828661, -18.382545 ], [ -64.828552, -18.382718 ], [ -64.828419, -18.383144 ], [ -64.828409, -18.383417 ], [ -64.828406, -18.383403 ], [ -64.828419, -18.38308 ], [ -64.828552, -18.382654 ], [ -64.82866, -18.382482 ] ], [ [ -64.830872, -18.377086 ], [ -64.83079, -18.376708 ], [ -64.83079, -18.376649 ], [ -64.830872, -18.377026 ], [ -64.830872, -18.377086 ] ], [ [ -64.83079, -18.376648 ], [ -64.830789, -18.376645 ], [ -64.830789, -18.376618 ], [ -64.83079, -18.376628 ], [ -64.83079, -18.376648 ] ], [ [ -64.80913, -18.360545 ], [ -64.827561, -18.368712 ], [ -64.830771, -18.376336 ], [ -64.830789, -18.376564 ], [ -64.830789, -18.376618 ], [ -64.830772, -18.3764 ], [ -64.827562, -18.368775 ], [ -64.809103, -18.360596 ], [ -64.80913, -18.360545 ] ], [ [ -64.82979, -18.337024 ], [ -64.83074, -18.336199 ], [ -64.83124, -18.335787 ], [ -64.831355, -18.335656 ], [ -64.831451, -18.335544 ], [ -64.831623, -18.33532 ], [ -64.831776, -18.335115 ], [ -64.83191, -18.334947 ], [ -64.832062, -18.334705 ], [ -64.832287, -18.334384 ], [ -64.832347, -18.33428 ], [ -64.832479, -18.334107 ], [ -64.832563, -18.333969 ], [ -64.832635, -18.333888 ], [ -64.832803, -18.333646 ], [ -64.832887, -18.333565 ], [ -64.833187, -18.333058 ], [ -64.83357, -18.332493 ], [ -64.83363, -18.33247 ], [ -64.83363, -18.332447 ], [ -64.833786, -18.332228 ], [ -64.83393, -18.331986 ], [ -64.834014, -18.331906 ], [ -64.834074, -18.331802 ], [ -64.834206, -18.331629 ], [ -64.834434, -18.331283 ], [ -64.834482, -18.331168 ], [ -64.83453, -18.331122 ], [ -64.834758, -18.330799 ], [ -64.834758, -18.330776 ], [ -64.834925, -18.330626 ], [ -64.834925, -18.330603 ], [ -64.835129, -18.330419 ], [ -64.835345, -18.330177 ], [ -64.835645, -18.329877 ], [ -64.835945, -18.329508 ], [ -64.836125, -18.329324 ], [ -64.836293, -18.329209 ], [ -64.836293, -18.329174 ], [ -64.836389, -18.329093 ], [ -64.836425, -18.329036 ], [ -64.836449, -18.329024 ], [ -64.836461, -18.328967 ], [ -64.836509, -18.328943 ], [ -64.836617, -18.328771 ], [ -64.836677, -18.328713 ], [ -64.836833, -18.328482 ], [ -64.83718, -18.327895 ], [ -64.837396, -18.327606 ], [ -64.837444, -18.32748 ], [ -64.837528, -18.327387 ], [ -64.837696, -18.327053 ], [ -64.838007, -18.326627 ], [ -64.838283, -18.326316 ], [ -64.838379, -18.326166 ], [ -64.838631, -18.325831 ], [ -64.838967, -18.325486 ], [ -64.838979, -18.325451 ], [ -64.839075, -18.325336 ], [ -64.839135, -18.325197 ], [ -64.839578, -18.324483 ], [ -64.840022, -18.32401 ], [ -64.840274, -18.323526 ], [ -64.840333, -18.32333 ], [ -64.840441, -18.32318 ], [ -64.840609, -18.323008 ], [ -64.841029, -18.32242 ], [ -64.841365, -18.322005 ], [ -64.841484, -18.321797 ], [ -64.841844, -18.32106 ], [ -64.84188, -18.32106 ], [ -64.841904, -18.321025 ], [ -64.841976, -18.321025 ], [ -64.842096, -18.320864 ], [ -64.842456, -18.32046 ], [ -64.842576, -18.320264 ], [ -64.842923, -18.31978 ], [ -64.843235, -18.319388 ], [ -64.843487, -18.319123 ], [ -64.843871, -18.318789 ], [ -64.843871, -18.318766 ], [ -64.843883, -18.318766 ], [ -64.845621, -18.316299 ], [ -64.845645, -18.316299 ], [ -64.850862, -18.303002 ], [ -64.850878, -18.303026 ], [ -64.845646, -18.316363 ], [ -64.845622, -18.316363 ], [ -64.843883, -18.31883 ], [ -64.843871, -18.31883 ], [ -64.843871, -18.318853 ], [ -64.843488, -18.319187 ], [ -64.843236, -18.319452 ], [ -64.842924, -18.319844 ], [ -64.842576, -18.320328 ], [ -64.842456, -18.320524 ], [ -64.842097, -18.320927 ], [ -64.841977, -18.321089 ], [ -64.841905, -18.321089 ], [ -64.841881, -18.321123 ], [ -64.841845, -18.321123 ], [ -64.841485, -18.321861 ], [ -64.841365, -18.322068 ], [ -64.84103, -18.322483 ], [ -64.84061, -18.323071 ], [ -64.840442, -18.323244 ], [ -64.840334, -18.323394 ], [ -64.840274, -18.32359 ], [ -64.840023, -18.324074 ], [ -64.839579, -18.324546 ], [ -64.839135, -18.325261 ], [ -64.839075, -18.325399 ], [ -64.838979, -18.325515 ], [ -64.838967, -18.325549 ], [ -64.838632, -18.325895 ], [ -64.83838, -18.326229 ], [ -64.838284, -18.326379 ], [ -64.838008, -18.32669 ], [ -64.837696, -18.327117 ], [ -64.837529, -18.327451 ], [ -64.837445, -18.327543 ], [ -64.837397, -18.32767 ], [ -64.837181, -18.327958 ], [ -64.836833, -18.328546 ], [ -64.836677, -18.328777 ], [ -64.836617, -18.328834 ], [ -64.836509, -18.329007 ], [ -64.836461, -18.32903 ], [ -64.83645, -18.329088 ], [ -64.836426, -18.329099 ], [ -64.83639, -18.329157 ], [ -64.836294, -18.329238 ], [ -64.836294, -18.329272 ], [ -64.836126, -18.329387 ], [ -64.835946, -18.329572 ], [ -64.835646, -18.329941 ], [ -64.835346, -18.33024 ], [ -64.83513, -18.330482 ], [ -64.834926, -18.330667 ], [ -64.834926, -18.33069 ], [ -64.834758, -18.33084 ], [ -64.834758, -18.330863 ], [ -64.83453, -18.331185 ], [ -64.834482, -18.331232 ], [ -64.834434, -18.331347 ], [ -64.834207, -18.331693 ], [ -64.834075, -18.331865 ], [ -64.834015, -18.331969 ], [ -64.833931, -18.33205 ], [ -64.833787, -18.332292 ], [ -64.833631, -18.332511 ], [ -64.833631, -18.332534 ], [ -64.833571, -18.332557 ], [ -64.833187, -18.333122 ], [ -64.832888, -18.333629 ], [ -64.832804, -18.33371 ], [ -64.832636, -18.333952 ], [ -64.832564, -18.334032 ], [ -64.83248, -18.334171 ], [ -64.832348, -18.334344 ], [ -64.832288, -18.334447 ], [ -64.832063, -18.334769 ], [ -64.83191, -18.335011 ], [ -64.831776, -18.335179 ], [ -64.831623, -18.335384 ], [ -64.831451, -18.335608 ], [ -64.831356, -18.33572 ], [ -64.831241, -18.33585 ], [ -64.830741, -18.336262 ], [ -64.829791, -18.337087 ], [ -64.817217, -18.347809 ], [ -64.814792, -18.349727 ], [ -64.80913, -18.360545 ], [ -64.809102, -18.360532 ], [ -64.814791, -18.349663 ], [ -64.817216, -18.347746 ], [ -64.82979, -18.337024 ] ], [ [ -65.252747, -17.595523 ], [ -65.251059, -17.59539 ], [ -65.250144, -17.595226 ], [ -65.250144, -17.595226 ], [ -65.251059, -17.59539 ], [ -65.252747, -17.595523 ], [ -65.252747, -17.595523 ] ], [ [ -65.25859, -17.600006 ], [ -65.259269, -17.601475 ], [ -65.259732, -17.602128 ], [ -65.260314, -17.602641 ], [ -65.259732, -17.602128 ], [ -65.259268, -17.601475 ], [ -65.25859, -17.600006 ], [ -65.25804, -17.599228 ], [ -65.257396, -17.598484 ], [ -65.257396, -17.598484 ], [ -65.25804, -17.599228 ], [ -65.25859, -17.600006 ] ], [ [ -65.261596, -17.604474 ], [ -65.261757, -17.604985 ], [ -65.262135, -17.606185 ], [ -65.262481, -17.607 ], [ -65.262813, -17.607619 ], [ -65.263302, -17.60834 ], [ -65.263716, -17.608833 ], [ -65.264228, -17.609485 ], [ -65.264634, -17.610299 ], [ -65.265068, -17.611355 ], [ -65.265321, -17.612389 ], [ -65.265322, -17.613298 ], [ -65.265298, -17.61415 ], [ -65.26538, -17.614851 ], [ -65.265645, -17.615885 ], [ -65.26568, -17.616632 ], [ -65.265597, -17.617565 ], [ -65.26543, -17.618441 ], [ -65.265152, -17.619098 ], [ -65.264858, -17.619503 ], [ -65.264542, -17.619988 ], [ -65.264285, -17.620462 ], [ -65.264183, -17.6209 ], [ -65.264186, -17.621119 ], [ -65.26424, -17.621532 ], [ -65.264216, -17.622419 ], [ -65.263825, -17.623176 ], [ -65.259265, -17.627898 ], [ -65.255385, -17.633257 ], [ -65.254989, -17.635194 ], [ -65.254976, -17.640912 ], [ -65.251565, -17.647171 ], [ -65.248143, -17.651941 ], [ -65.246166, -17.655084 ], [ -65.243118, -17.660642 ], [ -65.24064, -17.665891 ], [ -65.237538, -17.672506 ], [ -65.237538, -17.672506 ], [ -65.24064, -17.665891 ], [ -65.243118, -17.660642 ], [ -65.246166, -17.655084 ], [ -65.248143, -17.651941 ], [ -65.251565, -17.647171 ], [ -65.254976, -17.640911 ], [ -65.254989, -17.635194 ], [ -65.255385, -17.633257 ], [ -65.259265, -17.627898 ], [ -65.263825, -17.623176 ], [ -65.264216, -17.622419 ], [ -65.26424, -17.621532 ], [ -65.264186, -17.621118 ], [ -65.264183, -17.6209 ], [ -65.264285, -17.620462 ], [ -65.264542, -17.619988 ], [ -65.264858, -17.619503 ], [ -65.265152, -17.619098 ], [ -65.26543, -17.618441 ], [ -65.265597, -17.617565 ], [ -65.26568, -17.616632 ], [ -65.265645, -17.615885 ], [ -65.26538, -17.614851 ], [ -65.265298, -17.61415 ], [ -65.265322, -17.613298 ], [ -65.265321, -17.612389 ], [ -65.265067, -17.611355 ], [ -65.264634, -17.610299 ], [ -65.264227, -17.609485 ], [ -65.263716, -17.608832 ], [ -65.263302, -17.60834 ], [ -65.262813, -17.607619 ], [ -65.262481, -17.607 ], [ -65.262135, -17.606185 ], [ -65.261596, -17.604474 ], [ -65.261299, -17.60374 ], [ -65.260871, -17.603098 ], [ -65.260871, -17.603098 ], [ -65.261299, -17.60374 ], [ -65.261596, -17.604474 ] ], [ [ -65.240457, -17.67431 ], [ -65.240457, -17.67431 ], [ -65.243041, -17.675168 ], [ -65.243041, -17.675168 ], [ -65.240457, -17.67431 ] ], [ [ -65.243041, -17.675168 ], [ -65.24399, -17.675996 ], [ -65.24602, -17.677684 ], [ -65.24399, -17.675996 ], [ -65.243041, -17.675168 ], [ -65.243041, -17.675168 ] ], [ [ -65.251628, -17.682142 ], [ -65.25206, -17.682555 ], [ -65.25206, -17.682555 ], [ -65.251628, -17.682142 ], [ -65.251219, -17.681659 ], [ -65.250606, -17.680993 ], [ -65.249909, -17.680384 ], [ -65.250606, -17.680993 ], [ -65.251219, -17.681659 ], [ -65.251628, -17.682142 ] ], [ [ -65.253988, -17.682704 ], [ -65.254539, -17.682808 ], [ -65.255031, -17.683049 ], [ -65.25454, -17.682808 ], [ -65.253988, -17.682704 ], [ -65.253246, -17.682659 ], [ -65.252671, -17.682682 ], [ -65.252264, -17.682682 ], [ -65.252264, -17.682682 ], [ -65.252671, -17.682682 ], [ -65.253246, -17.682659 ], [ -65.253988, -17.682704 ] ], [ [ -65.259396, -17.68484 ], [ -65.260234, -17.684944 ], [ -65.26051, -17.685001 ], [ -65.260558, -17.685024 ], [ -65.260558, -17.685024 ], [ -65.26051, -17.685001 ], [ -65.260235, -17.684944 ], [ -65.259396, -17.68484 ], [ -65.25839, -17.684634 ], [ -65.257539, -17.684381 ], [ -65.256807, -17.684083 ], [ -65.256807, -17.684083 ], [ -65.257539, -17.684381 ], [ -65.25839, -17.684634 ], [ -65.259396, -17.68484 ] ], [ [ -65.260558, -17.685024 ], [ -65.260642, -17.685104 ], [ -65.260944, -17.685771 ], [ -65.261125, -17.686046 ], [ -65.261317, -17.686265 ], [ -65.261533, -17.686449 ], [ -65.261533, -17.686449 ], [ -65.261317, -17.686265 ], [ -65.261125, -17.686046 ], [ -65.260944, -17.685771 ], [ -65.260642, -17.685104 ], [ -65.260558, -17.685024 ], [ -65.260558, -17.685024 ] ], [ [ -65.261689, -17.686506 ], [ -65.262145, -17.686609 ], [ -65.262145, -17.686609 ], [ -65.261689, -17.686506 ], [ -65.261533, -17.686449 ], [ -65.261533, -17.686449 ], [ -65.261689, -17.686506 ] ], [ [ -65.268559, -17.692066 ], [ -65.26644, -17.689886 ], [ -65.26644, -17.689886 ], [ -65.26856, -17.692066 ], [ -65.268559, -17.692066 ] ], [ [ -65.270135, -17.693881 ], [ -65.270652, -17.694467 ], [ -65.271181, -17.694984 ], [ -65.271181, -17.694983 ], [ -65.270652, -17.694467 ], [ -65.270135, -17.693881 ], [ -65.269425, -17.692904 ], [ -65.26898, -17.69241 ], [ -65.26898, -17.69241 ], [ -65.269425, -17.692904 ], [ -65.270135, -17.693881 ] ], [ [ -65.272635, -17.696167 ], [ -65.273153, -17.697028 ], [ -65.273707, -17.697775 ], [ -65.274272, -17.698395 ], [ -65.274921, -17.698993 ], [ -65.274921, -17.698993 ], [ -65.274272, -17.698395 ], [ -65.273707, -17.697775 ], [ -65.273153, -17.697028 ], [ -65.272635, -17.696167 ], [ -65.27249, -17.69596 ], [ -65.272142, -17.695661 ], [ -65.272142, -17.695661 ], [ -65.27249, -17.69596 ], [ -65.272635, -17.696167 ] ] ] ] } }
]
}
