{
"type": "FeatureCollection",
"name": "TROPICO",
"crs": { "type": "name", "properties": { "name": "urn:ogc:def:crs:OGC:1.3:CRS84" } },
"bbox": [ -66.800029, -17.635219, -64.188284, -15.702382 ],                                                                        
"features": [
{ "type": "Feature", "properties": { "NOMBRE": "Tropico", "NIVEL": "Regiones", "PROVINCIA": "", "REGION": "", "DEPARTAMENTO": "Cochabamba" }, "bbox": [ -66.800029, -17.635219, -64.188284, -15.702382 ], "geometry": { "type": "MultiPolygon", "coordinates": [ [ [ [ -64.589366, -17.600054 ], [ -64.590034, -17.599602 ], [ -64.590803, -17.598952 ], [ -64.591213, -17.598552 ], [ -64.591725, -17.597953 ], [ -64.592337, -17.597006 ], [ -64.592946, -17.595713 ], [ -64.593348, -17.59447 ], [ -64.593752, -17.593376 ], [ -64.594365, -17.592529 ], [ -64.594878, -17.592079 ], [ -64.595752, -17.591626 ], [ -64.596576, -17.591322 ], [ -64.597298, -17.591068 ], [ -64.597863, -17.590766 ], [ -64.598325, -17.590316 ], [ -64.598578, -17.589769 ], [ -64.598572, -17.589075 ], [ -64.598362, -17.58868 ], [ -64.598356, -17.587986 ], [ -64.598711, -17.58729 ], [ -64.598862, -17.586743 ], [ -64.599063, -17.586147 ], [ -64.599215, -17.585798 ], [ -64.599002, -17.585106 ], [ -64.598839, -17.584116 ], [ -64.598881, -17.583075 ], [ -64.599076, -17.581735 ], [ -64.599065, -17.580447 ], [ -64.598799, -17.579656 ], [ -64.598632, -17.578269 ], [ -64.598677, -17.577476 ], [ -64.599106, -17.576806 ], [ -64.599129, -17.575985 ], [ -64.599124, -17.575391 ], [ -64.599117, -17.574647 ], [ -64.599266, -17.574002 ], [ -64.599461, -17.572662 ], [ -64.599815, -17.571767 ], [ -64.600067, -17.571021 ], [ -64.600526, -17.570324 ], [ -64.601085, -17.569229 ], [ -64.601488, -17.568135 ], [ -64.60179, -17.567141 ], [ -64.6023, -17.566443 ], [ -64.602552, -17.565648 ], [ -64.602804, -17.564952 ], [ -64.60285, -17.564307 ], [ -64.60274, -17.563515 ], [ -64.602577, -17.562674 ], [ -64.602364, -17.561982 ], [ -64.60241, -17.561238 ], [ -64.602556, -17.560245 ], [ -64.602427, -17.558509 ], [ -64.602535, -17.557916 ], [ -64.602943, -17.557318 ], [ -64.603352, -17.55677 ], [ -64.604069, -17.55602 ], [ -64.604737, -17.555618 ], [ -64.605506, -17.554968 ], [ -64.605861, -17.554172 ], [ -64.606214, -17.553227 ], [ -64.60631, -17.552334 ], [ -64.606302, -17.551492 ], [ -64.606554, -17.550746 ], [ -64.606963, -17.550297 ], [ -64.607529, -17.549995 ], [ -64.608098, -17.55004 ], [ -64.608718, -17.550035 ], [ -64.609182, -17.549981 ], [ -64.609751, -17.550026 ], [ -64.610479, -17.550566 ], [ -64.61095, -17.551206 ], [ -64.611422, -17.552045 ], [ -64.611897, -17.553131 ], [ -64.612211, -17.553625 ], [ -64.613041, -17.553965 ], [ -64.614231, -17.554153 ], [ -64.61599, -17.554337 ], [ -64.618522, -17.554416 ], [ -64.620623, -17.554484 ], [ -64.621929, -17.55409 ], [ -64.622752, -17.553687 ], [ -64.623526, -17.553582 ], [ -64.624297, -17.553129 ], [ -64.624913, -17.552579 ], [ -64.625165, -17.551883 ], [ -64.625573, -17.551285 ], [ -64.625772, -17.55049 ], [ -64.62613, -17.549992 ], [ -64.626488, -17.549592 ], [ -64.628085, -17.549133 ], [ -64.62891, -17.548878 ], [ -64.629987, -17.548076 ], [ -64.631171, -17.547571 ], [ -64.631993, -17.54697 ], [ -64.632714, -17.546765 ], [ -64.633716, -17.547084 ], [ -64.634314, -17.546603 ], [ -64.635085, -17.546151 ], [ -64.636216, -17.545448 ], [ -64.637244, -17.544944 ], [ -64.638169, -17.544341 ], [ -64.638682, -17.54399 ], [ -64.639706, -17.542941 ], [ -64.6399, -17.541502 ], [ -64.639891, -17.54051 ], [ -64.639717, -17.538331 ], [ -64.639919, -17.537883 ], [ -64.640743, -17.537579 ], [ -64.641826, -17.537372 ], [ -64.642391, -17.536971 ], [ -64.64285, -17.536372 ], [ -64.643311, -17.535873 ], [ -64.643877, -17.53567 ], [ -64.644752, -17.535315 ], [ -64.645269, -17.535361 ], [ -64.6462, -17.535403 ], [ -64.646976, -17.535495 ], [ -64.647439, -17.535293 ], [ -64.647796, -17.534795 ], [ -64.648307, -17.534146 ], [ -64.648406, -17.533749 ], [ -64.648142, -17.533057 ], [ -64.64783, -17.532812 ], [ -64.647723, -17.532466 ], [ -64.647875, -17.532117 ], [ -64.647869, -17.531424 ], [ -64.647808, -17.530433 ], [ -64.647637, -17.52865 ], [ -64.647571, -17.527015 ], [ -64.647717, -17.526072 ], [ -64.648022, -17.525524 ], [ -64.648637, -17.524974 ], [ -64.649305, -17.524572 ], [ -64.65013, -17.524367 ], [ -64.650854, -17.524509 ], [ -64.651736, -17.524899 ], [ -64.652809, -17.525358 ], [ -64.653342, -17.52543 ], [ -64.65391, -17.525426 ], [ -64.654269, -17.525125 ], [ -64.654369, -17.524678 ], [ -64.654726, -17.52418 ], [ -64.655291, -17.523878 ], [ -64.655469, -17.523646 ], [ -64.655598, -17.523479 ], [ -64.656313, -17.52258 ], [ -64.656669, -17.521983 ], [ -64.656817, -17.521188 ], [ -64.656755, -17.520049 ], [ -64.656277, -17.518616 ], [ -64.656012, -17.517924 ], [ -64.65554, -17.517085 ], [ -64.655018, -17.516544 ], [ -64.654962, -17.516099 ], [ -64.655061, -17.515602 ], [ -64.655213, -17.515205 ], [ -64.65552, -17.514905 ], [ -64.656087, -17.514801 ], [ -64.656602, -17.514648 ], [ -64.657171, -17.514693 ], [ -64.657843, -17.514736 ], [ -64.658464, -17.51488 ], [ -64.659083, -17.514776 ], [ -64.659442, -17.514525 ], [ -64.65949, -17.514128 ], [ -64.659228, -17.513684 ], [ -64.658914, -17.513241 ], [ -64.658652, -17.512797 ], [ -64.658439, -17.512154 ], [ -64.658123, -17.511463 ], [ -64.657757, -17.51102 ], [ -64.656767, -17.509987 ], [ -64.65624, -17.508852 ], [ -64.656026, -17.50806 ], [ -64.656176, -17.507514 ], [ -64.656432, -17.507215 ], [ -64.656994, -17.506615 ], [ -64.657456, -17.506215 ], [ -64.658481, -17.505413 ], [ -64.659249, -17.504663 ], [ -64.659348, -17.504167 ], [ -64.659288, -17.503226 ], [ -64.659333, -17.502531 ], [ -64.659526, -17.500944 ], [ -64.659515, -17.499804 ], [ -64.659607, -17.498514 ], [ -64.659856, -17.497521 ], [ -64.66026, -17.496477 ], [ -64.660766, -17.495382 ], [ -64.660964, -17.494389 ], [ -64.660853, -17.493597 ], [ -64.660643, -17.493202 ], [ -64.659811, -17.492565 ], [ -64.659035, -17.492423 ], [ -64.658261, -17.492528 ], [ -64.657541, -17.492832 ], [ -64.656819, -17.492986 ], [ -64.655582, -17.493245 ], [ -64.654756, -17.493351 ], [ -64.654136, -17.493257 ], [ -64.653719, -17.492814 ], [ -64.653509, -17.492123 ], [ -64.653841, -17.490867 ], [ -64.654245, -17.489874 ], [ -64.654583, -17.489211 ], [ -64.655468, -17.488214 ], [ -64.656759, -17.48662 ], [ -64.657437, -17.485493 ], [ -64.6575, -17.484898 ], [ -64.657605, -17.48303 ], [ -64.657477, -17.482118 ], [ -64.657563, -17.480642 ], [ -64.657795, -17.478974 ], [ -64.658039, -17.478496 ], [ -64.659025, -17.477869 ], [ -64.66006, -17.477099 ], [ -64.660894, -17.47614 ], [ -64.661138, -17.47571 ], [ -64.661576, -17.474707 ], [ -64.661912, -17.473514 ], [ -64.662247, -17.472226 ], [ -64.662682, -17.470985 ], [ -64.663024, -17.470411 ], [ -64.663368, -17.470075 ], [ -64.66411, -17.469783 ], [ -64.664849, -17.469253 ], [ -64.665486, -17.468391 ], [ -64.666212, -17.466481 ], [ -64.666844, -17.465096 ], [ -64.66723, -17.464652 ], [ -64.668625, -17.464557 ], [ -64.669664, -17.464358 ], [ -64.670603, -17.463969 ], [ -64.671788, -17.463388 ], [ -64.672678, -17.463048 ], [ -64.673817, -17.462895 ], [ -64.675846, -17.462497 ], [ -64.678175, -17.46224 ], [ -64.67877, -17.462282 ], [ -64.679763, -17.462369 ], [ -64.6811, -17.462167 ], [ -64.682038, -17.461684 ], [ -64.682677, -17.461107 ], [ -64.683118, -17.460485 ], [ -64.683459, -17.459815 ], [ -64.683948, -17.45905 ], [ -64.684682, -17.458044 ], [ -64.685369, -17.457229 ], [ -64.686205, -17.45646 ], [ -64.686992, -17.45574 ], [ -64.687759, -17.455175 ], [ -64.688217, -17.454206 ], [ -64.688458, -17.453443 ], [ -64.688553, -17.452918 ], [ -64.688544, -17.451967 ], [ -64.688785, -17.451203 ], [ -64.688975, -17.450345 ], [ -64.689013, -17.449107 ], [ -64.689208, -17.448724 ], [ -64.689549, -17.448008 ], [ -64.689839, -17.447244 ], [ -64.690279, -17.446573 ], [ -64.691013, -17.445473 ], [ -64.691601, -17.444706 ], [ -64.692683, -17.443697 ], [ -64.693819, -17.443259 ], [ -64.695398, -17.442389 ], [ -64.697125, -17.441518 ], [ -64.697908, -17.440369 ], [ -64.699136, -17.439121 ], [ -64.700214, -17.437779 ], [ -64.7009, -17.436916 ], [ -64.702075, -17.43524 ], [ -64.702454, -17.433381 ], [ -64.70249, -17.431905 ], [ -64.702504, -17.430921 ], [ -64.703315, -17.429899 ], [ -64.704197, -17.428844 ], [ -64.704737, -17.428269 ], [ -64.705027, -17.427409 ], [ -64.705317, -17.426598 ], [ -64.706004, -17.425878 ], [ -64.706593, -17.425207 ], [ -64.707133, -17.424678 ], [ -64.707526, -17.424247 ], [ -64.707819, -17.423768 ], [ -64.708454, -17.422716 ], [ -64.709186, -17.42152 ], [ -64.709775, -17.420801 ], [ -64.710757, -17.41984 ], [ -64.7113, -17.41955 ], [ -64.712587, -17.419349 ], [ -64.713578, -17.419292 ], [ -64.715165, -17.419326 ], [ -64.715759, -17.419226 ], [ -64.716649, -17.41898 ], [ -64.717588, -17.418592 ], [ -64.71818, -17.418301 ], [ -64.718821, -17.417915 ], [ -64.71946, -17.417338 ], [ -64.720051, -17.416952 ], [ -64.720642, -17.416566 ], [ -64.721286, -17.416418 ], [ -64.722073, -17.41584 ], [ -64.722466, -17.415456 ], [ -64.722813, -17.415358 ], [ -64.724096, -17.414775 ], [ -64.726263, -17.413186 ], [ -64.727794, -17.412649 ], [ -64.72883, -17.412117 ], [ -64.730461, -17.411484 ], [ -64.731151, -17.411097 ], [ -64.732486, -17.410705 ], [ -64.734362, -17.409879 ], [ -64.73525, -17.409396 ], [ -64.735494, -17.408965 ], [ -64.735802, -17.408496 ], [ -64.736467, -17.407053 ], [ -64.736761, -17.406669 ], [ -64.737154, -17.406285 ], [ -64.737837, -17.405089 ], [ -64.738858, -17.403034 ], [ -64.739295, -17.402031 ], [ -64.739531, -17.400839 ], [ -64.739815, -17.399361 ], [ -64.740149, -17.398025 ], [ -64.740736, -17.397163 ], [ -64.742889, -17.394241 ], [ -64.743381, -17.393809 ], [ -64.744048, -17.393406 ], [ -64.745698, -17.392408 ], [ -64.747565, -17.390726 ], [ -64.748515, -17.38941 ], [ -64.749968, -17.387992 ], [ -64.751392, -17.386504 ], [ -64.754397, -17.384622 ], [ -64.754988, -17.38414 ], [ -64.755772, -17.383229 ], [ -64.757982, -17.381116 ], [ -64.758913, -17.379965 ], [ -64.759353, -17.379343 ], [ -64.760437, -17.378571 ], [ -64.761423, -17.378039 ], [ -64.7632, -17.37731 ], [ -64.76379, -17.376781 ], [ -64.764773, -17.375916 ], [ -64.765313, -17.375387 ], [ -64.766725, -17.374793 ], [ -64.768433, -17.375074 ], [ -64.769228, -17.375257 ], [ -64.769821, -17.375109 ], [ -64.77174, -17.373617 ], [ -64.772632, -17.373609 ], [ -64.775255, -17.373205 ], [ -64.776738, -17.372811 ], [ -64.783944, -17.369701 ], [ -64.784488, -17.369553 ], [ -64.785331, -17.369546 ], [ -64.78652, -17.369535 ], [ -64.787063, -17.36934 ], [ -64.787855, -17.369237 ], [ -64.78855, -17.369326 ], [ -64.789144, -17.369273 ], [ -64.791178, -17.369446 ], [ -64.791673, -17.369394 ], [ -64.791968, -17.369105 ], [ -64.792059, -17.368248 ], [ -64.792435, -17.367336 ], [ -64.792583, -17.366101 ], [ -64.79307, -17.365193 ], [ -64.794431, -17.362515 ], [ -64.795168, -17.361842 ], [ -64.795604, -17.360744 ], [ -64.796138, -17.359597 ], [ -64.796632, -17.35945 ], [ -64.797624, -17.359536 ], [ -64.798324, -17.360148 ], [ -64.799316, -17.360282 ], [ -64.800109, -17.360227 ], [ -64.801099, -17.360171 ], [ -64.801791, -17.359927 ], [ -64.802084, -17.359543 ], [ -64.802277, -17.35897 ], [ -64.802568, -17.358301 ], [ -64.802807, -17.357395 ], [ -64.803248, -17.356915 ], [ -64.803987, -17.35648 ], [ -64.804631, -17.356427 ], [ -64.805421, -17.356134 ], [ -64.806756, -17.355789 ], [ -64.807995, -17.355778 ], [ -64.808539, -17.355677 ], [ -64.809526, -17.35524 ], [ -64.810017, -17.354807 ], [ -64.810161, -17.35433 ], [ -64.810304, -17.35371 ], [ -64.810496, -17.353137 ], [ -64.810838, -17.352563 ], [ -64.811427, -17.352034 ], [ -64.812169, -17.351837 ], [ -64.812936, -17.351791 ], [ -64.813901, -17.351583 ], [ -64.815931, -17.351375 ], [ -64.818558, -17.351494 ], [ -64.820395, -17.351762 ], [ -64.82139, -17.352134 ], [ -64.822779, -17.352312 ], [ -64.823967, -17.352206 ], [ -64.82436, -17.351869 ], [ -64.824553, -17.351296 ], [ -64.824695, -17.350676 ], [ -64.825138, -17.350291 ], [ -64.82573, -17.350048 ], [ -64.826571, -17.349898 ], [ -64.827211, -17.349511 ], [ -64.828046, -17.348694 ], [ -64.828833, -17.348116 ], [ -64.829713, -17.346918 ], [ -64.830345, -17.345627 ], [ -64.830831, -17.344719 ], [ -64.831469, -17.344046 ], [ -64.831778, -17.343011 ], [ -64.833287, -17.342507 ], [ -64.834773, -17.342446 ], [ -64.836112, -17.342528 ], [ -64.838442, -17.34265 ], [ -64.839386, -17.342927 ], [ -64.839982, -17.342969 ], [ -64.840674, -17.342867 ], [ -64.841019, -17.342626 ], [ -64.841013, -17.342007 ], [ -64.841107, -17.341578 ], [ -64.84254, -17.341137 ], [ -64.843579, -17.340984 ], [ -64.845016, -17.340971 ], [ -64.845464, -17.34111 ], [ -64.846307, -17.341245 ], [ -64.846751, -17.34105 ], [ -64.847044, -17.340619 ], [ -64.848176, -17.339847 ], [ -64.848819, -17.339699 ], [ -64.849315, -17.339694 ], [ -64.849763, -17.339928 ], [ -64.850258, -17.339876 ], [ -64.850502, -17.339493 ], [ -64.851054, -17.339244 ], [ -64.851235, -17.338439 ], [ -64.851723, -17.337673 ], [ -64.851865, -17.337005 ], [ -64.852109, -17.336717 ], [ -64.853091, -17.335804 ], [ -64.854612, -17.334267 ], [ -64.855297, -17.333356 ], [ -64.856128, -17.332254 ], [ -64.856321, -17.331776 ], [ -64.856365, -17.331157 ], [ -64.856209, -17.330445 ], [ -64.856155, -17.329969 ], [ -64.856299, -17.32954 ], [ -64.855996, -17.329019 ], [ -64.855394, -17.328263 ], [ -64.855193, -17.327932 ], [ -64.854538, -17.326891 ], [ -64.852487, -17.32459 ], [ -64.851062, -17.322474 ], [ -64.850731, -17.321245 ], [ -64.850564, -17.320678 ], [ -64.850935, -17.320157 ], [ -64.851079, -17.32006 ], [ -64.851791, -17.31958 ], [ -64.852808, -17.31895 ], [ -64.853667, -17.318787 ], [ -64.855121, -17.318774 ], [ -64.857013, -17.319532 ], [ -64.858101, -17.320206 ], [ -64.859234, -17.320908 ], [ -64.860802, -17.321617 ], [ -64.862259, -17.321914 ], [ -64.865058, -17.321836 ], [ -64.867046, -17.321507 ], [ -64.870225, -17.320456 ], [ -64.870588, -17.320336 ], [ -64.874449, -17.318904 ], [ -64.875946, -17.317804 ], [ -64.878734, -17.316744 ], [ -64.879702, -17.316631 ], [ -64.880675, -17.316984 ], [ -64.881666, -17.316823 ], [ -64.882768, -17.316344 ], [ -64.883408, -17.315769 ], [ -64.885808, -17.313523 ], [ -64.887774, -17.311022 ], [ -64.889923, -17.310537 ], [ -64.892502, -17.310047 ], [ -64.892983, -17.309784 ], [ -64.896977, -17.305558 ], [ -64.898535, -17.305233 ], [ -64.900471, -17.305059 ], [ -64.901495, -17.305101 ], [ -64.903269, -17.304877 ], [ -64.904072, -17.304508 ], [ -64.904442, -17.303832 ], [ -64.904606, -17.303098 ], [ -64.904423, -17.301919 ], [ -64.904571, -17.300676 ], [ -64.90478, -17.300002 ], [ -64.905258, -17.299429 ], [ -64.905308, -17.299015 ], [ -64.905347, -17.297566 ], [ -64.90561, -17.296995 ], [ -64.905766, -17.296477 ], [ -64.90549, -17.295755 ], [ -64.904724, -17.294625 ], [ -64.903689, -17.293445 ], [ -64.90194, -17.292117 ], [ -64.919243, -17.282525 ], [ -64.932629, -17.276643 ], [ -64.931653, -17.269813 ], [ -64.932217, -17.269669 ], [ -64.946653, -17.272599 ], [ -64.972499, -17.265725 ], [ -65.000436, -17.257958 ], [ -65.006173, -17.254854 ], [ -65.007197, -17.254414 ], [ -65.008411, -17.253858 ], [ -65.009647, -17.253129 ], [ -65.012901, -17.250994 ], [ -65.02353, -17.241443 ], [ -65.029575, -17.236389 ], [ -65.057252, -17.221392 ], [ -65.065364, -17.21814 ], [ -65.068836, -17.213522 ], [ -65.068601, -17.213004 ], [ -65.068317, -17.212376 ], [ -65.068373, -17.212019 ], [ -65.068489, -17.21173 ], [ -65.068769, -17.211052 ], [ -65.069258, -17.210329 ], [ -65.069962, -17.209919 ], [ -65.07014, -17.209768 ], [ -65.071434, -17.208947 ], [ -65.072184, -17.208668 ], [ -65.072757, -17.208517 ], [ -65.073497, -17.208411 ], [ -65.07382, -17.208387 ], [ -65.07469, -17.208131 ], [ -65.075628, -17.207529 ], [ -65.076504, -17.206744 ], [ -65.077249, -17.206039 ], [ -65.078406, -17.204804 ], [ -65.078773, -17.204446 ], [ -65.079188, -17.20418 ], [ -65.079616, -17.203948 ], [ -65.080378, -17.203635 ], [ -65.081126, -17.203195 ], [ -65.081826, -17.20271 ], [ -65.082299, -17.202225 ], [ -65.082652, -17.201763 ], [ -65.082946, -17.201325 ], [ -65.083473, -17.200402 ], [ -65.083671, -17.200022 ], [ -65.083893, -17.199537 ], [ -65.083993, -17.19861 ], [ -65.084166, -17.197472 ], [ -65.084223, -17.196933 ], [ -65.084034, -17.196756 ], [ -65.08366, -17.19664 ], [ -65.083066, -17.19657 ], [ -65.082393, -17.196331 ], [ -65.081805, -17.196195 ], [ -65.081326, -17.196162 ], [ -65.080797, -17.196025 ], [ -65.080183, -17.19567 ], [ -65.079711, -17.195258 ], [ -65.079129, -17.194672 ], [ -65.07874, -17.194179 ], [ -65.077563, -17.192847 ], [ -65.07646, -17.19178 ], [ -65.075977, -17.191356 ], [ -65.075907, -17.191301 ], [ -65.07625, -17.191439 ], [ -65.076608, -17.191648 ], [ -65.077132, -17.192111 ], [ -65.077454, -17.192378 ], [ -65.078214, -17.193314 ], [ -65.078309, -17.193453 ], [ -65.078452, -17.193615 ], [ -65.078761, -17.193904 ], [ -65.079368, -17.194552 ], [ -65.079702, -17.19483 ], [ -65.080035, -17.195177 ], [ -65.08025, -17.195167 ], [ -65.080563, -17.195066 ], [ -65.08079, -17.195102 ], [ -65.081327, -17.195392 ], [ -65.081482, -17.195508 ], [ -65.081601, -17.195693 ], [ -65.08166, -17.195786 ], [ -65.081982, -17.196029 ], [ -65.082126, -17.196041 ], [ -65.082233, -17.196054 ], [ -65.082592, -17.196136 ], [ -65.08325, -17.196267 ], [ -65.083621, -17.196315 ], [ -65.083956, -17.196432 ], [ -65.084064, -17.196468 ], [ -65.084205, -17.19679 ], [ -65.084277, -17.196929 ], [ -65.08503, -17.196865 ], [ -65.085403, -17.196802 ], [ -65.08547, -17.196833 ], [ -65.085775, -17.196976 ], [ -65.086038, -17.196929 ], [ -65.08692, -17.196673 ], [ -65.08723, -17.196614 ], [ -65.087889, -17.196635 ], [ -65.088849, -17.196851 ], [ -65.090876, -17.197259 ], [ -65.091609, -17.197463 ], [ -65.092305, -17.197622 ], [ -65.093048, -17.197758 ], [ -65.093982, -17.197789 ], [ -65.095207, -17.197723 ], [ -65.096027, -17.197679 ], [ -65.096924, -17.197676 ], [ -65.097835, -17.197811 ], [ -65.099947, -17.198276 ], [ -65.100373, -17.19838 ], [ -65.100944, -17.198354 ], [ -65.101692, -17.198082 ], [ -65.102149, -17.198257 ], [ -65.102463, -17.198398 ], [ -65.102888, -17.198082 ], [ -65.103197, -17.197932 ], [ -65.103436, -17.197896 ], [ -65.103676, -17.197896 ], [ -65.104023, -17.197952 ], [ -65.104455, -17.197996 ], [ -65.104897, -17.197972 ], [ -65.105612, -17.197705 ], [ -65.107154, -17.196629 ], [ -65.10776, -17.196328 ], [ -65.10819, -17.196223 ], [ -65.108716, -17.196244 ], [ -65.109244, -17.196323 ], [ -65.110094, -17.196366 ], [ -65.110311, -17.196251 ], [ -65.111171, -17.196156 ], [ -65.112102, -17.196003 ], [ -65.113221, -17.19557 ], [ -65.114288, -17.19525 ], [ -65.115193, -17.194829 ], [ -65.11559, -17.194465 ], [ -65.116441, -17.194045 ], [ -65.117983, -17.193753 ], [ -65.118183, -17.193599 ], [ -65.118384, -17.193391 ], [ -65.11856, -17.193069 ], [ -65.118615, -17.192758 ], [ -65.118487, -17.192056 ], [ -65.118105, -17.191171 ], [ -65.117434, -17.190218 ], [ -65.115998, -17.188324 ], [ -65.115507, -17.187301 ], [ -65.115368, -17.186703 ], [ -65.11531, -17.185909 ], [ -65.115339, -17.185414 ], [ -65.115461, -17.184654 ], [ -65.115692, -17.183985 ], [ -65.11589, -17.183524 ], [ -65.116183, -17.183086 ], [ -65.116539, -17.182854 ], [ -65.117776, -17.18224 ], [ -65.118462, -17.181639 ], [ -65.119583, -17.180369 ], [ -65.119922, -17.179804 ], [ -65.120239, -17.179331 ], [ -65.120592, -17.17887 ], [ -65.121088, -17.178292 ], [ -65.121679, -17.177726 ], [ -65.122283, -17.177298 ], [ -65.122724, -17.17717 ], [ -65.123167, -17.177192 ], [ -65.12345, -17.177269 ], [ -65.123767, -17.177176 ], [ -65.124273, -17.177016 ], [ -65.124997, -17.177111 ], [ -65.125589, -17.177491 ], [ -65.125993, -17.178069 ], [ -65.126453, -17.178459 ], [ -65.126659, -17.178688 ], [ -65.12705, -17.17889 ], [ -65.127563, -17.17927 ], [ -65.127939, -17.179472 ], [ -65.128639, -17.179825 ], [ -65.129586, -17.18113 ], [ -65.13026, -17.181438 ], [ -65.130885, -17.18169 ], [ -65.131546, -17.181906 ], [ -65.132006, -17.181821 ], [ -65.132593, -17.181686 ], [ -65.133127, -17.181629 ], [ -65.133821, -17.181518 ], [ -65.134327, -17.181282 ], [ -65.135558, -17.180971 ], [ -65.13594, -17.180509 ], [ -65.136351, -17.179886 ], [ -65.136548, -17.179448 ], [ -65.136661, -17.178883 ], [ -65.136706, -17.177743 ], [ -65.136697, -17.176132 ], [ -65.136626, -17.175258 ], [ -65.136306, -17.173624 ], [ -65.136075, -17.172347 ], [ -65.136003, -17.171404 ], [ -65.135984, -17.17084 ], [ -65.13594, -17.170253 ], [ -65.135086, -17.169511 ], [ -65.13493, -17.164586 ], [ -65.136813, -17.162545 ], [ -65.140396, -17.159902 ], [ -65.140454, -17.159895 ], [ -65.140601, -17.159787 ], [ -65.148596, -17.158847 ], [ -65.152077, -17.154568 ], [ -65.152263, -17.154476 ], [ -65.152282, -17.154453 ], [ -65.157671, -17.15179 ], [ -65.160265, -17.150727 ], [ -65.162167, -17.150005 ], [ -65.165728, -17.14878 ], [ -65.169003, -17.148057 ], [ -65.171109, -17.147397 ], [ -65.171416, -17.147139 ], [ -65.172448, -17.146274 ], [ -65.175374, -17.14382 ], [ -65.176101, -17.14321 ], [ -65.177708, -17.141863 ], [ -65.177251, -17.142915 ], [ -65.182177, -17.139423 ], [ -65.208837, -17.208828 ], [ -65.237357, -17.229363 ], [ -65.23465, -17.219212 ], [ -65.238362, -17.216045 ], [ -65.245283, -17.214713 ], [ -65.24924, -17.210025 ], [ -65.252643, -17.207747 ], [ -65.25655, -17.205942 ], [ -65.263309, -17.204475 ], [ -65.270481, -17.199914 ], [ -65.281802, -17.195007 ], [ -65.28662, -17.1932 ], [ -65.287223, -17.181107 ], [ -65.292221, -17.168765 ], [ -65.304259, -17.158908 ], [ -65.321916, -17.156005 ], [ -65.344745, -17.149075 ], [ -65.351137, -17.14629 ], [ -65.371311, -17.148006 ], [ -65.397548, -17.144733 ], [ -65.408477, -17.136962 ], [ -65.421135, -17.132168 ], [ -65.4402, -17.118823 ], [ -65.443363, -17.113574 ], [ -65.455757, -17.114625 ], [ -65.468415, -17.172621 ], [ -65.512353, -17.163092 ], [ -65.524389, -17.16389 ], [ -65.524436, -17.162947 ], [ -65.524113, -17.161221 ], [ -65.524095, -17.160286 ], [ -65.524081, -17.160198 ], [ -65.524171, -17.160183 ], [ -65.524581, -17.159306 ], [ -65.524808, -17.158999 ], [ -65.52537, -17.157917 ], [ -65.525446, -17.157814 ], [ -65.525431, -17.157726 ], [ -65.525582, -17.157522 ], [ -65.525643, -17.157332 ], [ -65.525516, -17.156001 ], [ -65.525501, -17.155913 ], [ -65.525854, -17.154685 ], [ -65.525839, -17.154597 ], [ -65.526715, -17.153734 ], [ -65.526692, -17.152476 ], [ -65.526782, -17.152462 ], [ -65.52682, -17.151014 ], [ -65.526777, -17.150751 ], [ -65.526672, -17.150678 ], [ -65.526614, -17.150327 ], [ -65.526524, -17.150341 ], [ -65.526393, -17.149552 ], [ -65.526288, -17.149479 ], [ -65.526259, -17.149303 ], [ -65.525814, -17.148294 ], [ -65.52612, -17.147343 ], [ -65.526106, -17.147256 ], [ -65.526743, -17.146071 ], [ -65.527514, -17.145135 ], [ -65.527784, -17.145091 ], [ -65.527668, -17.144389 ], [ -65.527563, -17.144316 ], [ -65.527029, -17.143322 ], [ -65.526543, -17.141509 ], [ -65.526619, -17.141406 ], [ -65.526575, -17.141143 ], [ -65.527, -17.140353 ], [ -65.528896, -17.137435 ], [ -65.528986, -17.137421 ], [ -65.528972, -17.137333 ], [ -65.529047, -17.137231 ], [ -65.529702, -17.135593 ], [ -65.529792, -17.135578 ], [ -65.530772, -17.134788 ], [ -65.530848, -17.134686 ], [ -65.530898, -17.133867 ], [ -65.531352, -17.133253 ], [ -65.531296, -17.132361 ], [ -65.531541, -17.1316 ], [ -65.531512, -17.131425 ], [ -65.531093, -17.131132 ], [ -65.531079, -17.131045 ], [ -65.530721, -17.130562 ], [ -65.530788, -17.12929 ], [ -65.531004, -17.128354 ], [ -65.531321, -17.128032 ], [ -65.532315, -17.12733 ], [ -65.532697, -17.126277 ], [ -65.532682, -17.126189 ], [ -65.532761, -17.125546 ], [ -65.533529, -17.125151 ], [ -65.533619, -17.125136 ], [ -65.5343, -17.124215 ], [ -65.534285, -17.124127 ], [ -65.534361, -17.124025 ], [ -65.534544, -17.123454 ], [ -65.534454, -17.123469 ], [ -65.534439, -17.123381 ], [ -65.534335, -17.123308 ], [ -65.534306, -17.123133 ], [ -65.533843, -17.122577 ], [ -65.533933, -17.122562 ], [ -65.534009, -17.12246 ], [ -65.534221, -17.122065 ], [ -65.534312, -17.122051 ], [ -65.534661, -17.121363 ], [ -65.535961, -17.11971 ], [ -65.536037, -17.119608 ], [ -65.536075, -17.11816 ], [ -65.536017, -17.117809 ], [ -65.536354, -17.116493 ], [ -65.536444, -17.116479 ], [ -65.53652, -17.116376 ], [ -65.536505, -17.116288 ], [ -65.536381, -17.114417 ], [ -65.536337, -17.114153 ], [ -65.536628, -17.113115 ], [ -65.537969, -17.112267 ], [ -65.538591, -17.111632 ], [ -65.539969, -17.111389 ], [ -65.54046, -17.11134 ], [ -65.540903, -17.111866 ], [ -65.540967, -17.111938 ], [ -65.541047, -17.112043 ], [ -65.541222, -17.1124 ], [ -65.541437, -17.112836 ], [ -65.541628, -17.113296 ], [ -65.541747, -17.113732 ], [ -65.541891, -17.114168 ], [ -65.54213, -17.114536 ], [ -65.542321, -17.114903 ], [ -65.542386, -17.115021 ], [ -65.542536, -17.115294 ], [ -65.542798, -17.115615 ], [ -65.543085, -17.11596 ], [ -65.543372, -17.116304 ], [ -65.543658, -17.116695 ], [ -65.543993, -17.117039 ], [ -65.544279, -17.117384 ], [ -65.544614, -17.117728 ], [ -65.544728, -17.117838 ], [ -65.544945, -17.118047 ], [ -65.544972, -17.118073 ], [ -65.545283, -17.118394 ], [ -65.545665, -17.11867 ], [ -65.546023, -17.119014 ], [ -65.546358, -17.119336 ], [ -65.546668, -17.119703 ], [ -65.546979, -17.120071 ], [ -65.547241, -17.120415 ], [ -65.547528, -17.120806 ], [ -65.547743, -17.121242 ], [ -65.547982, -17.121656 ], [ -65.548269, -17.121977 ], [ -65.548627, -17.122345 ], [ -65.548985, -17.122666 ], [ -65.549463, -17.122873 ], [ -65.549869, -17.123011 ], [ -65.550323, -17.123217 ], [ -65.550705, -17.123424 ], [ -65.551112, -17.123654 ], [ -65.551565, -17.123929 ], [ -65.551995, -17.124228 ], [ -65.552306, -17.124527 ], [ -65.552688, -17.124848 ], [ -65.553047, -17.125215 ], [ -65.553309, -17.125537 ], [ -65.553477, -17.125719 ], [ -65.554074, -17.125992 ], [ -65.55449, -17.126767 ], [ -65.554623, -17.126915 ], [ -65.554862, -17.127328 ], [ -65.555125, -17.127673 ], [ -65.555483, -17.127994 ], [ -65.555616, -17.128186 ], [ -65.555722, -17.128339 ], [ -65.556081, -17.128683 ], [ -65.556391, -17.129074 ], [ -65.556797, -17.129349 ], [ -65.556945, -17.129482 ], [ -65.557132, -17.129648 ], [ -65.557466, -17.130038 ], [ -65.557849, -17.130337 ], [ -65.558207, -17.130612 ], [ -65.558661, -17.130819 ], [ -65.559091, -17.131026 ], [ -65.559473, -17.131233 ], [ -65.559855, -17.131531 ], [ -65.559927, -17.1316 ], [ -65.56019, -17.131853 ], [ -65.560524, -17.132197 ], [ -65.560692, -17.132587 ], [ -65.560835, -17.133024 ], [ -65.560907, -17.133437 ], [ -65.56105, -17.133851 ], [ -65.561313, -17.134241 ], [ -65.561647, -17.134631 ], [ -65.562006, -17.134884 ], [ -65.562412, -17.13516 ], [ -65.562866, -17.135389 ], [ -65.563176, -17.135734 ], [ -65.563463, -17.136055 ], [ -65.563845, -17.136262 ], [ -65.564323, -17.136262 ], [ -65.564777, -17.136262 ], [ -65.565112, -17.136583 ], [ -65.565351, -17.136928 ], [ -65.565637, -17.137318 ], [ -65.565852, -17.137754 ], [ -65.565852, -17.137755 ], [ -65.566091, -17.138145 ], [ -65.566928, -17.139178 ], [ -65.567959, -17.139664 ], [ -65.568122, -17.140533 ], [ -65.568337, -17.140947 ], [ -65.5686, -17.14136 ], [ -65.568887, -17.141727 ], [ -65.569293, -17.141911 ], [ -65.569747, -17.142095 ], [ -65.569914, -17.142554 ], [ -65.569962, -17.142967 ], [ -65.569986, -17.143404 ], [ -65.569986, -17.143591 ], [ -65.569986, -17.143764 ], [ -65.569986, -17.14384 ], [ -65.569986, -17.144048 ], [ -65.569986, -17.144253 ], [ -65.569974, -17.144482 ], [ -65.569971, -17.144544 ], [ -65.570288, -17.145135 ], [ -65.570918, -17.146182 ], [ -65.571133, -17.146619 ], [ -65.571278, -17.146781 ], [ -65.571893, -17.147074 ], [ -65.573178, -17.147411 ], [ -65.573523, -17.147376 ], [ -65.573977, -17.147284 ], [ -65.574407, -17.147239 ], [ -65.574861, -17.147261 ], [ -65.575291, -17.147376 ], [ -65.575697, -17.147537 ], [ -65.576055, -17.14779 ], [ -65.57639, -17.148157 ], [ -65.576677, -17.148501 ], [ -65.576963, -17.148892 ], [ -65.577298, -17.149144 ], [ -65.577752, -17.149259 ], [ -65.578206, -17.149374 ], [ -65.57866, -17.149489 ], [ -65.579303, -17.149644 ], [ -65.579042, -17.150683 ], [ -65.579066, -17.151119 ], [ -65.57909, -17.151601 ], [ -65.579114, -17.152015 ], [ -65.579066, -17.152428 ], [ -65.578959, -17.152798 ], [ -65.579098, -17.15344 ], [ -65.577837, -17.15541 ], [ -65.577848, -17.155506 ], [ -65.577753, -17.155988 ], [ -65.57737, -17.156332 ], [ -65.577195, -17.156412 ], [ -65.576758, -17.157095 ], [ -65.57679, -17.161835 ], [ -65.577156, -17.161913 ], [ -65.577562, -17.162051 ], [ -65.577993, -17.162142 ], [ -65.578494, -17.162372 ], [ -65.579187, -17.163038 ], [ -65.579894, -17.163834 ], [ -65.580157, -17.163978 ], [ -65.581172, -17.164411 ], [ -65.584177, -17.169395 ], [ -65.584183, -17.169398 ], [ -65.584613, -17.169628 ], [ -65.585067, -17.169835 ], [ -65.585497, -17.169949 ], [ -65.585975, -17.170041 ], [ -65.586453, -17.170156 ], [ -65.586883, -17.17011 ], [ -65.587313, -17.170133 ], [ -65.587767, -17.170271 ], [ -65.588173, -17.170477 ], [ -65.588556, -17.170753 ], [ -65.588962, -17.170982 ], [ -65.589344, -17.171258 ], [ -65.589751, -17.171487 ], [ -65.590148, -17.17172 ], [ -65.590242, -17.171746 ], [ -65.590611, -17.171786 ], [ -65.591041, -17.171786 ], [ -65.591495, -17.171786 ], [ -65.591949, -17.171877 ], [ -65.592355, -17.171992 ], [ -65.592809, -17.172176 ], [ -65.593216, -17.172359 ], [ -65.594566, -17.172434 ], [ -65.595868, -17.173185 ], [ -65.596251, -17.173415 ], [ -65.596529, -17.173563 ], [ -65.597362, -17.173828 ], [ -65.597816, -17.173869 ], [ -65.598135, -17.173895 ], [ -65.598496, -17.17388 ], [ -65.598921, -17.173895 ], [ -65.599399, -17.173899 ], [ -65.599951, -17.173943 ], [ -65.600345, -17.173989 ], [ -65.600695, -17.174103 ], [ -65.601173, -17.174195 ], [ -65.601627, -17.174309 ], [ -65.602058, -17.174562 ], [ -65.60244, -17.174769 ], [ -65.602894, -17.174906 ], [ -65.603348, -17.175044 ], [ -65.603826, -17.175067 ], [ -65.603987, -17.175067 ], [ -65.604784, -17.174951 ], [ -65.604876, -17.175119 ], [ -65.605185, -17.175232 ], [ -65.605432, -17.175433 ], [ -65.605618, -17.175798 ], [ -65.605686, -17.176124 ], [ -65.605953, -17.176559 ], [ -65.606264, -17.176857 ], [ -65.606623, -17.17711 ], [ -65.607053, -17.177385 ], [ -65.607435, -17.177661 ], [ -65.607818, -17.177936 ], [ -65.608152, -17.178235 ], [ -65.608987, -17.178959 ], [ -65.610804, -17.180064 ], [ -65.611188, -17.181012 ], [ -65.611291, -17.181211 ], [ -65.611482, -17.181457 ], [ -65.611809, -17.181586 ], [ -65.612311, -17.181678 ], [ -65.612694, -17.181862 ], [ -65.612957, -17.182229 ], [ -65.6131, -17.182688 ], [ -65.613172, -17.183148 ], [ -65.613363, -17.183515 ], [ -65.613643, -17.183748 ], [ -65.615783, -17.183609 ], [ -65.616016, -17.183514 ], [ -65.616446, -17.183376 ], [ -65.6169, -17.183307 ], [ -65.617354, -17.183261 ], [ -65.617784, -17.183261 ], [ -65.618262, -17.183261 ], [ -65.618571, -17.183229 ], [ -65.618716, -17.183215 ], [ -65.619122, -17.1831 ], [ -65.619529, -17.182962 ], [ -65.620006, -17.182916 ], [ -65.620484, -17.182916 ], [ -65.620938, -17.183007 ], [ -65.621393, -17.183122 ], [ -65.621751, -17.18342 ], [ -65.621966, -17.183788 ], [ -65.622253, -17.184109 ], [ -65.622588, -17.184453 ], [ -65.622851, -17.184867 ], [ -65.623162, -17.185211 ], [ -65.623473, -17.185578 ], [ -65.623712, -17.185992 ], [ -65.623951, -17.186428 ], [ -65.624214, -17.186818 ], [ -65.624357, -17.186926 ], [ -65.625461, -17.187366 ], [ -65.625887, -17.187346 ], [ -65.626317, -17.187208 ], [ -65.626771, -17.187139 ], [ -65.627225, -17.187161 ], [ -65.627679, -17.187276 ], [ -65.628109, -17.187414 ], [ -65.628563, -17.187528 ], [ -65.628946, -17.187712 ], [ -65.629472, -17.187758 ], [ -65.62995, -17.187803 ], [ -65.630428, -17.187849 ], [ -65.631336, -17.187826 ], [ -65.63254, -17.187648 ], [ -65.633243, -17.189077 ], [ -65.633726, -17.189226 ], [ -65.633735, -17.189236 ], [ -65.633989, -17.189547 ], [ -65.634443, -17.189708 ], [ -65.634873, -17.189753 ], [ -65.635327, -17.189776 ], [ -65.635781, -17.189845 ], [ -65.636212, -17.190074 ], [ -65.636499, -17.190419 ], [ -65.636833, -17.190763 ], [ -65.63712, -17.191153 ], [ -65.637407, -17.191475 ], [ -65.637637, -17.191524 ], [ -65.637837, -17.191566 ], [ -65.638268, -17.191566 ], [ -65.638698, -17.191543 ], [ -65.63908, -17.191726 ], [ -65.639415, -17.192025 ], [ -65.63975, -17.192346 ], [ -65.640156, -17.192576 ], [ -65.640586, -17.192621 ], [ -65.641064, -17.192759 ], [ -65.641417, -17.193215 ], [ -65.641683, -17.193359 ], [ -65.64206, -17.193608 ], [ -65.642378, -17.193662 ], [ -65.642737, -17.193723 ], [ -65.643215, -17.193883 ], [ -65.643598, -17.194159 ], [ -65.643731, -17.194222 ], [ -65.644856, -17.194522 ], [ -65.645343, -17.19441 ], [ -65.645749, -17.194295 ], [ -65.646203, -17.194203 ], [ -65.646657, -17.194226 ], [ -65.647015, -17.194478 ], [ -65.647302, -17.194823 ], [ -65.647709, -17.195098 ], [ -65.648068, -17.195465 ], [ -65.64845, -17.195718 ], [ -65.648785, -17.196062 ], [ -65.649119, -17.196314 ], [ -65.649383, -17.196636 ], [ -65.649693, -17.196934 ], [ -65.650028, -17.197187 ], [ -65.650411, -17.197439 ], [ -65.65662, -17.204222 ], [ -65.665232, -17.21964 ], [ -65.670503, -17.22552 ], [ -65.7003, -17.265201 ], [ -65.702148, -17.268433 ], [ -65.702152, -17.268434 ], [ -65.702703, -17.268462 ], [ -65.704702, -17.269307 ], [ -65.705702, -17.269735 ], [ -65.706522, -17.27025 ], [ -65.706977, -17.270421 ], [ -65.707705, -17.27085 ], [ -65.709362, -17.2717 ], [ -65.710666, -17.272868 ], [ -65.711246, -17.273146 ], [ -65.711767, -17.273423 ], [ -65.712111, -17.273581 ], [ -65.712297, -17.273837 ], [ -65.712524, -17.274439 ], [ -65.713006, -17.276162 ], [ -65.714606, -17.280507 ], [ -65.71463, -17.280508 ], [ -65.714617, -17.280588 ], [ -65.715203, -17.282803 ], [ -65.715496, -17.284197 ], [ -65.71546, -17.284353 ], [ -65.715463, -17.284369 ], [ -65.715267, -17.285226 ], [ -65.715236, -17.285657 ], [ -65.715209, -17.285765 ], [ -65.715205, -17.285829 ], [ -65.715087, -17.286307 ], [ -65.714945, -17.286761 ], [ -65.714644, -17.287395 ], [ -65.714285, -17.287959 ], [ -65.713854, -17.28851 ], [ -65.713506, -17.289018 ], [ -65.71344, -17.290527 ], [ -65.713419, -17.290545 ], [ -65.713413, -17.290698 ], [ -65.706811, -17.296478 ], [ -65.706404, -17.297018 ], [ -65.706103, -17.297652 ], [ -65.705724, -17.299131 ], [ -65.703513, -17.303479 ], [ -65.709743, -17.306399 ], [ -65.71065, -17.307376 ], [ -65.710627, -17.307532 ], [ -65.710635, -17.30754 ], [ -65.710549, -17.308149 ], [ -65.710438, -17.308307 ], [ -65.71024, -17.3086 ], [ -65.709766, -17.309068 ], [ -65.709362, -17.309535 ], [ -65.709024, -17.309869 ], [ -65.708404, -17.310261 ], [ -65.723414, -17.32118 ], [ -65.723311, -17.321265 ], [ -65.723402, -17.321331 ], [ -65.722995, -17.321666 ], [ -65.722104, -17.321744 ], [ -65.721488, -17.321819 ], [ -65.721009, -17.321892 ], [ -65.720395, -17.322098 ], [ -65.719831, -17.322179 ], [ -65.719314, -17.322292 ], [ -65.718964, -17.32241 ], [ -65.718612, -17.322607 ], [ -65.718308, -17.322829 ], [ -65.717978, -17.323118 ], [ -65.717803, -17.323341 ], [ -65.717915, -17.323514 ], [ -65.718125, -17.323783 ], [ -65.718679, -17.324186 ], [ -65.719625, -17.32476 ], [ -65.720099, -17.325013 ], [ -65.720394, -17.325227 ], [ -65.72077, -17.325557 ], [ -65.721133, -17.325921 ], [ -65.721533, -17.326275 ], [ -65.722072, -17.326816 ], [ -65.722557, -17.327115 ], [ -65.723218, -17.32759 ], [ -65.723711, -17.328026 ], [ -65.724302, -17.328396 ], [ -65.72506, -17.328805 ], [ -65.725762, -17.329052 ], [ -65.726396, -17.329091 ], [ -65.72684, -17.329079 ], [ -65.727333, -17.329011 ], [ -65.728123, -17.32902 ], [ -65.72853, -17.329053 ], [ -65.729401, -17.329224 ], [ -65.730177, -17.329346 ], [ -65.730618, -17.329461 ], [ -65.730868, -17.329547 ], [ -65.730915, -17.329583 ], [ -65.731042, -17.329792 ], [ -65.731283, -17.330291 ], [ -65.73179, -17.331232 ], [ -65.732082, -17.33156 ], [ -65.732698, -17.331908 ], [ -65.73309, -17.332067 ], [ -65.733423, -17.332178 ], [ -65.733659, -17.332322 ], [ -65.733847, -17.332487 ], [ -65.734393, -17.333268 ], [ -65.734694, -17.333757 ], [ -65.735228, -17.33455 ], [ -65.735732, -17.335089 ], [ -65.73617, -17.335341 ], [ -65.736526, -17.335465 ], [ -65.737503, -17.335718 ], [ -65.738112, -17.335848 ], [ -65.73902, -17.335951 ], [ -65.740445, -17.335999 ], [ -65.740827, -17.336077 ], [ -65.741326, -17.336261 ], [ -65.741918, -17.336586 ], [ -65.742474, -17.336943 ], [ -65.743004, -17.337335 ], [ -65.743591, -17.337911 ], [ -65.744613, -17.338876 ], [ -65.745085, -17.339186 ], [ -65.74557, -17.339473 ], [ -65.746328, -17.33987 ], [ -65.747282, -17.340247 ], [ -65.74797, -17.340508 ], [ -65.748616, -17.34075 ], [ -65.749283, -17.340991 ], [ -65.74991, -17.341234 ], [ -65.750635, -17.34132 ], [ -65.751098, -17.341372 ], [ -65.751481, -17.341442 ], [ -65.751988, -17.341784 ], [ -65.752273, -17.341993 ], [ -65.752518, -17.342279 ], [ -65.752876, -17.342597 ], [ -65.753093, -17.342653 ], [ -65.753383, -17.342813 ], [ -65.753881, -17.343282 ], [ -65.754074, -17.343338 ], [ -65.754315, -17.343371 ], [ -65.755204, -17.343412 ], [ -65.755804, -17.343375 ], [ -65.756105, -17.343373 ], [ -65.756464, -17.343256 ], [ -65.756752, -17.343254 ], [ -65.756885, -17.343276 ], [ -65.757115, -17.343425 ], [ -65.757297, -17.343642 ], [ -65.757432, -17.343883 ], [ -65.757566, -17.344055 ], [ -65.758158, -17.344294 ], [ -65.758376, -17.34443 ], [ -65.758559, -17.34466 ], [ -65.75856, -17.344798 ], [ -65.758547, -17.344882 ], [ -65.758547, -17.344918 ], [ -65.758514, -17.345126 ], [ -65.758397, -17.345437 ], [ -65.758321, -17.34579 ], [ -65.758309, -17.345927 ], [ -65.758335, -17.346076 ], [ -65.758504, -17.346168 ], [ -65.758684, -17.346144 ], [ -65.758792, -17.346085 ], [ -65.758954, -17.345567 ], [ -65.759024, -17.345394 ], [ -65.759071, -17.345336 ], [ -65.75925, -17.345231 ], [ -65.759969, -17.345043 ], [ -65.760088, -17.344962 ], [ -65.76035, -17.344742 ], [ -65.760457, -17.344683 ], [ -65.760613, -17.344648 ], [ -65.760733, -17.34467 ], [ -65.760843, -17.344762 ], [ -65.760892, -17.344865 ], [ -65.760871, -17.345118 ], [ -65.760866, -17.345133 ], [ -65.760857, -17.345238 ], [ -65.760741, -17.345561 ], [ -65.760445, -17.345907 ], [ -65.76004, -17.346232 ], [ -65.759827, -17.346452 ], [ -65.759767, -17.346487 ], [ -65.759746, -17.346571 ], [ -65.759747, -17.346609 ], [ -65.759823, -17.346931 ], [ -65.759884, -17.347058 ], [ -65.759935, -17.347264 ], [ -65.759936, -17.347414 ], [ -65.759923, -17.347464 ], [ -65.759924, -17.347533 ], [ -65.759782, -17.348073 ], [ -65.759789, -17.348117 ], [ -65.760134, -17.348863 ], [ -65.760353, -17.349161 ], [ -65.760673, -17.349758 ], [ -65.760785, -17.350125 ], [ -65.760922, -17.350481 ], [ -65.761166, -17.35086 ], [ -65.761446, -17.351169 ], [ -65.761737, -17.351409 ], [ -65.761918, -17.351442 ], [ -65.762218, -17.351418 ], [ -65.762479, -17.351302 ], [ -65.76248, -17.35129 ], [ -65.762024, -17.350281 ], [ -65.761995, -17.349936 ], [ -65.762015, -17.349913 ], [ -65.762007, -17.349819 ], [ -65.762232, -17.349553 ], [ -65.76234, -17.349541 ], [ -65.762425, -17.349552 ], [ -65.762992, -17.349825 ], [ -65.76315, -17.349928 ], [ -65.763729, -17.35012 ], [ -65.76426, -17.350324 ], [ -65.764937, -17.350712 ], [ -65.765762, -17.35134 ], [ -65.766053, -17.351638 ], [ -65.766664, -17.352486 ], [ -65.766932, -17.352784 ], [ -65.767138, -17.352932 ], [ -65.767392, -17.35308 ], [ -65.767547, -17.353079 ], [ -65.767546, -17.352996 ], [ -65.767468, -17.35256 ], [ -65.767182, -17.35171 ], [ -65.767095, -17.351538 ], [ -65.767045, -17.351366 ], [ -65.766751, -17.350884 ], [ -65.766676, -17.350666 ], [ -65.766675, -17.350517 ], [ -65.766689, -17.350482 ], [ -65.766688, -17.350403 ], [ -65.766758, -17.35023 ], [ -65.766864, -17.350033 ], [ -65.766982, -17.349883 ], [ -65.767102, -17.349836 ], [ -65.767234, -17.349836 ], [ -65.767354, -17.349858 ], [ -65.768445, -17.35068 ], [ -65.76898, -17.351218 ], [ -65.769223, -17.351424 ], [ -65.769635, -17.351732 ], [ -65.769804, -17.351824 ], [ -65.769973, -17.351892 ], [ -65.770346, -17.351947 ], [ -65.770575, -17.352003 ], [ -65.770865, -17.352105 ], [ -65.771349, -17.352379 ], [ -65.771798, -17.352733 ], [ -65.772015, -17.35287 ], [ -65.772462, -17.353028 ], [ -65.772943, -17.353072 ], [ -65.773496, -17.353092 ], [ -65.77424, -17.353064 ], [ -65.774648, -17.353016 ], [ -65.774887, -17.3529 ], [ -65.775185, -17.352633 ], [ -65.775519, -17.352447 ], [ -65.775902, -17.352364 ], [ -65.776382, -17.352316 ], [ -65.776683, -17.352337 ], [ -65.777057, -17.352484 ], [ -65.777204, -17.352668 ], [ -65.77735, -17.352885 ], [ -65.777351, -17.352978 ], [ -65.777335, -17.353082 ], [ -65.777335, -17.353085 ], [ -65.777302, -17.353304 ], [ -65.777173, -17.353558 ], [ -65.777067, -17.353673 ], [ -65.776674, -17.354021 ], [ -65.77644, -17.354471 ], [ -65.776375, -17.354831 ], [ -65.776369, -17.355239 ], [ -65.776445, -17.355607 ], [ -65.776544, -17.355802 ], [ -65.77669, -17.356008 ], [ -65.77686, -17.356134 ], [ -65.777416, -17.356384 ], [ -65.777837, -17.356473 ], [ -65.77803, -17.356492 ], [ -65.79217, -17.338656 ], [ -65.830632, -17.366093 ], [ -65.863427, -17.378744 ], [ -65.873555, -17.379938 ], [ -65.894226, -17.375241 ], [ -65.904392, -17.374911 ], [ -65.904439, -17.374935 ], [ -65.919461, -17.357585 ], [ -65.935832, -17.347359 ], [ -65.947789, -17.343777 ], [ -65.948488, -17.34363 ], [ -65.955254, -17.337251 ], [ -65.977676, -17.312239 ], [ -65.986587, -17.293593 ], [ -65.988483, -17.260371 ], [ -66.001355, -17.227273 ], [ -66.003072, -17.223246 ], [ -66.001907, -17.22134 ], [ -66.001386, -17.220487 ], [ -65.983471, -17.185886 ], [ -65.987472, -17.181551 ], [ -65.988252, -17.180865 ], [ -66.001615, -17.175609 ], [ -66.006083, -17.17441 ], [ -66.006852, -17.17395 ], [ -66.011924, -17.170283 ], [ -66.028136, -17.155472 ], [ -66.028382, -17.155217 ], [ -66.032354, -17.14887 ], [ -66.032574, -17.148589 ], [ -66.039779, -17.141568 ], [ -66.054111, -17.134934 ], [ -66.05878, -17.125971 ], [ -66.069161, -17.112403 ], [ -66.069256, -17.112429 ], [ -66.076522, -17.104759 ], [ -66.0768, -17.10437 ], [ -66.082344, -17.08965 ], [ -66.084358, -17.085641 ], [ -66.099352, -17.061316 ], [ -66.099233, -17.061109 ], [ -66.099239, -17.060727 ], [ -66.099426, -17.060466 ], [ -66.099604, -17.060313 ], [ -66.099949, -17.060083 ], [ -66.100424, -17.059889 ], [ -66.100698, -17.059855 ], [ -66.100912, -17.059855 ], [ -66.10115, -17.059706 ], [ -66.101495, -17.059442 ], [ -66.102399, -17.058512 ], [ -66.102434, -17.058513 ], [ -66.102553, -17.058444 ], [ -66.10316, -17.05772 ], [ -66.103445, -17.057456 ], [ -66.103731, -17.05725 ], [ -66.10423, -17.056825 ], [ -66.104444, -17.056595 ], [ -66.10467, -17.056308 ], [ -66.104836, -17.055998 ], [ -66.10505, -17.055377 ], [ -66.105228, -17.054641 ], [ -66.105276, -17.05425 ], [ -66.105252, -17.053686 ], [ -66.105097, -17.053214 ], [ -66.104894, -17.052765 ], [ -66.104846, -17.052212 ], [ -66.105048, -17.051729 ], [ -66.10531, -17.051396 ], [ -66.105595, -17.051167 ], [ -66.105869, -17.051006 ], [ -66.106226, -17.050834 ], [ -66.106582, -17.050697 ], [ -66.108593, -17.05008 ], [ -66.109092, -17.049886 ], [ -66.11027, -17.049325 ], [ -66.110472, -17.049199 ], [ -66.110567, -17.049164 ], [ -66.111007, -17.048866 ], [ -66.111423, -17.048533 ], [ -66.11184, -17.048097 ], [ -66.112262, -17.047314 ], [ -66.112945, -17.046235 ], [ -66.113182, -17.045534 ], [ -66.113325, -17.045246 ], [ -66.113693, -17.0442 ], [ -66.114038, -17.043441 ], [ -66.11424, -17.043108 ], [ -66.114418, -17.042867 ], [ -66.114608, -17.042695 ], [ -66.11487, -17.042523 ], [ -66.115334, -17.042282 ], [ -66.115536, -17.042133 ], [ -66.115667, -17.041914 ], [ -66.115678, -17.041638 ], [ -66.115595, -17.040994 ], [ -66.115594, -17.040361 ], [ -66.115903, -17.039637 ], [ -66.115915, -17.039326 ], [ -66.11582, -17.039049 ], [ -66.115713, -17.038877 ], [ -66.115141, -17.038242 ], [ -66.115046, -17.037943 ], [ -66.115046, -17.03769 ], [ -66.115141, -17.037448 ], [ -66.115378, -17.036989 ], [ -66.115545, -17.036724 ], [ -66.115854, -17.036391 ], [ -66.116306, -17.036001 ], [ -66.116555, -17.035668 ], [ -66.116769, -17.035081 ], [ -66.116935, -17.034426 ], [ -66.117054, -17.034115 ], [ -66.117137, -17.033724 ], [ -66.117244, -17.033425 ], [ -66.117434, -17.032701 ], [ -66.117552, -17.032149 ], [ -66.11779, -17.031735 ], [ -66.117992, -17.031586 ], [ -66.118349, -17.031403 ], [ -66.118753, -17.031277 ], [ -66.119443, -17.030979 ], [ -66.119574, -17.03083 ], [ -66.119931, -17.030278 ], [ -66.119978, -17.030163 ], [ -66.12018, -17.029876 ], [ -66.120454, -17.029612 ], [ -66.120632, -17.029348 ], [ -66.120881, -17.028796 ], [ -66.121464, -17.028061 ], [ -66.121654, -17.027704 ], [ -66.121784, -17.027405 ], [ -66.122164, -17.026348 ], [ -66.122426, -17.025888 ], [ -66.122604, -17.025773 ], [ -66.123175, -17.025521 ], [ -66.123484, -17.025246 ], [ -66.123662, -17.024947 ], [ -66.123829, -17.024499 ], [ -66.123947, -17.024004 ], [ -66.123947, -17.023831 ], [ -66.124078, -17.023406 ], [ -66.124161, -17.023256 ], [ -66.124506, -17.0229 ], [ -66.125231, -17.022235 ], [ -66.126098, -17.021097 ], [ -66.127347, -17.019673 ], [ -66.127786, -17.01911 ], [ -66.128226, -17.018651 ], [ -66.128464, -17.018341 ], [ -66.128796, -17.017766 ], [ -66.128998, -17.01749 ], [ -66.129462, -17.017008 ], [ -66.130104, -17.016595 ], [ -66.130734, -17.016274 ], [ -66.131008, -17.016091 ], [ -66.131424, -17.015723 ], [ -66.131757, -17.015344 ], [ -66.132006, -17.014999 ], [ -66.13222, -17.014758 ], [ -66.132506, -17.014563 ], [ -66.133076, -17.014265 ], [ -66.133385, -17.014047 ], [ -66.134824, -17.012566 ], [ -66.135085, -17.012325 ], [ -66.135965, -17.011417 ], [ -66.136297, -17.010912 ], [ -66.136428, -17.010544 ], [ -66.136428, -17.010371 ], [ -66.136558, -17.009577 ], [ -66.136736, -17.00906 ], [ -66.136772, -17.008899 ], [ -66.136926, -17.008543 ], [ -66.137199, -17.00814 ], [ -66.137449, -17.007819 ], [ -66.138103, -17.007199 ], [ -66.138495, -17.006889 ], [ -66.138828, -17.006717 ], [ -66.139827, -17.006546 ], [ -66.140624, -17.006318 ], [ -66.142169, -17.005538 ], [ -66.142645, -17.005344 ], [ -66.142907, -17.005275 ], [ -66.14299, -17.005229 ], [ -66.143228, -17.005161 ], [ -66.143822, -17.004828 ], [ -66.144417, -17.0046 ], [ -66.144904, -17.00437 ], [ -66.145261, -17.004302 ], [ -66.146141, -17.004269 ], [ -66.146308, -17.004166 ], [ -66.146528, -17.003809 ], [ -66.14673, -17.003517 ], [ -66.146788, -17.003317 ], [ -66.146857, -17.003235 ], [ -66.146878, -17.003177 ], [ -66.146912, -17.003118 ], [ -66.146958, -17.003059 ], [ -66.146991, -17.002989 ], [ -66.147009, -17.002959 ], [ -66.14706, -17.002907 ], [ -66.147208, -17.00273 ], [ -66.14723, -17.002683 ], [ -66.147334, -17.002577 ], [ -66.147414, -17.002471 ], [ -66.147442, -17.002441 ], [ -66.147504, -17.002383 ], [ -66.147541, -17.002352 ], [ -66.147599, -17.002316 ], [ -66.147704, -17.002232 ], [ -66.147817, -17.002153 ], [ -66.147863, -17.002135 ], [ -66.147902, -17.002111 ], [ -66.147984, -17.002081 ], [ -66.148043, -17.002037 ], [ -66.148105, -17.00199 ], [ -66.148147, -17.001954 ], [ -66.14824, -17.001893 ], [ -66.148344, -17.001798 ], [ -66.148368, -17.001786 ], [ -66.148402, -17.001739 ], [ -66.148437, -17.001715 ], [ -66.148633, -17.001513 ], [ -66.148771, -17.001394 ], [ -66.148863, -17.001288 ], [ -66.14899, -17.001158 ], [ -66.149037, -17.001133 ], [ -66.149072, -17.001132 ], [ -66.149119, -17.001108 ], [ -66.14945, -17.001005 ], [ -66.149521, -17.001003 ], [ -66.149616, -17.000977 ], [ -66.149702, -17.000962 ], [ -66.149915, -17.000923 ], [ -66.14996, -17.00092 ], [ -66.150127, -17.000915 ], [ -66.150257, -17.000876 ], [ -66.15041, -17.000814 ], [ -66.150679, -17.000667 ], [ -66.15079, -17.000468 ], [ -66.150824, -17.000387 ], [ -66.150869, -17.000305 ], [ -66.150913, -17.000201 ], [ -66.15098, -17.000072 ], [ -66.151014, -17.000025 ], [ -66.151058, -16.999932 ], [ -66.1511, -16.999863 ], [ -66.151288, -16.999684 ], [ -66.151393, -16.999623 ], [ -66.151475, -16.999563 ], [ -66.151556, -16.999514 ], [ -66.151626, -16.999455 ], [ -66.15172, -16.999417 ], [ -66.151848, -16.999321 ], [ -66.15186, -16.999321 ], [ -66.152021, -16.999167 ], [ -66.152404, -16.998844 ], [ -66.152589, -16.998678 ], [ -66.152669, -16.998583 ], [ -66.152773, -16.9985 ], [ -66.1529, -16.998381 ], [ -66.153153, -16.998109 ], [ -66.153496, -16.997696 ], [ -66.153517, -16.997626 ], [ -66.153574, -16.997556 ], [ -66.153675, -16.997369 ], [ -66.153743, -16.997263 ], [ -66.153899, -16.99696 ], [ -66.153968, -16.996889 ], [ -66.154093, -16.996712 ], [ -66.154277, -16.996523 ], [ -66.154403, -16.99637 ], [ -66.154587, -16.996169 ], [ -66.154723, -16.995992 ], [ -66.154885, -16.995826 ], [ -66.155101, -16.995555 ], [ -66.155169, -16.99545 ], [ -66.155261, -16.995343 ], [ -66.155351, -16.995203 ], [ -66.15535, -16.995157 ], [ -66.155383, -16.995098 ], [ -66.15543, -16.995062 ], [ -66.155486, -16.994969 ], [ -66.155623, -16.994792 ], [ -66.155713, -16.994629 ], [ -66.155809, -16.994339 ], [ -66.155807, -16.994281 ], [ -66.15584, -16.9942 ], [ -66.155858, -16.994038 ], [ -66.155903, -16.993957 ], [ -66.156085, -16.993721 ], [ -66.156199, -16.993557 ], [ -66.156372, -16.993402 ], [ -66.156618, -16.993268 ], [ -66.156712, -16.993231 ], [ -66.15689, -16.99319 ], [ -66.156961, -16.993165 ], [ -66.157151, -16.993148 ], [ -66.157195, -16.993043 ], [ -66.157218, -16.993019 ], [ -66.157258, -16.992823 ], [ -66.157315, -16.992729 ], [ -66.157313, -16.992672 ], [ -66.157368, -16.992544 ], [ -66.157367, -16.992521 ], [ -66.157388, -16.99244 ], [ -66.157417, -16.992267 ], [ -66.157429, -16.992266 ], [ -66.157428, -16.99222 ], [ -66.157503, -16.992 ], [ -66.157534, -16.991873 ], [ -66.157631, -16.991582 ], [ -66.157672, -16.991397 ], [ -66.157668, -16.991283 ], [ -66.157624, -16.991066 ], [ -66.157621, -16.990963 ], [ -66.157595, -16.990918 ], [ -66.157568, -16.990815 ], [ -66.157555, -16.990471 ], [ -66.157594, -16.990217 ], [ -66.157654, -16.989917 ], [ -66.15792, -16.989335 ], [ -66.157965, -16.989276 ], [ -66.158134, -16.988983 ], [ -66.158144, -16.988949 ], [ -66.158156, -16.988948 ], [ -66.158282, -16.988783 ], [ -66.158351, -16.988724 ], [ -66.158407, -16.98863 ], [ -66.158762, -16.988205 ], [ -66.158807, -16.988135 ], [ -66.158841, -16.988065 ], [ -66.158932, -16.987947 ], [ -66.158987, -16.987819 ], [ -66.159021, -16.987772 ], [ -66.159054, -16.987702 ], [ -66.159202, -16.987503 ], [ -66.159214, -16.987502 ], [ -66.15926, -16.987443 ], [ -66.159491, -16.987229 ], [ -66.159536, -16.98717 ], [ -66.159687, -16.987051 ], [ -66.159746, -16.987026 ], [ -66.159804, -16.986978 ], [ -66.159921, -16.986928 ], [ -66.160016, -16.986892 ], [ -66.160314, -16.986881 ], [ -66.160422, -16.986901 ], [ -66.160493, -16.986899 ], [ -66.16059, -16.98693 ], [ -66.16065, -16.986928 ], [ -66.160746, -16.986948 ], [ -66.160925, -16.986942 ], [ -66.16096, -16.98693 ], [ -66.16102, -16.986928 ], [ -66.161043, -16.986904 ], [ -66.161101, -16.986879 ], [ -66.161136, -16.986855 ], [ -66.161242, -16.986806 ], [ -66.161269, -16.986788 ], [ -66.161634, -16.986426 ], [ -66.161855, -16.98627 ], [ -66.162017, -16.986127 ], [ -66.16218, -16.986007 ], [ -66.162342, -16.985875 ], [ -66.162424, -16.985827 ], [ -66.162483, -16.985802 ], [ -66.162622, -16.985694 ], [ -66.162657, -16.985681 ], [ -66.162739, -16.985621 ], [ -66.162962, -16.985511 ], [ -66.163078, -16.985427 ], [ -66.163218, -16.985353 ], [ -66.163568, -16.985124 ], [ -66.163661, -16.985052 ], [ -66.163765, -16.984957 ], [ -66.163902, -16.98478 ], [ -66.163958, -16.984687 ], [ -66.164004, -16.984639 ], [ -66.164127, -16.984394 ], [ -66.164171, -16.98429 ], [ -66.164169, -16.984244 ], [ -66.164203, -16.984197 ], [ -66.164281, -16.984045 ], [ -66.164302, -16.983953 ], [ -66.164358, -16.98387 ], [ -66.164357, -16.983836 ], [ -66.164402, -16.983754 ], [ -66.164456, -16.983603 ], [ -66.164479, -16.983579 ], [ -66.164524, -16.983498 ], [ -66.164644, -16.983195 ], [ -66.164679, -16.983171 ], [ -66.164701, -16.983125 ], [ -66.164747, -16.983077 ], [ -66.164872, -16.982901 ], [ -66.16493, -16.982842 ], [ -66.164929, -16.98283 ], [ -66.164988, -16.982805 ], [ -66.165022, -16.982758 ], [ -66.165116, -16.98271 ], [ -66.16529, -16.982578 ], [ -66.165477, -16.982457 ], [ -66.165605, -16.982384 ], [ -66.166001, -16.982119 ], [ -66.166141, -16.982011 ], [ -66.166324, -16.98181 ], [ -66.166324, -16.981787 ], [ -66.166347, -16.981763 ], [ -66.166458, -16.981541 ], [ -66.16651, -16.981333 ], [ -66.166547, -16.981033 ], [ -66.166588, -16.98086 ], [ -66.166612, -16.980538 ], [ -66.166643, -16.980387 ], [ -66.166651, -16.980284 ], [ -66.166713, -16.980029 ], [ -66.166769, -16.979924 ], [ -66.166802, -16.979843 ], [ -66.166858, -16.979738 ], [ -66.166913, -16.97961 ], [ -66.167, -16.979366 ], [ -66.167029, -16.979181 ], [ -66.167041, -16.979181 ], [ -66.167031, -16.978906 ], [ -66.167043, -16.978905 ], [ -66.167076, -16.978847 ], [ -66.16712, -16.978731 ], [ -66.167151, -16.978615 ], [ -66.167218, -16.978475 ], [ -66.16725, -16.978382 ], [ -66.167317, -16.978242 ], [ -66.167348, -16.978126 ], [ -66.167415, -16.977998 ], [ -66.167458, -16.97787 ], [ -66.167505, -16.977823 ], [ -66.167607, -16.977693 ], [ -66.167758, -16.977562 ], [ -66.167862, -16.97749 ], [ -66.168015, -16.977405 ], [ -66.168237, -16.977294 ], [ -66.168307, -16.977234 ], [ -66.168377, -16.977209 ], [ -66.168412, -16.977185 ], [ -66.168471, -16.97716 ], [ -66.168494, -16.977137 ], [ -66.168564, -16.9771 ], [ -66.168784, -16.976898 ], [ -66.168852, -16.976815 ], [ -66.168908, -16.976699 ], [ -66.16894, -16.976583 ], [ -66.168945, -16.97641 ], [ -66.168979, -16.976363 ], [ -66.168976, -16.976283 ], [ -66.168985, -16.976179 ], [ -66.168977, -16.975962 ], [ -66.168997, -16.975858 ], [ -66.169005, -16.975766 ], [ -66.169038, -16.975673 ], [ -66.169163, -16.975496 ], [ -66.169196, -16.975426 ], [ -66.169265, -16.975367 ], [ -66.169288, -16.975332 ], [ -66.169461, -16.975177 ], [ -66.169772, -16.974845 ], [ -66.169783, -16.974822 ], [ -66.170081, -16.974503 ], [ -66.170127, -16.974432 ], [ -66.170196, -16.974361 ], [ -66.170241, -16.974302 ], [ -66.17041, -16.97401 ], [ -66.170474, -16.973824 ], [ -66.170472, -16.973767 ], [ -66.170513, -16.97357 ], [ -66.170517, -16.973341 ], [ -66.170553, -16.973018 ], [ -66.170594, -16.972856 ], [ -66.170641, -16.97282 ], [ -66.170663, -16.972785 ], [ -66.170955, -16.972603 ], [ -66.171002, -16.972567 ], [ -66.17113, -16.972494 ], [ -66.171213, -16.972457 ], [ -66.171365, -16.972372 ], [ -66.171446, -16.972312 ], [ -66.171563, -16.972251 ], [ -66.171668, -16.972179 ], [ -66.171829, -16.972024 ], [ -66.171922, -16.971952 ], [ -66.172014, -16.971846 ], [ -66.172116, -16.971705 ], [ -66.172206, -16.971553 ], [ -66.172261, -16.971413 ], [ -66.172294, -16.971355 ], [ -66.172304, -16.971297 ], [ -66.172369, -16.9711 ], [ -66.172367, -16.971066 ], [ -66.172398, -16.970927 ], [ -66.172389, -16.970686 ], [ -66.172423, -16.970616 ], [ -66.172416, -16.970421 ], [ -66.172439, -16.970397 ], [ -66.172488, -16.970109 ], [ -66.172485, -16.97004 ], [ -66.17253, -16.969947 ], [ -66.172598, -16.969864 ], [ -66.172655, -16.96977 ], [ -66.1727, -16.969712 ], [ -66.173047, -16.969413 ], [ -66.173164, -16.969341 ], [ -66.17328, -16.969245 ], [ -66.173432, -16.969149 ], [ -66.173547, -16.969053 ], [ -66.173676, -16.96898 ], [ -66.173792, -16.968896 ], [ -66.173944, -16.968799 ], [ -66.174014, -16.96874 ], [ -66.174025, -16.968739 ], [ -66.174095, -16.968691 ], [ -66.174292, -16.968524 ], [ -66.174316, -16.968523 ], [ -66.174339, -16.968511 ], [ -66.174385, -16.968464 ], [ -66.174978, -16.968008 ], [ -66.175094, -16.967936 ], [ -66.175211, -16.967852 ], [ -66.175304, -16.967803 ], [ -66.175409, -16.96773 ], [ -66.175795, -16.9675 ], [ -66.175993, -16.967367 ], [ -66.176156, -16.96727 ], [ -66.176471, -16.967065 ], [ -66.176787, -16.966905 ], [ -66.177137, -16.966676 ], [ -66.177149, -16.966676 ], [ -66.177242, -16.966615 ], [ -66.177695, -16.966268 ], [ -66.178041, -16.965935 ], [ -66.178247, -16.965699 ], [ -66.178338, -16.96557 ], [ -66.17844, -16.965406 ], [ -66.178493, -16.965232 ], [ -66.178527, -16.965173 ], [ -66.178548, -16.965115 ], [ -66.178579, -16.964977 ], [ -66.178601, -16.96493 ], [ -66.178633, -16.964814 ], [ -66.178629, -16.964711 ], [ -66.178684, -16.964583 ], [ -66.178703, -16.964456 ], [ -66.178726, -16.964421 ], [ -66.178772, -16.964385 ], [ -66.178817, -16.964303 ], [ -66.178989, -16.964091 ], [ -66.179, -16.96409 ], [ -66.178999, -16.964056 ], [ -66.179068, -16.963985 ], [ -66.179068, -16.963974 ], [ -66.17908, -16.963973 ], [ -66.179103, -16.963949 ], [ -66.179209, -16.963912 ], [ -66.179302, -16.963851 ], [ -66.17942, -16.963801 ], [ -66.179595, -16.963704 ], [ -66.179831, -16.963628 ], [ -66.17996, -16.963566 ], [ -66.18009, -16.963539 ], [ -66.180185, -16.963501 ], [ -66.180812, -16.963355 ], [ -66.181416, -16.963244 ], [ -66.18157, -16.963204 ], [ -66.181724, -16.963176 ], [ -66.182268, -16.963021 ], [ -66.182421, -16.962959 ], [ -66.18286, -16.962887 ], [ -66.18313, -16.962787 ], [ -66.183295, -16.962713 ], [ -66.183447, -16.962627 ], [ -66.183678, -16.962425 ], [ -66.183828, -16.962271 ], [ -66.183874, -16.962235 ], [ -66.183975, -16.962048 ], [ -66.184021, -16.962 ], [ -66.18402, -16.961977 ], [ -66.184032, -16.961977 ], [ -66.184077, -16.961895 ], [ -66.184109, -16.961814 ], [ -66.184166, -16.96172 ], [ -66.184285, -16.961395 ], [ -66.184326, -16.961198 ], [ -66.18438, -16.961059 ], [ -66.184386, -16.960898 ], [ -66.184418, -16.960782 ], [ -66.184462, -16.960677 ], [ -66.184481, -16.96055 ], [ -66.184525, -16.960434 ], [ -66.184569, -16.960352 ], [ -66.184613, -16.960236 ], [ -66.184682, -16.960154 ], [ -66.184844, -16.960022 ], [ -66.184891, -16.959998 ], [ -66.184949, -16.95995 ], [ -66.185065, -16.959877 ], [ -66.185216, -16.959758 ], [ -66.185356, -16.959661 ], [ -66.185529, -16.959506 ], [ -66.185714, -16.959328 ], [ -66.185931, -16.959057 ], [ -66.185975, -16.958964 ], [ -66.186032, -16.958882 ], [ -66.186076, -16.958789 ], [ -66.186184, -16.958487 ], [ -66.186227, -16.958347 ], [ -66.186325, -16.95808 ], [ -66.186363, -16.957815 ], [ -66.186346, -16.957356 ], [ -66.186315, -16.957151 ], [ -66.186302, -16.957128 ], [ -66.186293, -16.956876 ], [ -66.186312, -16.956749 ], [ -66.186305, -16.956565 ], [ -66.186323, -16.956404 ], [ -66.18633, -16.956255 ], [ -66.186349, -16.956116 ], [ -66.18641, -16.95585 ], [ -66.186465, -16.955722 ], [ -66.186487, -16.955653 ], [ -66.186578, -16.955523 ], [ -66.186622, -16.95543 ], [ -66.186701, -16.955313 ], [ -66.1867, -16.95529 ], [ -66.186746, -16.955231 ], [ -66.186781, -16.955207 ], [ -66.186872, -16.955078 ], [ -66.187135, -16.954771 ], [ -66.187261, -16.95464 ], [ -66.187295, -16.95457 ], [ -66.18734, -16.954512 ], [ -66.187385, -16.95443 ], [ -66.18742, -16.954394 ], [ -66.187419, -16.954383 ], [ -66.187533, -16.95423 ], [ -66.187577, -16.954125 ], [ -66.187645, -16.954031 ], [ -66.187723, -16.953891 ], [ -66.187815, -16.953773 ], [ -66.187857, -16.953634 ], [ -66.187938, -16.953562 ], [ -66.187971, -16.953469 ], [ -66.188207, -16.953072 ], [ -66.188264, -16.953001 ], [ -66.188308, -16.952908 ], [ -66.188399, -16.952767 ], [ -66.188397, -16.952721 ], [ -66.188442, -16.952651 ], [ -66.18844, -16.952605 ], [ -66.188509, -16.952534 ], [ -66.188655, -16.952276 ], [ -66.188691, -16.952275 ], [ -66.18869, -16.952264 ], [ -66.188725, -16.952228 ], [ -66.188818, -16.952156 ], [ -66.188875, -16.952097 ], [ -66.188899, -16.952096 ], [ -66.189062, -16.951988 ], [ -66.189133, -16.951963 ], [ -66.189169, -16.951961 ], [ -66.189239, -16.951936 ], [ -66.189323, -16.951933 ], [ -66.189523, -16.95187 ], [ -66.189583, -16.951868 ], [ -66.18969, -16.951841 ], [ -66.189748, -16.951816 ], [ -66.189879, -16.951789 ], [ -66.190114, -16.951701 ], [ -66.190255, -16.951628 ], [ -66.190431, -16.951553 ], [ -66.190524, -16.951493 ], [ -66.190618, -16.951444 ], [ -66.190711, -16.951384 ], [ -66.191023, -16.951087 ], [ -66.191136, -16.950934 ], [ -66.191158, -16.950864 ], [ -66.191257, -16.950643 ], [ -66.191339, -16.950284 ], [ -66.191404, -16.950087 ], [ -66.191413, -16.950006 ], [ -66.191456, -16.949879 ], [ -66.191504, -16.949556 ], [ -66.191526, -16.949498 ], [ -66.191525, -16.949475 ], [ -66.191568, -16.949358 ], [ -66.191599, -16.94922 ], [ -66.191633, -16.949184 ], [ -66.191667, -16.949114 ], [ -66.191691, -16.949113 ], [ -66.19169, -16.949102 ], [ -66.191759, -16.949031 ], [ -66.19177, -16.949007 ], [ -66.191921, -16.948888 ], [ -66.192274, -16.94875 ], [ -66.19244, -16.94871 ], [ -66.192924, -16.948568 ], [ -66.193018, -16.948531 ], [ -66.193089, -16.948517 ], [ -66.193195, -16.948479 ], [ -66.1933, -16.948407 ], [ -66.193323, -16.948383 ], [ -66.193405, -16.948335 ], [ -66.193602, -16.948179 ], [ -66.194063, -16.947728 ], [ -66.194131, -16.947646 ], [ -66.194235, -16.947539 ], [ -66.194316, -16.947467 ], [ -66.194684, -16.9471 ], [ -66.194741, -16.947029 ], [ -66.194845, -16.946922 ], [ -66.194901, -16.946829 ], [ -66.195004, -16.946699 ], [ -66.195162, -16.946453 ], [ -66.19523, -16.946359 ], [ -66.195331, -16.946183 ], [ -66.195397, -16.946032 ], [ -66.195519, -16.945787 ], [ -66.195563, -16.945682 ], [ -66.195665, -16.94553 ], [ -66.1958, -16.945296 ], [ -66.195858, -16.945248 ], [ -66.195948, -16.945096 ], [ -66.19604, -16.945001 ], [ -66.196073, -16.944931 ], [ -66.196119, -16.944872 ], [ -66.196163, -16.94479 ], [ -66.196232, -16.944696 ], [ -66.19631, -16.944544 ], [ -66.19632, -16.944498 ], [ -66.196365, -16.944439 ], [ -66.196375, -16.944382 ], [ -66.196407, -16.944277 ], [ -66.196441, -16.944219 ], [ -66.196461, -16.944126 ], [ -66.196495, -16.944068 ], [ -66.196625, -16.943708 ], [ -66.196646, -16.943615 ], [ -66.196744, -16.943382 ], [ -66.196845, -16.943184 ], [ -66.196914, -16.943124 ], [ -66.197062, -16.942924 ], [ -66.197074, -16.942924 ], [ -66.197409, -16.942626 ], [ -66.197616, -16.942413 ], [ -66.197683, -16.942284 ], [ -66.197682, -16.94225 ], [ -66.197704, -16.942215 ], [ -66.197781, -16.942017 ], [ -66.19778, -16.941994 ], [ -66.197813, -16.941936 ], [ -66.197813, -16.941913 ], [ -66.197888, -16.941692 ], [ -66.197886, -16.941646 ], [ -66.197909, -16.941611 ], [ -66.197908, -16.941577 ], [ -66.197941, -16.941518 ], [ -66.19805, -16.941228 ], [ -66.198096, -16.941169 ], [ -66.19814, -16.941064 ], [ -66.198218, -16.940924 ], [ -66.198273, -16.940796 ], [ -66.198352, -16.940678 ], [ -66.198408, -16.940562 ], [ -66.198475, -16.940445 ], [ -66.198589, -16.940292 ], [ -66.198657, -16.940186 ], [ -66.19877, -16.940034 ], [ -66.198838, -16.939928 ], [ -66.198999, -16.939751 ], [ -66.199289, -16.939535 ], [ -66.199441, -16.939449 ], [ -66.199571, -16.939411 ], [ -66.199653, -16.939374 ], [ -66.199782, -16.939301 ], [ -66.199876, -16.939275 ], [ -66.200029, -16.939212 ], [ -66.200536, -16.939047 ], [ -66.200655, -16.93902 ], [ -66.200784, -16.93897 ], [ -66.200902, -16.938943 ], [ -66.201126, -16.938855 ], [ -66.201197, -16.938842 ], [ -66.201279, -16.938793 ], [ -66.201373, -16.938756 ], [ -66.201478, -16.938683 ], [ -66.201595, -16.938622 ], [ -66.201711, -16.938538 ], [ -66.20221, -16.938143 ], [ -66.202209, -16.938132 ], [ -66.202256, -16.938096 ], [ -66.202623, -16.937705 ], [ -66.202669, -16.937635 ], [ -66.20276, -16.937528 ], [ -66.202839, -16.937399 ], [ -66.202973, -16.937143 ], [ -66.203136, -16.936701 ], [ -66.203148, -16.936701 ], [ -66.203147, -16.936678 ], [ -66.203535, -16.935884 ], [ -66.203581, -16.935814 ], [ -66.203625, -16.935721 ], [ -66.203884, -16.935299 ], [ -66.203964, -16.935205 ], [ -66.203996, -16.9351 ], [ -66.204245, -16.934725 ], [ -66.204348, -16.934595 ], [ -66.204573, -16.934244 ], [ -66.204868, -16.933821 ], [ -66.204949, -16.933738 ], [ -66.205028, -16.933632 ], [ -66.205434, -16.933297 ], [ -66.205562, -16.933213 ], [ -66.205655, -16.933141 ], [ -66.20611, -16.932851 ], [ -66.206551, -16.932526 ], [ -66.206644, -16.932443 ], [ -66.206783, -16.932335 ], [ -66.206967, -16.932157 ], [ -66.207128, -16.931968 ], [ -66.207409, -16.931511 ], [ -66.20752, -16.93129 ], [ -66.207552, -16.931185 ], [ -66.207619, -16.931057 ], [ -66.207739, -16.930732 ], [ -66.207781, -16.930592 ], [ -66.207801, -16.930477 ], [ -66.207823, -16.930419 ], [ -66.20783, -16.930292 ], [ -66.207851, -16.9302 ], [ -66.207849, -16.930165 ], [ -66.208023, -16.929701 ], [ -66.208192, -16.929431 ], [ -66.208329, -16.929243 ], [ -66.20842, -16.929137 ], [ -66.208534, -16.928972 ], [ -66.2086, -16.928844 ], [ -66.20868, -16.928726 ], [ -66.208746, -16.928587 ], [ -66.208822, -16.928377 ], [ -66.208841, -16.928239 ], [ -66.208883, -16.928088 ], [ -66.208881, -16.92802 ], [ -66.208902, -16.92795 ], [ -66.2089, -16.927893 ], [ -66.208991, -16.927442 ], [ -66.209033, -16.927303 ], [ -66.209073, -16.927072 ], [ -66.209116, -16.926967 ], [ -66.209147, -16.926817 ], [ -66.209201, -16.926678 ], [ -66.209243, -16.926515 ], [ -66.209342, -16.926271 ], [ -66.209374, -16.926167 ], [ -66.209474, -16.925968 ], [ -66.209609, -16.925746 ], [ -66.209666, -16.925675 ], [ -66.209908, -16.925449 ], [ -66.210024, -16.925354 ], [ -66.210082, -16.925317 ], [ -66.210153, -16.925292 ], [ -66.210211, -16.925256 ], [ -66.210423, -16.925157 ], [ -66.210587, -16.925094 ], [ -66.210681, -16.925045 ], [ -66.210799, -16.924996 ], [ -66.210857, -16.924959 ], [ -66.210928, -16.924934 ], [ -66.211009, -16.924885 ], [ -66.211563, -16.924351 ], [ -66.211745, -16.924115 ], [ -66.211902, -16.923835 ], [ -66.211901, -16.923823 ], [ -66.211925, -16.923811 ], [ -66.211958, -16.923741 ], [ -66.212038, -16.923647 ], [ -66.212037, -16.923612 ], [ -66.212104, -16.923495 ], [ -66.212195, -16.923366 ], [ -66.212283, -16.92318 ], [ -66.212543, -16.922769 ], [ -66.212669, -16.922627 ], [ -66.212931, -16.922286 ], [ -66.213208, -16.922025 ], [ -66.213301, -16.921964 ], [ -66.21337, -16.921904 ], [ -66.213452, -16.921856 ], [ -66.213476, -16.921855 ], [ -66.213535, -16.92183 ], [ -66.213559, -16.921829 ], [ -66.213629, -16.921804 ], [ -66.2137, -16.92179 ], [ -66.214094, -16.921778 ], [ -66.214226, -16.921808 ], [ -66.214393, -16.921802 ], [ -66.214669, -16.921839 ], [ -66.214847, -16.921834 ], [ -66.214919, -16.92182 ], [ -66.215109, -16.921814 ], [ -66.215263, -16.921774 ], [ -66.215333, -16.921738 ], [ -66.21552, -16.921577 ], [ -66.215669, -16.921451 ], [ -66.215668, -16.921428 ], [ -66.215785, -16.921356 ], [ -66.215795, -16.921321 ], [ -66.215842, -16.921296 ], [ -66.215899, -16.921226 ], [ -66.215981, -16.921177 ], [ -66.216085, -16.921093 ], [ -66.216143, -16.921034 ], [ -66.216282, -16.920938 ], [ -66.216365, -16.920912 ], [ -66.216589, -16.920824 ], [ -66.216754, -16.920773 ], [ -66.216897, -16.920769 ], [ -66.217228, -16.920689 ], [ -66.217323, -16.920674 ], [ -66.217429, -16.920625 ], [ -66.217476, -16.920623 ], [ -66.217485, -16.920614 ], [ -66.217787, -16.920087 ], [ -66.21779, -16.920074 ], [ -66.217835, -16.920003 ], [ -66.217789, -16.919571 ], [ -66.220417, -16.917385 ], [ -66.221744, -16.915263 ], [ -66.22226, -16.91496 ], [ -66.222916, -16.91475 ], [ -66.223508, -16.914394 ], [ -66.224293, -16.913712 ], [ -66.22492, -16.912936 ], [ -66.225811, -16.912382 ], [ -66.226971, -16.910188 ], [ -66.228118, -16.908817 ], [ -66.228097, -16.907618 ], [ -66.228696, -16.90654 ], [ -66.229954, -16.905658 ], [ -66.231866, -16.904695 ], [ -66.232329, -16.903834 ], [ -66.232278, -16.902663 ], [ -66.233257, -16.900378 ], [ -66.234722, -16.898642 ], [ -66.236435, -16.895956 ], [ -66.238127, -16.895073 ], [ -66.240385, -16.894488 ], [ -66.242508, -16.893999 ], [ -66.24382, -16.893823 ], [ -66.246645, -16.891208 ], [ -66.249999, -16.889215 ], [ -66.250512, -16.888542 ], [ -66.2523, -16.888016 ], [ -66.25444, -16.886298 ], [ -66.256399, -16.885548 ], [ -66.257062, -16.884412 ], [ -66.257476, -16.885073 ], [ -66.258312, -16.885343 ], [ -66.25986, -16.885267 ], [ -66.262685, -16.88524 ], [ -66.264136, -16.884903 ], [ -66.265938, -16.883469 ], [ -66.270101, -16.881581 ], [ -66.273222, -16.879336 ], [ -66.289215, -16.857339 ], [ -66.290137, -16.85663 ], [ -66.290978, -16.857049 ], [ -66.291973, -16.858098 ], [ -66.292919, -16.857985 ], [ -66.294363, -16.85725 ], [ -66.295708, -16.856546 ], [ -66.296207, -16.8558 ], [ -66.296287, -16.854765 ], [ -66.296348, -16.852788 ], [ -66.296035, -16.851874 ], [ -66.29566, -16.850739 ], [ -66.296098, -16.849741 ], [ -66.298004, -16.848553 ], [ -66.299238, -16.847934 ], [ -66.300523, -16.847678 ], [ -66.3014, -16.846981 ], [ -66.302225, -16.845921 ], [ -66.302746, -16.845074 ], [ -66.302515, -16.844072 ], [ -66.302416, -16.843072 ], [ -66.302726, -16.842476 ], [ -66.303639, -16.841925 ], [ -66.303833, -16.841309 ], [ -66.303979, -16.840567 ], [ -66.304265, -16.840174 ], [ -66.305131, -16.840001 ], [ -66.306195, -16.839337 ], [ -66.307808, -16.838402 ], [ -66.308429, -16.837424 ], [ -66.308675, -16.835887 ], [ -66.30898, -16.834894 ], [ -66.30953, -16.833956 ], [ -66.310947, -16.833243 ], [ -66.311547, -16.832662 ], [ -66.311652, -16.831772 ], [ -66.311377, -16.830324 ], [ -66.311645, -16.828347 ], [ -66.311008, -16.826571 ], [ -66.310953, -16.824963 ], [ -66.311167, -16.823491 ], [ -66.311246, -16.822089 ], [ -66.311312, -16.820831 ], [ -66.311512, -16.820201 ], [ -66.311974, -16.819489 ], [ -66.311937, -16.818818 ], [ -66.311529, -16.818143 ], [ -66.311244, -16.817022 ], [ -66.311345, -16.816398 ], [ -66.31173, -16.81542 ], [ -66.310948, -16.81331 ], [ -66.311528, -16.812015 ], [ -66.31285, -16.810273 ], [ -66.312473, -16.808275 ], [ -66.311741, -16.805569 ], [ -66.310848, -16.802743 ], [ -66.309421, -16.799774 ], [ -66.309379, -16.79745 ], [ -66.308368, -16.794314 ], [ -66.308558, -16.791558 ], [ -66.306872, -16.788268 ], [ -66.305764, -16.782996 ], [ -66.303385, -16.781142 ], [ -66.302762, -16.780477 ], [ -66.30242, -16.77944 ], [ -66.302049, -16.77893 ], [ -66.300293, -16.777696 ], [ -66.29919, -16.777302 ], [ -66.297614, -16.777281 ], [ -66.297101, -16.776989 ], [ -66.29556, -16.776162 ], [ -66.294824, -16.775986 ], [ -66.293817, -16.776319 ], [ -66.293077, -16.776672 ], [ -66.29188, -16.776623 ], [ -66.290807, -16.776329 ], [ -66.289873, -16.775789 ], [ -66.289405, -16.775074 ], [ -66.288813, -16.774571 ], [ -66.287582, -16.774522 ], [ -66.286768, -16.774049 ], [ -66.285777, -16.772543 ], [ -66.285551, -16.771774 ], [ -66.284969, -16.771186 ], [ -66.28259, -16.771155 ], [ -66.28124, -16.770795 ], [ -66.279213, -16.770087 ], [ -66.278658, -16.769659 ], [ -66.278296, -16.768873 ], [ -66.278224, -16.76809 ], [ -66.277701, -16.766841 ], [ -66.276587, -16.766246 ], [ -66.276039, -16.765377 ], [ -66.275588, -16.76489 ], [ -66.273793, -16.764025 ], [ -66.272653, -16.762886 ], [ -66.271033, -16.761366 ], [ -66.270217, -16.760988 ], [ -66.267842, -16.761013 ], [ -66.266672, -16.760856 ], [ -66.264248, -16.760202 ], [ -66.262959, -16.760157 ], [ -66.261416, -16.760473 ], [ -66.260276, -16.760419 ], [ -66.258978, -16.760107 ], [ -66.257768, -16.760699 ], [ -66.256913, -16.760688 ], [ -66.256219, -16.760836 ], [ -66.255542, -16.76118 ], [ -66.254701, -16.76162 ], [ -66.254388, -16.762146 ], [ -66.253529, -16.762468 ], [ -66.2517, -16.762904 ], [ -66.250522, -16.762888 ], [ -66.249045, -16.7632 ], [ -66.248099, -16.763471 ], [ -66.247528, -16.763725 ], [ -66.246809, -16.764265 ], [ -66.246061, -16.764817 ], [ -66.245257, -16.765246 ], [ -66.244789, -16.765756 ], [ -66.244564, -16.766031 ], [ -66.244308, -16.766275 ], [ -66.242916, -16.766789 ], [ -66.241889, -16.767145 ], [ -66.240639, -16.767797 ], [ -66.240182, -16.767843 ], [ -66.238517, -16.768155 ], [ -66.237359, -16.768756 ], [ -66.236162, -16.769489 ], [ -66.234896, -16.771056 ], [ -66.234231, -16.772051 ], [ -66.233707, -16.772594 ], [ -66.23342, -16.772786 ], [ -66.233167, -16.772764 ], [ -66.231315, -16.772317 ], [ -66.230119, -16.772241 ], [ -66.229264, -16.772001 ], [ -66.228473, -16.77171 ], [ -66.227505, -16.771519 ], [ -66.22658, -16.771595 ], [ -66.224521, -16.771185 ], [ -66.223261, -16.770612 ], [ -66.220782, -16.770616 ], [ -66.217794, -16.770001 ], [ -66.216957, -16.769935 ], [ -66.216178, -16.770109 ], [ -66.215803, -16.770446 ], [ -66.215614, -16.770518 ], [ -66.214782, -16.770662 ], [ -66.214266, -16.770716 ], [ -66.214088, -16.77069 ], [ -66.212638, -16.770242 ], [ -66.211462, -16.770076 ], [ -66.210811, -16.770123 ], [ -66.208998, -16.770857 ], [ -66.207307, -16.771862 ], [ -66.20575, -16.772404 ], [ -66.204159, -16.773558 ], [ -66.203219, -16.773594 ], [ -66.199924, -16.773157 ], [ -66.197027, -16.772631 ], [ -66.195368, -16.772219 ], [ -66.194489, -16.772054 ], [ -66.193874, -16.772211 ], [ -66.193426, -16.772736 ], [ -66.192674, -16.773311 ], [ -66.190966, -16.77387 ], [ -66.188227, -16.774545 ], [ -66.186969, -16.774894 ], [ -66.184723, -16.773914 ], [ -66.183742, -16.773707 ], [ -66.181902, -16.77256 ], [ -66.18082, -16.77175 ], [ -66.179493, -16.770191 ], [ -66.178137, -16.768711 ], [ -66.176963, -16.768004 ], [ -66.175067, -16.76766 ], [ -66.174689, -16.767123 ], [ -66.175012, -16.765773 ], [ -66.174619, -16.764412 ], [ -66.173197, -16.763676 ], [ -66.170885, -16.763511 ], [ -66.167226, -16.763228 ], [ -66.169126, -16.759356 ], [ -66.171023, -16.755415 ], [ -66.171272, -16.753393 ], [ -66.170677, -16.752203 ], [ -66.170554, -16.750939 ], [ -66.170416, -16.749936 ], [ -66.169057, -16.74767 ], [ -66.168896, -16.746545 ], [ -66.169585, -16.744503 ], [ -66.169369, -16.740999 ], [ -66.169861, -16.73743 ], [ -66.170253, -16.736439 ], [ -66.171089, -16.736205 ], [ -66.172736, -16.735916 ], [ -66.173809, -16.735328 ], [ -66.174383, -16.73402 ], [ -66.174303, -16.733171 ], [ -66.174158, -16.732031 ], [ -66.174411, -16.730607 ], [ -66.175122, -16.729457 ], [ -66.175575, -16.728337 ], [ -66.175495, -16.726806 ], [ -66.175038, -16.725722 ], [ -66.174017, -16.724639 ], [ -66.173814, -16.724137 ], [ -66.173825, -16.723822 ], [ -66.173984, -16.723146 ], [ -66.174189, -16.723009 ], [ -66.174085, -16.721326 ], [ -66.173116, -16.719133 ], [ -66.17211, -16.717282 ], [ -66.172006, -16.715599 ], [ -66.17273, -16.714644 ], [ -66.172876, -16.713525 ], [ -66.17181, -16.711849 ], [ -66.17029, -16.709624 ], [ -66.17031, -16.708263 ], [ -66.17152, -16.706619 ], [ -66.172782, -16.705221 ], [ -66.173391, -16.702235 ], [ -66.17449, -16.701379 ], [ -66.174906, -16.700785 ], [ -66.17533, -16.699634 ], [ -66.175299, -16.698827 ], [ -66.174963, -16.69688 ], [ -66.175141, -16.694776 ], [ -66.176633, -16.691501 ], [ -66.176695, -16.689668 ], [ -66.177285, -16.687909 ], [ -66.178177, -16.687072 ], [ -66.178734, -16.684703 ], [ -66.179486, -16.683474 ], [ -66.180164, -16.68309 ], [ -66.180912, -16.682137 ], [ -66.18148, -16.680946 ], [ -66.181589, -16.679641 ], [ -66.181367, -16.678835 ], [ -66.18088, -16.678283 ], [ -66.180098, -16.677669 ], [ -66.179937, -16.676586 ], [ -66.179342, -16.675335 ], [ -66.177627, -16.674156 ], [ -66.177281, -16.673551 ], [ -66.177334, -16.672952 ], [ -66.178059, -16.671998 ], [ -66.177942, -16.670862 ], [ -66.177129, -16.670251 ], [ -66.174989, -16.668663 ], [ -66.173693, -16.668107 ], [ -66.172377, -16.666831 ], [ -66.172151, -16.666438 ], [ -66.172119, -16.66533 ], [ -66.173106, -16.663666 ], [ -66.174789, -16.66321 ], [ -66.176854, -16.66219 ], [ -66.179206, -16.660545 ], [ -66.180375, -16.658629 ], [ -66.179761, -16.656637 ], [ -66.179533, -16.65465 ], [ -66.179869, -16.652175 ], [ -66.179507, -16.6506 ], [ -66.17828, -16.64955 ], [ -66.178007, -16.647728 ], [ -66.179444, -16.644789 ], [ -66.18032, -16.642552 ], [ -66.180287, -16.641356 ], [ -66.179866, -16.639676 ], [ -66.180304, -16.637934 ], [ -66.182308, -16.634735 ], [ -66.184362, -16.633739 ], [ -66.186632, -16.629126 ], [ -66.189846, -16.626966 ], [ -66.190513, -16.620364 ], [ -66.190964, -16.618416 ], [ -66.189356, -16.617301 ], [ -66.188251, -16.615354 ], [ -66.188255, -16.612512 ], [ -66.188753, -16.611302 ], [ -66.188982, -16.610015 ], [ -66.189049, -16.609003 ], [ -66.188541, -16.607807 ], [ -66.188608, -16.605547 ], [ -66.188703, -16.604461 ], [ -66.187304, -16.601784 ], [ -66.186305, -16.601033 ], [ -66.184389, -16.600239 ], [ -66.182814, -16.599095 ], [ -66.180043, -16.598172 ], [ -66.177478, -16.597783 ], [ -66.174972, -16.597542 ], [ -66.172655, -16.597009 ], [ -66.170577, -16.595037 ], [ -66.169153, -16.595051 ], [ -66.168225, -16.594435 ], [ -66.16713, -16.593349 ], [ -66.165938, -16.591792 ], [ -66.165737, -16.590614 ], [ -66.165881, -16.589008 ], [ -66.165729, -16.588463 ], [ -66.164516, -16.587574 ], [ -66.163684, -16.586807 ], [ -66.163219, -16.585638 ], [ -66.162844, -16.585206 ], [ -66.161249, -16.58437 ], [ -66.160137, -16.58325 ], [ -66.159155, -16.577859 ], [ -66.157291, -16.575886 ], [ -66.15637, -16.574095 ], [ -66.15405, -16.571713 ], [ -66.152169, -16.570281 ], [ -66.151308, -16.569635 ], [ -66.15068, -16.568803 ], [ -66.149374, -16.568184 ], [ -66.148399, -16.567413 ], [ -66.147142, -16.566005 ], [ -66.146414, -16.564256 ], [ -66.144939, -16.562118 ], [ -66.142966, -16.560384 ], [ -66.140491, -16.559061 ], [ -66.113714, -16.534419 ], [ -66.289454, -16.360771 ], [ -66.308457, -16.357095 ], [ -66.337176, -16.334285 ], [ -66.367435, -16.32174 ], [ -66.379172, -16.284656 ], [ -66.401303, -16.258681 ], [ -66.446498, -16.259168 ], [ -66.488051, -16.227707 ], [ -66.50015, -16.135569 ], [ -66.484567, -16.086256 ], [ -66.615125, -15.955427 ], [ -66.713369, -15.891057 ], [ -66.77293, -15.838212 ], [ -66.787098, -15.808162 ], [ -66.800029, -15.77819 ], [ -66.796886, -15.776277 ], [ -66.796113, -15.776816 ], [ -66.79156, -15.781349 ], [ -66.790648, -15.78181 ], [ -66.789391, -15.782241 ], [ -66.788356, -15.782237 ], [ -66.787931, -15.782043 ], [ -66.788025, -15.780891 ], [ -66.787813, -15.779818 ], [ -66.787022, -15.77968 ], [ -66.786588, -15.779877 ], [ -66.786751, -15.780832 ], [ -66.786528, -15.781207 ], [ -66.785924, -15.7817 ], [ -66.785269, -15.781774 ], [ -66.784984, -15.782299 ], [ -66.784528, -15.782307 ], [ -66.784205, -15.782022 ], [ -66.783934, -15.78211 ], [ -66.783569, -15.78274 ], [ -66.783145, -15.783007 ], [ -66.781749, -15.782979 ], [ -66.781152, -15.782626 ], [ -66.780952, -15.782152 ], [ -66.781044, -15.781146 ], [ -66.780762, -15.779634 ], [ -66.780314, -15.779417 ], [ -66.77988, -15.779604 ], [ -66.779206, -15.780587 ], [ -66.778041, -15.781503 ], [ -66.777096, -15.781676 ], [ -66.776003, -15.782592 ], [ -66.775232, -15.782569 ], [ -66.77423, -15.783572 ], [ -66.773631, -15.783609 ], [ -66.77296, -15.785501 ], [ -66.772046, -15.785509 ], [ -66.771377, -15.786276 ], [ -66.770178, -15.786199 ], [ -66.769598, -15.786699 ], [ -66.769493, -15.788741 ], [ -66.766461, -15.791526 ], [ -66.765522, -15.791593 ], [ -66.764238, -15.792829 ], [ -66.763943, -15.793796 ], [ -66.763404, -15.794178 ], [ -66.76217, -15.794029 ], [ -66.76044, -15.793705 ], [ -66.759747, -15.794448 ], [ -66.759646, -15.795996 ], [ -66.757179, -15.795431 ], [ -66.756627, -15.796459 ], [ -66.754666, -15.798005 ], [ -66.753671, -15.797921 ], [ -66.752891, -15.798137 ], [ -66.752566, -15.799521 ], [ -66.752574, -15.80047 ], [ -66.751318, -15.80159 ], [ -66.749472, -15.802598 ], [ -66.748373, -15.802516 ], [ -66.747273, -15.802383 ], [ -66.747035, -15.800818 ], [ -66.746311, -15.800379 ], [ -66.745409, -15.800492 ], [ -66.743719, -15.79956 ], [ -66.743381, -15.7982 ], [ -66.742646, -15.79801 ], [ -66.74069, -15.800011 ], [ -66.739445, -15.80014 ], [ -66.738802, -15.801091 ], [ -66.737478, -15.801186 ], [ -66.736344, -15.802065 ], [ -66.735208, -15.804646 ], [ -66.733694, -15.805339 ], [ -66.732639, -15.805646 ], [ -66.731317, -15.807212 ], [ -66.730178, -15.807839 ], [ -66.729174, -15.807198 ], [ -66.728555, -15.807665 ], [ -66.72773, -15.808286 ], [ -66.72679, -15.808302 ], [ -66.726236, -15.807617 ], [ -66.726599, -15.806433 ], [ -66.726478, -15.805575 ], [ -66.725844, -15.805181 ], [ -66.724489, -15.805148 ], [ -66.723795, -15.805131 ], [ -66.722229, -15.805805 ], [ -66.721625, -15.805153 ], [ -66.721238, -15.801971 ], [ -66.720505, -15.801882 ], [ -66.719631, -15.802707 ], [ -66.718901, -15.804174 ], [ -66.71838, -15.806139 ], [ -66.719034, -15.80717 ], [ -66.719205, -15.807977 ], [ -66.718697, -15.808745 ], [ -66.718174, -15.808754 ], [ -66.718153, -15.80759 ], [ -66.71746, -15.806843 ], [ -66.71494, -15.806228 ], [ -66.714145, -15.805635 ], [ -66.713763, -15.804781 ], [ -66.713837, -15.80311 ], [ -66.714489, -15.80158 ], [ -66.714161, -15.800776 ], [ -66.714089, -15.799715 ], [ -66.714335, -15.798901 ], [ -66.715214, -15.79838 ], [ -66.716262, -15.798395 ], [ -66.717322, -15.79875 ], [ -66.717694, -15.799653 ], [ -66.718281, -15.800301 ], [ -66.718708, -15.799947 ], [ -66.718986, -15.798429 ], [ -66.719584, -15.797243 ], [ -66.721953, -15.79533 ], [ -66.72488, -15.794779 ], [ -66.725234, -15.794089 ], [ -66.725055, -15.793505 ], [ -66.724159, -15.793065 ], [ -66.723985, -15.792157 ], [ -66.72418, -15.791344 ], [ -66.72473, -15.791039 ], [ -66.725847, -15.791063 ], [ -66.7267, -15.790375 ], [ -66.72671, -15.789682 ], [ -66.726046, -15.787669 ], [ -66.726293, -15.786906 ], [ -66.728141, -15.785052 ], [ -66.728118, -15.783838 ], [ -66.727687, -15.783087 ], [ -66.726842, -15.782646 ], [ -66.725435, -15.782822 ], [ -66.7246, -15.782886 ], [ -66.724015, -15.78234 ], [ -66.724206, -15.781375 ], [ -66.72558, -15.78087 ], [ -66.726162, -15.780486 ], [ -66.726474, -15.779666 ], [ -66.726348, -15.778454 ], [ -66.725654, -15.777656 ], [ -66.725568, -15.776922 ], [ -66.724792, -15.776175 ], [ -66.724527, -15.776018 ], [ -66.723688, -15.775919 ], [ -66.722185, -15.776603 ], [ -66.721402, -15.776616 ], [ -66.720692, -15.776019 ], [ -66.720231, -15.775472 ], [ -66.719848, -15.774517 ], [ -66.719221, -15.774528 ], [ -66.718366, -15.776364 ], [ -66.717749, -15.776881 ], [ -66.7167, -15.776696 ], [ -66.715498, -15.776666 ], [ -66.715067, -15.775965 ], [ -66.715046, -15.774802 ], [ -66.715756, -15.773626 ], [ -66.71735, -15.772232 ], [ -66.720148, -15.770919 ], [ -66.721118, -15.76978 ], [ -66.721407, -15.768317 ], [ -66.721338, -15.767407 ], [ -66.720909, -15.766949 ], [ -66.720444, -15.766754 ], [ -66.719719, -15.766888 ], [ -66.717473, -15.767473 ], [ -66.714076, -15.767481 ], [ -66.712403, -15.767459 ], [ -66.711873, -15.767012 ], [ -66.711707, -15.766509 ], [ -66.711902, -15.765747 ], [ -66.713855, -15.763942 ], [ -66.713869, -15.763172 ], [ -66.713212, -15.763093 ], [ -66.713197, -15.762233 ], [ -66.712718, -15.761786 ], [ -66.711978, -15.761292 ], [ -66.711188, -15.760952 ], [ -66.710803, -15.759896 ], [ -66.71022, -15.75945 ], [ -66.710505, -15.757877 ], [ -66.710283, -15.757172 ], [ -66.708836, -15.755172 ], [ -66.708351, -15.754371 ], [ -66.707619, -15.754333 ], [ -66.706478, -15.754808 ], [ -66.705815, -15.75573 ], [ -66.70504, -15.756199 ], [ -66.704358, -15.756058 ], [ -66.703824, -15.75541 ], [ -66.703549, -15.754655 ], [ -66.703738, -15.753589 ], [ -66.704017, -15.751909 ], [ -66.703747, -15.75116 ], [ -66.702642, -15.751075 ], [ -66.701824, -15.75175 ], [ -66.701039, -15.751712 ], [ -66.699816, -15.7505 ], [ -66.698814, -15.75003 ], [ -66.69782, -15.749945 ], [ -66.697012, -15.750714 ], [ -66.696343, -15.750826 ], [ -66.695747, -15.750429 ], [ -66.695398, -15.749702 ], [ -66.695465, -15.748317 ], [ -66.696718, -15.745981 ], [ -66.698894, -15.743052 ], [ -66.698882, -15.742401 ], [ -66.698538, -15.741959 ], [ -66.697818, -15.741686 ], [ -66.695627, -15.741438 ], [ -66.694739, -15.741209 ], [ -66.69415, -15.740858 ], [ -66.694427, -15.7388 ], [ -66.695128, -15.73795 ], [ -66.69617, -15.737632 ], [ -66.698567, -15.737547 ], [ -66.700427, -15.737822 ], [ -66.701056, -15.737592 ], [ -66.701493, -15.736752 ], [ -66.701382, -15.735615 ], [ -66.700872, -15.734923 ], [ -66.699814, -15.734535 ], [ -66.698418, -15.734307 ], [ -66.698181, -15.733741 ], [ -66.698918, -15.733351 ], [ -66.699457, -15.732698 ], [ -66.700504, -15.732124 ], [ -66.701285, -15.730479 ], [ -66.701234, -15.729921 ], [ -66.7005, -15.729364 ], [ -66.700213, -15.728536 ], [ -66.700331, -15.727526 ], [ -66.700996, -15.72677 ], [ -66.70198, -15.726184 ], [ -66.703769, -15.726177 ], [ -66.70515, -15.726349 ], [ -66.705448, -15.725336 ], [ -66.708345, -15.722921 ], [ -66.708644, -15.721952 ], [ -66.709536, -15.721235 ], [ -66.710842, -15.720906 ], [ -66.712159, -15.721191 ], [ -66.713984, -15.719538 ], [ -66.714447, -15.717646 ], [ -66.717566, -15.715008 ], [ -66.718426, -15.715037 ], [ -66.719259, -15.714032 ], [ -66.719561, -15.712927 ], [ -66.719349, -15.712331 ], [ -66.718451, -15.712346 ], [ -66.718091, -15.712127 ], [ -66.718051, -15.711572 ], [ -66.719002, -15.710282 ], [ -66.719807, -15.710268 ], [ -66.719893, -15.709877 ], [ -66.719712, -15.70844 ], [ -66.720059, -15.707985 ], [ -66.720697, -15.707284 ], [ -66.720814, -15.706937 ], [ -66.720675, -15.70668 ], [ -66.720355, -15.706435 ], [ -66.719505, -15.706436 ], [ -66.718732, -15.705623 ], [ -66.718077, -15.705303 ], [ -66.718074, -15.704342 ], [ -66.717899, -15.703933 ], [ -66.716941, -15.702956 ], [ -66.716658, -15.702382 ], [ -66.714648, -15.702591 ], [ -66.713024, -15.703602 ], [ -66.712232, -15.703942 ], [ -66.71011, -15.706118 ], [ -66.70645, -15.707875 ], [ -66.705823, -15.7099 ], [ -66.703561, -15.710181 ], [ -66.677802, -15.732044 ], [ -66.669512, -15.738768 ], [ -66.667501, -15.740283 ], [ -66.662532, -15.744151 ], [ -66.655137, -15.750349 ], [ -66.651685, -15.752797 ], [ -66.651295, -15.753999 ], [ -66.650381, -15.754611 ], [ -66.648956, -15.755432 ], [ -66.647, -15.756364 ], [ -66.643967, -15.758204 ], [ -66.643483, -15.759905 ], [ -66.6343, -15.769718 ], [ -66.632664, -15.770244 ], [ -66.628162, -15.777289 ], [ -66.625826, -15.778922 ], [ -66.624844, -15.781527 ], [ -66.623215, -15.782451 ], [ -66.619703, -15.787389 ], [ -66.617707, -15.790808 ], [ -66.616684, -15.791144 ], [ -66.616112, -15.793643 ], [ -66.614785, -15.795348 ], [ -66.614732, -15.797052 ], [ -66.614399, -15.801439 ], [ -66.614115, -15.802838 ], [ -66.612713, -15.804952 ], [ -66.61444, -15.809524 ], [ -66.614064, -15.811522 ], [ -66.613041, -15.811838 ], [ -66.613922, -15.81511 ], [ -66.612334, -15.815452 ], [ -66.609973, -15.814598 ], [ -66.608709, -15.812926 ], [ -66.604661, -15.815626 ], [ -66.601373, -15.814625 ], [ -66.598136, -15.81645 ], [ -66.596154, -15.816914 ], [ -66.595538, -15.813666 ], [ -66.594481, -15.813248 ], [ -66.593055, -15.813199 ], [ -66.592209, -15.811979 ], [ -66.591319, -15.812574 ], [ -66.589971, -15.812669 ], [ -66.588987, -15.812177 ], [ -66.588594, -15.811167 ], [ -66.587087, -15.810756 ], [ -66.586388, -15.809388 ], [ -66.585139, -15.810861 ], [ -66.584241, -15.811582 ], [ -66.583426, -15.811543 ], [ -66.582426, -15.810107 ], [ -66.581402, -15.807292 ], [ -66.580264, -15.806585 ], [ -66.578806, -15.806225 ], [ -66.577659, -15.806023 ], [ -66.576747, -15.806982 ], [ -66.576368, -15.806266 ], [ -66.576657, -15.805375 ], [ -66.575801, -15.804356 ], [ -66.574953, -15.80453 ], [ -66.575447, -15.805912 ], [ -66.574356, -15.806286 ], [ -66.573365, -15.805025 ], [ -66.572566, -15.804451 ], [ -66.571608, -15.804351 ], [ -66.568965, -15.805723 ], [ -66.567901, -15.807415 ], [ -66.566177, -15.807614 ], [ -66.564968, -15.808225 ], [ -66.564374, -15.80912 ], [ -66.563131, -15.809062 ], [ -66.562994, -15.808626 ], [ -66.562596, -15.807673 ], [ -66.561809, -15.806284 ], [ -66.560497, -15.805346 ], [ -66.559198, -15.805146 ], [ -66.558296, -15.805899 ], [ -66.558093, -15.807378 ], [ -66.557643, -15.807754 ], [ -66.55725, -15.807097 ], [ -66.557309, -15.806136 ], [ -66.556466, -15.805855 ], [ -66.555551, -15.80587 ], [ -66.555039, -15.807059 ], [ -66.555599, -15.808923 ], [ -66.557602, -15.809821 ], [ -66.558823, -15.809875 ], [ -66.558644, -15.810583 ], [ -66.557848, -15.810777 ], [ -66.557002, -15.810348 ], [ -66.556167, -15.810583 ], [ -66.554597, -15.812306 ], [ -66.553184, -15.813341 ], [ -66.552011, -15.812644 ], [ -66.551538, -15.811766 ], [ -66.551521, -15.810807 ], [ -66.550466, -15.811488 ], [ -66.549472, -15.811283 ], [ -66.549597, -15.809731 ], [ -66.54915, -15.80966 ], [ -66.548484, -15.810647 ], [ -66.547977, -15.810522 ], [ -66.547535, -15.810146 ], [ -66.547956, -15.809296 ], [ -66.547633, -15.808918 ], [ -66.54696, -15.808967 ], [ -66.546132, -15.809134 ], [ -66.544652, -15.810766 ], [ -66.544062, -15.810778 ], [ -66.54342, -15.810328 ], [ -66.542732, -15.809458 ], [ -66.542098, -15.80943 ], [ -66.541506, -15.809551 ], [ -66.540933, -15.808487 ], [ -66.540327, -15.807807 ], [ -66.539852, -15.807814 ], [ -66.539333, -15.807554 ], [ -66.539432, -15.806441 ], [ -66.539227, -15.806023 ], [ -66.538831, -15.805991 ], [ -66.53816, -15.807048 ], [ -66.537738, -15.806929 ], [ -66.537651, -15.80647 ], [ -66.537371, -15.806321 ], [ -66.536855, -15.806215 ], [ -66.536434, -15.806648 ], [ -66.535871, -15.806576 ], [ -66.535705, -15.806118 ], [ -66.535692, -15.80539 ], [ -66.535445, -15.804858 ], [ -66.53475, -15.804682 ], [ -66.533809, -15.805168 ], [ -66.533134, -15.805264 ], [ -66.532808, -15.804837 ], [ -66.532545, -15.803497 ], [ -66.531892, -15.803463 ], [ -66.530927, -15.804775 ], [ -66.530354, -15.804784 ], [ -66.529994, -15.804266 ], [ -66.530299, -15.803489 ], [ -66.529975, -15.803155 ], [ -66.529558, -15.802977 ], [ -66.528709, -15.80367 ], [ -66.527694, -15.803902 ], [ -66.526865, -15.803885 ], [ -66.526198, -15.80405 ], [ -66.525639, -15.804892 ], [ -66.52481, -15.804813 ], [ -66.52343, -15.80428 ], [ -66.52302, -15.804533 ], [ -66.521605, -15.807487 ], [ -66.520473, -15.80837 ], [ -66.520029, -15.808469 ], [ -66.519636, -15.807828 ], [ -66.519802, -15.806406 ], [ -66.519574, -15.806101 ], [ -66.519127, -15.806047 ], [ -66.518663, -15.806887 ], [ -66.518348, -15.807077 ], [ -66.517896, -15.806745 ], [ -66.51772, -15.805761 ], [ -66.51727, -15.805552 ], [ -66.516675, -15.806148 ], [ -66.516731, -15.807182 ], [ -66.51616, -15.807986 ], [ -66.515367, -15.808172 ], [ -66.513937, -15.80801 ], [ -66.512786, -15.80758 ], [ -66.511055, -15.806399 ], [ -66.509954, -15.806048 ], [ -66.509292, -15.806243 ], [ -66.509069, -15.806783 ], [ -66.509606, -15.807896 ], [ -66.508953, -15.808682 ], [ -66.508654, -15.807866 ], [ -66.507461, -15.807701 ], [ -66.506945, -15.808259 ], [ -66.507199, -15.809041 ], [ -66.508161, -15.80967 ], [ -66.508077, -15.810316 ], [ -66.506848, -15.81089 ], [ -66.505697, -15.810217 ], [ -66.504868, -15.811166 ], [ -66.503515, -15.81062 ], [ -66.502665, -15.811003 ], [ -66.501109, -15.811811 ], [ -66.50035, -15.811915 ], [ -66.49992, -15.812743 ], [ -66.500991, -15.813241 ], [ -66.501047, -15.813746 ], [ -66.500325, -15.81424 ], [ -66.499386, -15.813957 ], [ -66.498243, -15.813884 ], [ -66.498495, -15.815488 ], [ -66.498758, -15.816179 ], [ -66.497837, -15.816756 ], [ -66.496552, -15.817918 ], [ -66.495688, -15.817518 ], [ -66.494483, -15.81938 ], [ -66.49317, -15.820392 ], [ -66.492429, -15.82018 ], [ -66.491671, -15.821365 ], [ -66.49102, -15.821274 ], [ -66.491001, -15.820159 ], [ -66.490579, -15.819764 ], [ -66.48823, -15.819802 ], [ -66.486806, -15.820093 ], [ -66.486588, -15.82081 ], [ -66.487375, -15.82102 ], [ -66.487388, -15.821555 ], [ -66.488027, -15.821411 ], [ -66.488568, -15.820733 ], [ -66.489216, -15.820857 ], [ -66.489319, -15.821524 ], [ -66.488449, -15.821806 ], [ -66.487912, -15.823604 ], [ -66.487281, -15.823564 ], [ -66.486025, -15.822871 ], [ -66.485661, -15.823149 ], [ -66.485921, -15.823837 ], [ -66.485687, -15.824665 ], [ -66.485233, -15.825074 ], [ -66.484406, -15.825221 ], [ -66.484373, -15.82598 ], [ -66.484728, -15.826724 ], [ -66.484114, -15.82701 ], [ -66.483652, -15.827464 ], [ -66.483207, -15.828363 ], [ -66.482287, -15.828467 ], [ -66.481697, -15.829012 ], [ -66.481847, -15.829678 ], [ -66.482386, -15.830382 ], [ -66.484626, -15.830526 ], [ -66.486591, -15.832234 ], [ -66.486339, -15.832951 ], [ -66.483531, -15.833804 ], [ -66.482571, -15.834266 ], [ -66.482354, -15.835072 ], [ -66.482598, -15.835827 ], [ -66.483024, -15.836489 ], [ -66.483036, -15.837203 ], [ -66.482401, -15.837793 ], [ -66.482412, -15.838435 ], [ -66.484258, -15.838628 ], [ -66.484899, -15.83835 ], [ -66.485571, -15.837416 ], [ -66.486236, -15.837368 ], [ -66.48583, -15.838203 ], [ -66.484843, -15.839547 ], [ -66.484533, -15.840852 ], [ -66.48429, -15.841806 ], [ -66.483973, -15.842278 ], [ -66.483142, -15.842983 ], [ -66.482936, -15.843627 ], [ -66.482945, -15.845117 ], [ -66.482645, -15.845699 ], [ -66.48203, -15.846109 ], [ -66.481408, -15.846448 ], [ -66.480549, -15.846697 ], [ -66.479764, -15.846986 ], [ -66.478774, -15.847349 ], [ -66.478218, -15.847593 ], [ -66.477849, -15.847852 ], [ -66.477745, -15.848324 ], [ -66.477922, -15.848864 ], [ -66.478432, -15.849181 ], [ -66.478777, -15.849718 ], [ -66.478879, -15.850223 ], [ -66.478473, -15.851075 ], [ -66.477923, -15.851292 ], [ -66.477319, -15.851235 ], [ -66.476505, -15.850698 ], [ -66.47583, -15.850021 ], [ -66.475624, -15.849061 ], [ -66.4757, -15.847217 ], [ -66.475267, -15.846801 ], [ -66.474642, -15.846802 ], [ -66.473222, -15.847144 ], [ -66.472477, -15.847007 ], [ -66.471607, -15.846787 ], [ -66.47084, -15.846295 ], [ -66.470592, -15.845612 ], [ -66.469821, -15.844845 ], [ -66.469486, -15.844249 ], [ -66.46923, -15.843525 ], [ -66.468409, -15.84338 ], [ -66.467576, -15.843577 ], [ -66.467053, -15.843754 ], [ -66.465717, -15.844389 ], [ -66.464944, -15.844946 ], [ -66.464044, -15.844914 ], [ -66.463327, -15.844559 ], [ -66.462983, -15.843831 ], [ -66.462875, -15.843007 ], [ -66.462428, -15.841822 ], [ -66.46174, -15.840366 ], [ -66.461648, -15.837709 ], [ -66.462129, -15.835363 ], [ -66.461739, -15.834723 ], [ -66.461157, -15.834385 ], [ -66.460623, -15.834166 ], [ -66.460275, -15.833936 ], [ -66.45938, -15.833916 ], [ -66.458838, -15.833725 ], [ -66.457361, -15.833439 ], [ -66.45538, -15.83341 ], [ -66.454563, -15.833283 ], [ -66.45436, -15.832507 ], [ -66.454397, -15.83191 ], [ -66.455097, -15.831303 ], [ -66.455322, -15.830566 ], [ -66.455185, -15.829845 ], [ -66.454809, -15.829595 ], [ -66.454108, -15.829459 ], [ -66.453131, -15.829867 ], [ -66.451693, -15.831217 ], [ -66.448513, -15.831224 ], [ -66.446458, -15.830948 ], [ -66.446036, -15.830393 ], [ -66.444138, -15.830148 ], [ -66.443273, -15.829663 ], [ -66.441892, -15.828991 ], [ -66.440942, -15.828784 ], [ -66.439583, -15.829581 ], [ -66.43511, -15.831208 ], [ -66.433318, -15.831695 ], [ -66.430623, -15.831921 ], [ -66.427689, -15.832105 ], [ -66.425082, -15.831963 ], [ -66.423844, -15.83157 ], [ -66.421334, -15.831609 ], [ -66.414894, -15.831665 ], [ -66.413763, -15.831958 ], [ -66.412067, -15.832535 ], [ -66.410604, -15.832833 ], [ -66.409138, -15.832994 ], [ -66.407652, -15.832886 ], [ -66.406037, -15.832424 ], [ -66.404669, -15.832026 ], [ -66.402156, -15.83182 ], [ -66.39961, -15.832456 ], [ -66.398022, -15.833571 ], [ -66.395472, -15.835432 ], [ -66.394241, -15.835785 ], [ -66.392943, -15.835925 ], [ -66.391489, -15.835918 ], [ -66.390553, -15.835483 ], [ -66.389732, -15.834478 ], [ -66.388828, -15.834102 ], [ -66.387435, -15.834164 ], [ -66.386142, -15.834504 ], [ -66.385345, -15.834966 ], [ -66.384556, -15.83584 ], [ -66.384075, -15.836723 ], [ -66.384041, -15.838401 ], [ -66.384427, -15.839294 ], [ -66.384994, -15.839854 ], [ -66.385899, -15.840349 ], [ -66.387417, -15.840415 ], [ -66.388402, -15.84013 ], [ -66.389327, -15.839906 ], [ -66.390256, -15.839952 ], [ -66.391223, -15.840386 ], [ -66.391762, -15.841156 ], [ -66.392089, -15.8422 ], [ -66.392298, -15.843634 ], [ -66.391945, -15.845014 ], [ -66.391159, -15.846064 ], [ -66.390611, -15.846287 ], [ -66.389707, -15.84646 ], [ -66.388828, -15.846495 ], [ -66.386837, -15.846476 ], [ -66.385147, -15.846261 ], [ -66.384426, -15.846386 ], [ -66.383871, -15.846762 ], [ -66.382895, -15.847616 ], [ -66.381532, -15.849405 ], [ -66.379943, -15.850628 ], [ -66.378992, -15.851122 ], [ -66.377974, -15.851348 ], [ -66.375869, -15.851291 ], [ -66.374872, -15.850917 ], [ -66.37378, -15.850365 ], [ -66.37257, -15.850204 ], [ -66.371799, -15.850366 ], [ -66.371095, -15.850826 ], [ -66.369635, -15.852407 ], [ -66.368915, -15.853766 ], [ -66.368654, -15.854819 ], [ -66.368735, -15.855986 ], [ -66.369149, -15.856638 ], [ -66.37019, -15.857246 ], [ -66.371724, -15.858774 ], [ -66.372415, -15.859504 ], [ -66.372729, -15.860231 ], [ -66.372868, -15.861052 ], [ -66.372303, -15.862296 ], [ -66.37091, -15.863968 ], [ -66.370159, -15.864393 ], [ -66.369278, -15.864733 ], [ -66.367861, -15.864822 ], [ -66.366646, -15.864332 ], [ -66.365449, -15.863136 ], [ -66.364592, -15.862874 ], [ -66.363644, -15.862889 ], [ -66.362514, -15.863274 ], [ -66.361627, -15.864067 ], [ -66.361078, -15.865268 ], [ -66.360871, -15.867059 ], [ -66.361129, -15.868393 ], [ -66.362222, -15.870063 ], [ -66.362776, -15.871202 ], [ -66.363046, -15.871886 ], [ -66.363181, -15.872697 ], [ -66.362953, -15.873366 ], [ -66.36226, -15.87364 ], [ -66.360332, -15.874541 ], [ -66.359582, -15.875011 ], [ -66.3596, -15.875558 ], [ -66.360189, -15.876236 ], [ -66.361171, -15.876546 ], [ -66.361651, -15.876905 ], [ -66.361977, -15.877941 ], [ -66.361865, -15.879573 ], [ -66.361469, -15.880209 ], [ -66.360627, -15.88091 ], [ -66.360213, -15.88165 ], [ -66.360085, -15.882477 ], [ -66.360274, -15.883245 ], [ -66.36058, -15.883753 ], [ -66.36097, -15.884435 ], [ -66.361164, -15.88478 ], [ -66.361072, -15.885262 ], [ -66.36076, -15.886043 ], [ -66.360342, -15.886554 ], [ -66.359531, -15.886808 ], [ -66.35811, -15.886558 ], [ -66.35723, -15.886628 ], [ -66.356942, -15.887249 ], [ -66.356431, -15.887807 ], [ -66.355867, -15.888091 ], [ -66.354822, -15.888066 ], [ -66.353886, -15.887861 ], [ -66.353213, -15.88804 ], [ -66.352815, -15.888453 ], [ -66.352226, -15.88856 ], [ -66.351487, -15.888584 ], [ -66.350518, -15.888909 ], [ -66.349924, -15.889696 ], [ -66.349688, -15.890779 ], [ -66.349115, -15.891657 ], [ -66.34901, -15.892797 ], [ -66.349251, -15.894261 ], [ -66.349865, -15.896222 ], [ -66.350025, -15.897567 ], [ -66.349909, -15.898475 ], [ -66.349579, -15.899169 ], [ -66.346874, -15.902147 ], [ -66.345402, -15.903009 ], [ -66.3442, -15.903342 ], [ -66.342965, -15.903541 ], [ -66.342228, -15.903912 ], [ -66.341527, -15.904552 ], [ -66.341202, -15.905486 ], [ -66.341067, -15.906686 ], [ -66.34124, -15.907822 ], [ -66.34175, -15.908713 ], [ -66.342535, -15.90939 ], [ -66.343395, -15.90981 ], [ -66.344762, -15.909905 ], [ -66.345899, -15.909888 ], [ -66.34703, -15.909503 ], [ -66.347873, -15.908894 ], [ -66.348918, -15.908093 ], [ -66.3497, -15.907674 ], [ -66.350221, -15.90762 ], [ -66.350886, -15.907908 ], [ -66.351463, -15.908204 ], [ -66.352088, -15.908783 ], [ -66.352241, -15.909422 ], [ -66.352253, -15.910156 ], [ -66.352075, -15.910846 ], [ -66.351395, -15.911589 ], [ -66.3506, -15.912185 ], [ -66.349559, -15.912876 ], [ -66.348799, -15.913711 ], [ -66.348482, -15.914279 ], [ -66.348261, -15.914858 ], [ -66.348301, -15.915397 ], [ -66.348169, -15.917405 ], [ -66.347891, -15.918019 ], [ -66.347209, -15.918679 ], [ -66.345922, -15.919448 ], [ -66.344905, -15.919764 ], [ -66.344285, -15.919713 ], [ -66.34267, -15.919379 ], [ -66.3414, -15.919339 ], [ -66.340382, -15.919594 ], [ -66.339648, -15.920115 ], [ -66.338573, -15.920986 ], [ -66.337632, -15.921794 ], [ -66.335883, -15.922749 ], [ -66.334588, -15.923069 ], [ -66.333051, -15.922992 ], [ -66.332455, -15.923252 ], [ -66.331936, -15.923709 ], [ -66.331544, -15.924344 ], [ -66.331499, -15.925364 ], [ -66.331668, -15.92626 ], [ -66.332174, -15.926881 ], [ -66.33283, -15.927261 ], [ -66.333547, -15.927519 ], [ -66.334413, -15.927476 ], [ -66.335615, -15.927128 ], [ -66.337401, -15.926561 ], [ -66.338365, -15.926397 ], [ -66.340528, -15.926512 ], [ -66.341491, -15.926722 ], [ -66.342491, -15.927276 ], [ -66.343496, -15.928159 ], [ -66.344255, -15.929106 ], [ -66.344866, -15.930474 ], [ -66.345031, -15.931101 ], [ -66.344916, -15.931642 ], [ -66.344572, -15.932198 ], [ -66.342015, -15.934084 ], [ -66.340635, -15.934884 ], [ -66.340209, -15.93531 ], [ -66.339848, -15.935975 ], [ -66.339588, -15.937087 ], [ -66.339326, -15.939938 ], [ -66.339933, -15.942954 ], [ -66.33985, -15.943525 ], [ -66.339446, -15.944068 ], [ -66.339035, -15.944439 ], [ -66.338507, -15.944675 ], [ -66.337734, -15.944816 ], [ -66.337029, -15.945216 ], [ -66.335961, -15.946161 ], [ -66.335039, -15.946625 ], [ -66.333417, -15.947789 ], [ -66.332045, -15.949038 ], [ -66.3308, -15.950555 ], [ -66.330292, -15.951405 ], [ -66.329863, -15.951918 ], [ -66.329373, -15.952255 ], [ -66.328541, -15.952508 ], [ -66.32727, -15.952637 ], [ -66.325516, -15.952569 ], [ -66.322889, -15.952497 ], [ -66.321825, -15.952761 ], [ -66.320751, -15.953347 ], [ -66.319714, -15.954292 ], [ -66.318539, -15.954788 ], [ -66.317553, -15.955353 ], [ -66.316882, -15.955933 ], [ -66.316359, -15.957172 ], [ -66.316464, -15.958259 ], [ -66.316856, -15.959078 ], [ -66.316805, -15.959761 ], [ -66.317491, -15.960214 ], [ -66.318158, -15.960388 ], [ -66.318913, -15.960238 ], [ -66.319526, -15.960046 ], [ -66.320325, -15.959621 ], [ -66.321315, -15.959284 ], [ -66.322048, -15.959208 ], [ -66.32305, -15.959393 ], [ -66.323698, -15.959483 ], [ -66.324743, -15.96024 ], [ -66.325564, -15.961144 ], [ -66.326314, -15.962039 ], [ -66.326468, -15.962516 ], [ -66.326835, -15.962967 ], [ -66.326988, -15.964149 ], [ -66.326886, -15.965115 ], [ -66.326586, -15.965668 ], [ -66.326023, -15.965998 ], [ -66.325129, -15.966378 ], [ -66.323994, -15.966789 ], [ -66.322342, -15.967114 ], [ -66.321753, -15.967173 ], [ -66.321199, -15.967361 ], [ -66.320771, -15.967697 ], [ -66.320562, -15.96815 ], [ -66.320541, -15.968779 ], [ -66.320772, -15.969615 ], [ -66.322115, -15.972301 ], [ -66.322286, -15.973156 ], [ -66.322138, -15.973578 ], [ -66.321679, -15.973915 ], [ -66.320815, -15.974138 ], [ -66.319982, -15.974331 ], [ -66.318498, -15.974443 ], [ -66.317845, -15.974304 ], [ -66.316846, -15.97384 ], [ -66.316097, -15.973525 ], [ -66.31498, -15.973329 ], [ -66.313709, -15.973289 ], [ -66.312922, -15.973445 ], [ -66.312169, -15.973777 ], [ -66.311132, -15.974114 ], [ -66.310093, -15.97436 ], [ -66.309009, -15.974743 ], [ -66.308345, -15.974707 ], [ -66.307929, -15.974691 ], [ -66.307476, -15.974673 ], [ -66.306794, -15.974594 ], [ -66.306107, -15.974305 ], [ -66.305169, -15.97372 ], [ -66.304676, -15.973487 ], [ -66.303892, -15.97329 ], [ -66.303056, -15.973303 ], [ -66.302285, -15.973525 ], [ -66.30155, -15.974015 ], [ -66.301064, -15.974622 ], [ -66.30083, -15.975404 ], [ -66.300749, -15.976185 ], [ -66.300978, -15.9769 ], [ -66.301545, -15.977461 ], [ -66.302596, -15.977825 ], [ -66.303519, -15.978129 ], [ -66.304333, -15.978621 ], [ -66.305385, -15.979201 ], [ -66.306064, -15.980107 ], [ -66.306462, -15.981248 ], [ -66.306527, -15.982347 ], [ -66.306436, -15.983027 ], [ -66.306219, -15.983625 ], [ -66.305758, -15.98456 ], [ -66.304776, -15.9854 ], [ -66.304125, -15.98619 ], [ -66.30323, -15.987128 ], [ -66.30268, -15.987679 ], [ -66.30191, -15.987922 ], [ -66.300794, -15.988259 ], [ -66.299802, -15.988503 ], [ -66.298337, -15.988755 ], [ -66.29615, -15.988802 ], [ -66.295063, -15.989142 ], [ -66.29439, -15.989612 ], [ -66.293667, -15.990156 ], [ -66.293204, -15.990851 ], [ -66.292982, -15.991772 ], [ -66.292854, -15.992599 ], [ -66.293015, -15.993743 ], [ -66.293357, -15.99438 ], [ -66.293703, -15.995245 ], [ -66.293957, -15.996296 ], [ -66.29381, -15.996874 ], [ -66.294161, -15.997468 ], [ -66.295016, -15.997769 ], [ -66.295993, -15.997739 ], [ -66.296927, -15.996937 ], [ -66.297537, -15.996447 ], [ -66.298282, -15.995667 ], [ -66.299384, -15.994901 ], [ -66.300242, -15.994318 ], [ -66.301045, -15.994186 ], [ -66.30154, -15.994178 ], [ -66.302151, -15.994438 ], [ -66.302691, -15.995007 ], [ -66.303021, -15.995684 ], [ -66.303183, -15.996415 ], [ -66.303137, -15.99709 ], [ -66.302992, -15.997691 ], [ -66.302722, -15.998235 ], [ -66.302389, -15.998719 ], [ -66.301839, -15.999147 ], [ -66.301071, -15.999518 ], [ -66.300269, -15.999741 ], [ -66.297825, -16.000011 ], [ -66.296275, -16.000011 ], [ -66.294598, -15.999558 ], [ -66.293421, -15.999239 ], [ -66.292476, -15.998474 ], [ -66.291871, -15.999171 ], [ -66.291117, -15.999458 ], [ -66.290266, -15.999608 ], [ -66.288555, -16.001544 ], [ -66.287889, -16.002075 ], [ -66.286992, -16.002272 ], [ -66.285776, -16.00182 ], [ -66.285028, -16.001064 ], [ -66.284585, -16.000013 ], [ -66.284573, -15.999329 ], [ -66.284745, -15.998272 ], [ -66.285012, -15.997213 ], [ -66.285043, -15.996567 ], [ -66.28461, -15.995797 ], [ -66.284077, -15.995072 ], [ -66.283552, -15.994851 ], [ -66.282745, -15.994771 ], [ -66.282056, -15.994028 ], [ -66.28134, -15.993829 ], [ -66.280382, -15.993146 ], [ -66.279504, -15.992832 ], [ -66.278531, -15.992709 ], [ -66.277668, -15.992776 ], [ -66.277051, -15.992966 ], [ -66.276533, -15.993453 ], [ -66.276366, -15.994594 ], [ -66.276485, -15.995122 ], [ -66.2773, -15.995789 ], [ -66.277631, -15.996418 ], [ -66.277742, -15.997238 ], [ -66.277605, -15.999587 ], [ -66.277769, -16.000894 ], [ -66.278113, -16.002331 ], [ -66.278321, -16.004216 ], [ -66.278528, -16.005803 ], [ -66.2793, -16.00739 ], [ -66.280379, -16.008728 ], [ -66.28156, -16.00957 ], [ -66.282946, -16.010015 ], [ -66.284742, -16.010211 ], [ -66.286691, -16.00996 ], [ -66.288075, -16.009759 ], [ -66.28931, -16.010002 ], [ -66.289817, -16.010495 ], [ -66.290046, -16.011231 ], [ -66.289907, -16.011959 ], [ -66.289542, -16.01227 ], [ -66.288668, -16.012676 ], [ -66.286542, -16.013284 ], [ -66.284183, -16.013833 ], [ -66.281568, -16.014432 ], [ -66.280268, -16.014568 ], [ -66.279237, -16.014878 ], [ -66.277949, -16.015707 ], [ -66.276391, -16.017416 ], [ -66.275125, -16.018567 ], [ -66.273829, -16.019454 ], [ -66.272393, -16.02025 ], [ -66.271163, -16.020599 ], [ -66.269778, -16.020601 ], [ -66.26829, -16.020603 ], [ -66.266597, -16.020406 ], [ -66.265108, -16.019962 ], [ -66.263814, -16.019154 ], [ -66.262489, -16.017832 ], [ -66.261718, -16.016493 ], [ -66.260843, -16.014907 ], [ -66.260468, -16.014152 ], [ -66.25981, -16.013168 ], [ -66.25886, -16.012789 ], [ -66.257734, -16.012616 ], [ -66.256297, -16.012599 ], [ -66.255212, -16.012982 ], [ -66.254228, -16.013685 ], [ -66.253544, -16.014455 ], [ -66.253165, -16.015352 ], [ -66.252906, -16.016315 ], [ -66.252772, -16.017746 ], [ -66.252584, -16.018971 ], [ -66.251852, -16.019494 ], [ -66.250768, -16.019607 ], [ -66.249151, -16.019106 ], [ -66.247874, -16.01822 ], [ -66.246588, -16.01737 ], [ -66.2455, -16.016759 ], [ -66.244237, -16.015814 ], [ -66.244059, -16.01459 ], [ -66.243893, -16.013614 ], [ -66.243794, -16.012725 ], [ -66.243668, -16.01097 ], [ -66.243393, -16.008627 ], [ -66.242724, -16.006495 ], [ -66.242107, -16.005553 ], [ -66.241286, -16.005008 ], [ -66.240157, -16.00491 ], [ -66.238926, -16.005209 ], [ -66.237645, -16.005856 ], [ -66.236979, -16.006799 ], [ -66.236621, -16.007891 ], [ -66.236316, -16.009628 ], [ -66.236369, -16.011265 ], [ -66.236473, -16.012704 ], [ -66.23668, -16.013944 ], [ -66.236989, -16.014886 ], [ -66.237408, -16.016202 ], [ -66.237659, -16.017366 ], [ -66.237302, -16.018905 ], [ -66.236944, -16.019699 ], [ -66.235728, -16.020431 ], [ -66.234254, -16.020664 ], [ -66.232712, -16.021165 ], [ -66.232382, -16.022532 ], [ -66.232845, -16.023872 ], [ -66.233718, -16.025012 ], [ -66.234694, -16.025904 ], [ -66.235669, -16.02625 ], [ -66.237016, -16.026516 ], [ -66.237846, -16.027204 ], [ -66.238, -16.027564 ], [ -66.238229, -16.028814 ], [ -66.238209, -16.029706 ], [ -66.238028, -16.03074 ], [ -66.237813, -16.031501 ], [ -66.237496, -16.031991 ], [ -66.237083, -16.032485 ], [ -66.235331, -16.033394 ], [ -66.234447, -16.033495 ], [ -66.23337, -16.033695 ], [ -66.23255, -16.034043 ], [ -66.229116, -16.037173 ], [ -66.228501, -16.038017 ], [ -66.228502, -16.038662 ], [ -66.228964, -16.039158 ], [ -66.229786, -16.039901 ], [ -66.230608, -16.040545 ], [ -66.230996, -16.04187 ], [ -66.230875, -16.042492 ], [ -66.23037, -16.042755 ], [ -66.229533, -16.04258 ], [ -66.228711, -16.041788 ], [ -66.227154, -16.040702 ], [ -66.225939, -16.040302 ], [ -66.223168, -16.040305 ], [ -66.220398, -16.040904 ], [ -66.21855, -16.040161 ], [ -66.217472, -16.038972 ], [ -66.215723, -16.036509 ], [ -66.215165, -16.036457 ], [ -66.214185, -16.036495 ], [ -66.212904, -16.037885 ], [ -66.211827, -16.037886 ], [ -66.211262, -16.037192 ], [ -66.210953, -16.03625 ], [ -66.210845, -16.035486 ], [ -66.210527, -16.03533 ], [ -66.210131, -16.035137 ], [ -66.209207, -16.03516 ], [ -66.208233, -16.035707 ], [ -66.207123, -16.036378 ], [ -66.20649, -16.0368 ], [ -66.205464, -16.037195 ], [ -66.20407, -16.037492 ], [ -66.202626, -16.037745 ], [ -66.200335, -16.038299 ], [ -66.198614, -16.038812 ], [ -66.195667, -16.039341 ], [ -66.194436, -16.039739 ], [ -66.192795, -16.040188 ], [ -66.191461, -16.040586 ], [ -66.189974, -16.041083 ], [ -66.187768, -16.04173 ], [ -66.185717, -16.042526 ], [ -66.183255, -16.043421 ], [ -66.181409, -16.044068 ], [ -66.179203, -16.045062 ], [ -66.17669, -16.046107 ], [ -66.174895, -16.046753 ], [ -66.173049, -16.047449 ], [ -66.171612, -16.047947 ], [ -66.169766, -16.048544 ], [ -66.168124, -16.048793 ], [ -66.166944, -16.048844 ], [ -66.165815, -16.048894 ], [ -66.164533, -16.048846 ], [ -66.163044, -16.048648 ], [ -66.161608, -16.048302 ], [ -66.159811, -16.047808 ], [ -66.158374, -16.047064 ], [ -66.156936, -16.045776 ], [ -66.156114, -16.044486 ], [ -66.155395, -16.042998 ], [ -66.154829, -16.041014 ], [ -66.154501, -16.038779 ], [ -66.154444, -16.038226 ], [ -66.153799, -16.037289 ], [ -66.15326, -16.036549 ], [ -66.151952, -16.036055 ], [ -66.150669, -16.036105 ], [ -66.148976, -16.036206 ], [ -66.147642, -16.036455 ], [ -66.146206, -16.037002 ], [ -66.144822, -16.037846 ], [ -66.143745, -16.03874 ], [ -66.142874, -16.039882 ], [ -66.142054, -16.041321 ], [ -66.141535, -16.043143 ], [ -66.140519, -16.046581 ], [ -66.140161, -16.048269 ], [ -66.140004, -16.049186 ], [ -66.139393, -16.050998 ], [ -66.139086, -16.051842 ], [ -66.138419, -16.052834 ], [ -66.13724, -16.053728 ], [ -66.136214, -16.054076 ], [ -66.135239, -16.053879 ], [ -66.134264, -16.053234 ], [ -66.133002, -16.051581 ], [ -66.131317, -16.049262 ], [ -66.129421, -16.04731 ], [ -66.128241, -16.045194 ], [ -66.127821, -16.04423 ], [ -66.12775, -16.042441 ], [ -66.128019, -16.041428 ], [ -66.12862, -16.040456 ], [ -66.130023, -16.039197 ], [ -66.131071, -16.038577 ], [ -66.13359, -16.037773 ], [ -66.134428, -16.037323 ], [ -66.134952, -16.036759 ], [ -66.135049, -16.036097 ], [ -66.134987, -16.035227 ], [ -66.134641, -16.034314 ], [ -66.133917, -16.0335 ], [ -66.133226, -16.032697 ], [ -66.132246, -16.032267 ], [ -66.130432, -16.031991 ], [ -66.129112, -16.032515 ], [ -66.128292, -16.033145 ], [ -66.127014, -16.035142 ], [ -66.126047, -16.036405 ], [ -66.124936, -16.038037 ], [ -66.124141, -16.0388 ], [ -66.12346, -16.039455 ], [ -66.122472, -16.040518 ], [ -66.120663, -16.04178 ], [ -66.119372, -16.042575 ], [ -66.118518, -16.042881 ], [ -66.117213, -16.042963 ], [ -66.115656, -16.042597 ], [ -66.114645, -16.041702 ], [ -66.114181, -16.040482 ], [ -66.114096, -16.039139 ], [ -66.114432, -16.037958 ], [ -66.115063, -16.037144 ], [ -66.115989, -16.036411 ], [ -66.117713, -16.0347 ], [ -66.118638, -16.033479 ], [ -66.119941, -16.030629 ], [ -66.120991, -16.028309 ], [ -66.122696, -16.024199 ], [ -66.123471, -16.022609 ], [ -66.12389, -16.020777 ], [ -66.123829, -16.019069 ], [ -66.123242, -16.017925 ], [ -66.12242, -16.016883 ], [ -66.121509, -16.016254 ], [ -66.12032, -16.015996 ], [ -66.118756, -16.016064 ], [ -66.117857, -16.016169 ], [ -66.115728, -16.016521 ], [ -66.113457, -16.017323 ], [ -66.112698, -16.018042 ], [ -66.112087, -16.018895 ], [ -66.1118, -16.020257 ], [ -66.111736, -16.022037 ], [ -66.112051, -16.024004 ], [ -66.112586, -16.025647 ], [ -66.113235, -16.026968 ], [ -66.113748, -16.028129 ], [ -66.113924, -16.028865 ], [ -66.113658, -16.029759 ], [ -66.112508, -16.030919 ], [ -66.111662, -16.03142 ], [ -66.109765, -16.032567 ], [ -66.108127, -16.033967 ], [ -66.106729, -16.035398 ], [ -66.1063, -16.03575 ], [ -66.104708, -16.036722 ], [ -66.103486, -16.037428 ], [ -66.10183, -16.037635 ], [ -66.10046, -16.03747 ], [ -66.099069, -16.036987 ], [ -66.098115, -16.036634 ], [ -66.097015, -16.036054 ], [ -66.095953, -16.035148 ], [ -66.095178, -16.033787 ], [ -66.094775, -16.032311 ], [ -66.094985, -16.030968 ], [ -66.095658, -16.029869 ], [ -66.096583, -16.028769 ], [ -66.097719, -16.028077 ], [ -66.099529, -16.027751 ], [ -66.100824, -16.027495 ], [ -66.101506, -16.026976 ], [ -66.10179, -16.026196 ], [ -66.101926, -16.0249 ], [ -66.10176, -16.024039 ], [ -66.10078, -16.022639 ], [ -66.09926, -16.021713 ], [ -66.098172, -16.020887 ], [ -66.097101, -16.020093 ], [ -66.095122, -16.017828 ], [ -66.094033, -16.017437 ], [ -66.092746, -16.017542 ], [ -66.091899, -16.017967 ], [ -66.091058, -16.018758 ], [ -66.090645, -16.019696 ], [ -66.090393, -16.020714 ], [ -66.090459, -16.022986 ], [ -66.089916, -16.024654 ], [ -66.088855, -16.026021 ], [ -66.086892, -16.028449 ], [ -66.086301, -16.030109 ], [ -66.086274, -16.031704 ], [ -66.086592, -16.033897 ], [ -66.087815, -16.036003 ], [ -66.088413, -16.037921 ], [ -66.088383, -16.039022 ], [ -66.087807, -16.039731 ], [ -66.08627, -16.040428 ], [ -66.08485, -16.040474 ], [ -66.083708, -16.040328 ], [ -66.082753, -16.039883 ], [ -66.081854, -16.039266 ], [ -66.081378, -16.038452 ], [ -66.081388, -16.037472 ], [ -66.081603, -16.036047 ], [ -66.081901, -16.034622 ], [ -66.082277, -16.03309 ], [ -66.082401, -16.032226 ], [ -66.082096, -16.031133 ], [ -66.081795, -16.030036 ], [ -66.081165, -16.029174 ], [ -66.078571, -16.026523 ], [ -66.077067, -16.024784 ], [ -66.076533, -16.024012 ], [ -66.076138, -16.022963 ], [ -66.07586, -16.021138 ], [ -66.075916, -16.017784 ], [ -66.075666, -16.016811 ], [ -66.075211, -16.016132 ], [ -66.074464, -16.015833 ], [ -66.073786, -16.016065 ], [ -66.073047, -16.016775 ], [ -66.072499, -16.017558 ], [ -66.072275, -16.018139 ], [ -66.072356, -16.019527 ], [ -66.072561, -16.020867 ], [ -66.072453, -16.021956 ], [ -66.072003, -16.02279 ], [ -66.071405, -16.023822 ], [ -66.070753, -16.024237 ], [ -66.070049, -16.024938 ], [ -66.069033, -16.025245 ], [ -66.067693, -16.025399 ], [ -66.066521, -16.025281 ], [ -66.064546, -16.025251 ], [ -66.062169, -16.02492 ], [ -66.060347, -16.024501 ], [ -66.059022, -16.023942 ], [ -66.057969, -16.022851 ], [ -66.057604, -16.021312 ], [ -66.057503, -16.019739 ], [ -66.057914, -16.017997 ], [ -66.058367, -16.01633 ], [ -66.05904, -16.015394 ], [ -66.059352, -16.013883 ], [ -66.059697, -16.011564 ], [ -66.059412, -16.010015 ], [ -66.058495, -16.009003 ], [ -66.057807, -16.008243 ], [ -66.05683, -16.007831 ], [ -66.0553, -16.007502 ], [ -66.053918, -16.007483 ], [ -66.051882, -16.00776 ], [ -66.050464, -16.008093 ], [ -66.049026, -16.00794 ], [ -66.047912, -16.007789 ], [ -66.046928, -16.007599 ], [ -66.045967, -16.007374 ], [ -66.04427, -16.007272 ], [ -66.043268, -16.007337 ], [ -66.041968, -16.007319 ], [ -66.040827, -16.007563 ], [ -66.039329, -16.007835 ], [ -66.038144, -16.008729 ], [ -66.037146, -16.009613 ], [ -66.036382, -16.010549 ], [ -66.035335, -16.012526 ], [ -66.034591, -16.013487 ], [ -66.034062, -16.014058 ], [ -66.033206, -16.014272 ], [ -66.032339, -16.014088 ], [ -66.031516, -16.013509 ], [ -66.030973, -16.012827 ], [ -66.030827, -16.011649 ], [ -66.030699, -16.009929 ], [ -66.030664, -16.007554 ], [ -66.030143, -16.007155 ], [ -66.029436, -16.007146 ], [ -66.028827, -16.007553 ], [ -66.028383, -16.008154 ], [ -66.028796, -16.009615 ], [ -66.029273, -16.011666 ], [ -66.029123, -16.013346 ], [ -66.028732, -16.013899 ], [ -66.01852, -16.022057 ], [ -66.017572, -16.0233 ], [ -66.017126, -16.024044 ], [ -66.016994, -16.025033 ], [ -66.017217, -16.026749 ], [ -66.017648, -16.028317 ], [ -66.018567, -16.02982 ], [ -66.019136, -16.030702 ], [ -66.01966, -16.03169 ], [ -66.019727, -16.032768 ], [ -66.019318, -16.033757 ], [ -66.018754, -16.034087 ], [ -66.017935, -16.034076 ], [ -66.017015, -16.033591 ], [ -66.015521, -16.032382 ], [ -66.01401, -16.030199 ], [ -66.013185, -16.029266 ], [ -66.01205, -16.028249 ], [ -66.011123, -16.027474 ], [ -66.009868, -16.026559 ], [ -66.007787, -16.024905 ], [ -66.006084, -16.023904 ], [ -66.00465, -16.023285 ], [ -66.003807, -16.022854 ], [ -66.003056, -16.022175 ], [ -66.002331, -16.0213 ], [ -66.001876, -16.02001 ], [ -66.001937, -16.019269 ], [ -66.0024, -16.018292 ], [ -66.003073, -16.017641 ], [ -66.003842, -16.0169 ], [ -66.005363, -16.016534 ], [ -66.008622, -16.016236 ], [ -66.009728, -16.015902 ], [ -66.010431, -16.015462 ], [ -66.010727, -16.014696 ], [ -66.010531, -16.013896 ], [ -66.010064, -16.013568 ], [ -66.009229, -16.013404 ], [ -66.008502, -16.013566 ], [ -66.007752, -16.013862 ], [ -66.004868, -16.014032 ], [ -66.003846, -16.013751 ], [ -66.00323, -16.013415 ], [ -66.002818, -16.013076 ], [ -66.000757, -16.011769 ], [ -65.999224, -16.010568 ], [ -65.997326, -16.009758 ], [ -65.995899, -16.009581 ], [ -65.994386, -16.009689 ], [ -65.992903, -16.009967 ], [ -65.991852, -16.010635 ], [ -65.990935, -16.011028 ], [ -65.98998, -16.01126 ], [ -65.989159, -16.011348 ], [ -65.988187, -16.010968 ], [ -65.987414, -16.01029 ], [ -65.986742, -16.00961 ], [ -65.984611, -16.00654 ], [ -65.983632, -16.005717 ], [ -65.98226, -16.005184 ], [ -65.980879, -16.005313 ], [ -65.979306, -16.005581 ], [ -65.977985, -16.005697 ], [ -65.977215, -16.005216 ], [ -65.976591, -16.00429 ], [ -65.976475, -16.003357 ], [ -65.976873, -16.002711 ], [ -65.977428, -16.002409 ], [ -65.978338, -16.002051 ], [ -65.97974, -16.002004 ], [ -65.981629, -16.001841 ], [ -65.982646, -16.001368 ], [ -65.98321, -16.000653 ], [ -65.98319, -15.99937 ], [ -65.982967, -15.997598 ], [ -65.983244, -15.996719 ], [ -65.983983, -15.996408 ], [ -65.984937, -15.996304 ], [ -65.986275, -15.996769 ], [ -65.98721, -15.997139 ], [ -65.988294, -15.997528 ], [ -65.989466, -15.997568 ], [ -65.989879, -15.997363 ], [ -65.990353, -15.996843 ], [ -65.990476, -15.996275 ], [ -65.990495, -15.995648 ], [ -65.990428, -15.995035 ], [ -65.990345, -15.993997 ], [ -65.990483, -15.992888 ], [ -65.990465, -15.991662 ], [ -65.990677, -15.990433 ], [ -65.991034, -15.989285 ], [ -65.991347, -15.988589 ], [ -65.991851, -15.988019 ], [ -65.992277, -15.987567 ], [ -65.992731, -15.987115 ], [ -65.993388, -15.986715 ], [ -65.994249, -15.986453 ], [ -65.995226, -15.9863 ], [ -65.996582, -15.98614 ], [ -65.997873, -15.98604 ], [ -65.99862, -15.98589 ], [ -65.999239, -15.985656 ], [ -65.999699, -15.985203 ], [ -66.000085, -15.984752 ], [ -66.00018, -15.984196 ], [ -66.000115, -15.983695 ], [ -65.999907, -15.983307 ], [ -65.99941, -15.982813 ], [ -65.998914, -15.982401 ], [ -65.998189, -15.982105 ], [ -65.997408, -15.981921 ], [ -65.996658, -15.98182 ], [ -65.995392, -15.981949 ], [ -65.993865, -15.98197 ], [ -65.992106, -15.981883 ], [ -65.990712, -15.981317 ], [ -65.989377, -15.980555 ], [ -65.9888, -15.979933 ], [ -65.988327, -15.97976 ], [ -65.987844, -15.980158 ], [ -65.987726, -15.980729 ], [ -65.987813, -15.981943 ], [ -65.987887, -15.983001 ], [ -65.987999, -15.984231 ], [ -65.987957, -15.985788 ], [ -65.987681, -15.986903 ], [ -65.987092, -15.987654 ], [ -65.986684, -15.988185 ], [ -65.985895, -15.988576 ], [ -65.984945, -15.9887 ], [ -65.984021, -15.988574 ], [ -65.983005, -15.988031 ], [ -65.981748, -15.986849 ], [ -65.980494, -15.985835 ], [ -65.97965, -15.985262 ], [ -65.978669, -15.984863 ], [ -65.977884, -15.984701 ], [ -65.976524, -15.984357 ], [ -65.975311, -15.984123 ], [ -65.974353, -15.983691 ], [ -65.973481, -15.983173 ], [ -65.972953, -15.982567 ], [ -65.972539, -15.98182 ], [ -65.972375, -15.980457 ], [ -65.972453, -15.979445 ], [ -65.972679, -15.978621 ], [ -65.972804, -15.977614 ], [ -65.972698, -15.976996 ], [ -65.972339, -15.975748 ], [ -65.97223, -15.974549 ], [ -65.972217, -15.973657 ], [ -65.97235, -15.972931 ], [ -65.972771, -15.972172 ], [ -65.973422, -15.971383 ], [ -65.974362, -15.970673 ], [ -65.975158, -15.969937 ], [ -65.97598, -15.969006 ], [ -65.976458, -15.968219 ], [ -65.976551, -15.967227 ], [ -65.976258, -15.966382 ], [ -65.975758, -15.965692 ], [ -65.975309, -15.965169 ], [ -65.974422, -15.96493 ], [ -65.973385, -15.965 ], [ -65.972406, -15.965433 ], [ -65.971004, -15.967005 ], [ -65.970493, -15.968099 ], [ -65.970261, -15.969087 ], [ -65.969793, -15.969537 ], [ -65.968846, -15.96983 ], [ -65.967605, -15.969679 ], [ -65.966294, -15.968666 ], [ -65.965129, -15.967818 ], [ -65.963968, -15.967276 ], [ -65.962661, -15.966569 ], [ -65.962423, -15.966057 ], [ -65.96244, -15.965248 ], [ -65.962911, -15.963988 ], [ -65.964173, -15.961657 ], [ -65.964728, -15.960725 ], [ -65.966041, -15.95927 ], [ -65.967692, -15.957922 ], [ -65.969234, -15.957015 ], [ -65.970814, -15.956743 ], [ -65.972119, -15.956962 ], [ -65.973161, -15.957602 ], [ -65.974154, -15.958508 ], [ -65.974744, -15.959448 ], [ -65.975102, -15.960251 ], [ -65.975259, -15.961169 ], [ -65.97519, -15.962313 ], [ -65.975405, -15.963258 ], [ -65.975847, -15.963865 ], [ -65.976342, -15.964248 ], [ -65.977035, -15.96435 ], [ -65.97755, -15.964064 ], [ -65.977917, -15.963557 ], [ -65.978103, -15.963054 ], [ -65.978025, -15.962137 ], [ -65.977766, -15.961488 ], [ -65.977183, -15.960724 ], [ -65.975901, -15.956367 ], [ -65.975272, -15.954228 ], [ -65.974886, -15.953481 ], [ -65.974328, -15.952708 ], [ -65.973628, -15.952132 ], [ -65.972756, -15.951643 ], [ -65.971887, -15.95132 ], [ -65.970962, -15.951138 ], [ -65.969839, -15.951181 ], [ -65.96895, -15.951444 ], [ -65.967806, -15.95199 ], [ -65.966777, -15.952589 ], [ -65.965809, -15.952807 ], [ -65.964905, -15.952615 ], [ -65.963976, -15.952126 ], [ -65.963097, -15.95119 ], [ -65.962322, -15.949389 ], [ -65.961794, -15.948342 ], [ -65.961355, -15.947853 ], [ -65.960763, -15.947236 ], [ -65.959483, -15.946418 ], [ -65.957962, -15.94485 ], [ -65.957518, -15.944047 ], [ -65.957187, -15.943048 ], [ -65.957116, -15.942129 ], [ -65.957219, -15.94132 ], [ -65.959438, -15.938185 ], [ -65.960381, -15.937201 ], [ -65.960843, -15.936834 ], [ -65.961048, -15.936338 ], [ -65.961091, -15.935789 ], [ -65.960996, -15.935233 ], [ -65.960643, -15.934764 ], [ -65.960264, -15.934462 ], [ -65.95957, -15.934221 ], [ -65.958875, -15.934035 ], [ -65.95827, -15.933988 ], [ -65.95755, -15.934054 ], [ -65.956892, -15.934314 ], [ -65.956297, -15.934794 ], [ -65.955698, -15.935417 ], [ -65.954839, -15.935819 ], [ -65.95392, -15.935999 ], [ -65.953115, -15.936094 ], [ -65.952421, -15.935936 ], [ -65.951809, -15.935442 ], [ -65.951281, -15.934781 ], [ -65.951064, -15.933752 ], [ -65.950994, -15.932889 ], [ -65.951504, -15.93187 ], [ -65.952432, -15.930768 ], [ -65.952869, -15.930122 ], [ -65.953526, -15.928757 ], [ -65.953917, -15.927887 ], [ -65.954531, -15.926597 ], [ -65.954832, -15.92545 ], [ -65.955018, -15.924388 ], [ -65.955061, -15.923439 ], [ -65.954894, -15.922904 ], [ -65.95447, -15.922388 ], [ -65.95403, -15.921837 ], [ -65.95339, -15.921427 ], [ -65.952521, -15.921077 ], [ -65.951537, -15.920812 ], [ -65.950637, -15.920614 ], [ -65.94961, -15.920521 ], [ -65.948795, -15.920586 ], [ -65.947937, -15.920833 ], [ -65.947108, -15.92129 ], [ -65.946511, -15.921856 ], [ -65.945894, -15.922497 ], [ -65.945264, -15.923239 ], [ -65.944929, -15.923996 ], [ -65.944683, -15.924891 ], [ -65.944582, -15.925869 ], [ -65.944807, -15.927454 ], [ -65.94506, -15.92904 ], [ -65.945482, -15.930316 ], [ -65.945937, -15.931843 ], [ -65.946044, -15.932555 ], [ -65.945838, -15.93335 ], [ -65.945612, -15.933687 ], [ -65.944982, -15.933919 ], [ -65.94426, -15.933845 ], [ -65.943623, -15.933631 ], [ -65.942951, -15.932943 ], [ -65.942271, -15.931754 ], [ -65.941767, -15.930813 ], [ -65.94098, -15.930155 ], [ -65.940279, -15.929523 ], [ -65.939348, -15.928895 ], [ -65.938819, -15.928177 ], [ -65.938521, -15.927457 ], [ -65.938332, -15.926372 ], [ -65.938402, -15.925228 ], [ -65.93873, -15.924053 ], [ -65.939374, -15.92279 ], [ -65.940646, -15.9213 ], [ -65.941522, -15.920347 ], [ -65.942618, -15.91957 ], [ -65.943603, -15.918617 ], [ -65.944026, -15.91813 ], [ -65.944292, -15.91744 ], [ -65.944282, -15.916771 ], [ -65.944184, -15.915964 ], [ -65.943945, -15.915354 ], [ -65.94339, -15.914832 ], [ -65.942633, -15.914341 ], [ -65.941506, -15.914049 ], [ -65.938389, -15.913924 ], [ -65.936517, -15.913815 ], [ -65.935715, -15.913989 ], [ -65.934492, -15.914464 ], [ -65.933655, -15.914965 ], [ -65.933004, -15.915754 ], [ -65.932047, -15.916913 ], [ -65.931298, -15.917338 ], [ -65.930408, -15.917518 ], [ -65.929053, -15.917452 ], [ -65.92827, -15.917101 ], [ -65.927831, -15.916605 ], [ -65.927328, -15.915748 ], [ -65.926907, -15.914471 ], [ -65.926452, -15.912888 ], [ -65.926057, -15.912265 ], [ -65.925343, -15.9119 ], [ -65.924505, -15.911716 ], [ -65.923351, -15.911936 ], [ -65.922875, -15.912546 ], [ -65.922611, -15.91425 ], [ -65.922094, -15.91632 ], [ -65.921564, -15.917554 ], [ -65.920669, -15.919406 ], [ -65.91906, -15.921714 ], [ -65.917541, -15.924058 ], [ -65.916647, -15.925025 ], [ -65.915778, -15.9258 ], [ -65.914693, -15.926484 ], [ -65.913748, -15.926915 ], [ -65.912484, -15.927155 ], [ -65.911678, -15.927221 ], [ -65.911131, -15.927201 ], [ -65.910407, -15.92696 ], [ -65.910049, -15.926742 ], [ -65.909723, -15.926206 ], [ -65.909635, -15.925353 ], [ -65.909852, -15.924403 ], [ -65.910124, -15.923312 ], [ -65.910167, -15.92228 ], [ -65.910098, -15.9215 ], [ -65.909714, -15.920836 ], [ -65.909102, -15.920399 ], [ -65.908434, -15.920017 ], [ -65.907451, -15.91978 ], [ -65.903527, -15.919331 ], [ -65.900379, -15.918816 ], [ -65.898501, -15.918632 ], [ -65.897142, -15.918232 ], [ -65.896358, -15.917852 ], [ -65.895804, -15.917358 ], [ -65.895307, -15.916835 ], [ -65.895094, -15.916085 ], [ -65.895022, -15.915082 ], [ -65.895155, -15.9143 ], [ -65.895635, -15.913683 ], [ -65.896087, -15.913191 ], [ -65.89657, -15.912836 ], [ -65.897465, -15.912652 ], [ -65.899109, -15.912769 ], [ -65.900541, -15.912988 ], [ -65.901793, -15.913152 ], [ -65.902628, -15.913085 ], [ -65.904148, -15.912687 ], [ -65.904921, -15.912273 ], [ -65.905529, -15.911679 ], [ -65.905824, -15.910979 ], [ -65.905874, -15.910448 ], [ -65.905635, -15.909838 ], [ -65.905138, -15.909371 ], [ -65.904356, -15.909075 ], [ -65.903461, -15.90892 ], [ -65.89879, -15.90862 ], [ -65.898124, -15.908406 ], [ -65.897542, -15.907996 ], [ -65.896985, -15.907306 ], [ -65.896802, -15.906612 ], [ -65.896876, -15.905705 ], [ -65.897684, -15.90433 ], [ -65.898648, -15.902782 ], [ -65.89926, -15.90124 ], [ -65.899337, -15.900556 ], [ -65.900436, -15.898528 ], [ -65.901244, -15.896935 ], [ -65.901578, -15.896178 ], [ -65.901486, -15.895733 ], [ -65.901134, -15.895292 ], [ -65.900555, -15.895104 ], [ -65.899709, -15.895241 ], [ -65.898779, -15.895797 ], [ -65.897843, -15.896841 ], [ -65.896908, -15.897941 ], [ -65.89635, -15.899147 ], [ -65.895266, -15.903761 ], [ -65.8947, -15.904466 ], [ -65.894005, -15.904935 ], [ -65.892984, -15.905297 ], [ -65.891775, -15.905369 ], [ -65.889178, -15.905041 ], [ -65.887644, -15.904588 ], [ -65.886219, -15.903631 ], [ -65.88575, -15.90308 ], [ -65.885427, -15.902638 ], [ -65.885129, -15.901946 ], [ -65.884886, -15.901085 ], [ -65.884344, -15.897412 ], [ -65.884242, -15.897059 ], [ -65.883811, -15.89636 ], [ -65.880689, -15.893586 ], [ -65.880308, -15.893117 ], [ -65.880155, -15.892478 ], [ -65.880241, -15.891431 ], [ -65.881111, -15.889803 ], [ -65.881275, -15.889188 ], [ -65.881159, -15.888731 ], [ -65.880592, -15.887803 ], [ -65.879576, -15.887231 ], [ -65.878855, -15.887157 ], [ -65.877449, -15.88751 ], [ -65.876192, -15.888307 ], [ -65.874414, -15.889185 ], [ -65.872841, -15.889606 ], [ -65.870364, -15.889639 ], [ -65.86728, -15.889485 ], [ -65.864707, -15.88885 ], [ -65.86378, -15.888472 ], [ -65.863138, -15.887923 ], [ -65.862611, -15.887289 ], [ -65.862283, -15.886541 ], [ -65.862122, -15.885302 ], [ -65.862101, -15.883825 ], [ -65.862406, -15.882957 ], [ -65.863021, -15.881694 ], [ -65.865397, -15.878568 ], [ -65.865774, -15.877783 ], [ -65.865851, -15.877085 ], [ -65.865812, -15.876333 ], [ -65.865571, -15.875583 ], [ -65.864842, -15.874952 ], [ -65.864116, -15.874543 ], [ -65.863279, -15.874443 ], [ -65.862531, -15.874536 ], [ -65.861775, -15.874823 ], [ -65.860935, -15.876023 ], [ -65.860289, -15.876852 ], [ -65.859294, -15.877813 ], [ -65.858492, -15.87813 ], [ -65.857516, -15.878366 ], [ -65.85669, -15.87899 ], [ -65.85613, -15.880141 ], [ -65.855694, -15.881771 ], [ -65.853395, -15.884789 ], [ -65.852926, -15.885514 ], [ -65.852816, -15.886178 ], [ -65.852898, -15.886731 ], [ -65.853253, -15.887113 ], [ -65.853819, -15.887146 ], [ -65.854699, -15.886906 ], [ -65.855513, -15.886409 ], [ -65.856584, -15.886255 ], [ -65.857227, -15.886454 ], [ -65.85781, -15.88692 ], [ -65.85805, -15.887614 ], [ -65.857973, -15.888312 ], [ -65.857668, -15.889153 ], [ -65.856417, -15.890816 ], [ -65.856231, -15.89143 ], [ -65.85624, -15.892071 ], [ -65.857533, -15.895873 ], [ -65.85757, -15.896486 ], [ -65.857444, -15.897133 ], [ -65.856952, -15.897553 ], [ -65.856058, -15.897509 ], [ -65.855594, -15.897264 ], [ -65.854596, -15.89594 ], [ -65.852789, -15.894458 ], [ -65.852122, -15.89416 ], [ -65.849832, -15.893131 ], [ -65.849336, -15.892719 ], [ -65.848984, -15.892222 ], [ -65.848744, -15.891584 ], [ -65.848529, -15.890639 ], [ -65.848345, -15.889805 ], [ -65.848141, -15.889257 ], [ -65.847695, -15.888699 ], [ -65.846439, -15.888101 ], [ -65.84564, -15.888001 ], [ -65.844951, -15.888177 ], [ -65.843246, -15.889789 ], [ -65.842741, -15.890045 ], [ -65.84204, -15.890056 ], [ -65.841461, -15.889868 ], [ -65.841023, -15.889456 ], [ -65.840726, -15.888846 ], [ -65.840716, -15.888094 ], [ -65.841079, -15.887308 ], [ -65.842725, -15.886255 ], [ -65.845461, -15.883914 ], [ -65.845575, -15.883346 ], [ -65.845363, -15.882652 ], [ -65.844781, -15.882186 ], [ -65.843679, -15.881484 ], [ -65.842839, -15.881319 ], [ -65.841809, -15.881807 ], [ -65.839416, -15.883734 ], [ -65.838435, -15.88524 ], [ -65.838121, -15.885853 ], [ -65.838, -15.886608 ], [ -65.838, -15.887488 ], [ -65.838362, -15.888654 ], [ -65.838979, -15.88951 ], [ -65.843709, -15.894048 ], [ -65.844611, -15.894677 ], [ -65.845508, -15.894972 ], [ -65.846473, -15.895065 ], [ -65.847442, -15.895239 ], [ -65.848547, -15.895857 ], [ -65.849068, -15.896152 ], [ -65.849389, -15.896454 ], [ -65.849741, -15.896951 ], [ -65.85004, -15.897672 ], [ -65.850078, -15.898341 ], [ -65.849973, -15.899067 ], [ -65.849568, -15.899817 ], [ -65.848259, -15.900449 ], [ -65.847547, -15.90047 ], [ -65.84705, -15.900193 ], [ -65.846523, -15.899587 ], [ -65.846283, -15.898893 ], [ -65.846377, -15.897555 ], [ -65.846169, -15.896943 ], [ -65.845855, -15.896383 ], [ -65.845062, -15.896002 ], [ -65.844242, -15.895756 ], [ -65.842984, -15.895786 ], [ -65.841579, -15.896195 ], [ -65.840916, -15.896204 ], [ -65.840161, -15.895795 ], [ -65.839515, -15.894884 ], [ -65.838178, -15.892002 ], [ -65.836568, -15.890183 ], [ -65.835176, -15.889477 ], [ -65.834649, -15.888912 ], [ -65.834032, -15.888056 ], [ -65.833881, -15.887528 ], [ -65.833856, -15.885772 ], [ -65.834304, -15.884846 ], [ -65.835048, -15.882383 ], [ -65.835068, -15.88177 ], [ -65.834888, -15.881243 ], [ -65.834564, -15.880773 ], [ -65.833978, -15.88054 ], [ -65.833409, -15.880593 ], [ -65.83298, -15.880794 ], [ -65.832525, -15.88119 ], [ -65.832128, -15.882 ], [ -65.831698, -15.883877 ], [ -65.831172, -15.885361 ], [ -65.830721, -15.88612 ], [ -65.829728, -15.887192 ], [ -65.829161, -15.88764 ], [ -65.828956, -15.888142 ], [ -65.828871, -15.891776 ], [ -65.828679, -15.892531 ], [ -65.828362, -15.892918 ], [ -65.827769, -15.893246 ], [ -65.826846, -15.893252 ], [ -65.826122, -15.892983 ], [ -65.825539, -15.892516 ], [ -65.824982, -15.891799 ], [ -65.824825, -15.890881 ], [ -65.824977, -15.88995 ], [ -65.825459, -15.889279 ], [ -65.825748, -15.888468 ], [ -65.825873, -15.88755 ], [ -65.825693, -15.886994 ], [ -65.825292, -15.886716 ], [ -65.824447, -15.886509 ], [ -65.823843, -15.886572 ], [ -65.823444, -15.886829 ], [ -65.823015, -15.887818 ], [ -65.822992, -15.888379 ], [ -65.823214, -15.888922 ], [ -65.823179, -15.89032 ], [ -65.822699, -15.891243 ], [ -65.822304, -15.891862 ], [ -65.821759, -15.892305 ], [ -65.820902, -15.892577 ], [ -65.819838, -15.892702 ], [ -65.81871, -15.892382 ], [ -65.81726, -15.891705 ], [ -65.816593, -15.891393 ], [ -65.816018, -15.891442 ], [ -65.815359, -15.891673 ], [ -65.813411, -15.893501 ], [ -65.812795, -15.893742 ], [ -65.812104, -15.893751 ], [ -65.811467, -15.893564 ], [ -65.811116, -15.89315 ], [ -65.810668, -15.892013 ], [ -65.81054, -15.891067 ], [ -65.810598, -15.889059 ], [ -65.810963, -15.888357 ], [ -65.811445, -15.887766 ], [ -65.812045, -15.887423 ], [ -65.812846, -15.887078 ], [ -65.813765, -15.88701 ], [ -65.817035, -15.886955 ], [ -65.818387, -15.886561 ], [ -65.818911, -15.886135 ], [ -65.819049, -15.885659 ], [ -65.818899, -15.885271 ], [ -65.817181, -15.884193 ], [ -65.816835, -15.883876 ], [ -65.815531, -15.883308 ], [ -65.815069, -15.883212 ], [ -65.813947, -15.883328 ], [ -65.813004, -15.88387 ], [ -65.809783, -15.886338 ], [ -65.809442, -15.886677 ], [ -65.80884, -15.886907 ], [ -65.807173, -15.887055 ], [ -65.80654, -15.887244 ], [ -65.806197, -15.887444 ], [ -65.80577, -15.887812 ], [ -65.805545, -15.888177 ], [ -65.80558, -15.888622 ], [ -65.805989, -15.889035 ], [ -65.806684, -15.889277 ], [ -65.807471, -15.889964 ], [ -65.807857, -15.890823 ], [ -65.808339, -15.892322 ], [ -65.808681, -15.894102 ], [ -65.809625, -15.897136 ], [ -65.809761, -15.897993 ], [ -65.809697, -15.898828 ], [ -65.809533, -15.899472 ], [ -65.809301, -15.899888 ], [ -65.808706, -15.900371 ], [ -65.808136, -15.900521 ], [ -65.80733, -15.900532 ], [ -65.80655, -15.900403 ], [ -65.805333, -15.899917 ], [ -65.804435, -15.89951 ], [ -65.80281, -15.898667 ], [ -65.801033, -15.897268 ], [ -65.799537, -15.895308 ], [ -65.796985, -15.892024 ], [ -65.796745, -15.891358 ], [ -65.796607, -15.889659 ], [ -65.796537, -15.888795 ], [ -65.796384, -15.888128 ], [ -65.796062, -15.887798 ], [ -65.795525, -15.887737 ], [ -65.79468, -15.887844 ], [ -65.794194, -15.888101 ], [ -65.793452, -15.888584 ], [ -65.792763, -15.888761 ], [ -65.792393, -15.889072 ], [ -65.791827, -15.889832 ], [ -65.790965, -15.889983 ], [ -65.79045, -15.89024 ], [ -65.789937, -15.890665 ], [ -65.789303, -15.89059 ], [ -65.788404, -15.890155 ], [ -65.78758, -15.889309 ], [ -65.787122, -15.88914 ], [ -65.785941, -15.889128 ], [ -65.785313, -15.889526 ], [ -65.784548, -15.890512 ], [ -65.784035, -15.890687 ], [ -65.783607, -15.891183 ], [ -65.783505, -15.892031 ], [ -65.782977, -15.892454 ], [ -65.782612, -15.893063 ], [ -65.782492, -15.893884 ], [ -65.782485, -15.895473 ], [ -65.782323, -15.895914 ], [ -65.781948, -15.896232 ], [ -65.779932, -15.896314 ], [ -65.779207, -15.895961 ], [ -65.77779, -15.895533 ], [ -65.77721, -15.895234 ], [ -65.776111, -15.894941 ], [ -65.775673, -15.894529 ], [ -65.775118, -15.893754 ], [ -65.77475, -15.892897 ], [ -65.774667, -15.890499 ], [ -65.774123, -15.889976 ], [ -65.771718, -15.889729 ], [ -65.770536, -15.88966 ], [ -65.768841, -15.889961 ], [ -65.767608, -15.890423 ], [ -65.76641, -15.891274 ], [ -65.766071, -15.891725 ], [ -65.765853, -15.892964 ], [ -65.765952, -15.893566 ], [ -65.76616, -15.894038 ], [ -65.766633, -15.89444 ], [ -65.767434, -15.894752 ], [ -65.768626, -15.894577 ], [ -65.769384, -15.893829 ], [ -65.769985, -15.89357 ], [ -65.770717, -15.893636 ], [ -65.771169, -15.893813 ], [ -65.771292, -15.894362 ], [ -65.771242, -15.89492 ], [ -65.770568, -15.89547 ], [ -65.767546, -15.896362 ], [ -65.76585, -15.896634 ], [ -65.764003, -15.896435 ], [ -65.762873, -15.895975 ], [ -65.762232, -15.895426 ], [ -65.761232, -15.894238 ], [ -65.760817, -15.894225 ], [ -65.760491, -15.894528 ], [ -65.760297, -15.895033 ], [ -65.760363, -15.895645 ], [ -65.76236, -15.898435 ], [ -65.76497, -15.901803 ], [ -65.766545, -15.903205 ], [ -65.766755, -15.903843 ], [ -65.766645, -15.904263 ], [ -65.766046, -15.904689 ], [ -65.765143, -15.905055 ], [ -65.764182, -15.90527 ], [ -65.763259, -15.905254 ], [ -65.762623, -15.905095 ], [ -65.761781, -15.904548 ], [ -65.75984, -15.901702 ], [ -65.759304, -15.901356 ], [ -65.758537, -15.901164 ], [ -65.757845, -15.901169 ], [ -65.757042, -15.901403 ], [ -65.75621, -15.901848 ], [ -65.755627, -15.902436 ], [ -65.754625, -15.904501 ], [ -65.754069, -15.90526 ], [ -65.753367, -15.905578 ], [ -65.752691, -15.905584 ], [ -65.751937, -15.905259 ], [ -65.751154, -15.904823 ], [ -65.749845, -15.904027 ], [ -65.74932, -15.90332 ], [ -65.748216, -15.902009 ], [ -65.747773, -15.901764 ], [ -65.747188, -15.90182 ], [ -65.746651, -15.902093 ], [ -65.746201, -15.902935 ], [ -65.746063, -15.905502 ], [ -65.745808, -15.905811 ], [ -65.745409, -15.906095 ], [ -65.744606, -15.906384 ], [ -65.743771, -15.906423 ], [ -65.742383, -15.905113 ], [ -65.741413, -15.904641 ], [ -65.740693, -15.904622 ], [ -65.740174, -15.904601 ], [ -65.739686, -15.904466 ], [ -65.739045, -15.904225 ], [ -65.738407, -15.903898 ], [ -65.73779, -15.90324 ], [ -65.737186, -15.903105 ], [ -65.7367, -15.903362 ], [ -65.736421, -15.904063 ], [ -65.736479, -15.904433 ], [ -65.737239, -15.904861 ], [ -65.73857, -15.90529 ], [ -65.739964, -15.906081 ], [ -65.740425, -15.906575 ], [ -65.740554, -15.907103 ], [ -65.7407, -15.90843 ], [ -65.740567, -15.910227 ], [ -65.740867, -15.91106 ], [ -65.741916, -15.911967 ], [ -65.742528, -15.912461 ], [ -65.744726, -15.91313 ], [ -65.745566, -15.91344 ], [ -65.746094, -15.913892 ], [ -65.746395, -15.914465 ], [ -65.74653, -15.915147 ], [ -65.746473, -15.916565 ], [ -65.74608, -15.917322 ], [ -65.744623, -15.91906 ], [ -65.744238, -15.919576 ], [ -65.743962, -15.9205 ], [ -65.744046, -15.922408 ], [ -65.743708, -15.923026 ], [ -65.743252, -15.923394 ], [ -65.741783, -15.923437 ], [ -65.741037, -15.923618 ], [ -65.740668, -15.924054 ], [ -65.740438, -15.924751 ], [ -65.740633, -15.925728 ], [ -65.740815, -15.926339 ], [ -65.741343, -15.927029 ], [ -65.742335, -15.927964 ], [ -65.744795, -15.928742 ], [ -65.745465, -15.929318 ], [ -65.745767, -15.930076 ], [ -65.745865, -15.930924 ], [ -65.745705, -15.931603 ], [ -65.745338, -15.932472 ], [ -65.745196, -15.932807 ], [ -65.744744, -15.93351 ], [ -65.744131, -15.933852 ], [ -65.743195, -15.934003 ], [ -65.741867, -15.933797 ], [ -65.74097, -15.93353 ], [ -65.740069, -15.932984 ], [ -65.739576, -15.932711 ], [ -65.738263, -15.931501 ], [ -65.738103, -15.931096 ], [ -65.737995, -15.929944 ], [ -65.738158, -15.929439 ], [ -65.738568, -15.9289 ], [ -65.738701, -15.928457 ], [ -65.738673, -15.927929 ], [ -65.73826, -15.927068 ], [ -65.737707, -15.926629 ], [ -65.736377, -15.926311 ], [ -65.735626, -15.926209 ], [ -65.734185, -15.926144 ], [ -65.733581, -15.926235 ], [ -65.733125, -15.926503 ], [ -65.733047, -15.92689 ], [ -65.73308, -15.929327 ], [ -65.733115, -15.930451 ], [ -65.733446, -15.931172 ], [ -65.734206, -15.931971 ], [ -65.734702, -15.932411 ], [ -65.734999, -15.933076 ], [ -65.734805, -15.933608 ], [ -65.734435, -15.933947 ], [ -65.733938, -15.93413 ], [ -65.732851, -15.934023 ], [ -65.731287, -15.933458 ], [ -65.730503, -15.932966 ], [ -65.729566, -15.93189 ], [ -65.72879, -15.929639 ], [ -65.7285, -15.929163 ], [ -65.727996, -15.928732 ], [ -65.726889, -15.927798 ], [ -65.725466, -15.927035 ], [ -65.722951, -15.92637 ], [ -65.72237, -15.926071 ], [ -65.721817, -15.925631 ], [ -65.721525, -15.925177 ], [ -65.721538, -15.924157 ], [ -65.721815, -15.923345 ], [ -65.722327, -15.922865 ], [ -65.723017, -15.922717 ], [ -65.724426, -15.92256 ], [ -65.724882, -15.922163 ], [ -65.725135, -15.921547 ], [ -65.725318, -15.920841 ], [ -65.725101, -15.920013 ], [ -65.724702, -15.919517 ], [ -65.724208, -15.919189 ], [ -65.723485, -15.918975 ], [ -65.72224, -15.918545 ], [ -65.720855, -15.918304 ], [ -65.7193, -15.918442 ], [ -65.71812, -15.918513 ], [ -65.717569, -15.918269 ], [ -65.716986, -15.917802 ], [ -65.716428, -15.917029 ], [ -65.716129, -15.91539 ], [ -65.71613, -15.914719 ], [ -65.716309, -15.913959 ], [ -65.716122, -15.91352 ], [ -65.715801, -15.913189 ], [ -65.715326, -15.913066 ], [ -65.714447, -15.913234 ], [ -65.712784, -15.913868 ], [ -65.711982, -15.914157 ], [ -65.709438, -15.915558 ], [ -65.709098, -15.916117 ], [ -65.707784, -15.916942 ], [ -65.707211, -15.917228 ], [ -65.705575, -15.917695 ], [ -65.704225, -15.91799 ], [ -65.702818, -15.918371 ], [ -65.701903, -15.918856 ], [ -65.701219, -15.91945 ], [ -65.700596, -15.920266 ], [ -65.700116, -15.921183 ], [ -65.700085, -15.922062 ], [ -65.70011, -15.92267 ], [ -65.700289, -15.923142 ], [ -65.700987, -15.923663 ], [ -65.702026, -15.923761 ], [ -65.702316, -15.923925 ], [ -65.703018, -15.924725 ], [ -65.704694, -15.925066 ], [ -65.706856, -15.925095 ], [ -65.70741, -15.925267 ], [ -65.707699, -15.925698 ], [ -65.707705, -15.926116 ], [ -65.707424, -15.926677 ], [ -65.707055, -15.927044 ], [ -65.706284, -15.927556 ], [ -65.704333, -15.928221 ], [ -65.702874, -15.92902 ], [ -65.702068, -15.929086 ], [ -65.70129, -15.92904 ], [ -65.700537, -15.928743 ], [ -65.699838, -15.92825 ], [ -65.699138, -15.927617 ], [ -65.698318, -15.926568 ], [ -65.697287, -15.924936 ], [ -65.696918, -15.923876 ], [ -65.696657, -15.923048 ], [ -65.696678, -15.922462 ], [ -65.696901, -15.921902 ], [ -65.697409, -15.921087 ], [ -65.697775, -15.920497 ], [ -65.697856, -15.920022 ], [ -65.697729, -15.91946 ], [ -65.697381, -15.919024 ], [ -65.696803, -15.918864 ], [ -65.69611, -15.918789 ], [ -65.695623, -15.91899 ], [ -65.695311, -15.919329 ], [ -65.694918, -15.9198 ], [ -65.694808, -15.920232 ], [ -65.694698, -15.92115 ], [ -65.694805, -15.92221 ], [ -65.695005, -15.923089 ], [ -65.695273, -15.924007 ], [ -65.695239, -15.92493 ], [ -65.694946, -15.925636 ], [ -65.694397, -15.926165 ], [ -65.693777, -15.92627 ], [ -65.692901, -15.926162 ], [ -65.692318, -15.925738 ], [ -65.691647, -15.92548 ], [ -65.691011, -15.925349 ], [ -65.689772, -15.925337 ], [ -65.689, -15.925736 ], [ -65.688367, -15.925828 ], [ -65.687872, -15.925472 ], [ -65.687648, -15.924459 ], [ -65.68754, -15.923717 ], [ -65.687323, -15.922516 ], [ -65.687179, -15.921315 ], [ -65.687459, -15.92043 ], [ -65.688022, -15.919364 ], [ -65.688502, -15.918689 ], [ -65.688931, -15.918345 ], [ -65.689645, -15.917978 ], [ -65.690845, -15.917789 ], [ -65.691374, -15.917832 ], [ -65.692734, -15.917625 ], [ -65.693382, -15.917318 ], [ -65.693955, -15.91706 ], [ -65.694238, -15.916666 ], [ -65.69429, -15.916275 ], [ -65.693973, -15.915943 ], [ -65.693104, -15.915871 ], [ -65.69207, -15.916107 ], [ -65.690897, -15.916735 ], [ -65.689804, -15.916916 ], [ -65.688131, -15.916742 ], [ -65.687057, -15.916198 ], [ -65.685952, -15.915375 ], [ -65.6851, -15.914159 ], [ -65.684711, -15.913012 ], [ -65.684457, -15.912094 ], [ -65.684203, -15.911211 ], [ -65.683765, -15.909429 ], [ -65.683297, -15.908605 ], [ -65.682769, -15.907887 ], [ -65.681808, -15.907118 ], [ -65.681034, -15.906463 ], [ -65.680104, -15.90559 ], [ -65.679534, -15.904695 ], [ -65.679335, -15.903902 ], [ -65.679425, -15.90327 ], [ -65.679476, -15.902909 ], [ -65.679899, -15.902207 ], [ -65.680383, -15.901755 ], [ -65.680665, -15.901277 ], [ -65.680629, -15.90072 ], [ -65.68005, -15.900483 ], [ -65.679476, -15.900734 ], [ -65.678792, -15.901272 ], [ -65.678277, -15.901558 ], [ -65.676693, -15.901577 ], [ -65.676149, -15.901863 ], [ -65.675954, -15.902501 ], [ -65.676121, -15.902907 ], [ -65.676568, -15.903586 ], [ -65.676885, -15.904117 ], [ -65.677069, -15.904973 ], [ -65.67687, -15.906231 ], [ -65.676057, -15.907179 ], [ -65.675074, -15.907703 ], [ -65.673812, -15.908137 ], [ -65.669203, -15.90822 ], [ -65.66837, -15.908428 ], [ -65.667825, -15.908546 ], [ -65.667134, -15.90861 ], [ -65.66667, -15.908365 ], [ -65.666562, -15.907931 ], [ -65.667059, -15.907301 ], [ -65.668851, -15.905522 ], [ -65.669101, -15.904878 ], [ -65.669493, -15.903953 ], [ -65.669371, -15.90324 ], [ -65.6691, -15.902895 ], [ -65.668691, -15.901961 ], [ -65.668627, -15.901458 ], [ -65.668731, -15.900812 ], [ -65.669003, -15.900605 ], [ -65.669505, -15.900523 ], [ -65.670717, -15.900703 ], [ -65.671222, -15.900748 ], [ -65.671808, -15.900411 ], [ -65.671816, -15.89988 ], [ -65.671277, -15.89947 ], [ -65.670438, -15.899201 ], [ -65.669312, -15.898992 ], [ -65.668327, -15.898538 ], [ -65.667425, -15.897928 ], [ -65.666356, -15.897718 ], [ -65.665753, -15.897809 ], [ -65.664695, -15.898408 ], [ -65.664331, -15.899221 ], [ -65.664229, -15.900137 ], [ -65.66438, -15.900736 ], [ -65.664823, -15.902312 ], [ -65.665029, -15.904119 ], [ -65.664761, -15.905628 ], [ -65.664478, -15.906022 ], [ -65.663755, -15.90632 ], [ -65.66276, -15.906824 ], [ -65.661533, -15.907731 ], [ -65.661024, -15.90849 ], [ -65.660816, -15.910194 ], [ -65.660382, -15.910728 ], [ -65.659972, -15.91098 ], [ -65.659191, -15.910942 ], [ -65.658671, -15.910473 ], [ -65.658118, -15.907665 ], [ -65.657451, -15.906188 ], [ -65.656337, -15.904854 ], [ -65.655074, -15.904096 ], [ -65.653699, -15.903517 ], [ -65.651132, -15.903477 ], [ -65.650537, -15.90326 ], [ -65.650203, -15.902899 ], [ -65.650018, -15.902287 ], [ -65.650354, -15.90164 ], [ -65.65084, -15.900596 ], [ -65.651104, -15.899433 ], [ -65.651143, -15.897609 ], [ -65.65081, -15.896277 ], [ -65.650005, -15.894856 ], [ -65.64952, -15.894022 ], [ -65.648532, -15.893337 ], [ -65.647924, -15.893149 ], [ -65.647376, -15.893128 ], [ -65.646686, -15.893248 ], [ -65.646115, -15.893618 ], [ -65.645433, -15.894323 ], [ -65.644438, -15.895339 ], [ -65.643594, -15.896606 ], [ -65.643239, -15.897705 ], [ -65.642985, -15.898842 ], [ -65.642731, -15.899235 ], [ -65.642215, -15.899381 ], [ -65.641435, -15.899223 ], [ -65.639584, -15.898716 ], [ -65.638252, -15.898175 ], [ -65.637378, -15.897461 ], [ -65.637113, -15.897018 ], [ -65.637094, -15.895046 ], [ -65.63693, -15.894381 ], [ -65.63658, -15.893678 ], [ -65.635914, -15.893436 ], [ -65.635312, -15.89338 ], [ -65.634734, -15.89356 ], [ -65.634165, -15.89407 ], [ -65.63393, -15.894766 ], [ -65.633816, -15.896082 ], [ -65.633533, -15.896448 ], [ -65.633218, -15.896436 ], [ -65.631996, -15.895686 ], [ -65.631378, -15.894662 ], [ -65.631357, -15.894021 ], [ -65.631646, -15.89337 ], [ -65.632999, -15.890822 ], [ -65.633002, -15.890265 ], [ -65.632795, -15.889461 ], [ -65.632484, -15.888877 ], [ -65.632045, -15.888522 ], [ -65.631423, -15.888286 ], [ -65.630689, -15.88823 ], [ -65.630086, -15.888376 ], [ -65.629562, -15.889094 ], [ -65.627738, -15.891388 ], [ -65.627162, -15.89173 ], [ -65.626557, -15.891737 ], [ -65.62511, -15.891225 ], [ -65.623453, -15.890102 ], [ -65.623072, -15.889605 ], [ -65.622939, -15.888572 ], [ -65.622954, -15.887847 ], [ -65.623145, -15.887327 ], [ -65.625013, -15.885956 ], [ -65.625383, -15.885617 ], [ -65.625437, -15.885078 ], [ -65.625192, -15.884253 ], [ -65.62464, -15.883842 ], [ -65.623858, -15.883517 ], [ -65.622821, -15.883529 ], [ -65.622187, -15.883509 ], [ -65.621843, -15.883249 ], [ -65.621738, -15.882752 ], [ -65.62197, -15.882169 ], [ -65.623659, -15.879337 ], [ -65.623852, -15.878421 ], [ -65.623832, -15.877718 ], [ -65.623436, -15.877065 ], [ -65.622732, -15.876644 ], [ -65.62198, -15.876458 ], [ -65.621045, -15.875968 ], [ -65.620865, -15.87564 ], [ -65.620896, -15.875049 ], [ -65.621118, -15.874405 ], [ -65.621602, -15.873953 ], [ -65.623703, -15.873816 ], [ -65.624495, -15.873469 ], [ -65.625035, -15.873026 ], [ -65.62554, -15.872403 ], [ -65.625954, -15.871865 ], [ -65.627071, -15.871405 ], [ -65.628232, -15.871273 ], [ -65.628679, -15.870995 ], [ -65.628837, -15.870458 ], [ -65.628548, -15.869798 ], [ -65.628139, -15.869357 ], [ -65.627586, -15.868889 ], [ -65.626777, -15.868704 ], [ -65.624991, -15.868698 ], [ -65.624039, -15.86857 ], [ -65.623446, -15.868438 ], [ -65.621649, -15.868655 ], [ -65.620354, -15.86881 ], [ -65.619459, -15.868625 ], [ -65.618393, -15.867959 ], [ -65.618233, -15.867413 ], [ -65.618314, -15.866938 ], [ -65.618624, -15.866433 ], [ -65.619053, -15.866204 ], [ -65.620578, -15.866019 ], [ -65.621065, -15.865873 ], [ -65.621234, -15.865537 ], [ -65.620995, -15.865292 ], [ -65.619727, -15.86483 ], [ -65.619014, -15.864474 ], [ -65.618031, -15.863243 ], [ -65.617512, -15.862342 ], [ -65.617168, -15.862006 ], [ -65.616781, -15.861994 ], [ -65.616552, -15.862164 ], [ -65.616375, -15.862731 ], [ -65.616859, -15.865841 ], [ -65.616754, -15.866595 ], [ -65.616415, -15.867157 ], [ -65.615991, -15.867416 ], [ -65.615683, -15.867446 ], [ -65.615228, -15.867453 ], [ -65.614941, -15.867188 ], [ -65.61423, -15.866691 ], [ -65.613488, -15.86597 ], [ -65.612152, -15.86442 ], [ -65.611003, -15.862473 ], [ -65.610202, -15.861153 ], [ -65.609561, -15.860575 ], [ -65.608835, -15.860201 ], [ -65.608148, -15.859961 ], [ -65.607306, -15.859933 ], [ -65.6063, -15.860169 ], [ -65.60504, -15.860713 ], [ -65.603492, -15.86129 ], [ -65.602043, -15.862281 ], [ -65.601001, -15.862519 ], [ -65.598642, -15.862714 ], [ -65.598064, -15.862554 ], [ -65.597728, -15.862187 ], [ -65.597106, -15.862036 ], [ -65.596677, -15.862236 ], [ -65.596336, -15.862603 ], [ -65.59611, -15.863196 ], [ -65.596365, -15.863778 ], [ -65.597019, -15.864212 ], [ -65.597942, -15.86434 ], [ -65.599328, -15.864574 ], [ -65.60063, -15.865033 ], [ -65.601723, -15.865583 ], [ -65.603173, -15.866407 ], [ -65.603617, -15.866837 ], [ -65.603778, -15.867427 ], [ -65.603367, -15.867966 ], [ -65.602586, -15.867965 ], [ -65.601694, -15.867855 ], [ -65.599725, -15.866554 ], [ -65.599258, -15.866262 ], [ -65.598714, -15.866087 ], [ -65.59753, -15.865906 ], [ -65.594822, -15.865883 ], [ -65.59407, -15.865669 ], [ -65.593272, -15.865102 ], [ -65.592788, -15.864485 ], [ -65.592165, -15.864398 ], [ -65.59175, -15.864584 ], [ -65.591574, -15.865047 ], [ -65.591722, -15.865913 ], [ -65.591915, -15.866576 ], [ -65.591816, -15.867203 ], [ -65.591467, -15.867547 ], [ -65.590797, -15.867509 ], [ -65.590054, -15.867328 ], [ -65.589497, -15.866931 ], [ -65.589126, -15.86621 ], [ -65.589091, -15.865274 ], [ -65.589242, -15.864374 ], [ -65.589764, -15.863548 ], [ -65.590287, -15.863153 ], [ -65.592222, -15.862005 ], [ -65.592819, -15.861394 ], [ -65.592932, -15.860674 ], [ -65.592562, -15.859845 ], [ -65.591231, -15.858802 ], [ -65.589926, -15.85768 ], [ -65.588164, -15.856566 ], [ -65.586888, -15.855884 ], [ -65.58596, -15.855421 ], [ -65.585006, -15.855126 ], [ -65.58417, -15.855108 ], [ -65.583481, -15.855256 ], [ -65.582851, -15.855542 ], [ -65.582453, -15.855965 ], [ -65.58226, -15.856444 ], [ -65.582285, -15.856864 ], [ -65.58234, -15.857269 ], [ -65.582637, -15.858368 ], [ -65.582762, -15.859662 ], [ -65.582682, -15.860231 ], [ -65.582327, -15.860986 ], [ -65.581921, -15.861588 ], [ -65.581102, -15.86209 ], [ -65.580097, -15.862232 ], [ -65.579279, -15.862158 ], [ -65.578181, -15.862123 ], [ -65.576735, -15.861638 ], [ -65.575343, -15.860929 ], [ -65.573873, -15.859727 ], [ -65.57324, -15.859488 ], [ -65.57254, -15.859518 ], [ -65.571929, -15.859771 ], [ -65.571444, -15.860139 ], [ -65.570899, -15.860711 ], [ -65.570787, -15.861205 ], [ -65.571105, -15.861793 ], [ -65.573384, -15.863211 ], [ -65.573899, -15.86375 ], [ -65.574107, -15.864388 ], [ -65.574226, -15.864976 ], [ -65.574098, -15.865543 ], [ -65.573608, -15.86604 ], [ -65.573137, -15.866249 ], [ -65.571943, -15.866391 ], [ -65.570976, -15.866281 ], [ -65.570063, -15.866393 ], [ -65.569366, -15.866661 ], [ -65.568709, -15.867059 ], [ -65.567882, -15.867766 ], [ -65.567057, -15.868584 ], [ -65.566192, -15.86994 ], [ -65.565793, -15.871109 ], [ -65.565396, -15.871615 ], [ -65.565005, -15.871681 ], [ -65.564472, -15.871459 ], [ -65.564093, -15.871157 ], [ -65.563906, -15.870708 ], [ -65.563993, -15.870071 ], [ -65.564158, -15.869399 ], [ -65.564554, -15.868818 ], [ -65.565863, -15.867595 ], [ -65.566769, -15.866329 ], [ -65.567461, -15.86455 ], [ -65.56786, -15.86307 ], [ -65.5685, -15.861959 ], [ -65.569125, -15.860809 ], [ -65.570156, -15.858883 ], [ -65.570626, -15.85791 ], [ -65.570851, -15.857007 ], [ -65.570647, -15.856259 ], [ -65.570093, -15.855861 ], [ -65.569514, -15.855589 ], [ -65.568937, -15.855568 ], [ -65.568163, -15.855801 ], [ -65.567363, -15.856368 ], [ -65.566679, -15.856961 ], [ -65.566198, -15.857608 ], [ -65.565555, -15.859054 ], [ -65.565355, -15.859701 ], [ -65.564925, -15.860428 ], [ -65.564546, -15.861068 ], [ -65.564056, -15.86137 ], [ -65.563289, -15.861476 ], [ -65.562396, -15.861366 ], [ -65.561356, -15.860968 ], [ -65.5608, -15.860139 ], [ -65.560704, -15.859284 ], [ -65.560968, -15.858646 ], [ -65.561619, -15.857746 ], [ -65.561635, -15.857134 ], [ -65.561393, -15.856599 ], [ -65.560649, -15.856196 ], [ -65.558887, -15.855827 ], [ -65.558284, -15.855945 ], [ -65.557856, -15.856285 ], [ -65.557691, -15.856873 ], [ -65.557616, -15.857942 ], [ -65.557919, -15.858957 ], [ -65.559788, -15.860975 ], [ -65.560261, -15.861403 ], [ -65.56055, -15.862053 ], [ -65.560727, -15.864644 ], [ -65.561616, -15.867189 ], [ -65.561839, -15.868907 ], [ -65.561856, -15.869933 ], [ -65.561632, -15.8704 ], [ -65.56085, -15.870507 ], [ -65.56033, -15.870146 ], [ -65.559997, -15.869497 ], [ -65.559553, -15.868596 ], [ -65.559257, -15.867695 ], [ -65.558772, -15.866784 ], [ -65.558244, -15.865929 ], [ -65.557502, -15.864766 ], [ -65.556713, -15.863911 ], [ -65.555922, -15.862805 ], [ -65.555163, -15.862061 ], [ -65.554264, -15.861542 ], [ -65.553053, -15.861472 ], [ -65.550949, -15.861386 ], [ -65.550437, -15.861096 ], [ -65.549959, -15.860561 ], [ -65.54976, -15.859915 ], [ -65.549823, -15.858889 ], [ -65.550134, -15.858412 ], [ -65.550734, -15.858014 ], [ -65.551968, -15.857693 ], [ -65.554548, -15.857296 ], [ -65.555215, -15.857013 ], [ -65.555757, -15.856561 ], [ -65.555865, -15.856058 ], [ -65.555659, -15.855642 ], [ -65.554992, -15.855343 ], [ -65.553858, -15.855383 ], [ -65.552435, -15.855903 ], [ -65.551287, -15.856195 ], [ -65.548581, -15.856311 ], [ -65.547811, -15.856534 ], [ -65.545315, -15.857799 ], [ -65.543826, -15.858514 ], [ -65.542219, -15.859035 ], [ -65.539771, -15.859063 ], [ -65.538297, -15.858634 ], [ -65.537428, -15.858254 ], [ -65.536382, -15.857542 ], [ -65.535779, -15.856663 ], [ -65.535433, -15.855345 ], [ -65.535115, -15.854322 ], [ -65.534691, -15.853658 ], [ -65.534197, -15.853301 ], [ -65.53359, -15.853113 ], [ -65.533045, -15.853287 ], [ -65.532532, -15.853767 ], [ -65.532167, -15.854496 ], [ -65.531741, -15.855003 ], [ -65.531199, -15.855407 ], [ -65.530234, -15.855457 ], [ -65.529627, -15.8552 ], [ -65.528148, -15.853316 ], [ -65.527562, -15.85257 ], [ -65.527127, -15.852352 ], [ -65.526753, -15.852356 ], [ -65.526381, -15.852556 ], [ -65.52627, -15.85292 ], [ -65.526222, -15.853433 ], [ -65.526564, -15.854142 ], [ -65.527679, -15.85535 ], [ -65.528921, -15.856558 ], [ -65.529909, -15.857395 ], [ -65.530419, -15.857891 ], [ -65.530759, -15.858531 ], [ -65.530862, -15.859437 ], [ -65.530764, -15.860148 ], [ -65.530412, -15.86058 ], [ -65.529613, -15.860887 ], [ -65.529138, -15.86092 ], [ -65.528457, -15.860687 ], [ -65.526737, -15.860035 ], [ -65.526361, -15.859592 ], [ -65.525456, -15.857541 ], [ -65.524752, -15.856788 ], [ -65.524091, -15.85572 ], [ -65.52285, -15.852688 ], [ -65.52233, -15.851798 ], [ -65.521628, -15.851179 ], [ -65.520697, -15.850787 ], [ -65.519675, -15.850485 ], [ -65.518466, -15.850007 ], [ -65.517627, -15.849568 ], [ -65.51694, -15.848879 ], [ -65.516782, -15.848173 ], [ -65.516775, -15.847403 ], [ -65.517194, -15.846894 ], [ -65.517549, -15.846357 ], [ -65.518207, -15.84562 ], [ -65.518324, -15.84497 ], [ -65.51787, -15.844617 ], [ -65.517112, -15.84481 ], [ -65.513266, -15.847357 ], [ -65.512601, -15.847624 ], [ -65.512022, -15.847606 ], [ -65.511527, -15.847248 ], [ -65.511426, -15.846633 ], [ -65.511515, -15.845593 ], [ -65.510591, -15.843678 ], [ -65.510493, -15.842989 ], [ -65.510573, -15.842211 ], [ -65.511012, -15.841689 ], [ -65.513147, -15.841089 ], [ -65.514103, -15.840908 ], [ -65.514635, -15.840627 ], [ -65.514863, -15.840264 ], [ -65.514878, -15.839639 ], [ -65.514282, -15.839451 ], [ -65.512991, -15.839552 ], [ -65.509747, -15.840283 ], [ -65.508995, -15.840763 ], [ -65.508778, -15.84124 ], [ -65.508922, -15.842058 ], [ -65.509241, -15.842615 ], [ -65.509405, -15.843245 ], [ -65.50917, -15.84404 ], [ -65.508024, -15.845088 ], [ -65.504439, -15.847114 ], [ -65.503375, -15.847601 ], [ -65.50253, -15.847697 ], [ -65.501858, -15.847446 ], [ -65.500591, -15.84548 ], [ -65.500439, -15.844356 ], [ -65.500797, -15.843624 ], [ -65.502154, -15.842525 ], [ -65.502865, -15.842344 ], [ -65.503064, -15.84179 ], [ -65.502805, -15.841137 ], [ -65.502311, -15.840797 ], [ -65.501062, -15.840682 ], [ -65.499807, -15.840136 ], [ -65.496521, -15.837413 ], [ -65.495714, -15.837077 ], [ -65.494546, -15.836271 ], [ -65.49436, -15.835626 ], [ -65.494885, -15.834843 ], [ -65.495767, -15.8341 ], [ -65.499277, -15.833283 ], [ -65.503189, -15.832977 ], [ -65.503903, -15.832582 ], [ -65.50403, -15.83202 ], [ -65.503919, -15.831416 ], [ -65.500864, -15.82826 ], [ -65.499791, -15.82797 ], [ -65.499383, -15.827371 ], [ -65.498755, -15.827076 ], [ -65.497457, -15.826617 ], [ -65.496382, -15.826112 ], [ -65.495751, -15.825558 ], [ -65.495118, -15.824832 ], [ -65.494435, -15.823589 ], [ -65.494106, -15.822212 ], [ -65.494119, -15.819623 ], [ -65.494107, -15.818718 ], [ -65.493978, -15.818165 ], [ -65.493515, -15.817603 ], [ -65.492934, -15.81748 ], [ -65.492224, -15.817704 ], [ -65.491739, -15.818184 ], [ -65.491257, -15.818794 ], [ -65.490768, -15.818929 ], [ -65.490275, -15.818675 ], [ -65.490044, -15.818031 ], [ -65.490169, -15.817339 ], [ -65.490828, -15.816555 ], [ -65.490996, -15.81569 ], [ -65.490809, -15.815002 ], [ -65.490398, -15.814187 ], [ -65.490477, -15.813324 ], [ -65.490908, -15.812197 ], [ -65.491705, -15.811713 ], [ -65.492816, -15.811485 ], [ -65.494425, -15.811941 ], [ -65.495987, -15.812096 ], [ -65.497769, -15.812075 ], [ -65.498746, -15.811805 ], [ -65.501571, -15.809615 ], [ -65.502235, -15.809306 ], [ -65.504907, -15.809146 ], [ -65.505349, -15.808839 ], [ -65.505474, -15.80819 ], [ -65.505376, -15.807415 ], [ -65.505054, -15.806599 ], [ -65.503612, -15.805278 ], [ -65.501862, -15.804306 ], [ -65.500655, -15.804018 ], [ -65.499453, -15.804032 ], [ -65.498743, -15.804299 ], [ -65.497999, -15.805429 ], [ -65.497698, -15.806295 ], [ -65.496648, -15.80786 ], [ -65.494444, -15.809827 ], [ -65.493869, -15.810136 ], [ -65.493244, -15.8101 ], [ -65.492616, -15.809762 ], [ -65.492207, -15.809119 ], [ -65.492455, -15.803853 ], [ -65.492823, -15.801582 ], [ -65.493422, -15.800399 ], [ -65.493996, -15.799705 ], [ -65.494888, -15.798778 ], [ -65.495279, -15.797954 ], [ -65.495789, -15.79592 ], [ -65.495779, -15.795144 ], [ -65.495502, -15.794371 ], [ -65.494987, -15.794011 ], [ -65.494072, -15.793999 ], [ -65.492828, -15.794272 ], [ -65.490475, -15.794989 ], [ -65.489185, -15.795176 ], [ -65.487534, -15.79498 ], [ -65.486507, -15.794776 ], [ -65.484725, -15.794796 ], [ -65.484231, -15.794457 ], [ -65.484002, -15.793985 ], [ -65.484128, -15.793293 ], [ -65.485094, -15.79216 ], [ -65.485264, -15.791511 ], [ -65.485122, -15.790779 ], [ -65.484483, -15.789536 ], [ -65.48322, -15.788256 ], [ -65.482456, -15.787747 ], [ -65.481202, -15.7872 ], [ -65.47995, -15.78687 ], [ -65.478075, -15.786503 ], [ -65.477492, -15.786207 ], [ -65.477261, -15.78552 ], [ -65.477565, -15.784912 ], [ -65.478492, -15.784212 ], [ -65.479689, -15.783723 ], [ -65.480358, -15.783509 ], [ -65.481291, -15.783487 ], [ -65.481821, -15.783181 ], [ -65.481813, -15.782491 ], [ -65.48145, -15.781978 ], [ -65.480862, -15.781251 ], [ -65.480497, -15.780522 ], [ -65.480168, -15.779102 ], [ -65.480095, -15.776816 ], [ -65.4803, -15.775347 ], [ -65.480738, -15.774738 ], [ -65.482013, -15.773343 ], [ -65.482274, -15.772822 ], [ -65.482223, -15.772262 ], [ -65.481772, -15.771793 ], [ -65.481012, -15.771629 ], [ -65.471611, -15.771563 ], [ -65.470694, -15.77176 ], [ -65.469482, -15.772395 ], [ -65.468522, -15.772655 ], [ -65.467688, -15.772602 ], [ -65.466781, -15.771929 ], [ -65.465999, -15.770943 ], [ -65.46547, -15.769644 ], [ -65.465388, -15.768216 ], [ -65.465624, -15.766473 ], [ -65.466124, -15.765411 ], [ -65.466167, -15.764674 ], [ -65.466165, -15.763484 ], [ -65.46545, -15.762684 ], [ -65.464548, -15.762383 ], [ -65.463459, -15.762582 ], [ -65.462965, -15.763349 ], [ -65.46233, -15.76477 ], [ -65.461319, -15.766087 ], [ -65.460048, -15.767095 ], [ -65.458897, -15.767481 ], [ -65.457739, -15.767184 ], [ -65.456637, -15.766264 ], [ -65.455865, -15.765546 ], [ -65.455144, -15.764913 ], [ -65.454307, -15.764674 ], [ -65.453598, -15.764434 ], [ -65.452766, -15.764567 ], [ -65.451943, -15.765509 ], [ -65.451308, -15.766137 ], [ -65.450538, -15.766084 ], [ -65.449953, -15.765469 ], [ -65.449482, -15.763672 ], [ -65.44889, -15.762498 ], [ -65.447916, -15.761515 ], [ -65.446883, -15.761029 ], [ -65.446558, -15.76066 ], [ -65.446678, -15.759975 ], [ -65.447535, -15.758892 ], [ -65.447876, -15.758221 ], [ -65.447546, -15.757417 ], [ -65.446519, -15.757026 ], [ -65.445812, -15.757374 ], [ -65.444723, -15.757511 ], [ -65.443632, -15.757461 ], [ -65.442533, -15.756852 ], [ -65.442134, -15.755675 ], [ -65.441491, -15.754942 ], [ -65.440712, -15.754821 ], [ -65.439839, -15.755529 ], [ -65.439768, -15.756385 ], [ -65.439973, -15.757378 ], [ -65.43979, -15.758188 ], [ -65.439155, -15.758754 ], [ -65.438192, -15.758765 ], [ -65.43735, -15.758091 ], [ -65.436891, -15.757288 ], [ -65.436623, -15.756296 ], [ -65.437056, -15.754986 ], [ -65.437359, -15.753491 ], [ -65.43791, -15.751248 ], [ -65.438917, -15.749621 ], [ -65.440753, -15.747487 ], [ -65.440998, -15.746552 ], [ -65.440859, -15.745621 ], [ -65.440275, -15.745069 ], [ -65.439379, -15.745327 ], [ -65.438303, -15.746582 ], [ -65.437288, -15.747526 ], [ -65.435775, -15.748095 ], [ -65.433833, -15.748435 ], [ -65.432163, -15.748267 ], [ -65.431195, -15.74778 ], [ -65.430482, -15.747229 ], [ -65.43028, -15.746423 ], [ -65.43091, -15.745422 ], [ -65.432197, -15.745266 ], [ -65.433149, -15.744838 ], [ -65.434417, -15.74358 ], [ -65.434471, -15.74271 ], [ -65.433949, -15.74197 ], [ -65.432717, -15.741733 ], [ -65.431781, -15.74232 ], [ -65.430426, -15.743687 ], [ -65.429432, -15.745252 ], [ -65.428178, -15.747752 ], [ -65.427353, -15.748507 ], [ -65.426264, -15.748643 ], [ -65.424459, -15.74798 ], [ -65.422068, -15.746577 ], [ -65.421673, -15.745773 ], [ -65.421407, -15.744968 ], [ -65.42178, -15.74397 ], [ -65.422607, -15.743582 ], [ -65.423419, -15.743325 ], [ -65.425791, -15.741253 ], [ -65.426573, -15.740906 ], [ -65.427282, -15.740271 ], [ -65.427755, -15.739118 ], [ -65.427422, -15.738127 ], [ -65.426766, -15.737353 ], [ -65.425782, -15.736969 ], [ -65.424455, -15.736855 ], [ -65.423024, -15.737564 ], [ -65.422085, -15.738492 ], [ -65.420532, -15.741498 ], [ -65.420033, -15.742746 ], [ -65.419334, -15.743313 ], [ -65.418374, -15.743511 ], [ -65.416768, -15.743404 ], [ -65.415738, -15.743105 ], [ -65.4147, -15.742184 ], [ -65.413266, -15.740273 ], [ -65.409191, -15.736877 ], [ -65.408645, -15.734793 ], [ -65.408248, -15.733741 ], [ -65.407641, -15.733318 ], [ -65.406835, -15.733632 ], [ -65.40627, -15.734695 ], [ -65.405901, -15.736066 ], [ -65.406048, -15.737681 ], [ -65.406697, -15.738295 ], [ -65.407724, -15.738284 ], [ -65.408941, -15.738146 ], [ -65.409768, -15.738512 ], [ -65.410494, -15.739185 ], [ -65.410699, -15.740302 ], [ -65.410387, -15.741051 ], [ -65.407838, -15.742571 ], [ -65.406942, -15.742705 ], [ -65.405653, -15.742284 ], [ -65.404865, -15.74166 ], [ -65.403961, -15.740252 ], [ -65.403293, -15.738022 ], [ -65.403038, -15.731659 ], [ -65.402753, -15.730321 ], [ -65.402226, -15.729146 ], [ -65.401126, -15.72835 ], [ -65.399904, -15.728115 ], [ -65.39888, -15.728375 ], [ -65.39791, -15.729551 ], [ -65.396288, -15.731697 ], [ -65.395524, -15.732203 ], [ -65.394369, -15.732153 ], [ -65.393341, -15.73204 ], [ -65.392574, -15.73236 ], [ -65.391432, -15.733429 ], [ -65.390727, -15.733561 ], [ -65.38944, -15.733202 ], [ -65.388853, -15.7324 ], [ -65.388648, -15.731346 ], [ -65.388755, -15.729542 ], [ -65.388298, -15.728864 ], [ -65.387204, -15.728565 ], [ -65.385979, -15.728081 ], [ -65.384816, -15.72741 ], [ -65.383853, -15.726608 ], [ -65.272646, -15.738465 ], [ -65.177824, -15.74853 ], [ -64.95177, -15.772356 ], [ -64.825829, -15.785527 ], [ -64.778182, -15.790491 ], [ -64.729899, -15.802008 ], [ -64.729439, -15.803181 ], [ -64.729266, -15.804925 ], [ -64.728988, -15.807079 ], [ -64.728906, -15.809136 ], [ -64.728825, -15.811203 ], [ -64.728992, -15.813449 ], [ -64.72941, -15.816124 ], [ -64.730274, -15.818938 ], [ -64.730938, -15.821515 ], [ -64.731846, -15.823708 ], [ -64.732949, -15.825707 ], [ -64.734199, -15.82739 ], [ -64.736788, -15.829808 ], [ -64.738532, -15.831516 ], [ -64.740029, -15.833369 ], [ -64.741477, -15.835079 ], [ -64.742529, -15.836888 ], [ -64.743338, -15.838985 ], [ -64.743912, -15.84116 ], [ -64.743934, -15.843742 ], [ -64.743918, -15.846145 ], [ -64.743974, -15.848333 ], [ -64.744173, -15.849945 ], [ -64.744631, -15.851483 ], [ -64.745349, -15.853163 ], [ -64.746253, -15.854842 ], [ -64.747372, -15.856551 ], [ -64.748311, -15.857978 ], [ -64.749435, -15.859512 ], [ -64.750339, -15.861226 ], [ -64.750908, -15.862692 ], [ -64.751364, -15.864051 ], [ -64.75145, -15.865413 ], [ -64.751129, -15.866814 ], [ -64.750805, -15.868001 ], [ -64.750259, -15.869117 ], [ -64.749379, -15.870164 ], [ -64.748497, -15.870996 ], [ -64.747354, -15.871687 ], [ -64.746284, -15.872269 ], [ -64.74477, -15.872784 ], [ -64.743252, -15.873004 ], [ -64.741254, -15.873307 ], [ -64.739701, -15.87375 ], [ -64.737704, -15.874196 ], [ -64.735968, -15.874891 ], [ -64.733865, -15.875877 ], [ -64.732317, -15.876893 ], [ -64.730772, -15.878304 ], [ -64.729636, -15.879784 ], [ -64.728723, -15.881369 ], [ -64.727997, -15.883133 ], [ -64.727495, -15.885073 ], [ -64.727029, -15.886913 ], [ -64.726344, -15.889143 ], [ -64.725324, -15.891231 ], [ -64.724264, -15.892961 ], [ -64.723426, -15.894617 ], [ -64.722997, -15.896486 ], [ -64.723161, -15.898314 ], [ -64.723692, -15.899744 ], [ -64.724631, -15.901279 ], [ -64.725827, -15.902417 ], [ -64.727166, -15.903016 ], [ -64.728576, -15.903148 ], [ -64.730018, -15.902814 ], [ -64.731199, -15.902159 ], [ -64.732228, -15.901182 ], [ -64.733439, -15.899738 ], [ -64.734425, -15.898044 ], [ -64.735597, -15.896457 ], [ -64.73677, -15.894977 ], [ -64.738166, -15.893531 ], [ -64.739822, -15.892119 ], [ -64.741112, -15.891248 ], [ -64.742329, -15.890664 ], [ -64.743774, -15.890545 ], [ -64.745059, -15.890922 ], [ -64.746104, -15.891738 ], [ -64.746746, -15.893096 ], [ -64.746909, -15.894816 ], [ -64.74655, -15.896182 ], [ -64.745858, -15.897586 ], [ -64.744539, -15.899354 ], [ -64.74259, -15.901128 ], [ -64.740971, -15.902432 ], [ -64.739348, -15.903363 ], [ -64.737686, -15.904022 ], [ -64.736395, -15.90475 ], [ -64.735106, -15.905693 ], [ -64.733708, -15.906923 ], [ -64.732569, -15.908116 ], [ -64.73169, -15.909342 ], [ -64.730922, -15.910568 ], [ -64.730158, -15.912152 ], [ -64.72954, -15.913556 ], [ -64.729366, -15.914884 ], [ -64.729378, -15.916355 ], [ -64.729613, -15.917823 ], [ -64.730295, -15.919568 ], [ -64.731457, -15.921065 ], [ -64.733058, -15.921841 ], [ -64.734877, -15.922257 ], [ -64.737175, -15.922274 ], [ -64.739509, -15.922076 ], [ -64.741692, -15.921664 ], [ -64.744139, -15.921752 ], [ -64.745959, -15.922168 ], [ -64.747746, -15.923086 ], [ -64.749425, -15.924363 ], [ -64.750585, -15.925609 ], [ -64.751379, -15.927396 ], [ -64.752324, -15.929504 ], [ -64.752927, -15.93207 ], [ -64.753284, -15.934793 ], [ -64.753753, -15.937622 ], [ -64.754441, -15.939948 ], [ -64.754812, -15.943951 ], [ -64.755381, -15.946265 ], [ -64.755818, -15.948187 ], [ -64.756009, -15.949406 ], [ -64.756142, -15.950312 ], [ -64.756142, -15.951016 ], [ -64.755971, -15.951606 ], [ -64.755714, -15.952158 ], [ -64.755304, -15.952472 ], [ -64.754638, -15.952653 ], [ -64.75401, -15.952862 ], [ -64.753144, -15.953015 ], [ -64.75244, -15.953043 ], [ -64.751592, -15.952739 ], [ -64.750898, -15.952329 ], [ -64.749727, -15.951844 ], [ -64.748243, -15.951202 ], [ -64.747457, -15.950973 ], [ -64.746401, -15.95083 ], [ -64.745073, -15.950859 ], [ -64.744031, -15.95083 ], [ -64.742917, -15.950673 ], [ -64.741894, -15.950545 ], [ -64.740609, -15.950374 ], [ -64.739524, -15.950159 ], [ -64.73821, -15.949931 ], [ -64.737085, -15.949688 ], [ -64.73588, -15.949297 ], [ -64.73453, -15.949032 ], [ -64.733302, -15.948874 ], [ -64.731903, -15.948874 ], [ -64.730755, -15.949017 ], [ -64.72967, -15.94936 ], [ -64.728713, -15.949731 ], [ -64.727814, -15.950202 ], [ -64.727157, -15.950688 ], [ -64.726572, -15.95133 ], [ -64.726172, -15.952001 ], [ -64.725997, -15.952812 ], [ -64.725958, -15.9542 ], [ -64.726044, -15.955342 ], [ -64.726272, -15.956504 ], [ -64.726843, -15.957646 ], [ -64.7274, -15.958588 ], [ -64.728042, -15.959616 ], [ -64.728614, -15.960516 ], [ -64.729213, -15.961586 ], [ -64.72966, -15.962362 ], [ -64.73006, -15.963233 ], [ -64.730303, -15.964004 ], [ -64.730531, -15.964903 ], [ -64.731256, -15.966548 ], [ -64.731923, -15.968185 ], [ -64.732513, -15.969251 ], [ -64.732913, -15.970374 ], [ -64.733522, -15.971459 ], [ -64.734017, -15.972373 ], [ -64.734989, -15.973483 ], [ -64.735893, -15.974268 ], [ -64.736773, -15.975148 ], [ -64.737487, -15.975862 ], [ -64.73832, -15.976409 ], [ -64.739224, -15.977004 ], [ -64.739962, -15.977504 ], [ -64.740818, -15.978099 ], [ -64.74127, -15.978694 ], [ -64.741627, -15.979408 ], [ -64.741699, -15.980169 ], [ -64.741437, -15.980788 ], [ -64.740723, -15.981297 ], [ -64.739843, -15.981701 ], [ -64.738748, -15.982034 ], [ -64.737725, -15.982177 ], [ -64.736535, -15.982177 ], [ -64.735084, -15.981963 ], [ -64.733624, -15.981692 ], [ -64.732209, -15.981594 ], [ -64.73102, -15.981564 ], [ -64.729622, -15.981594 ], [ -64.728521, -15.981653 ], [ -64.72748, -15.981564 ], [ -64.72638, -15.981059 ], [ -64.725309, -15.980315 ], [ -64.724417, -15.979244 ], [ -64.723881, -15.978114 ], [ -64.723703, -15.976746 ], [ -64.723881, -15.975437 ], [ -64.724179, -15.974247 ], [ -64.724328, -15.97282 ], [ -64.724387, -15.971243 ], [ -64.724298, -15.969738 ], [ -64.72403, -15.96834 ], [ -64.723524, -15.966853 ], [ -64.722781, -15.965723 ], [ -64.721829, -15.964504 ], [ -64.720758, -15.963611 ], [ -64.719658, -15.963016 ], [ -64.718647, -15.9626 ], [ -64.717308, -15.962362 ], [ -64.716178, -15.962362 ], [ -64.715077, -15.96254 ], [ -64.713789, -15.963106 ], [ -64.712511, -15.964028 ], [ -64.711529, -15.96492 ], [ -64.710607, -15.96605 ], [ -64.709834, -15.96727 ], [ -64.709387, -15.968697 ], [ -64.709209, -15.970274 ], [ -64.709239, -15.971791 ], [ -64.709298, -15.973248 ], [ -64.709566, -15.974795 ], [ -64.709982, -15.975955 ], [ -64.710428, -15.977025 ], [ -64.711023, -15.978185 ], [ -64.711797, -15.979226 ], [ -64.712719, -15.980267 ], [ -64.713908, -15.981249 ], [ -64.715336, -15.982231 ], [ -64.718652, -15.984497 ], [ -64.721002, -15.986014 ], [ -64.723233, -15.987382 ], [ -64.725464, -15.98872 ], [ -64.72707, -15.98988 ], [ -64.728587, -15.990951 ], [ -64.729628, -15.991784 ], [ -64.731204, -15.993093 ], [ -64.732543, -15.99433 ], [ -64.733375, -15.995669 ], [ -64.733851, -15.996888 ], [ -64.734238, -15.998375 ], [ -64.734476, -15.999922 ], [ -64.734357, -16.001587 ], [ -64.733941, -16.003015 ], [ -64.733227, -16.004205 ], [ -64.732424, -16.005222 ], [ -64.731621, -16.005817 ], [ -64.730609, -16.006204 ], [ -64.729598, -16.006293 ], [ -64.728051, -16.005995 ], [ -64.726534, -16.005371 ], [ -64.72472, -16.004389 ], [ -64.722698, -16.003408 ], [ -64.721062, -16.002753 ], [ -64.71892, -16.00204 ], [ -64.71666, -16.001207 ], [ -64.714816, -16.00079 ], [ -64.713001, -16.000671 ], [ -64.711365, -16.000612 ], [ -64.709581, -16.000671 ], [ -64.707841, -16.001058 ], [ -64.706264, -16.001683 ], [ -64.704718, -16.002545 ], [ -64.70335, -16.003527 ], [ -64.702219, -16.004716 ], [ -64.701327, -16.005847 ], [ -64.700732, -16.007274 ], [ -64.700643, -16.00869 ], [ -64.700792, -16.010058 ], [ -64.701178, -16.011099 ], [ -64.701862, -16.011962 ], [ -64.702725, -16.012468 ], [ -64.703706, -16.012765 ], [ -64.704777, -16.012765 ], [ -64.705699, -16.012497 ], [ -64.707008, -16.011783 ], [ -64.708287, -16.010951 ], [ -64.709596, -16.010385 ], [ -64.71138, -16.009463 ], [ -64.712659, -16.008988 ], [ -64.714325, -16.00866 ], [ -64.716199, -16.008452 ], [ -64.717626, -16.008452 ], [ -64.719905, -16.008607 ], [ -64.721779, -16.009083 ], [ -64.723444, -16.009826 ], [ -64.725258, -16.010986 ], [ -64.726567, -16.012176 ], [ -64.727757, -16.013514 ], [ -64.728218, -16.014258 ], [ -64.729513, -16.016569 ], [ -64.731033, -16.020803 ], [ -64.732154, -16.026138 ], [ -64.732367, -16.02931 ], [ -64.73258, -16.032482 ], [ -64.732525, -16.034742 ], [ -64.731748, -16.036685 ], [ -64.730106, -16.038062 ], [ -64.728073, -16.038867 ], [ -64.725924, -16.039028 ], [ -64.723769, -16.038543 ], [ -64.721828, -16.037196 ], [ -64.720368, -16.035593 ], [ -64.719428, -16.034023 ], [ -64.719078, -16.032218 ], [ -64.719434, -16.030386 ], [ -64.72042, -16.028621 ], [ -64.721663, -16.027236 ], [ -64.72303, -16.025928 ], [ -64.723987, -16.025077 ], [ -64.725306, -16.023223 ], [ -64.72596, -16.021676 ], [ -64.72591, -16.020134 ], [ -64.725305, -16.018848 ], [ -64.72448, -16.017814 ], [ -64.723252, -16.017286 ], [ -64.721658, -16.017335 ], [ -64.720181, -16.0181 ], [ -64.718319, -16.020479 ], [ -64.71579, -16.023214 ], [ -64.713819, -16.024401 ], [ -64.712506, -16.025029 ], [ -64.711121, -16.025353 ], [ -64.709646, -16.025639 ], [ -64.708503, -16.025948 ], [ -64.707338, -16.026139 ], [ -64.706195, -16.026377 ], [ -64.705172, -16.026734 ], [ -64.704387, -16.027209 ], [ -64.703507, -16.027685 ], [ -64.702721, -16.028328 ], [ -64.702198, -16.029065 ], [ -64.70177, -16.030003 ], [ -64.701436, -16.031216 ], [ -64.701389, -16.032168 ], [ -64.701508, -16.033382 ], [ -64.70177, -16.034643 ], [ -64.702769, -16.036932 ], [ -64.703768, -16.038859 ], [ -64.704768, -16.04043 ], [ -64.705529, -16.041596 ], [ -64.706457, -16.042904 ], [ -64.707433, -16.044142 ], [ -64.708534, -16.045662 ], [ -64.712614, -16.050352 ], [ -64.714713, -16.052917 ], [ -64.715923, -16.055705 ], [ -64.716222, -16.057269 ], [ -64.715887, -16.058618 ], [ -64.714163, -16.059409 ], [ -64.711257, -16.059605 ], [ -64.707993, -16.059631 ], [ -64.706158, -16.060162 ], [ -64.704802, -16.061478 ], [ -64.703397, -16.063569 ], [ -64.70301, -16.066901 ], [ -64.703579, -16.070971 ], [ -64.70421, -16.075304 ], [ -64.704416, -16.07863 ], [ -64.704024, -16.081331 ], [ -64.702626, -16.084498 ], [ -64.700628, -16.086809 ], [ -64.697931, -16.087818 ], [ -64.695997, -16.088235 ], [ -64.694183, -16.0888 ], [ -64.692279, -16.089781 ], [ -64.690822, -16.091001 ], [ -64.689543, -16.09225 ], [ -64.688621, -16.093707 ], [ -64.688205, -16.094897 ], [ -64.688205, -16.096474 ], [ -64.68871, -16.097812 ], [ -64.689513, -16.09902 ], [ -64.690763, -16.099644 ], [ -64.691893, -16.100239 ], [ -64.693112, -16.100596 ], [ -64.694391, -16.101012 ], [ -64.69573, -16.101518 ], [ -64.696979, -16.102262 ], [ -64.697931, -16.103065 ], [ -64.698734, -16.103838 ], [ -64.699239, -16.104611 ], [ -64.699537, -16.105623 ], [ -64.699567, -16.106991 ], [ -64.69912, -16.108502 ], [ -64.698288, -16.110138 ], [ -64.697366, -16.111238 ], [ -64.696414, -16.112101 ], [ -64.695016, -16.113112 ], [ -64.693856, -16.114004 ], [ -64.692577, -16.114837 ], [ -64.691357, -16.115491 ], [ -64.68993, -16.116057 ], [ -64.688725, -16.116473 ], [ -64.687357, -16.116503 ], [ -64.686197, -16.116235 ], [ -64.685215, -16.115819 ], [ -64.684055, -16.115313 ], [ -64.682985, -16.114272 ], [ -64.68239, -16.113052 ], [ -64.682271, -16.111179 ], [ -64.682449, -16.109364 ], [ -64.682657, -16.10755 ], [ -64.682687, -16.105974 ], [ -64.68239, -16.104546 ], [ -64.681706, -16.102969 ], [ -64.680694, -16.101482 ], [ -64.679267, -16.099965 ], [ -64.677809, -16.098508 ], [ -64.676096, -16.097532 ], [ -64.674103, -16.09664 ], [ -64.672616, -16.095986 ], [ -64.670772, -16.095153 ], [ -64.669493, -16.094618 ], [ -64.668452, -16.094409 ], [ -64.667114, -16.094439 ], [ -64.665716, -16.094856 ], [ -64.664556, -16.095361 ], [ -64.663753, -16.095986 ], [ -64.663366, -16.096878 ], [ -64.663366, -16.097889 ], [ -64.663634, -16.09899 ], [ -64.664229, -16.10015 ], [ -64.664823, -16.100864 ], [ -64.665775, -16.101875 ], [ -64.666727, -16.102946 ], [ -64.667679, -16.103897 ], [ -64.668303, -16.104938 ], [ -64.669017, -16.106247 ], [ -64.669553, -16.107675 ], [ -64.66985, -16.109168 ], [ -64.670088, -16.111042 ], [ -64.670713, -16.112975 ], [ -64.671397, -16.1147 ], [ -64.672467, -16.116247 ], [ -64.673984, -16.117585 ], [ -64.675263, -16.118347 ], [ -64.676453, -16.118942 ], [ -64.677554, -16.119388 ], [ -64.678773, -16.119745 ], [ -64.680111, -16.120191 ], [ -64.681271, -16.120756 ], [ -64.682431, -16.12147 ], [ -64.683353, -16.122332 ], [ -64.683978, -16.123106 ], [ -64.684394, -16.124057 ], [ -64.684692, -16.125247 ], [ -64.684543, -16.126675 ], [ -64.684008, -16.127865 ], [ -64.683086, -16.128929 ], [ -64.681331, -16.130089 ], [ -64.679487, -16.131398 ], [ -64.677821, -16.132796 ], [ -64.676185, -16.134432 ], [ -64.674758, -16.136098 ], [ -64.673568, -16.137763 ], [ -64.672854, -16.138953 ], [ -64.672467, -16.1405 ], [ -64.672527, -16.142492 ], [ -64.672348, -16.145437 ], [ -64.672467, -16.148144 ], [ -64.673241, -16.151719 ], [ -64.674163, -16.154842 ], [ -64.675382, -16.157757 ], [ -64.676394, -16.160136 ], [ -64.677805, -16.162402 ], [ -64.679483, -16.164687 ], [ -64.680447, -16.166293 ], [ -64.681267, -16.168185 ], [ -64.681696, -16.169541 ], [ -64.681946, -16.171397 ], [ -64.681946, -16.173146 ], [ -64.681767, -16.175544 ], [ -64.681482, -16.177436 ], [ -64.681375, -16.179292 ], [ -64.681553, -16.181362 ], [ -64.682338, -16.182647 ], [ -64.683516, -16.184075 ], [ -64.684837, -16.185217 ], [ -64.686086, -16.185788 ], [ -64.687442, -16.186145 ], [ -64.689013, -16.185966 ], [ -64.690333, -16.185324 ], [ -64.691582, -16.184289 ], [ -64.692653, -16.183004 ], [ -64.693296, -16.181505 ], [ -64.693581, -16.179899 ], [ -64.693331, -16.178328 ], [ -64.692689, -16.176865 ], [ -64.691761, -16.175187 ], [ -64.69094, -16.174009 ], [ -64.690619, -16.172475 ], [ -64.69069, -16.171154 ], [ -64.691582, -16.169798 ], [ -64.692617, -16.169013 ], [ -64.693724, -16.16887 ], [ -64.694759, -16.169405 ], [ -64.695437, -16.170119 ], [ -64.696222, -16.171226 ], [ -64.697165, -16.172725 ], [ -64.697914, -16.174402 ], [ -64.698878, -16.175794 ], [ -64.70002, -16.17715 ], [ -64.701269, -16.178185 ], [ -64.702733, -16.179006 ], [ -64.70391, -16.179899 ], [ -64.705552, -16.180934 ], [ -64.70698, -16.182004 ], [ -64.707944, -16.183111 ], [ -64.708336, -16.18436 ], [ -64.708122, -16.185895 ], [ -64.707658, -16.187637 ], [ -64.707051, -16.188993 ], [ -64.705945, -16.190242 ], [ -64.704232, -16.191598 ], [ -64.702233, -16.192634 ], [ -64.699699, -16.193312 ], [ -64.697593, -16.194204 ], [ -64.695309, -16.195203 ], [ -64.692418, -16.196238 ], [ -64.690098, -16.197381 ], [ -64.687528, -16.199094 ], [ -64.685119, -16.200643 ], [ -64.683084, -16.201499 ], [ -64.680621, -16.202035 ], [ -64.678016, -16.202784 ], [ -64.67541, -16.203391 ], [ -64.673233, -16.204283 ], [ -64.671627, -16.204854 ], [ -64.670378, -16.205961 ], [ -64.66995, -16.207567 ], [ -64.669914, -16.209887 ], [ -64.66995, -16.212849 ], [ -64.670449, -16.215955 ], [ -64.671056, -16.218917 ], [ -64.671806, -16.22255 ], [ -64.672841, -16.22537 ], [ -64.674018, -16.227797 ], [ -64.675339, -16.230224 ], [ -64.67641, -16.232009 ], [ -64.677088, -16.233437 ], [ -64.677266, -16.234978 ], [ -64.677231, -16.23687 ], [ -64.67666, -16.238226 ], [ -64.675625, -16.239119 ], [ -64.674625, -16.239725 ], [ -64.672698, -16.239761 ], [ -64.670735, -16.239761 ], [ -64.669343, -16.23994 ], [ -64.667987, -16.240332 ], [ -64.666666, -16.240939 ], [ -64.665988, -16.241938 ], [ -64.665524, -16.24333 ], [ -64.665452, -16.244472 ], [ -64.665667, -16.246221 ], [ -64.666059, -16.247613 ], [ -64.666166, -16.249726 ], [ -64.666166, -16.251225 ], [ -64.665702, -16.252832 ], [ -64.665167, -16.254081 ], [ -64.664774, -16.255223 ], [ -64.664667, -16.256187 ], [ -64.664881, -16.257293 ], [ -64.665774, -16.258364 ], [ -64.667166, -16.259006 ], [ -64.668629, -16.259363 ], [ -64.670414, -16.259827 ], [ -64.672162, -16.260434 ], [ -64.673412, -16.261112 ], [ -64.674304, -16.261812 ], [ -64.675196, -16.263132 ], [ -64.676374, -16.264774 ], [ -64.677373, -16.26638 ], [ -64.678337, -16.267736 ], [ -64.679479, -16.26895 ], [ -64.680729, -16.270092 ], [ -64.682049, -16.271413 ], [ -64.683191, -16.272483 ], [ -64.684512, -16.274132 ], [ -64.685904, -16.275881 ], [ -64.68676, -16.27763 ], [ -64.687688, -16.279201 ], [ -64.688902, -16.280486 ], [ -64.690187, -16.281949 ], [ -64.6914, -16.283412 ], [ -64.692757, -16.284983 ], [ -64.693613, -16.286253 ], [ -64.693756, -16.287645 ], [ -64.693827, -16.28893 ], [ -64.693827, -16.290215 ], [ -64.693613, -16.291322 ], [ -64.693149, -16.292392 ], [ -64.692543, -16.293463 ], [ -64.691722, -16.294641 ], [ -64.690901, -16.295319 ], [ -64.689544, -16.295747 ], [ -64.688117, -16.295747 ], [ -64.686796, -16.295283 ], [ -64.685583, -16.294284 ], [ -64.684583, -16.293035 ], [ -64.683441, -16.291179 ], [ -64.682513, -16.28968 ], [ -64.681371, -16.288324 ], [ -64.679979, -16.287253 ], [ -64.678194, -16.286432 ], [ -64.676481, -16.285968 ], [ -64.674554, -16.285825 ], [ -64.671913, -16.286075 ], [ -64.669771, -16.286146 ], [ -64.667487, -16.286289 ], [ -64.66537, -16.286824 ], [ -64.663407, -16.287039 ], [ -64.66123, -16.287288 ], [ -64.659089, -16.287396 ], [ -64.656983, -16.287824 ], [ -64.65502, -16.288216 ], [ -64.653199, -16.289073 ], [ -64.651343, -16.29018 ], [ -64.649523, -16.291572 ], [ -64.64806, -16.293142 ], [ -64.647274, -16.294498 ], [ -64.646561, -16.29589 ], [ -64.646454, -16.297032 ], [ -64.64681, -16.298096 ], [ -64.647667, -16.298988 ], [ -64.649059, -16.299881 ], [ -64.650879, -16.300345 ], [ -64.652557, -16.300773 ], [ -64.654663, -16.301951 ], [ -64.656804, -16.302914 ], [ -64.658946, -16.303628 ], [ -64.661123, -16.304092 ], [ -64.663086, -16.304485 ], [ -64.664978, -16.305199 ], [ -64.667119, -16.306162 ], [ -64.668975, -16.307269 ], [ -64.670456, -16.307911 ], [ -64.672312, -16.308768 ], [ -64.673776, -16.30966 ], [ -64.675168, -16.310838 ], [ -64.676381, -16.312337 ], [ -64.677738, -16.313722 ], [ -64.678558, -16.315078 ], [ -64.679451, -16.316827 ], [ -64.680093, -16.318505 ], [ -64.680414, -16.319932 ], [ -64.680236, -16.321574 ], [ -64.679558, -16.322788 ], [ -64.678523, -16.323787 ], [ -64.677345, -16.324394 ], [ -64.675739, -16.324786 ], [ -64.674026, -16.324822 ], [ -64.672098, -16.324501 ], [ -64.670064, -16.323894 ], [ -64.668029, -16.32293 ], [ -64.666209, -16.321753 ], [ -64.663389, -16.320396 ], [ -64.660962, -16.31904 ], [ -64.658821, -16.317648 ], [ -64.656665, -16.316506 ], [ -64.65488, -16.315863 ], [ -64.653239, -16.315399 ], [ -64.651276, -16.31515 ], [ -64.649527, -16.315221 ], [ -64.648028, -16.315542 ], [ -64.646743, -16.316113 ], [ -64.645708, -16.316934 ], [ -64.644815, -16.318005 ], [ -64.64428, -16.319183 ], [ -64.644101, -16.320503 ], [ -64.644101, -16.322395 ], [ -64.644494, -16.324037 ], [ -64.645137, -16.3255 ], [ -64.6461, -16.326928 ], [ -64.647135, -16.328106 ], [ -64.648063, -16.328784 ], [ -64.649205, -16.329177 ], [ -64.650526, -16.329391 ], [ -64.651704, -16.329319 ], [ -64.653132, -16.329105 ], [ -64.654524, -16.329177 ], [ -64.656165, -16.329569 ], [ -64.658057, -16.330354 ], [ -64.660056, -16.331711 ], [ -64.66184, -16.333031 ], [ -64.663304, -16.334352 ], [ -64.664803, -16.335887 ], [ -64.665659, -16.337279 ], [ -64.666266, -16.339106 ], [ -64.666516, -16.340819 ], [ -64.666552, -16.343139 ], [ -64.666409, -16.345459 ], [ -64.666195, -16.347672 ], [ -64.665981, -16.349742 ], [ -64.665481, -16.35152 ], [ -64.665231, -16.353411 ], [ -64.665302, -16.35541 ], [ -64.665552, -16.357445 ], [ -64.666052, -16.359086 ], [ -64.666204, -16.359927 ], [ -64.666061, -16.360998 ], [ -64.665847, -16.361997 ], [ -64.665585, -16.363044 ], [ -64.66568, -16.364424 ], [ -64.666132, -16.365709 ], [ -64.666715, -16.366747 ], [ -64.667608, -16.367568 ], [ -64.668464, -16.368389 ], [ -64.669357, -16.36896 ], [ -64.670287, -16.369214 ], [ -64.671495, -16.369204 ], [ -64.672916, -16.368864 ], [ -64.674241, -16.368196 ], [ -64.675163, -16.367382 ], [ -64.675954, -16.365762 ], [ -64.676526, -16.363815 ], [ -64.676697, -16.36211 ], [ -64.676586, -16.360018 ], [ -64.676878, -16.357954 ], [ -64.677483, -16.356245 ], [ -64.678549, -16.354264 ], [ -64.680088, -16.352447 ], [ -64.682117, -16.350787 ], [ -64.684518, -16.349244 ], [ -64.688064, -16.347691 ], [ -64.691732, -16.345898 ], [ -64.693895, -16.345403 ], [ -64.696271, -16.344606 ], [ -64.69834, -16.343932 ], [ -64.699757, -16.343144 ], [ -64.701516, -16.342592 ], [ -64.702628, -16.342314 ], [ -64.703991, -16.342422 ], [ -64.70517, -16.342711 ], [ -64.706228, -16.343331 ], [ -64.70735, -16.344248 ], [ -64.708257, -16.34534 ], [ -64.708859, -16.346979 ], [ -64.709028, -16.348562 ], [ -64.708886, -16.350087 ], [ -64.708281, -16.351706 ], [ -64.707366, -16.353178 ], [ -64.706019, -16.354922 ], [ -64.704454, -16.35588 ], [ -64.702355, -16.356554 ], [ -64.69951, -16.356816 ], [ -64.696845, -16.356479 ], [ -64.69449, -16.356259 ], [ -64.692323, -16.356276 ], [ -64.690347, -16.35689 ], [ -64.688682, -16.35762 ], [ -64.687393, -16.358946 ], [ -64.686355, -16.360568 ], [ -64.686059, -16.362232 ], [ -64.686758, -16.364259 ], [ -64.688259, -16.36604 ], [ -64.69069, -16.367933 ], [ -64.692993, -16.36929 ], [ -64.694738, -16.370651 ], [ -64.695501, -16.372976 ], [ -64.695335, -16.375189 ], [ -64.694607, -16.376928 ], [ -64.693133, -16.378374 ], [ -64.690811, -16.379051 ], [ -64.688148, -16.379012 ], [ -64.685297, -16.378676 ], [ -64.682129, -16.377506 ], [ -64.679764, -16.37615 ], [ -64.677031, -16.375096 ], [ -64.674483, -16.37404 ], [ -64.67113, -16.372931 ], [ -64.667581, -16.371697 ], [ -64.665796, -16.371233 ], [ -64.663905, -16.370911 ], [ -64.66212, -16.371054 ], [ -64.660567, -16.371375 ], [ -64.659211, -16.372018 ], [ -64.657962, -16.37291 ], [ -64.657034, -16.373838 ], [ -64.656392, -16.374873 ], [ -64.655785, -16.376051 ], [ -64.65582, -16.377265 ], [ -64.656499, -16.378478 ], [ -64.657355, -16.379656 ], [ -64.658711, -16.380869 ], [ -64.659925, -16.38194 ], [ -64.661638, -16.383603 ], [ -64.663066, -16.385245 ], [ -64.664672, -16.387458 ], [ -64.666028, -16.389671 ], [ -64.667349, -16.392241 ], [ -64.668348, -16.394168 ], [ -64.669419, -16.39611 ], [ -64.670811, -16.398109 ], [ -64.671917, -16.399643 ], [ -64.673757, -16.401668 ], [ -64.674994, -16.403001 ], [ -64.676136, -16.404238 ], [ -64.677183, -16.405761 ], [ -64.678611, -16.407331 ], [ -64.680229, -16.408854 ], [ -64.681847, -16.409996 ], [ -64.683275, -16.410805 ], [ -64.685035, -16.411377 ], [ -64.687353, -16.411805 ], [ -64.689637, -16.412233 ], [ -64.691969, -16.412566 ], [ -64.693873, -16.412995 ], [ -64.695538, -16.413804 ], [ -64.696918, -16.414708 ], [ -64.697918, -16.415802 ], [ -64.698632, -16.417325 ], [ -64.69887, -16.418991 ], [ -64.698822, -16.420418 ], [ -64.698441, -16.421989 ], [ -64.697632, -16.423179 ], [ -64.696681, -16.423988 ], [ -64.695348, -16.424797 ], [ -64.69373, -16.425368 ], [ -64.691874, -16.425701 ], [ -64.689542, -16.425986 ], [ -64.687448, -16.425939 ], [ -64.685416, -16.426027 ], [ -64.683689, -16.426158 ], [ -64.681833, -16.426681 ], [ -64.680119, -16.42749 ], [ -64.678375, -16.428642 ], [ -64.677423, -16.429743 ], [ -64.676887, -16.430784 ], [ -64.676768, -16.43233 ], [ -64.676947, -16.433758 ], [ -64.67769, -16.435305 ], [ -64.67885, -16.436614 ], [ -64.680278, -16.437524 ], [ -64.681319, -16.438148 ], [ -64.682182, -16.438594 ], [ -64.68358, -16.439308 ], [ -64.684948, -16.44023 ], [ -64.686048, -16.44142 ], [ -64.686851, -16.442729 ], [ -64.687327, -16.443918 ], [ -64.687506, -16.445168 ], [ -64.687595, -16.447125 ], [ -64.687089, -16.449237 ], [ -64.686227, -16.450902 ], [ -64.685037, -16.452538 ], [ -64.684085, -16.453847 ], [ -64.682598, -16.455007 ], [ -64.6812, -16.456732 ], [ -64.68007, -16.458397 ], [ -64.678226, -16.46108 ], [ -64.676739, -16.463252 ], [ -64.675341, -16.465572 ], [ -64.674389, -16.467267 ], [ -64.673645, -16.469349 ], [ -64.673259, -16.471134 ], [ -64.67314, -16.472859 ], [ -64.673318, -16.474346 ], [ -64.673764, -16.475565 ], [ -64.674597, -16.476606 ], [ -64.675638, -16.477439 ], [ -64.676739, -16.478177 ], [ -64.677601, -16.478712 ], [ -64.678464, -16.479218 ], [ -64.679178, -16.479426 ], [ -64.680754, -16.479307 ], [ -64.683401, -16.478415 ], [ -64.685394, -16.476957 ], [ -64.687208, -16.475083 ], [ -64.688458, -16.473656 ], [ -64.689796, -16.472407 ], [ -64.691283, -16.471217 ], [ -64.692741, -16.470384 ], [ -64.694376, -16.469492 ], [ -64.696221, -16.468689 ], [ -64.69802, -16.468391 ], [ -64.699828, -16.468344 ], [ -64.701208, -16.468344 ], [ -64.702636, -16.468605 ], [ -64.704278, -16.469176 ], [ -64.705991, -16.469866 ], [ -64.70749, -16.470723 ], [ -64.708843, -16.471818 ], [ -64.709941, -16.472984 ], [ -64.710869, -16.474316 ], [ -64.711654, -16.476029 ], [ -64.712059, -16.477243 ], [ -64.712511, -16.479565 ], [ -64.712487, -16.48135 ], [ -64.712225, -16.483015 ], [ -64.711726, -16.484253 ], [ -64.71094, -16.485347 ], [ -64.710131, -16.485918 ], [ -64.708466, -16.486575 ], [ -64.707014, -16.486861 ], [ -64.705563, -16.486575 ], [ -64.703992, -16.48579 ], [ -64.702612, -16.484648 ], [ -64.700756, -16.483077 ], [ -64.699234, -16.481911 ], [ -64.697497, -16.480936 ], [ -64.695712, -16.480246 ], [ -64.69407, -16.479913 ], [ -64.692428, -16.479698 ], [ -64.690858, -16.479889 ], [ -64.689678, -16.480507 ], [ -64.689011, -16.481316 ], [ -64.688369, -16.48253 ], [ -64.688036, -16.483601 ], [ -64.687893, -16.484505 ], [ -64.688012, -16.485576 ], [ -64.688369, -16.486646 ], [ -64.688869, -16.487574 ], [ -64.690439, -16.488888 ], [ -64.692081, -16.489768 ], [ -64.693865, -16.490625 ], [ -64.695602, -16.491196 ], [ -64.69722, -16.491481 ], [ -64.69941, -16.491815 ], [ -64.701313, -16.492243 ], [ -64.704059, -16.492647 ], [ -64.705867, -16.492814 ], [ -64.707747, -16.493147 ], [ -64.708913, -16.493671 ], [ -64.709817, -16.494361 ], [ -64.710579, -16.495241 ], [ -64.71134, -16.496098 ], [ -64.711864, -16.497021 ], [ -64.712078, -16.498258 ], [ -64.712197, -16.499543 ], [ -64.712149, -16.500852 ], [ -64.711697, -16.502161 ], [ -64.711078, -16.503231 ], [ -64.710412, -16.504112 ], [ -64.709651, -16.505016 ], [ -64.708675, -16.505777 ], [ -64.707723, -16.50642 ], [ -64.706486, -16.507243 ], [ -64.705058, -16.50829 ], [ -64.70413, -16.509147 ], [ -64.703036, -16.510194 ], [ -64.702298, -16.511098 ], [ -64.701727, -16.512169 ], [ -64.70137, -16.513501 ], [ -64.701156, -16.515062 ], [ -64.701275, -16.516704 ], [ -64.701608, -16.51825 ], [ -64.702013, -16.519416 ], [ -64.702512, -16.520368 ], [ -64.703155, -16.521653 ], [ -64.703994, -16.523723 ], [ -64.704648, -16.5253 ], [ -64.705154, -16.527114 ], [ -64.705511, -16.52869 ], [ -64.705808, -16.530296 ], [ -64.706224, -16.531784 ], [ -64.7067, -16.532944 ], [ -64.707593, -16.533955 ], [ -64.708901, -16.53499 ], [ -64.710388, -16.535793 ], [ -64.711965, -16.536388 ], [ -64.713958, -16.536775 ], [ -64.715831, -16.536537 ], [ -64.717854, -16.536239 ], [ -64.719401, -16.535823 ], [ -64.721364, -16.535139 ], [ -64.722643, -16.534365 ], [ -64.723862, -16.533235 ], [ -64.725007, -16.532063 ], [ -64.72584, -16.530814 ], [ -64.726286, -16.529446 ], [ -64.726465, -16.52775 ], [ -64.726197, -16.526085 ], [ -64.725662, -16.524955 ], [ -64.724472, -16.523527 ], [ -64.723163, -16.522069 ], [ -64.721706, -16.520612 ], [ -64.720516, -16.519482 ], [ -64.719594, -16.518203 ], [ -64.718999, -16.516216 ], [ -64.718523, -16.514015 ], [ -64.718493, -16.512052 ], [ -64.71894, -16.510713 ], [ -64.7201, -16.509435 ], [ -64.721854, -16.508245 ], [ -64.723699, -16.507263 ], [ -64.724829, -16.506906 ], [ -64.727089, -16.506282 ], [ -64.729588, -16.505984 ], [ -64.731848, -16.505895 ], [ -64.7339, -16.505717 ], [ -64.736652, -16.505431 ], [ -64.73921, -16.505253 ], [ -64.741351, -16.505461 ], [ -64.743403, -16.505847 ], [ -64.745248, -16.50671 ], [ -64.747032, -16.507811 ], [ -64.748311, -16.509 ], [ -64.749322, -16.510279 ], [ -64.750274, -16.511796 ], [ -64.750899, -16.512986 ], [ -64.751196, -16.514533 ], [ -64.750958, -16.51593 ], [ -64.750423, -16.517239 ], [ -64.749709, -16.51825 ], [ -64.748757, -16.519654 ], [ -64.747657, -16.520576 ], [ -64.746556, -16.521231 ], [ -64.74495, -16.522064 ], [ -64.74379, -16.522837 ], [ -64.742541, -16.524146 ], [ -64.741619, -16.525603 ], [ -64.741083, -16.526912 ], [ -64.740697, -16.528339 ], [ -64.740548, -16.529648 ], [ -64.740191, -16.531022 ], [ -64.739947, -16.532615 ], [ -64.740042, -16.534234 ], [ -64.740399, -16.535722 ], [ -64.741202, -16.53712 ], [ -64.742154, -16.53822 ], [ -64.743111, -16.538799 ], [ -64.744534, -16.53944 ], [ -64.745902, -16.539886 ], [ -64.747597, -16.540332 ], [ -64.749852, -16.540486 ], [ -64.752023, -16.54129 ], [ -64.754165, -16.542331 ], [ -64.756187, -16.543788 ], [ -64.758031, -16.545394 ], [ -64.75928, -16.546614 ], [ -64.760143, -16.547506 ], [ -64.760797, -16.548725 ], [ -64.761006, -16.549826 ], [ -64.761124, -16.550986 ], [ -64.761006, -16.551997 ], [ -64.760525, -16.553176 ], [ -64.759633, -16.553926 ], [ -64.758491, -16.554069 ], [ -64.756813, -16.553748 ], [ -64.755386, -16.553462 ], [ -64.753779, -16.553498 ], [ -64.752245, -16.553819 ], [ -64.751177, -16.554566 ], [ -64.750353, -16.556032 ], [ -64.749853, -16.558495 ], [ -64.749818, -16.560886 ], [ -64.749711, -16.563063 ], [ -64.749556, -16.565947 ], [ -64.74908, -16.570087 ], [ -64.748699, -16.573561 ], [ -64.747985, -16.57694 ], [ -64.747367, -16.579891 ], [ -64.747176, -16.582737 ], [ -64.74789, -16.587591 ], [ -64.748842, -16.590398 ], [ -64.750555, -16.593301 ], [ -64.752887, -16.5953 ], [ -64.755504, -16.597489 ], [ -64.757932, -16.599345 ], [ -64.759749, -16.600668 ], [ -64.761177, -16.602274 ], [ -64.762569, -16.603559 ], [ -64.763997, -16.604737 ], [ -64.765353, -16.605808 ], [ -64.766888, -16.606343 ], [ -64.768815, -16.607093 ], [ -64.770528, -16.607949 ], [ -64.77267, -16.608413 ], [ -64.774847, -16.60902 ], [ -64.776667, -16.609627 ], [ -64.778131, -16.610269 ], [ -64.77938, -16.611233 ], [ -64.780215, -16.612197 ], [ -64.781436, -16.613709 ], [ -64.782149, -16.615103 ], [ -64.783253, -16.617262 ], [ -64.784379, -16.620018 ], [ -64.785117, -16.621898 ], [ -64.785809, -16.623162 ], [ -64.78691, -16.624409 ], [ -64.788337, -16.626433 ], [ -64.789468, -16.628039 ], [ -64.790122, -16.629556 ], [ -64.790334, -16.631102 ], [ -64.79033, -16.63262 ], [ -64.789854, -16.633929 ], [ -64.789111, -16.63491 ], [ -64.788189, -16.635683 ], [ -64.78688, -16.636492 ], [ -64.785542, -16.636998 ], [ -64.784025, -16.637266 ], [ -64.782597, -16.637296 ], [ -64.781169, -16.637087 ], [ -64.779652, -16.636849 ], [ -64.778136, -16.636671 ], [ -64.7765, -16.636403 ], [ -64.775369, -16.636403 ], [ -64.77415, -16.636552 ], [ -64.772797, -16.637075 ], [ -64.771339, -16.637908 ], [ -64.769912, -16.63892 ], [ -64.769138, -16.64002 ], [ -64.768246, -16.641358 ], [ -64.767413, -16.642518 ], [ -64.766283, -16.643946 ], [ -64.765301, -16.645195 ], [ -64.764201, -16.646445 ], [ -64.762386, -16.647991 ], [ -64.760614, -16.649591 ], [ -64.758889, -16.651079 ], [ -64.757402, -16.652625 ], [ -64.75645, -16.654053 ], [ -64.755647, -16.6556 ], [ -64.75523, -16.657235 ], [ -64.755379, -16.658842 ], [ -64.755587, -16.660656 ], [ -64.755974, -16.66225 ], [ -64.756479, -16.663559 ], [ -64.757104, -16.664778 ], [ -64.757729, -16.665909 ], [ -64.758175, -16.667396 ], [ -64.758353, -16.669329 ], [ -64.758324, -16.670965 ], [ -64.758324, -16.673023 ], [ -64.758115, -16.674927 ], [ -64.757907, -16.676325 ], [ -64.757818, -16.677663 ], [ -64.758026, -16.679121 ], [ -64.758294, -16.680489 ], [ -64.758918, -16.681678 ], [ -64.75984, -16.683005 ], [ -64.760881, -16.683927 ], [ -64.761893, -16.684671 ], [ -64.763142, -16.685444 ], [ -64.76457, -16.686128 ], [ -64.766027, -16.686425 ], [ -64.76796, -16.686634 ], [ -64.769596, -16.686307 ], [ -64.771589, -16.685652 ], [ -64.77263, -16.684552 ], [ -64.773284, -16.683035 ], [ -64.773433, -16.680982 ], [ -64.772927, -16.678811 ], [ -64.772124, -16.676908 ], [ -64.771173, -16.673862 ], [ -64.769953, -16.671512 ], [ -64.768734, -16.669133 ], [ -64.767633, -16.666813 ], [ -64.766919, -16.664642 ], [ -64.766681, -16.663047 ], [ -64.766741, -16.661441 ], [ -64.767128, -16.659746 ], [ -64.767841, -16.657961 ], [ -64.769061, -16.656593 ], [ -64.770132, -16.655522 ], [ -64.771232, -16.654749 ], [ -64.772095, -16.654214 ], [ -64.773374, -16.653827 ], [ -64.774843, -16.653767 ], [ -64.776509, -16.654095 ], [ -64.777966, -16.654868 ], [ -64.779423, -16.655879 ], [ -64.780524, -16.65695 ], [ -64.781535, -16.658288 ], [ -64.782368, -16.659746 ], [ -64.783052, -16.660757 ], [ -64.783587, -16.662304 ], [ -64.784004, -16.664534 ], [ -64.784063, -16.667271 ], [ -64.784153, -16.670638 ], [ -64.784004, -16.673672 ], [ -64.784093, -16.675873 ], [ -64.784182, -16.677955 ], [ -64.784658, -16.680322 ], [ -64.785342, -16.681899 ], [ -64.786235, -16.683386 ], [ -64.787186, -16.684784 ], [ -64.787891, -16.686193 ], [ -64.788873, -16.687472 ], [ -64.789854, -16.688484 ], [ -64.790776, -16.689376 ], [ -64.792174, -16.690358 ], [ -64.79378, -16.690952 ], [ -64.795387, -16.691518 ], [ -64.797617, -16.69238 ], [ -64.799461, -16.692856 ], [ -64.801677, -16.693171 ], [ -64.803878, -16.693647 ], [ -64.805841, -16.69448 ], [ -64.807269, -16.69561 ], [ -64.808459, -16.696919 ], [ -64.809381, -16.698376 ], [ -64.809916, -16.699863 ], [ -64.810065, -16.701946 ], [ -64.80994, -16.70401 ], [ -64.809179, -16.707198 ], [ -64.808322, -16.709197 ], [ -64.806799, -16.711434 ], [ -64.805276, -16.712623 ], [ -64.803373, -16.713861 ], [ -64.801326, -16.714812 ], [ -64.799375, -16.715384 ], [ -64.796948, -16.715336 ], [ -64.794949, -16.715003 ], [ -64.792237, -16.715098 ], [ -64.790476, -16.715574 ], [ -64.788144, -16.716621 ], [ -64.78586, -16.718144 ], [ -64.78359, -16.720104 ], [ -64.782067, -16.722293 ], [ -64.781068, -16.724768 ], [ -64.780449, -16.727576 ], [ -64.780163, -16.730336 ], [ -64.780306, -16.733287 ], [ -64.78083, -16.736047 ], [ -64.781639, -16.739254 ], [ -64.78259, -16.741777 ], [ -64.783447, -16.744299 ], [ -64.784732, -16.74644 ], [ -64.786207, -16.747754 ], [ -64.78773, -16.748658 ], [ -64.789396, -16.749562 ], [ -64.790966, -16.749943 ], [ -64.792489, -16.7498 ], [ -64.79425, -16.749181 ], [ -64.795963, -16.748087 ], [ -64.797676, -16.746326 ], [ -64.798247, -16.744708 ], [ -64.798676, -16.742471 ], [ -64.799056, -16.740377 ], [ -64.800103, -16.738807 ], [ -64.801674, -16.737189 ], [ -64.803387, -16.735523 ], [ -64.805243, -16.734476 ], [ -64.807622, -16.73381 ], [ -64.811063, -16.73283 ], [ -64.814204, -16.731783 ], [ -64.816583, -16.73026 ], [ -64.819439, -16.728356 ], [ -64.821533, -16.726833 ], [ -64.823674, -16.725596 ], [ -64.825959, -16.724787 ], [ -64.828386, -16.724549 ], [ -64.830717, -16.724644 ], [ -64.832621, -16.725263 ], [ -64.83481, -16.726738 ], [ -64.83619, -16.728214 ], [ -64.83719, -16.730117 ], [ -64.838094, -16.73164 ], [ -64.839379, -16.732877 ], [ -64.840902, -16.734781 ], [ -64.842044, -16.736542 ], [ -64.842662, -16.738874 ], [ -64.842758, -16.741158 ], [ -64.842405, -16.743302 ], [ -64.841449, -16.745524 ], [ -64.839624, -16.746688 ], [ -64.837056, -16.747906 ], [ -64.834203, -16.749397 ], [ -64.831489, -16.75206 ], [ -64.830735, -16.754035 ], [ -64.830094, -16.755498 ], [ -64.829665, -16.757367 ], [ -64.829575, -16.759591 ], [ -64.829966, -16.76156 ], [ -64.830615, -16.763275 ], [ -64.831549, -16.765228 ], [ -64.831979, -16.765845 ], [ -64.833036, -16.767378 ], [ -64.834318, -16.769088 ], [ -64.835228, -16.770765 ], [ -64.835503, -16.772233 ], [ -64.835142, -16.773492 ], [ -64.834332, -16.774431 ], [ -64.833297, -16.775193 ], [ -64.832111, -16.775706 ], [ -64.830325, -16.775794 ], [ -64.828798, -16.775351 ], [ -64.827399, -16.774336 ], [ -64.826128, -16.773305 ], [ -64.825119, -16.772156 ], [ -64.824215, -16.771041 ], [ -64.82314, -16.770142 ], [ -64.821465, -16.76889 ], [ -64.819423, -16.767342 ], [ -64.817741, -16.766639 ], [ -64.816023, -16.766045 ], [ -64.81449, -16.765269 ], [ -64.812806, -16.764388 ], [ -64.81075, -16.763402 ], [ -64.808845, -16.762701 ], [ -64.806755, -16.762146 ], [ -64.804855, -16.762019 ], [ -64.802995, -16.762071 ], [ -64.80084, -16.762484 ], [ -64.798946, -16.763039 ], [ -64.797241, -16.763807 ], [ -64.795614, -16.764968 ], [ -64.794551, -16.766627 ], [ -64.794007, -16.768246 ], [ -64.793985, -16.769824 ], [ -64.794444, -16.771147 ], [ -64.795274, -16.772359 ], [ -64.796438, -16.773425 ], [ -64.797749, -16.774202 ], [ -64.79924, -16.774476 ], [ -64.800616, -16.774404 ], [ -64.801928, -16.774058 ], [ -64.803114, -16.773474 ], [ -64.804148, -16.772628 ], [ -64.805081, -16.771544 ], [ -64.806013, -16.770436 ], [ -64.806922, -16.7694 ], [ -64.807856, -16.768483 ], [ -64.808867, -16.767733 ], [ -64.810115, -16.767244 ], [ -64.811454, -16.767089 ], [ -64.812609, -16.767187 ], [ -64.813915, -16.76757 ], [ -64.815151, -16.768383 ], [ -64.815943, -16.769416 ], [ -64.816293, -16.770991 ], [ -64.816271, -16.772641 ], [ -64.816061, -16.774042 ], [ -64.815626, -16.775301 ], [ -64.814895, -16.77667 ], [ -64.813861, -16.777611 ], [ -64.812265, -16.778371 ], [ -64.810599, -16.779282 ], [ -64.808819, -16.779979 ], [ -64.807378, -16.78114 ], [ -64.806496, -16.782402 ], [ -64.805356, -16.783883 ], [ -64.80459, -16.785503 ], [ -64.804126, -16.787587 ], [ -64.803921, -16.789597 ], [ -64.803891, -16.792071 ], [ -64.803504, -16.794135 ], [ -64.802652, -16.795995 ], [ -64.80161, -16.79732 ], [ -64.800189, -16.797989 ], [ -64.798516, -16.798243 ], [ -64.796835, -16.79766 ], [ -64.794843, -16.7969 ], [ -64.793224, -16.796317 ], [ -64.791174, -16.796096 ], [ -64.789561, -16.79605 ], [ -64.787577, -16.796306 ], [ -64.785907, -16.796799 ], [ -64.784302, -16.797733 ], [ -64.782948, -16.79894 ], [ -64.78141, -16.800328 ], [ -64.780059, -16.801834 ], [ -64.779083, -16.803696 ], [ -64.778728, -16.805552 ], [ -64.778932, -16.807463 ], [ -64.779388, -16.80979 ], [ -64.780091, -16.811935 ], [ -64.781907, -16.813713 ], [ -64.783905, -16.81501 ], [ -64.785836, -16.81583 ], [ -64.787579, -16.816389 ], [ -64.789643, -16.818044 ], [ -64.79109, -16.820124 ], [ -64.79229, -16.822444 ], [ -64.79269, -16.82537 ], [ -64.792593, -16.82818 ], [ -64.791933, -16.830636 ], [ -64.791408, -16.833774 ], [ -64.791191, -16.837552 ], [ -64.79092, -16.840423 ], [ -64.790274, -16.842939 ], [ -64.789249, -16.844884 ], [ -64.787701, -16.846548 ], [ -64.786147, -16.847637 ], [ -64.784367, -16.848441 ], [ -64.782312, -16.848158 ], [ -64.780997, -16.847768 ], [ -64.7795, -16.84692 ], [ -64.778536, -16.845838 ], [ -64.777983, -16.844064 ], [ -64.77791, -16.84263 ], [ -64.778671, -16.841075 ], [ -64.779909, -16.839744 ], [ -64.781749, -16.838925 ], [ -64.783827, -16.838161 ], [ -64.785903, -16.837225 ], [ -64.787563, -16.836292 ], [ -64.788918, -16.834617 ], [ -64.789319, -16.832949 ], [ -64.789177, -16.830483 ], [ -64.788623, -16.828594 ], [ -64.787294, -16.826712 ], [ -64.785378, -16.825696 ], [ -64.783588, -16.825367 ], [ -64.781443, -16.825386 ], [ -64.779541, -16.825862 ], [ -64.777998, -16.826449 ], [ -64.776755, -16.827378 ], [ -64.775451, -16.828077 ], [ -64.773909, -16.828837 ], [ -64.772187, -16.829483 ], [ -64.770463, -16.829842 ], [ -64.769039, -16.830543 ], [ -64.767915, -16.831298 ], [ -64.766316, -16.832402 ], [ -64.765008, -16.832643 ], [ -64.763761, -16.833113 ], [ -64.762397, -16.833813 ], [ -64.761513, -16.834853 ], [ -64.760871, -16.836293 ], [ -64.760588, -16.837902 ], [ -64.761022, -16.839735 ], [ -64.76175, -16.841163 ], [ -64.762832, -16.842244 ], [ -64.764031, -16.84298 ], [ -64.765287, -16.843485 ], [ -64.766723, -16.84415 ], [ -64.768399, -16.844939 ], [ -64.771209, -16.846005 ], [ -64.77325, -16.847594 ], [ -64.77505, -16.849013 ], [ -64.776198, -16.850667 ], [ -64.77693, -16.852439 ], [ -64.776613, -16.85394 ], [ -64.775351, -16.855056 ], [ -64.7744, -16.85623 ], [ -64.773294, -16.857435 ], [ -64.772649, -16.858128 ], [ -64.772314, -16.858848 ], [ -64.771857, -16.859749 ], [ -64.771275, -16.860591 ], [ -64.770566, -16.861105 ], [ -64.769576, -16.861442 ], [ -64.768551, -16.861331 ], [ -64.767648, -16.86098 ], [ -64.767024, -16.860597 ], [ -64.766271, -16.859797 ], [ -64.765474, -16.858882 ], [ -64.764747, -16.858028 ], [ -64.764138, -16.85667 ], [ -64.763654, -16.855383 ], [ -64.763123, -16.85436 ], [ -64.762271, -16.853435 ], [ -64.761146, -16.852608 ], [ -64.759578, -16.852167 ], [ -64.757714, -16.851992 ], [ -64.755551, -16.852249 ], [ -64.753917, -16.852693 ], [ -64.752056, -16.852877 ], [ -64.750616, -16.852793 ], [ -64.749446, -16.852445 ], [ -64.747877, -16.85198 ], [ -64.746236, -16.851659 ], [ -64.74472, -16.851576 ], [ -64.743283, -16.851828 ], [ -64.741727, -16.852773 ], [ -64.740644, -16.853739 ], [ -64.73991, -16.854988 ], [ -64.739524, -16.856211 ], [ -64.739587, -16.857717 ], [ -64.740247, -16.859241 ], [ -64.741227, -16.860548 ], [ -64.742702, -16.861587 ], [ -64.744416, -16.862252 ], [ -64.746383, -16.86288 ], [ -64.748472, -16.863221 ], [ -64.751132, -16.863533 ], [ -64.752474, -16.863665 ], [ -64.753938, -16.863653 ], [ -64.755456, -16.863951 ], [ -64.757172, -16.864271 ], [ -64.758315, -16.86438 ], [ -64.759582, -16.864417 ], [ -64.76121, -16.864636 ], [ -64.763047, -16.865278 ], [ -64.764758, -16.865712 ], [ -64.766472, -16.866414 ], [ -64.767876, -16.867209 ], [ -64.769097, -16.868334 ], [ -64.770074, -16.869909 ], [ -64.770401, -16.871759 ], [ -64.770103, -16.873017 ], [ -64.769648, -16.874187 ], [ -64.76882, -16.87524 ], [ -64.767649, -16.876146 ], [ -64.766146, -16.876757 ], [ -64.764566, -16.877129 ], [ -64.762892, -16.877323 ], [ -64.761246, -16.877248 ], [ -64.759441, -16.876665 ], [ -64.757665, -16.875933 ], [ -64.755857, -16.875112 ], [ -64.754425, -16.874286 ], [ -64.753275, -16.87346 ], [ -64.751775, -16.872301 ], [ -64.750151, -16.871215 ], [ -64.749, -16.870245 ], [ -64.747997, -16.869177 ], [ -64.747192, -16.86806 ], [ -64.746363, -16.867039 ], [ -64.745339, -16.866355 ], [ -64.744117, -16.865768 ], [ -64.742749, -16.865516 ], [ -64.741682, -16.865549 ], [ -64.740343, -16.865823 ], [ -64.739033, -16.866408 ], [ -64.737873, -16.867202 ], [ -64.736989, -16.86831 ], [ -64.73648, -16.869605 ], [ -64.736195, -16.871042 ], [ -64.736234, -16.87262 ], [ -64.736546, -16.874171 ], [ -64.736979, -16.875363 ], [ -64.737616, -16.876457 ], [ -64.738682, -16.877643 ], [ -64.739996, -16.878708 ], [ -64.741434, -16.879862 ], [ -64.742777, -16.880747 ], [ -64.744118, -16.881452 ], [ -64.745366, -16.882099 ], [ -64.746924, -16.882773 ], [ -64.748264, -16.88336 ], [ -64.749947, -16.884021 ], [ -64.751262, -16.884469 ], [ -64.752637, -16.884916 ], [ -64.753851, -16.885135 ], [ -64.754746, -16.885319 ], [ -64.75594, -16.885538 ], [ -64.756777, -16.885837 ], [ -64.757735, -16.886288 ], [ -64.758534, -16.886702 ], [ -64.759254, -16.887308 ], [ -64.759916, -16.887991 ], [ -64.760441, -16.888904 ], [ -64.760668, -16.889801 ], [ -64.760618, -16.890857 ], [ -64.760429, -16.891911 ], [ -64.760101, -16.892927 ], [ -64.759614, -16.893907 ], [ -64.758886, -16.894736 ], [ -64.758058, -16.895431 ], [ -64.75727, -16.896088 ], [ -64.756501, -16.896726 ], [ -64.755473, -16.897347 ], [ -64.754722, -16.897625 ], [ -64.753731, -16.897932 ], [ -64.752583, -16.898032 ], [ -64.751495, -16.897921 ], [ -64.750313, -16.897633 ], [ -64.749285, -16.897193 ], [ -64.748069, -16.896606 ], [ -64.746882, -16.895839 ], [ -64.745697, -16.895191 ], [ -64.744448, -16.894395 ], [ -64.74338, -16.893119 ], [ -64.742596, -16.892199 ], [ -64.74212, -16.891098 ], [ -64.741955, -16.890053 ], [ -64.741789, -16.888799 ], [ -64.741377, -16.887877 ], [ -64.740903, -16.887014 ], [ -64.739964, -16.886155 ], [ -64.738812, -16.885747 ], [ -64.737878, -16.885486 ], [ -64.736638, -16.885616 ], [ -64.735152, -16.886106 ], [ -64.733578, -16.887076 ], [ -64.732348, -16.888282 ], [ -64.731581, -16.889275 ], [ -64.730753, -16.890417 ], [ -64.729961, -16.892038 ], [ -64.729261, -16.893568 ], [ -64.7285, -16.895278 ], [ -64.727985, -16.896657 ], [ -64.727812, -16.898093 ], [ -64.728041, -16.899376 ], [ -64.728672, -16.900536 ], [ -64.729426, -16.901456 ], [ -64.730611, -16.902074 ], [ -64.732284, -16.902448 ], [ -64.733868, -16.902524 ], [ -64.735171, -16.902364 ], [ -64.736597, -16.902202 ], [ -64.737932, -16.902221 ], [ -64.739176, -16.902449 ], [ -64.740701, -16.902885 ], [ -64.742073, -16.90353 ], [ -64.743382, -16.904147 ], [ -64.744757, -16.905121 ], [ -64.745727, -16.90595 ], [ -64.746576, -16.907078 ], [ -64.747175, -16.908059 ], [ -64.74768, -16.909041 ], [ -64.748652, -16.910019 ], [ -64.749279, -16.910731 ], [ -64.74988, -16.911862 ], [ -64.7502, -16.912911 ], [ -64.750462, -16.914433 ], [ -64.750352, -16.915958 ], [ -64.749773, -16.917158 ], [ -64.748883, -16.918242 ], [ -64.747681, -16.919178 ], [ -64.745947, -16.919671 ], [ -64.744471, -16.919923 ], [ -64.743136, -16.919934 ], [ -64.742009, -16.91974 ], [ -64.740865, -16.919356 ], [ -64.739866, -16.918767 ], [ -64.739208, -16.918145 ], [ -64.738764, -16.917132 ], [ -64.738445, -16.916119 ], [ -64.737941, -16.915376 ], [ -64.737189, -16.914606 ], [ -64.736222, -16.914136 ], [ -64.735072, -16.913936 ], [ -64.734047, -16.913945 ], [ -64.732622, -16.914286 ], [ -64.731199, -16.914776 ], [ -64.729962, -16.915294 ], [ -64.728881, -16.915991 ], [ -64.727927, -16.916866 ], [ -64.726879, -16.917652 ], [ -64.726014, -16.918137 ], [ -64.725086, -16.918563 ], [ -64.724097, -16.91908 ], [ -64.722956, -16.919836 ], [ -64.721878, -16.920832 ], [ -64.721049, -16.921885 ], [ -64.720533, -16.923144 ], [ -64.720141, -16.924403 ], [ -64.719906, -16.925839 ], [ -64.720102, -16.926973 ], [ -64.720671, -16.928074 ], [ -64.721549, -16.928993 ], [ -64.72261, -16.929612 ], [ -64.723947, -16.92987 ], [ -64.725189, -16.929859 ], [ -64.726087, -16.929553 ], [ -64.726951, -16.929007 ], [ -64.727783, -16.928343 ], [ -64.728459, -16.9275 ], [ -64.728979, -16.926719 ], [ -64.729592, -16.925787 ], [ -64.73033, -16.925034 ], [ -64.73144, -16.924188 ], [ -64.732677, -16.923609 ], [ -64.734071, -16.923299 ], [ -64.735499, -16.923257 ], [ -64.736742, -16.923485 ], [ -64.737742, -16.924104 ], [ -64.738494, -16.924875 ], [ -64.739216, -16.925795 ], [ -64.7395, -16.926301 ], [ -64.739726, -16.927196 ], [ -64.73964, -16.928003 ], [ -64.739087, -16.928636 ], [ -64.738409, -16.929255 ], [ -64.737136, -16.930212 ], [ -64.736099, -16.930924 ], [ -64.735376, -16.931676 ], [ -64.73492, -16.932397 ], [ -64.73454, -16.933132 ], [ -64.734411, -16.93397 ], [ -64.734238, -16.935442 ], [ -64.73436, -16.936624 ], [ -64.734633, -16.937877 ], [ -64.735314, -16.938983 ], [ -64.736289, -16.939763 ], [ -64.737451, -16.940471 ], [ -64.738648, -16.941034 ], [ -64.739991, -16.941131 ], [ -64.741294, -16.941012 ], [ -64.742408, -16.940644 ], [ -64.743409, -16.940097 ], [ -64.744448, -16.939622 ], [ -64.745526, -16.939398 ], [ -64.746571, -16.939568 ], [ -64.747396, -16.940171 ], [ -64.747553, -16.940994 ], [ -64.747077, -16.941895 ], [ -64.746261, -16.942261 ], [ -64.745332, -16.942555 ], [ -64.744493, -16.942921 ], [ -64.743158, -16.943614 ], [ -64.741824, -16.944343 ], [ -64.740714, -16.945284 ], [ -64.739605, -16.94619 ], [ -64.738536, -16.947491 ], [ -64.73784, -16.948716 ], [ -64.736957, -16.950014 ], [ -64.735925, -16.951242 ], [ -64.735001, -16.952039 ], [ -64.733779, -16.952839 ], [ -64.732777, -16.953277 ], [ -64.731626, -16.953753 ], [ -64.730624, -16.954156 ], [ -64.729208, -16.95424 ], [ -64.727942, -16.954251 ], [ -64.726672, -16.953903 ], [ -64.72555, -16.953482 ], [ -64.724465, -16.952989 ], [ -64.723398, -16.952107 ], [ -64.722625, -16.951463 ], [ -64.721687, -16.950753 ], [ -64.720822, -16.949864 ], [ -64.720105, -16.948866 ], [ -64.71972, -16.947542 ], [ -64.719223, -16.946112 ], [ -64.718651, -16.944718 ], [ -64.717972, -16.943791 ], [ -64.716846, -16.942833 ], [ -64.715573, -16.942198 ], [ -64.71408, -16.941923 ], [ -64.712518, -16.942223 ], [ -64.71133, -16.942736 ], [ -64.710295, -16.943605 ], [ -64.70952, -16.944436 ], [ -64.708897, -16.945553 ], [ -64.708499, -16.946883 ], [ -64.708362, -16.948283 ], [ -64.708527, -16.949967 ], [ -64.70895, -16.951434 ], [ -64.708396, -16.952018 ], [ -64.707243, -16.952052 ], [ -64.705341, -16.951758 ], [ -64.703595, -16.951734 ], [ -64.702131, -16.951979 ], [ -64.7006, -16.952398 ], [ -64.699203, -16.953196 ], [ -64.699017, -16.953274 ], [ -64.697867, -16.953822 ], [ -64.696793, -16.954512 ], [ -64.69598, -16.955272 ], [ -64.695354, -16.956102 ], [ -64.694394, -16.957078 ], [ -64.693619, -16.957946 ], [ -64.69251, -16.958995 ], [ -64.691148, -16.960025 ], [ -64.689667, -16.961077 ], [ -64.688037, -16.96213 ], [ -64.686107, -16.963043 ], [ -64.684291, -16.964134 ], [ -64.682771, -16.964971 ], [ -64.681326, -16.96588 ], [ -64.679918, -16.966788 ], [ -64.678807, -16.967622 ], [ -64.677623, -16.968564 ], [ -64.676773, -16.96936 ], [ -64.675849, -16.970193 ], [ -64.675035, -16.970881 ], [ -64.674372, -16.971747 ], [ -64.673785, -16.972827 ], [ -64.673422, -16.97387 ], [ -64.67332, -16.974983 ], [ -64.673292, -16.976059 ], [ -64.673561, -16.977025 ], [ -64.674262, -16.977859 ], [ -64.675276, -16.978783 ], [ -64.676622, -16.979274 ], [ -64.677888, -16.979156 ], [ -64.678926, -16.978538 ], [ -64.679814, -16.977741 ], [ -64.680697, -16.976443 ], [ -64.681355, -16.975039 ], [ -64.681827, -16.973636 ], [ -64.682262, -16.972306 ], [ -64.682812, -16.971297 ], [ -64.683512, -16.970395 ], [ -64.6844, -16.96967 ], [ -64.685475, -16.969052 ], [ -64.686815, -16.968861 ], [ -64.68827, -16.969064 ], [ -64.689469, -16.9697 ], [ -64.690594, -16.970587 ], [ -64.691425, -16.9718 ], [ -64.691772, -16.973088 ], [ -64.691669, -16.974021 ], [ -64.691456, -16.975278 ], [ -64.691316, -16.976283 ], [ -64.691551, -16.977573 ], [ -64.691935, -16.978789 ], [ -64.692654, -16.980059 ], [ -64.693559, -16.981164 ], [ -64.694498, -16.981945 ], [ -64.695695, -16.982509 ], [ -64.696819, -16.983109 ], [ -64.698313, -16.983527 ], [ -64.699732, -16.983874 ], [ -64.700928, -16.984151 ], [ -64.702347, -16.984462 ], [ -64.703468, -16.984811 ], [ -64.704494, -16.984971 ], [ -64.705483, -16.985153 ], [ -64.706269, -16.985469 ], [ -64.707093, -16.985964 ], [ -64.708069, -16.986673 ], [ -64.708672, -16.987457 ], [ -64.709203, -16.988492 ], [ -64.709511, -16.989566 ], [ -64.709673, -16.990963 ], [ -64.709611, -16.992362 ], [ -64.7094, -16.993784 ], [ -64.708964, -16.995007 ], [ -64.708494, -16.996553 ], [ -64.708282, -16.997882 ], [ -64.708406, -16.999244 ], [ -64.708193, -17.000393 ], [ -64.707603, -17.001115 ], [ -64.706715, -17.00184 ], [ -64.705676, -17.002351 ], [ -64.704263, -17.002757 ], [ -64.70281, -17.002733 ], [ -64.70169, -17.002563 ], [ -64.700493, -17.002143 ], [ -64.699371, -17.001614 ], [ -64.698283, -17.000906 ], [ -64.697308, -17.000197 ], [ -64.696344, -16.999137 ], [ -64.695612, -16.998131 ], [ -64.695231, -16.997238 ], [ -64.695184, -16.996126 ], [ -64.695362, -16.995157 ], [ -64.695912, -16.994184 ], [ -64.696762, -16.993352 ], [ -64.697647, -16.992304 ], [ -64.698121, -16.991153 ], [ -64.698333, -16.989824 ], [ -64.698322, -16.988677 ], [ -64.697862, -16.987282 ], [ -64.697144, -16.98614 ], [ -64.696241, -16.985144 ], [ -64.69505, -16.984551 ], [ -64.693816, -16.984095 ], [ -64.692322, -16.983713 ], [ -64.691017, -16.983652 ], [ -64.689266, -16.983703 ], [ -64.687703, -16.983967 ], [ -64.686476, -16.984264 ], [ -64.685099, -16.984526 ], [ -64.683537, -16.984826 ], [ -64.682273, -16.985231 ], [ -64.681048, -16.985779 ], [ -64.679824, -16.986434 ], [ -64.678676, -16.987219 ], [ -64.677826, -16.98805 ], [ -64.677051, -16.988953 ], [ -64.676199, -16.989462 ], [ -64.675272, -16.990044 ], [ -64.674347, -16.990769 ], [ -64.673534, -16.991564 ], [ -64.672981, -16.992286 ], [ -64.672394, -16.993331 ], [ -64.672105, -16.994409 ], [ -64.671967, -16.995594 ], [ -64.672126, -16.99674 ], [ -64.672671, -16.997967 ], [ -64.673525, -16.998964 ], [ -64.674485, -16.999645 ], [ -64.675562, -17.000038 ], [ -64.676875, -17.000161 ], [ -64.677927, -16.99998 ], [ -64.679197, -16.999683 ], [ -64.680089, -16.999388 ], [ -64.68084, -16.999 ], [ -64.681617, -16.99863 ], [ -64.682111, -16.998237 ], [ -64.682386, -16.997757 ], [ -64.682692, -16.997246 ], [ -64.683215, -16.996674 ], [ -64.684111, -16.996159 ], [ -64.684884, -16.995734 ], [ -64.685907, -16.995516 ], [ -64.686838, -16.995419 ], [ -64.687895, -16.995559 ], [ -64.688767, -16.995881 ], [ -64.689549, -16.996442 ], [ -64.690238, -16.997034 ], [ -64.690867, -16.997955 ], [ -64.691247, -16.998819 ], [ -64.691381, -16.999834 ], [ -64.691359, -17.00091 ], [ -64.69109, -17.001988 ], [ -64.690634, -17.003098 ], [ -64.69024, -17.004237 ], [ -64.689877, -17.005345 ], [ -64.689606, -17.006244 ], [ -64.68946, -17.007351 ], [ -64.689501, -17.008427 ], [ -64.689728, -17.009531 ], [ -64.690175, -17.010872 ], [ -64.690462, -17.011706 ], [ -64.690814, -17.012869 ], [ -64.691012, -17.014063 ], [ -64.69093, -17.015318 ], [ -64.690659, -17.016277 ], [ -64.6902, -17.017118 ], [ -64.689554, -17.017751 ], [ -64.688629, -17.018505 ], [ -64.687577, -17.019052 ], [ -64.686028, -17.019453 ], [ -64.684704, -17.019364 ], [ -64.683319, -17.019322 ], [ -64.682097, -17.018906 ], [ -64.681367, -17.018596 ], [ -64.680489, -17.018202 ], [ -64.67975, -17.017845 ], [ -64.67899, -17.017373 ], [ -64.678224, -17.016972 ], [ -64.677497, -17.016284 ], [ -64.676642, -17.015144 ], [ -64.675764, -17.014266 ], [ -64.674939, -17.013651 ], [ -64.67389, -17.01311 ], [ -64.672744, -17.012785 ], [ -64.671825, -17.012792 ], [ -64.670933, -17.013111 ], [ -64.67002, -17.013811 ], [ -64.669171, -17.01444 ], [ -64.668331, -17.015021 ], [ -64.667292, -17.015531 ], [ -64.666375, -17.015874 ], [ -64.665183, -17.015859 ], [ -64.664088, -17.015701 ], [ -64.663313, -17.015181 ], [ -64.662858, -17.014372 ], [ -64.662652, -17.013537 ], [ -64.662643, -17.012461 ], [ -64.662832, -17.011432 ], [ -64.663471, -17.010542 ], [ -64.664307, -17.009626 ], [ -64.665144, -17.008687 ], [ -64.665634, -17.007846 ], [ -64.665946, -17.006672 ], [ -64.665861, -17.005477 ], [ -64.665502, -17.004237 ], [ -64.664998, -17.003381 ], [ -64.664321, -17.002693 ], [ -64.663471, -17.002126 ], [ -64.662326, -17.00192 ], [ -64.661059, -17.001906 ], [ -64.659918, -17.002203 ], [ -64.65873, -17.002738 ], [ -64.657643, -17.003464 ], [ -64.656663, -17.0044 ], [ -64.655628, -17.005484 ], [ -64.654594, -17.006545 ], [ -64.65383, -17.00722 ], [ -64.652965, -17.007754 ], [ -64.651974, -17.00812 ], [ -64.650709, -17.00837 ], [ -64.649568, -17.008594 ], [ -64.648425, -17.008627 ], [ -64.647257, -17.008637 ], [ -64.646112, -17.008431 ], [ -64.644966, -17.008129 ], [ -64.643845, -17.007756 ], [ -64.642698, -17.007311 ], [ -64.641396, -17.006723 ], [ -64.640099, -17.006184 ], [ -64.638801, -17.005573 ], [ -64.63743, -17.005034 ], [ -64.635986, -17.004759 ], [ -64.634668, -17.00465 ], [ -64.633275, -17.00447 ], [ -64.632131, -17.004311 ], [ -64.631063, -17.004368 ], [ -64.62981, -17.004617 ], [ -64.628697, -17.005194 ], [ -64.627865, -17.005918 ], [ -64.627128, -17.00691 ], [ -64.626733, -17.007989 ], [ -64.626742, -17.009065 ], [ -64.62697, -17.010288 ], [ -64.627571, -17.011509 ], [ -64.628357, -17.012608 ], [ -64.629328, -17.013557 ], [ -64.630265, -17.014147 ], [ -64.631356, -17.014497 ], [ -64.632381, -17.014578 ], [ -64.633345, -17.0146 ], [ -64.634277, -17.014623 ], [ -64.635366, -17.014901 ], [ -64.636489, -17.015358 ], [ -64.637689, -17.016209 ], [ -64.638609, -17.01715 ], [ -64.639274, -17.018139 ], [ -64.639982, -17.019549 ], [ -64.640429, -17.020712 ], [ -64.640717, -17.0218 ], [ -64.640767, -17.023005 ], [ -64.640898, -17.02427 ], [ -64.640987, -17.025417 ], [ -64.641058, -17.026717 ], [ -64.641168, -17.027883 ], [ -64.641317, -17.02901 ], [ -64.641526, -17.030252 ], [ -64.641578, -17.031609 ], [ -64.641472, -17.03314 ], [ -64.641337, -17.034116 ], [ -64.640924, -17.035239 ], [ -64.64032, -17.036105 ], [ -64.639671, -17.036913 ], [ -64.638664, -17.037725 ], [ -64.637759, -17.038263 ], [ -64.636703, -17.038573 ], [ -64.635572, -17.038854 ], [ -64.634529, -17.038977 ], [ -64.633441, -17.039072 ], [ -64.632307, -17.038967 ], [ -64.631097, -17.038661 ], [ -64.630073, -17.038317 ], [ -64.629371, -17.038024 ], [ -64.628493, -17.037591 ], [ -64.627413, -17.036911 ], [ -64.626472, -17.036192 ], [ -64.625591, -17.035377 ], [ -64.624807, -17.034465 ], [ -64.624221, -17.033387 ], [ -64.624154, -17.032546 ], [ -64.624365, -17.031569 ], [ -64.624696, -17.030744 ], [ -64.625305, -17.029916 ], [ -64.626114, -17.029279 ], [ -64.626844, -17.028546 ], [ -64.627493, -17.027737 ], [ -64.628023, -17.026987 ], [ -64.628374, -17.026143 ], [ -64.628644, -17.025165 ], [ -64.628835, -17.024265 ], [ -64.628766, -17.023194 ], [ -64.628519, -17.022259 ], [ -64.628193, -17.021343 ], [ -64.627667, -17.020238 ], [ -64.626962, -17.019211 ], [ -64.626178, -17.018242 ], [ -64.625296, -17.017369 ], [ -64.624254, -17.016478 ], [ -64.622951, -17.015704 ], [ -64.621873, -17.015139 ], [ -64.620916, -17.014841 ], [ -64.619821, -17.014658 ], [ -64.618729, -17.014743 ], [ -64.617876, -17.015018 ], [ -64.616987, -17.015675 ], [ -64.616437, -17.016426 ], [ -64.615907, -17.017195 ], [ -64.615797, -17.018305 ], [ -64.615807, -17.019453 ], [ -64.616156, -17.020712 ], [ -64.616603, -17.021837 ], [ -64.617327, -17.022822 ], [ -64.618249, -17.023676 ], [ -64.619073, -17.024798 ], [ -64.619741, -17.026093 ], [ -64.620348, -17.027351 ], [ -64.620657, -17.02863 ], [ -64.620629, -17.029954 ], [ -64.620501, -17.031274 ], [ -64.620152, -17.03231 ], [ -64.619307, -17.033484 ], [ -64.618203, -17.034525 ], [ -64.617413, -17.035163 ], [ -64.616224, -17.035574 ], [ -64.615111, -17.035659 ], [ -64.614055, -17.035419 ], [ -64.613077, -17.034987 ], [ -64.612272, -17.034392 ], [ -64.611781, -17.033666 ], [ -64.611463, -17.032748 ], [ -64.611155, -17.031639 ], [ -64.610949, -17.030792 ], [ -64.610759, -17.030126 ], [ -64.610545, -17.029525 ], [ -64.610194, -17.028653 ], [ -64.60971, -17.027868 ], [ -64.609108, -17.027198 ], [ -64.608149, -17.026661 ], [ -64.607161, -17.02621 ], [ -64.60625, -17.025944 ], [ -64.60522, -17.025838 ], [ -64.604057, -17.025919 ], [ -64.603104, -17.02607 ], [ -64.602033, -17.026336 ], [ -64.60058, -17.026782 ], [ -64.59961, -17.027249 ], [ -64.59878, -17.027772 ], [ -64.597931, -17.028467 ], [ -64.596843, -17.029221 ], [ -64.595755, -17.029861 ], [ -64.594706, -17.030424 ], [ -64.593638, -17.031006 ], [ -64.592491, -17.031742 ], [ -64.59168, -17.032322 ], [ -64.590811, -17.032922 ], [ -64.59004, -17.033502 ], [ -64.588954, -17.034314 ], [ -64.588203, -17.034893 ], [ -64.587575, -17.035613 ], [ -64.587048, -17.036727 ], [ -64.586779, -17.037915 ], [ -64.586928, -17.039004 ], [ -64.587476, -17.0403 ], [ -64.588381, -17.041555 ], [ -64.58914, -17.042028 ], [ -64.590058, -17.042327 ], [ -64.591232, -17.04247 ], [ -64.592541, -17.042078 ], [ -64.593554, -17.041496 ], [ -64.594384, -17.040935 ], [ -64.595234, -17.040354 ], [ -64.595886, -17.039756 ], [ -64.596457, -17.039178 ], [ -64.597147, -17.038407 ], [ -64.597898, -17.037923 ], [ -64.59889, -17.037647 ], [ -64.600159, -17.037293 ], [ -64.60133, -17.036978 ], [ -64.602337, -17.036587 ], [ -64.603168, -17.036179 ], [ -64.604059, -17.035713 ], [ -64.605069, -17.035265 ], [ -64.606141, -17.035065 ], [ -64.607433, -17.034998 ], [ -64.608588, -17.035199 ], [ -64.609704, -17.035554 ], [ -64.610764, -17.03631 ], [ -64.611489, -17.03728 ], [ -64.611837, -17.038463 ], [ -64.611847, -17.039687 ], [ -64.611558, -17.04078 ], [ -64.611111, -17.041686 ], [ -64.610582, -17.042594 ], [ -64.609992, -17.04333 ], [ -64.609074, -17.044055 ], [ -64.608064, -17.044536 ], [ -64.607364, -17.044642 ], [ -64.606335, -17.044736 ], [ -64.60526, -17.044587 ], [ -64.604141, -17.04451 ], [ -64.603049, -17.044691 ], [ -64.601958, -17.04501 ], [ -64.600844, -17.045449 ], [ -64.599656, -17.046056 ], [ -64.598358, -17.046838 ], [ -64.597494, -17.047532 ], [ -64.596848, -17.048344 ], [ -64.596235, -17.049275 ], [ -64.595499, -17.050447 ], [ -64.594767, -17.051481 ], [ -64.594116, -17.05228 ], [ -64.593223, -17.053214 ], [ -64.592515, -17.053937 ], [ -64.591338, -17.054394 ], [ -64.590469, -17.054461 ], [ -64.589193, -17.054321 ], [ -64.58807, -17.053977 ], [ -64.587104, -17.053352 ], [ -64.586319, -17.052431 ], [ -64.585626, -17.051301 ], [ -64.585366, -17.049958 ], [ -64.585319, -17.048105 ], [ -64.585222, -17.046372 ], [ -64.584804, -17.044701 ], [ -64.583952, -17.043154 ], [ -64.582822, -17.041818 ], [ -64.581508, -17.040632 ], [ -64.580163, -17.039597 ], [ -64.579037, -17.038709 ], [ -64.578469, -17.037667 ], [ -64.577993, -17.036446 ], [ -64.577676, -17.035701 ], [ -64.576921, -17.034571 ], [ -64.575763, -17.033624 ], [ -64.574483, -17.032767 ], [ -64.572988, -17.03242 ], [ -64.571621, -17.032341 ], [ -64.569883, -17.032563 ], [ -64.568303, -17.033113 ], [ -64.566787, -17.033902 ], [ -64.565645, -17.034778 ], [ -64.564872, -17.035202 ], [ -64.564068, -17.035657 ], [ -64.563484, -17.036378 ], [ -64.563306, -17.037456 ], [ -64.563349, -17.0388 ], [ -64.563702, -17.040232 ], [ -64.564458, -17.041422 ], [ -64.565523, -17.04249 ], [ -64.566526, -17.043558 ], [ -64.567903, -17.044713 ], [ -64.568965, -17.045452 ], [ -64.569966, -17.046251 ], [ -64.570844, -17.047141 ], [ -64.572283, -17.048415 ], [ -64.573364, -17.0491 ], [ -64.574769, -17.049866 ], [ -64.57642, -17.050451 ], [ -64.577761, -17.051068 ], [ -64.579072, -17.051775 ], [ -64.579886, -17.052516 ], [ -64.580643, -17.053825 ], [ -64.58084, -17.055079 ], [ -64.58057, -17.056247 ], [ -64.580083, -17.057416 ], [ -64.579593, -17.058316 ], [ -64.578979, -17.05914 ], [ -64.577803, -17.059717 ], [ -64.576345, -17.060057 ], [ -64.575134, -17.060096 ], [ -64.574168, -17.059745 ], [ -64.573075, -17.059096 ], [ -64.572107, -17.058566 ], [ -64.570892, -17.058097 ], [ -64.569585, -17.057898 ], [ -64.568188, -17.057998 ], [ -64.566947, -17.058307 ], [ -64.565772, -17.058914 ], [ -64.564691, -17.059699 ], [ -64.56383, -17.060811 ], [ -64.563125, -17.062012 ], [ -64.562451, -17.063123 ], [ -64.561931, -17.064114 ], [ -64.561314, -17.064686 ], [ -64.560073, -17.065634 ], [ -64.559055, -17.066449 ], [ -64.557696, -17.067476 ], [ -64.55643, -17.068472 ], [ -64.555165, -17.069557 ], [ -64.553714, -17.069951 ], [ -64.551998, -17.069856 ], [ -64.550652, -17.069436 ], [ -64.54964, -17.068798 ], [ -64.54907, -17.067497 ], [ -64.548912, -17.066423 ], [ -64.549012, -17.064987 ], [ -64.549523, -17.063621 ], [ -64.550071, -17.062289 ], [ -64.550359, -17.060996 ], [ -64.550349, -17.059741 ], [ -64.550115, -17.058487 ], [ -64.549433, -17.057273 ], [ -64.548419, -17.056313 ], [ -64.54707, -17.055462 ], [ -64.54524, -17.055153 ], [ -64.543635, -17.05495 ], [ -64.542444, -17.055175 ], [ -64.54077, -17.055653 ], [ -64.538948, -17.056241 ], [ -64.5372, -17.056756 ], [ -64.535524, -17.057056 ], [ -64.532939, -17.057363 ], [ -64.530703, -17.057487 ], [ -64.529097, -17.05714 ], [ -64.527157, -17.056976 ], [ -64.524768, -17.056707 ], [ -64.522716, -17.056507 ], [ -64.521299, -17.056482 ], [ -64.519958, -17.056671 ], [ -64.51862, -17.057147 ], [ -64.51747, -17.057909 ], [ -64.516434, -17.058885 ], [ -64.515772, -17.060074 ], [ -64.515597, -17.061474 ], [ -64.515906, -17.062727 ], [ -64.516435, -17.063584 ], [ -64.51711, -17.064116 ], [ -64.518083, -17.064504 ], [ -64.519233, -17.064725 ], [ -64.520499, -17.064572 ], [ -64.521728, -17.064311 ], [ -64.523253, -17.06387 ], [ -64.524779, -17.063571 ], [ -64.526122, -17.063669 ], [ -64.527693, -17.064231 ], [ -64.52908, -17.065081 ], [ -64.53002, -17.066078 ], [ -64.530552, -17.067329 ], [ -64.531235, -17.068831 ], [ -64.532179, -17.070258 ], [ -64.533569, -17.071467 ], [ -64.535405, -17.072565 ], [ -64.537158, -17.072944 ], [ -64.538688, -17.073076 ], [ -64.539994, -17.073174 ], [ -64.541152, -17.073524 ], [ -64.542499, -17.074016 ], [ -64.543624, -17.074796 ], [ -64.544751, -17.075864 ], [ -64.545693, -17.07704 ], [ -64.546525, -17.078432 ], [ -64.547172, -17.080041 ], [ -64.547632, -17.081544 ], [ -64.547868, -17.083056 ], [ -64.548477, -17.084486 ], [ -64.54912, -17.085557 ], [ -64.549578, -17.08688 ], [ -64.549475, -17.087957 ], [ -64.548997, -17.088785 ], [ -64.548218, -17.089329 ], [ -64.547101, -17.089517 ], [ -64.545796, -17.089455 ], [ -64.544228, -17.089288 ], [ -64.542659, -17.089013 ], [ -64.541203, -17.088737 ], [ -64.539897, -17.088711 ], [ -64.538104, -17.089033 ], [ -64.53664, -17.089402 ], [ -64.535351, -17.089819 ], [ -64.53389, -17.090523 ], [ -64.532431, -17.091514 ], [ -64.531021, -17.092362 ], [ -64.529239, -17.093332 ], [ -64.527678, -17.093989 ], [ -64.526314, -17.094358 ], [ -64.524976, -17.094942 ], [ -64.523838, -17.09562 ], [ -64.523024, -17.096439 ], [ -64.521815, -17.097548 ], [ -64.520579, -17.09849 ], [ -64.519736, -17.098807 ], [ -64.518966, -17.09886 ], [ -64.518002, -17.09879 ], [ -64.517253, -17.098377 ], [ -64.516157, -17.097399 ], [ -64.515185, -17.09633 ], [ -64.513994, -17.095084 ], [ -64.512709, -17.093749 ], [ -64.511831, -17.092769 ], [ -64.510735, -17.091731 ], [ -64.509486, -17.090933 ], [ -64.507988, -17.090197 ], [ -64.506616, -17.08967 ], [ -64.505433, -17.089409 ], [ -64.504253, -17.089448 ], [ -64.503104, -17.089576 ], [ -64.501864, -17.090004 ], [ -64.500595, -17.090641 ], [ -64.499669, -17.091395 ], [ -64.49912, -17.092684 ], [ -64.498882, -17.094091 ], [ -64.498834, -17.095765 ], [ -64.498845, -17.097139 ], [ -64.498997, -17.098469 ], [ -64.49899, -17.099484 ], [ -64.498774, -17.100479 ], [ -64.498543, -17.10136 ], [ -64.498072, -17.102205 ], [ -64.497482, -17.103032 ], [ -64.496851, -17.103726 ], [ -64.496336, -17.10394 ], [ -64.495522, -17.104214 ], [ -64.494731, -17.104747 ], [ -64.49386, -17.105308 ], [ -64.49285, -17.105832 ], [ -64.491681, -17.106434 ], [ -64.490016, -17.107173 ], [ -64.489207, -17.107925 ], [ -64.488199, -17.108774 ], [ -64.487328, -17.109316 ], [ -64.486543, -17.109828 ], [ -64.485553, -17.110462 ], [ -64.484471, -17.111218 ], [ -64.483761, -17.111761 ], [ -64.482926, -17.112335 ], [ -64.481783, -17.11315 ], [ -64.480732, -17.113875 ], [ -64.479651, -17.11481 ], [ -64.478665, -17.115833 ], [ -64.477986, -17.116495 ], [ -64.47734, -17.117397 ], [ -64.476881, -17.118267 ], [ -64.476623, -17.119421 ], [ -64.47665, -17.12045 ], [ -64.476811, -17.121196 ], [ -64.47719, -17.121941 ], [ -64.477879, -17.122623 ], [ -64.478784, -17.123095 ], [ -64.47997, -17.123654 ], [ -64.481185, -17.124064 ], [ -64.482306, -17.124354 ], [ -64.483553, -17.124763 ], [ -64.484799, -17.125143 ], [ -64.485984, -17.125642 ], [ -64.487171, -17.126351 ], [ -64.488015, -17.126972 ], [ -64.488925, -17.127982 ], [ -64.489369, -17.129054 ], [ -64.489565, -17.130338 ], [ -64.489388, -17.131445 ], [ -64.489024, -17.132584 ], [ -64.488535, -17.133633 ], [ -64.487921, -17.134684 ], [ -64.48718, -17.135317 ], [ -64.485879, -17.135805 ], [ -64.484266, -17.136295 ], [ -64.48281, -17.136873 ], [ -64.481697, -17.137659 ], [ -64.48083, -17.138084 ], [ -64.4799, -17.138389 ], [ -64.47903, -17.138425 ], [ -64.477879, -17.138314 ], [ -64.476788, -17.138023 ], [ -64.47545, -17.137764 ], [ -64.474351, -17.137284 ], [ -64.47357, -17.136677 ], [ -64.472809, -17.135956 ], [ -64.471968, -17.135273 ], [ -64.471266, -17.134571 ], [ -64.470625, -17.134002 ], [ -64.469786, -17.133606 ], [ -64.468927, -17.133172 ], [ -64.46791, -17.132855 ], [ -64.466596, -17.132673 ], [ -64.465103, -17.132569 ], [ -64.46403, -17.132691 ], [ -64.463256, -17.132907 ], [ -64.462223, -17.133221 ], [ -64.461233, -17.133706 ], [ -64.460498, -17.134381 ], [ -64.45981, -17.135496 ], [ -64.459164, -17.136782 ], [ -64.458735, -17.13799 ], [ -64.45813, -17.139391 ], [ -64.457759, -17.140312 ], [ -64.457147, -17.140966 ], [ -64.455739, -17.141493 ], [ -64.454528, -17.141903 ], [ -64.453356, -17.142065 ], [ -64.452321, -17.142034 ], [ -64.450865, -17.141566 ], [ -64.449509, -17.141098 ], [ -64.448089, -17.140228 ], [ -64.447269, -17.139622 ], [ -64.446366, -17.13871 ], [ -64.44562, -17.137376 ], [ -64.445054, -17.136156 ], [ -64.444367, -17.134841 ], [ -64.443742, -17.133794 ], [ -64.442738, -17.132519 ], [ -64.441576, -17.131571 ], [ -64.440497, -17.130871 ], [ -64.439259, -17.130287 ], [ -64.437963, -17.129914 ], [ -64.436609, -17.129789 ], [ -64.435297, -17.129875 ], [ -64.434166, -17.130304 ], [ -64.433017, -17.130924 ], [ -64.431751, -17.131832 ], [ -64.431378, -17.132485 ], [ -64.430911, -17.133847 ], [ -64.430466, -17.135514 ], [ -64.430282, -17.137428 ], [ -64.430554, -17.139186 ], [ -64.431204, -17.140953 ], [ -64.431809, -17.142077 ], [ -64.432754, -17.143314 ], [ -64.433659, -17.144531 ], [ -64.434403, -17.145674 ], [ -64.435065, -17.147046 ], [ -64.435448, -17.148454 ], [ -64.435682, -17.149768 ], [ -64.435767, -17.151082 ], [ -64.435726, -17.152206 ], [ -64.435611, -17.153379 ], [ -64.435496, -17.154599 ], [ -64.435182, -17.155797 ], [ -64.434598, -17.156865 ], [ -64.432675, -17.158578 ], [ -64.431865, -17.159021 ], [ -64.431204, -17.159377 ], [ -64.430467, -17.15964 ], [ -64.429885, -17.1598 ], [ -64.429244, -17.159822 ], [ -64.428869, -17.15977 ], [ -64.428247, -17.159655 ], [ -64.427468, -17.159481 ], [ -64.42675, -17.159068 ], [ -64.426186, -17.158504 ], [ -64.425714, -17.15773 ], [ -64.425303, -17.156837 ], [ -64.425046, -17.155822 ], [ -64.424851, -17.154718 ], [ -64.424655, -17.153404 ], [ -64.424675, -17.151999 ], [ -64.42476, -17.150863 ], [ -64.425028, -17.149367 ], [ -64.425326, -17.147721 ], [ -64.425435, -17.146252 ], [ -64.425381, -17.145133 ], [ -64.425238, -17.143929 ], [ -64.424917, -17.142999 ], [ -64.424644, -17.142384 ], [ -64.424191, -17.141713 ], [ -64.423514, -17.140957 ], [ -64.42281, -17.14056 ], [ -64.422196, -17.140335 ], [ -64.421285, -17.140227 ], [ -64.420552, -17.140304 ], [ -64.419926, -17.14048 ], [ -64.419287, -17.140815 ], [ -64.418561, -17.141437 ], [ -64.41797, -17.142302 ], [ -64.417365, -17.143066 ], [ -64.41679, -17.144046 ], [ -64.416187, -17.145272 ], [ -64.41566, -17.14651 ], [ -64.415428, -17.147387 ], [ -64.415166, -17.14835 ], [ -64.414829, -17.149084 ], [ -64.414459, -17.149545 ], [ -64.413911, -17.150137 ], [ -64.413244, -17.150716 ], [ -64.41259, -17.151079 ], [ -64.411995, -17.15127 ], [ -64.411235, -17.151347 ], [ -64.410279, -17.151325 ], [ -64.409637, -17.151128 ], [ -64.409087, -17.15075 ], [ -64.408287, -17.150181 ], [ -64.407561, -17.149469 ], [ -64.406958, -17.148636 ], [ -64.406005, -17.147615 ], [ -64.405276, -17.146664 ], [ -64.404747, -17.145735 ], [ -64.404416, -17.144661 ], [ -64.404301, -17.143709 ], [ -64.404345, -17.143004 ], [ -64.40419, -17.142228 ], [ -64.403848, -17.141333 ], [ -64.403369, -17.14056 ], [ -64.402656, -17.139943 ], [ -64.402156, -17.139576 ], [ -64.401596, -17.139263 ], [ -64.400857, -17.138828 ], [ -64.40006, -17.138623 ], [ -64.398886, -17.138612 ], [ -64.397893, -17.138849 ], [ -64.396981, -17.139238 ], [ -64.396108, -17.139645 ], [ -64.395197, -17.140187 ], [ -64.394308, -17.140997 ], [ -64.393399, -17.141864 ], [ -64.392886, -17.142422 ], [ -64.391996, -17.143193 ], [ -64.391524, -17.143885 ], [ -64.391093, -17.144807 ], [ -64.390802, -17.145727 ], [ -64.390548, -17.146455 ], [ -64.390555, -17.147335 ], [ -64.390859, -17.148079 ], [ -64.391501, -17.148763 ], [ -64.392281, -17.14937 ], [ -64.393099, -17.149613 ], [ -64.394053, -17.149473 ], [ -64.395007, -17.14937 ], [ -64.395982, -17.149325 ], [ -64.396976, -17.14928 ], [ -64.398129, -17.1491 ], [ -64.399521, -17.149052 ], [ -64.400736, -17.149235 ], [ -64.401709, -17.149424 ], [ -64.402866, -17.149913 ], [ -64.403924, -17.150288 ], [ -64.40494, -17.150587 ], [ -64.405997, -17.150867 ], [ -64.406916, -17.1513 ], [ -64.407956, -17.152077 ], [ -64.408678, -17.152818 ], [ -64.409302, -17.153789 ], [ -64.409827, -17.154838 ], [ -64.410154, -17.155907 ], [ -64.410341, -17.157034 ], [ -64.410331, -17.158247 ], [ -64.410217, -17.159032 ], [ -64.409906, -17.159991 ], [ -64.409355, -17.160855 ], [ -64.408823, -17.161528 ], [ -64.408111, -17.16205 ], [ -64.40712, -17.162573 ], [ -64.406049, -17.163078 ], [ -64.405175, -17.163275 ], [ -64.404618, -17.163241 ], [ -64.404159, -17.163072 ], [ -64.403599, -17.162751 ], [ -64.403118, -17.162257 ], [ -64.402298, -17.16165 ], [ -64.401377, -17.16093 ], [ -64.400536, -17.160151 ], [ -64.399772, -17.159219 ], [ -64.39907, -17.158421 ], [ -64.398366, -17.15745 ], [ -64.397941, -17.156439 ], [ -64.397358, -17.155602 ], [ -64.396656, -17.15488 ], [ -64.395815, -17.154159 ], [ -64.394836, -17.153706 ], [ -64.393859, -17.153426 ], [ -64.392824, -17.153357 ], [ -64.39181, -17.153459 ], [ -64.390838, -17.153753 ], [ -64.390005, -17.154141 ], [ -64.389232, -17.154625 ], [ -64.388323, -17.155396 ], [ -64.387534, -17.15632 ], [ -64.386946, -17.157529 ], [ -64.386557, -17.158775 ], [ -64.386328, -17.160058 ], [ -64.386178, -17.16128 ], [ -64.386123, -17.161949 ], [ -64.386268, -17.162694 ], [ -64.386433, -17.163535 ], [ -64.38654, -17.164491 ], [ -64.386823, -17.165063 ], [ -64.387245, -17.165614 ], [ -64.387805, -17.165993 ], [ -64.388702, -17.166236 ], [ -64.38952, -17.166536 ], [ -64.390297, -17.166626 ], [ -64.390853, -17.166489 ], [ -64.391429, -17.16637 ], [ -64.392205, -17.166422 ], [ -64.393161, -17.166492 ], [ -64.394196, -17.166561 ], [ -64.395253, -17.166879 ], [ -64.396171, -17.167217 ], [ -64.39721, -17.167784 ], [ -64.39813, -17.168351 ], [ -64.398892, -17.169207 ], [ -64.399556, -17.170216 ], [ -64.399963, -17.171342 ], [ -64.40003, -17.172374 ], [ -64.399906, -17.173341 ], [ -64.399659, -17.174261 ], [ -64.39919, -17.17534 ], [ -64.3986, -17.176291 ], [ -64.398022, -17.176783 ], [ -64.397531, -17.177016 ], [ -64.396735, -17.177045 ], [ -64.39579, -17.177076 ], [ -64.394928, -17.176937 ], [ -64.39362, -17.176302 ], [ -64.392471, -17.17564 ], [ -64.391158, -17.174956 ], [ -64.389636, -17.174345 ], [ -64.388042, -17.174069 ], [ -64.38655, -17.174175 ], [ -64.385333, -17.174422 ], [ -64.384566, -17.174906 ], [ -64.38385, -17.175628 ], [ -64.383148, -17.176589 ], [ -64.382408, -17.177491 ], [ -64.381521, -17.178537 ], [ -64.381044, -17.179616 ], [ -64.380458, -17.181091 ], [ -64.3797, -17.182312 ], [ -64.378973, -17.183464 ], [ -64.378682, -17.184518 ], [ -64.378352, -17.185687 ], [ -64.377844, -17.186953 ], [ -64.377177, -17.188182 ], [ -64.376209, -17.189184 ], [ -64.375574, -17.189417 ], [ -64.3747, -17.189634 ], [ -64.374123, -17.189695 ], [ -64.373306, -17.189548 ], [ -64.372639, -17.189308 ], [ -64.371708, -17.188583 ], [ -64.370776, -17.187671 ], [ -64.369739, -17.186688 ], [ -64.368763, -17.185834 ], [ -64.367906, -17.185036 ], [ -64.367097, -17.184569 ], [ -64.365643, -17.184191 ], [ -64.364537, -17.183969 ], [ -64.363417, -17.183847 ], [ -64.362312, -17.183855 ], [ -64.361299, -17.18402 ], [ -64.3603, -17.18417 ], [ -64.350763, -17.196778 ], [ -64.350059, -17.196988 ], [ -64.348524, -17.197318 ], [ -64.347026, -17.197249 ], [ -64.345477, -17.196891 ], [ -64.343962, -17.196284 ], [ -64.343304, -17.196073 ], [ -64.342646, -17.195891 ], [ -64.342136, -17.195579 ], [ -64.341582, -17.195367 ], [ -64.340911, -17.195371 ], [ -64.34027, -17.195519 ], [ -64.339734, -17.195752 ], [ -64.339199, -17.196043 ], [ -64.338605, -17.19652 ], [ -64.33819, -17.196896 ], [ -64.337835, -17.197343 ], [ -64.337346, -17.197777 ], [ -64.3369, -17.198009 ], [ -64.336363, -17.198156 ], [ -64.335828, -17.198504 ], [ -64.335156, -17.199173 ], [ -64.334942, -17.199729 ], [ -64.334745, -17.200094 ], [ -64.334468, -17.200326 ], [ -64.334011, -17.200443 ], [ -64.333593, -17.200427 ], [ -64.333056, -17.200488 ], [ -64.33256, -17.200663 ], [ -64.332284, -17.200971 ], [ -64.332267, -17.201373 ], [ -64.332529, -17.201945 ], [ -64.332791, -17.202364 ], [ -64.333173, -17.202936 ], [ -64.333416, -17.203451 ], [ -64.333679, -17.204099 ], [ -64.333962, -17.204671 ], [ -64.334244, -17.205167 ], [ -64.334724, -17.205527 ], [ -64.335345, -17.206039 ], [ -64.335857, -17.206448 ], [ -64.33614, -17.206985 ], [ -64.336176, -17.207582 ], [ -64.336066, -17.208238 ], [ -64.335791, -17.208957 ], [ -64.335174, -17.209619 ], [ -64.334555, -17.210131 ], [ -64.334063, -17.210941 ], [ -64.333542, -17.211961 ], [ -64.333176, -17.21295 ], [ -64.332937, -17.214296 ], [ -64.333008, -17.215539 ], [ -64.333175, -17.217092 ], [ -64.33362, -17.218554 ], [ -64.334565, -17.220162 ], [ -64.335382, -17.221382 ], [ -64.336044, -17.222603 ], [ -64.336707, -17.224003 ], [ -64.337186, -17.22565 ], [ -64.337104, -17.227175 ], [ -64.336927, -17.22864 ], [ -64.336658, -17.230047 ], [ -64.336048, -17.231785 ], [ -64.335339, -17.232656 ], [ -64.333914, -17.233443 ], [ -64.332519, -17.23411 ], [ -64.331154, -17.234537 ], [ -64.329538, -17.234847 ], [ -64.328265, -17.235064 ], [ -64.32696, -17.235342 ], [ -64.325811, -17.235589 ], [ -64.324819, -17.235984 ], [ -64.323332, -17.236771 ], [ -64.321909, -17.237886 ], [ -64.321262, -17.238727 ], [ -64.320927, -17.239865 ], [ -64.321153, -17.240999 ], [ -64.321722, -17.242281 ], [ -64.322382, -17.243143 ], [ -64.323068, -17.243467 ], [ -64.324109, -17.243744 ], [ -64.325158, -17.244311 ], [ -64.326356, -17.244769 ], [ -64.327886, -17.244795 ], [ -64.329041, -17.244429 ], [ -64.330269, -17.243883 ], [ -64.331833, -17.243334 ], [ -64.333474, -17.24318 ], [ -64.334556, -17.243173 ], [ -64.335679, -17.24356 ], [ -64.336615, -17.244056 ], [ -64.337704, -17.244909 ], [ -64.338684, -17.246194 ], [ -64.339182, -17.247984 ], [ -64.339568, -17.249811 ], [ -64.339734, -17.252033 ], [ -64.339938, -17.254543 ], [ -64.339989, -17.256371 ], [ -64.34013, -17.258709 ], [ -64.340265, -17.260119 ], [ -64.340376, -17.261672 ], [ -64.340334, -17.26282 ], [ -64.340166, -17.263611 ], [ -64.339722, -17.264211 ], [ -64.339203, -17.264645 ], [ -64.338284, -17.264914 ], [ -64.337413, -17.264944 ], [ -64.336315, -17.264545 ], [ -64.335092, -17.264003 ], [ -64.334042, -17.263412 ], [ -64.332618, -17.262633 ], [ -64.331594, -17.262113 ], [ -64.330722, -17.261928 ], [ -64.329776, -17.261982 ], [ -64.328334, -17.262183 ], [ -64.32652, -17.262434 ], [ -64.32493, -17.262946 ], [ -64.323838, -17.263288 ], [ -64.322647, -17.263727 ], [ -64.321552, -17.263806 ], [ -64.320407, -17.263765 ], [ -64.319287, -17.263773 ], [ -64.317969, -17.263949 ], [ -64.316503, -17.264245 ], [ -64.315362, -17.264707 ], [ -64.314594, -17.265262 ], [ -64.313903, -17.266056 ], [ -64.313227, -17.266993 ], [ -64.312581, -17.268014 ], [ -64.312184, -17.269122 ], [ -64.312162, -17.270377 ], [ -64.312047, -17.271693 ], [ -64.311869, -17.27292 ], [ -64.311658, -17.273938 ], [ -64.311104, -17.274688 ], [ -64.310549, -17.27538 ], [ -64.3099, -17.275982 ], [ -64.309187, -17.276375 ], [ -64.308317, -17.27653 ], [ -64.307449, -17.276954 ], [ -64.306022, -17.277561 ], [ -64.304469, -17.2779 ], [ -64.303474, -17.277996 ], [ -64.302663, -17.277762 ], [ -64.301945, -17.277289 ], [ -64.301322, -17.276312 ], [ -64.301096, -17.275238 ], [ -64.301058, -17.274162 ], [ -64.301362, -17.273233 ], [ -64.301915, -17.272124 ], [ -64.3025, -17.271343 ], [ -64.303492, -17.270828 ], [ -64.304671, -17.270372 ], [ -64.305817, -17.269678 ], [ -64.307056, -17.268892 ], [ -64.30805, -17.267974 ], [ -64.309133, -17.2671 ], [ -64.310586, -17.265746 ], [ -64.311449, -17.264724 ], [ -64.312003, -17.263794 ], [ -64.31215, -17.262567 ], [ -64.31201, -17.261289 ], [ -64.311579, -17.26024 ], [ -64.3109, -17.25924 ], [ -64.310173, -17.258455 ], [ -64.309298, -17.257911 ], [ -64.308325, -17.257511 ], [ -64.307303, -17.257255 ], [ -64.306457, -17.257236 ], [ -64.305636, -17.257385 ], [ -64.304619, -17.257774 ], [ -64.303901, -17.258281 ], [ -64.302835, -17.25891 ], [ -64.302018, -17.259537 ], [ -64.301054, -17.26038 ], [ -64.300138, -17.261175 ], [ -64.298751, -17.262068 ], [ -64.297311, -17.262604 ], [ -64.295674, -17.263332 ], [ -64.294482, -17.263698 ], [ -64.293586, -17.26368 ], [ -64.291969, -17.263738 ], [ -64.290726, -17.263913 ], [ -64.288769, -17.264164 ], [ -64.286894, -17.263914 ], [ -64.285939, -17.264006 ], [ -64.285034, -17.264215 ], [ -64.28382, -17.264735 ], [ -64.283065, -17.265543 ], [ -64.282586, -17.266423 ], [ -64.28227, -17.267429 ], [ -64.282176, -17.268474 ], [ -64.282836, -17.270607 ], [ -64.283649, -17.272242 ], [ -64.284537, -17.274024 ], [ -64.284842, -17.274824 ], [ -64.28491, -17.27575 ], [ -64.284742, -17.277635 ], [ -64.284691, -17.279637 ], [ -64.284418, -17.281004 ], [ -64.283337, -17.282742 ], [ -64.282361, -17.283635 ], [ -64.28127, -17.284353 ], [ -64.280002, -17.284712 ], [ -64.27959, -17.284829 ], [ -64.277629, -17.284611 ], [ -64.276491, -17.284028 ], [ -64.2725, -17.284918 ], [ -64.26766, -17.285297 ], [ -64.26191, -17.285159 ], [ -64.259964, -17.285172 ], [ -64.258405, -17.285105 ], [ -64.256702, -17.284757 ], [ -64.254975, -17.283724 ], [ -64.253653, -17.282254 ], [ -64.252736, -17.28052 ], [ -64.25175, -17.275528 ], [ -64.250815, -17.273452 ], [ -64.249001, -17.271291 ], [ -64.24801, -17.270272 ], [ -64.247327, -17.26995 ], [ -64.246407, -17.270019 ], [ -64.242968, -17.271529 ], [ -64.241211, -17.272013 ], [ -64.239025, -17.271418 ], [ -64.237608, -17.270006 ], [ -64.236904, -17.267136 ], [ -64.235803, -17.264488 ], [ -64.234603, -17.263351 ], [ -64.23286, -17.263122 ], [ -64.231511, -17.263483 ], [ -64.230255, -17.264117 ], [ -64.229094, -17.265727 ], [ -64.228398, -17.267032 ], [ -64.228788, -17.268695 ], [ -64.229266, -17.269638 ], [ -64.229771, -17.271226 ], [ -64.229555, -17.272749 ], [ -64.228888, -17.274623 ], [ -64.228125, -17.275541 ], [ -64.226951, -17.27594 ], [ -64.225771, -17.275512 ], [ -64.22445, -17.274302 ], [ -64.223084, -17.27305 ], [ -64.221268, -17.272148 ], [ -64.219772, -17.271852 ], [ -64.218143, -17.271819 ], [ -64.217195, -17.272216 ], [ -64.216158, -17.272874 ], [ -64.215619, -17.273443 ], [ -64.215248, -17.273984 ], [ -64.215174, -17.274707 ], [ -64.215637, -17.276269 ], [ -64.217053, -17.278174 ], [ -64.21793, -17.280822 ], [ -64.218028, -17.281908 ], [ -64.217854, -17.282953 ], [ -64.217271, -17.283826 ], [ -64.216415, -17.284397 ], [ -64.21542, -17.284533 ], [ -64.213968, -17.28402 ], [ -64.21215, -17.282857 ], [ -64.210697, -17.282213 ], [ -64.208884, -17.281833 ], [ -64.207164, -17.2818 ], [ -64.205672, -17.282026 ], [ -64.202013, -17.283266 ], [ -64.198492, -17.284765 ], [ -64.196508, -17.285908 ], [ -64.19539, -17.287027 ], [ -64.195299, -17.287915 ], [ -64.195711, -17.288696 ], [ -64.196963, -17.289525 ], [ -64.199344, -17.290457 ], [ -64.201117, -17.291577 ], [ -64.20212, -17.292702 ], [ -64.202671, -17.293872 ], [ -64.202724, -17.295046 ], [ -64.202461, -17.296396 ], [ -64.201653, -17.297488 ], [ -64.200754, -17.29845 ], [ -64.199041, -17.299547 ], [ -64.198412, -17.300334 ], [ -64.197697, -17.301817 ], [ -64.19666, -17.302475 ], [ -64.195443, -17.303222 ], [ -64.194908, -17.304442 ], [ -64.195233, -17.305745 ], [ -64.195691, -17.306525 ], [ -64.197053, -17.307169 ], [ -64.198324, -17.307727 ], [ -64.199685, -17.308197 ], [ -64.200824, -17.309277 ], [ -64.202141, -17.309878 ], [ -64.203455, -17.310044 ], [ -64.204631, -17.309863 ], [ -64.205306, -17.309294 ], [ -64.205977, -17.308029 ], [ -64.206209, -17.306485 ], [ -64.206452, -17.304504 ], [ -64.207304, -17.303281 ], [ -64.208205, -17.302623 ], [ -64.209336, -17.302443 ], [ -64.210107, -17.302786 ], [ -64.210975, -17.303955 ], [ -64.211307, -17.304771 ], [ -64.210403, -17.30808 ], [ -64.208517, -17.310323 ], [ -64.20459, -17.312781 ], [ -64.202078, -17.315339 ], [ -64.200036, -17.31619 ], [ -64.196659, -17.316616 ], [ -64.194709, -17.31724 ], [ -64.192866, -17.318673 ], [ -64.192612, -17.319946 ], [ -64.192887, -17.321837 ], [ -64.193609, -17.323452 ], [ -64.194032, -17.32445 ], [ -64.194164, -17.327539 ], [ -64.193807, -17.329172 ], [ -64.193232, -17.330253 ], [ -64.191137, -17.331342 ], [ -64.189817, -17.3331 ], [ -64.189548, -17.334852 ], [ -64.188284, -17.337679 ], [ -64.188366, -17.338819 ], [ -64.188673, -17.339755 ], [ -64.189208, -17.340467 ], [ -64.190762, -17.34127 ], [ -64.192878, -17.341798 ], [ -64.194924, -17.342327 ], [ -64.19669, -17.343128 ], [ -64.199231, -17.344127 ], [ -64.200996, -17.344726 ], [ -64.201956, -17.346657 ], [ -64.202875, -17.348057 ], [ -64.203518, -17.349107 ], [ -64.204576, -17.350177 ], [ -64.206692, -17.352251 ], [ -64.207548, -17.354467 ], [ -64.209007, -17.355359 ], [ -64.210518, -17.355643 ], [ -64.211666, -17.357351 ], [ -64.212006, -17.359479 ], [ -64.211975, -17.36102 ], [ -64.212521, -17.362795 ], [ -64.213679, -17.363657 ], [ -64.215208, -17.364596 ], [ -64.215982, -17.365327 ], [ -64.216708, -17.36657 ], [ -64.217093, -17.367816 ], [ -64.217206, -17.369424 ], [ -64.217204, -17.3695 ], [ -64.217151, -17.371492 ], [ -64.217561, -17.37201 ], [ -64.219083, -17.371882 ], [ -64.21995, -17.37243 ], [ -64.220575, -17.373493 ], [ -64.221037, -17.374953 ], [ -64.221827, -17.376252 ], [ -64.222699, -17.377313 ], [ -64.223858, -17.378412 ], [ -64.225672, -17.378955 ], [ -64.226622, -17.379423 ], [ -64.227245, -17.380249 ], [ -64.228168, -17.38297 ], [ -64.228549, -17.384587 ], [ -64.228074, -17.387277 ], [ -64.228455, -17.389013 ], [ -64.228966, -17.389623 ], [ -64.229018, -17.389624 ], [ -64.230204, -17.390231 ], [ -64.230255, -17.390231 ], [ -64.231641, -17.391586 ], [ -64.232402, -17.393283 ], [ -64.23506, -17.394724 ], [ -64.236906, -17.395977 ], [ -64.238383, -17.396887 ], [ -64.238639, -17.397072 ], [ -64.240685, -17.398548 ], [ -64.243089, -17.400043 ], [ -64.246585, -17.401269 ], [ -64.248983, -17.401943 ], [ -64.251855, -17.402447 ], [ -64.253386, -17.403214 ], [ -64.25398, -17.403569 ], [ -64.25442, -17.404134 ], [ -64.254332, -17.404912 ], [ -64.253871, -17.405812 ], [ -64.253067, -17.406684 ], [ -64.252049, -17.408005 ], [ -64.251123, -17.409236 ], [ -64.250507, -17.410167 ], [ -64.250227, -17.410692 ], [ -64.249774, -17.411082 ], [ -64.24957, -17.411312 ], [ -64.249598, -17.411679 ], [ -64.249696, -17.412162 ], [ -64.249976, -17.412638 ], [ -64.250647, -17.41285 ], [ -64.251319, -17.412774 ], [ -64.252116, -17.412769 ], [ -64.252739, -17.412813 ], [ -64.253314, -17.413096 ], [ -64.253642, -17.413716 ], [ -64.253896, -17.41436 ], [ -64.254075, -17.415124 ], [ -64.254129, -17.415769 ], [ -64.254308, -17.416414 ], [ -64.25466, -17.416842 ], [ -64.255234, -17.417077 ], [ -64.255981, -17.417073 ], [ -64.256504, -17.416974 ], [ -64.257182, -17.416898 ], [ -64.25765, -17.417014 ], [ -64.257964, -17.417371 ], [ -64.258216, -17.417818 ], [ -64.258283, -17.418565 ], [ -64.258225, -17.419222 ], [ -64.257732, -17.419943 ], [ -64.257051, -17.420515 ], [ -64.2564, -17.420938 ], [ -64.255469, -17.421392 ], [ -64.255224, -17.421902 ], [ -64.255136, -17.422799 ], [ -64.254616, -17.424087 ], [ -64.253905, -17.425459 ], [ -64.255253, -17.426273 ], [ -64.256343, -17.426326 ], [ -64.257336, -17.425872 ], [ -64.258359, -17.425178 ], [ -64.259226, -17.424425 ], [ -64.259938, -17.423883 ], [ -64.260746, -17.423608 ], [ -64.262052, -17.423421 ], [ -64.263359, -17.423353 ], [ -64.264855, -17.423433 ], [ -64.267232, -17.423723 ], [ -64.269253, -17.424284 ], [ -64.271307, -17.424199 ], [ -64.273399, -17.424042 ], [ -64.275156, -17.424174 ], [ -64.277062, -17.424377 ], [ -64.279605, -17.424684 ], [ -64.281142, -17.425427 ], [ -64.282691, -17.427777 ], [ -64.284597, -17.429678 ], [ -64.287344, -17.430712 ], [ -64.289742, -17.431701 ], [ -64.291895, -17.433169 ], [ -64.293551, -17.43488 ], [ -64.295102, -17.435826 ], [ -64.296752, -17.436676 ], [ -64.298948, -17.437188 ], [ -64.300892, -17.437319 ], [ -64.302486, -17.437309 ], [ -64.304377, -17.436961 ], [ -64.306863, -17.436276 ], [ -64.309144, -17.434778 ], [ -64.311967, -17.432416 ], [ -64.315513, -17.429571 ], [ -64.317541, -17.427454 ], [ -64.318774, -17.42582 ], [ -64.320359, -17.424566 ], [ -64.321997, -17.423742 ], [ -64.323886, -17.423204 ], [ -64.326573, -17.42266 ], [ -64.329607, -17.422113 ], [ -64.331648, -17.421908 ], [ -64.333745, -17.422564 ], [ -64.3352, -17.423989 ], [ -64.336407, -17.425511 ], [ -64.337264, -17.426892 ], [ -64.338566, -17.42784 ], [ -64.340263, -17.428259 ], [ -64.341905, -17.428009 ], [ -64.344091, -17.427181 ], [ -64.345779, -17.426404 ], [ -64.347519, -17.425962 ], [ -64.349213, -17.425951 ], [ -64.350412, -17.426421 ], [ -64.351314, -17.42718 ], [ -64.352464, -17.42765 ], [ -64.353069, -17.42865 ], [ -64.353279, -17.430131 ], [ -64.353442, -17.431948 ], [ -64.353623, -17.432915 ], [ -64.35363, -17.433811 ], [ -64.354012, -17.434956 ], [ -64.354468, -17.436065 ], [ -64.355, -17.437245 ], [ -64.355529, -17.437995 ], [ -64.355915, -17.438487 ], [ -64.356316, -17.438795 ], [ -64.356739, -17.438816 ], [ -64.357087, -17.438646 ], [ -64.357383, -17.438238 ], [ -64.357551, -17.437448 ], [ -64.357571, -17.436754 ], [ -64.35779, -17.436059 ], [ -64.357909, -17.435317 ], [ -64.35803, -17.434862 ], [ -64.358226, -17.434335 ], [ -64.358548, -17.434165 ], [ -64.358922, -17.434163 ], [ -64.359198, -17.434496 ], [ -64.359401, -17.434996 ], [ -64.359456, -17.435618 ], [ -64.359587, -17.436549 ], [ -64.359543, -17.437243 ], [ -64.359647, -17.437864 ], [ -64.359923, -17.438197 ], [ -64.360423, -17.438456 ], [ -64.361123, -17.438738 ], [ -64.361798, -17.439045 ], [ -64.362324, -17.439424 ], [ -64.362651, -17.439947 ], [ -64.36283, -17.440496 ], [ -64.362934, -17.441117 ], [ -64.362888, -17.441643 ], [ -64.362642, -17.442076 ], [ -64.362095, -17.442223 ], [ -64.361571, -17.442059 ], [ -64.361048, -17.442063 ], [ -64.360649, -17.44197 ], [ -64.360298, -17.441733 ], [ -64.359775, -17.441665 ], [ -64.359152, -17.441669 ], [ -64.35858, -17.441864 ], [ -64.358134, -17.442082 ], [ -64.357887, -17.442419 ], [ -64.357666, -17.442851 ], [ -64.357546, -17.443402 ], [ -64.357604, -17.443961 ], [ -64.357708, -17.444515 ], [ -64.357851, -17.444992 ], [ -64.358013, -17.445316 ], [ -64.358354, -17.445543 ], [ -64.358931, -17.445539 ], [ -64.359608, -17.445362 ], [ -64.360244, -17.445167 ], [ -64.36092, -17.444914 ], [ -64.361317, -17.4447 ], [ -64.361633, -17.444392 ], [ -64.362031, -17.444294 ], [ -64.36249, -17.444348 ], [ -64.36283, -17.444518 ], [ -64.36313, -17.444745 ], [ -64.36345, -17.444858 ], [ -64.363967, -17.444701 ], [ -64.364583, -17.444468 ], [ -64.365079, -17.444101 ], [ -64.365456, -17.443907 ], [ -64.365973, -17.443769 ], [ -64.366512, -17.443842 ], [ -64.366992, -17.444126 ], [ -64.367433, -17.444486 ], [ -64.367794, -17.444771 ], [ -64.368293, -17.444901 ], [ -64.368931, -17.444993 ], [ -64.369651, -17.445236 ], [ -64.37035, -17.445499 ], [ -64.371051, -17.445953 ], [ -64.371633, -17.446428 ], [ -64.371996, -17.447018 ], [ -64.3722, -17.447686 ], [ -64.372244, -17.448298 ], [ -64.37223, -17.449063 ], [ -64.372157, -17.449886 ], [ -64.372304, -17.450937 ], [ -64.372681, -17.45183 ], [ -64.372925, -17.45244 ], [ -64.373208, -17.452993 ], [ -64.373669, -17.453258 ], [ -64.374426, -17.453329 ], [ -64.375145, -17.453458 ], [ -64.375922, -17.45351 ], [ -64.376522, -17.453678 ], [ -64.377082, -17.454018 ], [ -64.377604, -17.454512 ], [ -64.377907, -17.455065 ], [ -64.378032, -17.455733 ], [ -64.378729, -17.45599 ], [ -64.379552, -17.456104 ], [ -64.380551, -17.456432 ], [ -64.38135, -17.45669 ], [ -64.381974, -17.456948 ], [ -64.382648, -17.457015 ], [ -64.383445, -17.45701 ], [ -64.38479, -17.457072 ], [ -64.385563, -17.457115 ], [ -64.386557, -17.456773 ], [ -64.387427, -17.456504 ], [ -64.387899, -17.456333 ], [ -64.388745, -17.456255 ], [ -64.389492, -17.456202 ], [ -64.390364, -17.456196 ], [ -64.391185, -17.456047 ], [ -64.39183, -17.455708 ], [ -64.392449, -17.455154 ], [ -64.392994, -17.454767 ], [ -64.393688, -17.454284 ], [ -64.394306, -17.453682 ], [ -64.395049, -17.453175 ], [ -64.395511, -17.452785 ], [ -64.39592, -17.452423 ], [ -64.396101, -17.452025 ], [ -64.396384, -17.451605 ], [ -64.396693, -17.451232 ], [ -64.397064, -17.450907 ], [ -64.397349, -17.450678 ], [ -64.39777, -17.450412 ], [ -64.398168, -17.450253 ], [ -64.398665, -17.450118 ], [ -64.399126, -17.450115 ], [ -64.3995, -17.45022 ], [ -64.399864, -17.450516 ], [ -64.400177, -17.450789 ], [ -64.400417, -17.451158 ], [ -64.400507, -17.451564 ], [ -64.400448, -17.451959 ], [ -64.400376, -17.452366 ], [ -64.400266, -17.452701 ], [ -64.400244, -17.453048 ], [ -64.400383, -17.45331 ], [ -64.400697, -17.453607 ], [ -64.401034, -17.45376 ], [ -64.401372, -17.453913 ], [ -64.401746, -17.454042 ], [ -64.402133, -17.454075 ], [ -64.402593, -17.453928 ], [ -64.403107, -17.453757 ], [ -64.403517, -17.453623 ], [ -64.403952, -17.453536 ], [ -64.404376, -17.453593 ], [ -64.404924, -17.453565 ], [ -64.40551, -17.453585 ], [ -64.405958, -17.453594 ], [ -64.406383, -17.453758 ], [ -64.406571, -17.45396 ], [ -64.406723, -17.454222 ], [ -64.406738, -17.45458 ], [ -64.406553, -17.454869 ], [ -64.406193, -17.455063 ], [ -64.405735, -17.45542 ], [ -64.405438, -17.455661 ], [ -64.404992, -17.455927 ], [ -64.404509, -17.456337 ], [ -64.404164, -17.456841 ], [ -64.403832, -17.45737 ], [ -64.403649, -17.457849 ], [ -64.403403, -17.458293 ], [ -64.403169, -17.458618 ], [ -64.402762, -17.459137 ], [ -64.402417, -17.459606 ], [ -64.402009, -17.460003 ], [ -64.401575, -17.460245 ], [ -64.401166, -17.460595 ], [ -64.400858, -17.460992 ], [ -64.400551, -17.461532 ], [ -64.400244, -17.46212 ], [ -64.399899, -17.4626 ], [ -64.39969, -17.462972 ], [ -64.399471, -17.463352 ], [ -64.399334, -17.463668 ], [ -64.399217, -17.464013 ], [ -64.399199, -17.46432 ], [ -64.399332, -17.464682 ], [ -64.399564, -17.465054 ], [ -64.399835, -17.465348 ], [ -64.400107, -17.465767 ], [ -64.40052, -17.466271 ], [ -64.400831, -17.466575 ], [ -64.401142, -17.46686 ], [ -64.401423, -17.467164 ], [ -64.401704, -17.467334 ], [ -64.402064, -17.467494 ], [ -64.402482, -17.467491 ], [ -64.403069, -17.467315 ], [ -64.403476, -17.467178 ], [ -64.403824, -17.467003 ], [ -64.404281, -17.466866 ], [ -64.40464, -17.466835 ], [ -64.405008, -17.466842 ], [ -64.405318, -17.466907 ], [ -64.405538, -17.467087 ], [ -64.40576, -17.467353 ], [ -64.405851, -17.46762 ], [ -64.405854, -17.467917 ], [ -64.405776, -17.468128 ], [ -64.405638, -17.468358 ], [ -64.40561, -17.468607 ], [ -64.405702, -17.468891 ], [ -64.405823, -17.46912 ], [ -64.405995, -17.469406 ], [ -64.406226, -17.469653 ], [ -64.406477, -17.469928 ], [ -64.406618, -17.470128 ], [ -64.40665, -17.470424 ], [ -64.406593, -17.470817 ], [ -64.406427, -17.471235 ], [ -64.40632, -17.471599 ], [ -64.406243, -17.471906 ], [ -64.406246, -17.472241 ], [ -64.406409, -17.472699 ], [ -64.406551, -17.473023 ], [ -64.406563, -17.473319 ], [ -64.406545, -17.473644 ], [ -64.406318, -17.473923 ], [ -64.405972, -17.474194 ], [ -64.405684, -17.474435 ], [ -64.405427, -17.474704 ], [ -64.4052, -17.474964 ], [ -64.404963, -17.475224 ], [ -64.404786, -17.475493 ], [ -64.404649, -17.475819 ], [ -64.404543, -17.47627 ], [ -64.404476, -17.476748 ], [ -64.40435, -17.477189 ], [ -64.404204, -17.477661 ], [ -64.403978, -17.477987 ], [ -64.403751, -17.478362 ], [ -64.403645, -17.478736 ], [ -64.403589, -17.479281 ], [ -64.403622, -17.479689 ], [ -64.403555, -17.480052 ], [ -64.403428, -17.480321 ], [ -64.4033, -17.480552 ], [ -64.403242, -17.48081 ], [ -64.403175, -17.481145 ], [ -64.403217, -17.481499 ], [ -64.403311, -17.482015 ], [ -64.403224, -17.482341 ], [ -64.403067, -17.482657 ], [ -64.402869, -17.482898 ], [ -64.402622, -17.483167 ], [ -64.402375, -17.483475 ], [ -64.402187, -17.483654 ], [ -64.40206, -17.483933 ], [ -64.401972, -17.484201 ], [ -64.401964, -17.484478 ], [ -64.402007, -17.484803 ], [ -64.40204, -17.485214 ], [ -64.402073, -17.485664 ], [ -64.402057, -17.486132 ], [ -64.40193, -17.486506 ], [ -64.401753, -17.486861 ], [ -64.401407, -17.487166 ], [ -64.40116, -17.487493 ], [ -64.401013, -17.48781 ], [ -64.401006, -17.488192 ], [ -64.40112, -17.488717 ], [ -64.401233, -17.489176 ], [ -64.401237, -17.489644 ], [ -64.40121, -17.490094 ], [ -64.401124, -17.490498 ], [ -64.401097, -17.490881 ], [ -64.40113, -17.49133 ], [ -64.401173, -17.49176 ], [ -64.401166, -17.492133 ], [ -64.401059, -17.492478 ], [ -64.400922, -17.492872 ], [ -64.400736, -17.493188 ], [ -64.400569, -17.493517 ], [ -64.400452, -17.493843 ], [ -64.400463, -17.494101 ], [ -64.400585, -17.49433 ], [ -64.400816, -17.494567 ], [ -64.401126, -17.494747 ], [ -64.401466, -17.494897 ], [ -64.401686, -17.494982 ], [ -64.401966, -17.495142 ], [ -64.402217, -17.495294 ], [ -64.402378, -17.495474 ], [ -64.402569, -17.495693 ], [ -64.40273, -17.495902 ], [ -64.402873, -17.496056 ], [ -64.403001, -17.496221 ], [ -64.403129, -17.496342 ], [ -64.403294, -17.496405 ], [ -64.403474, -17.49644 ], [ -64.403698, -17.496416 ], [ -64.403914, -17.496365 ], [ -64.404078, -17.496285 ], [ -64.404272, -17.49619 ], [ -64.404398, -17.496096 ], [ -64.404584, -17.496001 ], [ -64.404864, -17.495842 ], [ -64.405147, -17.495703 ], [ -64.4054, -17.495558 ], [ -64.405587, -17.495492 ], [ -64.405855, -17.495447 ], [ -64.406087, -17.495438 ], [ -64.406326, -17.495465 ], [ -64.406626, -17.495557 ], [ -64.406926, -17.495676 ], [ -64.407174, -17.49584 ], [ -64.407362, -17.495982 ], [ -64.407513, -17.496174 ], [ -64.407619, -17.496403 ], [ -64.407644, -17.496632 ], [ -64.407555, -17.496841 ], [ -64.407407, -17.497 ], [ -64.407319, -17.49716 ], [ -64.407245, -17.497328 ], [ -64.407228, -17.497459 ], [ -64.40726, -17.497597 ], [ -64.407354, -17.497709 ], [ -64.407479, -17.497768 ], [ -64.407616, -17.497767 ], [ -64.407784, -17.497712 ], [ -64.407908, -17.497622 ], [ -64.408044, -17.497507 ], [ -64.408124, -17.497369 ], [ -64.408192, -17.497249 ], [ -64.408328, -17.497171 ], [ -64.408458, -17.497122 ], [ -64.408651, -17.497103 ], [ -64.408864, -17.497155 ], [ -64.409027, -17.497315 ], [ -64.409134, -17.497524 ], [ -64.409198, -17.497738 ], [ -64.409231, -17.497911 ], [ -64.409282, -17.498096 ], [ -64.409321, -17.498281 ], [ -64.409322, -17.498479 ], [ -64.409305, -17.498712 ], [ -64.409276, -17.499005 ], [ -64.409216, -17.49926 ], [ -64.409168, -17.499517 ], [ -64.409114, -17.499769 ], [ -64.409091, -17.500008 ], [ -64.409111, -17.500205 ], [ -64.409182, -17.500432 ], [ -64.409301, -17.500628 ], [ -64.409433, -17.500783 ], [ -64.409566, -17.500985 ], [ -64.409654, -17.50117 ], [ -64.409744, -17.501436 ], [ -64.409827, -17.501668 ], [ -64.409897, -17.501865 ], [ -64.409886, -17.502086 ], [ -64.409844, -17.502338 ], [ -64.409765, -17.502571 ], [ -64.409748, -17.502769 ], [ -64.409768, -17.502966 ], [ -64.4099, -17.503096 ], [ -64.410128, -17.503182 ], [ -64.410359, -17.503216 ], [ -64.410627, -17.503256 ], [ -64.410852, -17.503314 ], [ -64.411065, -17.50339 ], [ -64.411246, -17.503557 ], [ -64.411373, -17.503801 ], [ -64.411481, -17.504039 ], [ -64.411513, -17.50423 ], [ -64.41154, -17.504511 ], [ -64.411511, -17.504714 ], [ -64.4114, -17.504871 ], [ -64.411258, -17.505021 ], [ -64.410998, -17.505248 ], [ -64.410807, -17.505572 ], [ -64.41056, -17.505854 ], [ -64.41035, -17.506107 ], [ -64.410209, -17.506365 ], [ -64.41013, -17.506605 ], [ -64.410047, -17.506872 ], [ -64.410012, -17.507081 ], [ -64.410026, -17.507314 ], [ -64.410108, -17.507511 ], [ -64.410247, -17.507695 ], [ -64.410435, -17.507867 ], [ -64.410598, -17.50795 ], [ -64.410791, -17.50802 ], [ -64.410991, -17.508037 ], [ -64.411116, -17.508084 ], [ -64.411248, -17.50828 ], [ -64.4113, -17.508525 ], [ -64.411314, -17.50877 ], [ -64.411204, -17.509082 ], [ -64.4111, -17.509292 ], [ -64.410939, -17.509449 ], [ -64.41076, -17.509636 ], [ -64.410463, -17.509895 ], [ -64.410203, -17.510094 ], [ -64.41003, -17.510292 ], [ -64.409933, -17.510574 ], [ -64.40978, -17.51094 ], [ -64.409726, -17.511202 ], [ -64.409727, -17.511399 ], [ -64.409754, -17.511596 ], [ -64.409867, -17.511811 ], [ -64.409999, -17.511965 ], [ -64.410188, -17.512125 ], [ -64.410332, -17.512256 ], [ -64.41047, -17.512404 ], [ -64.410552, -17.512541 ], [ -64.410616, -17.512726 ], [ -64.410642, -17.512923 ], [ -64.410619, -17.513114 ], [ -64.410514, -17.513288 ], [ -64.410391, -17.513486 ], [ -64.41025, -17.513758 ], [ -64.410115, -17.513974 ], [ -64.41001, -17.514142 ], [ -64.409912, -17.514358 ], [ -64.409833, -17.514574 ], [ -64.409722, -17.514813 ], [ -64.409668, -17.514999 ], [ -64.409638, -17.515209 ], [ -64.409621, -17.515424 ], [ -64.409641, -17.515633 ], [ -64.409674, -17.515806 ], [ -64.409726, -17.516076 ], [ -64.409796, -17.516243 ], [ -64.409896, -17.516374 ], [ -64.410028, -17.516456 ], [ -64.410184, -17.516557 ], [ -64.410353, -17.516645 ], [ -64.410584, -17.516703 ], [ -64.410728, -17.516702 ], [ -64.410902, -17.516695 ], [ -64.411045, -17.516694 ], [ -64.411226, -17.516753 ], [ -64.411333, -17.516847 ], [ -64.411403, -17.517032 ], [ -64.411467, -17.517247 ], [ -64.411506, -17.517438 ], [ -64.411552, -17.517737 ], [ -64.411553, -17.517952 ], [ -64.411561, -17.518191 ], [ -64.411601, -17.518464 ], [ -64.411633, -17.518649 ], [ -64.41171, -17.518834 ], [ -64.411804, -17.518971 ], [ -64.41193, -17.519078 ], [ -64.412098, -17.51913 ], [ -64.41226, -17.519171 ], [ -64.412516, -17.519223 ], [ -64.412766, -17.519239 ], [ -64.412934, -17.519238 ], [ -64.413096, -17.51929 ], [ -64.413246, -17.519289 ], [ -64.413451, -17.519294 ], [ -64.413644, -17.519263 ], [ -64.413827, -17.519261 ], [ -64.413965, -17.519308 ], [ -64.414159, -17.519408 ], [ -64.41434, -17.519527 ], [ -64.414534, -17.519633 ], [ -64.414709, -17.519715 ], [ -64.414903, -17.519756 ], [ -64.415078, -17.519832 ], [ -64.415241, -17.519969 ], [ -64.415335, -17.520087 ], [ -64.415424, -17.52026 ], [ -64.415469, -17.520415 ], [ -64.415508, -17.520606 ], [ -64.415559, -17.520755 ], [ -64.40569, -17.540231 ], [ -64.421273, -17.569579 ], [ -64.425618, -17.60714 ], [ -64.415646, -17.633328 ], [ -64.465987, -17.635219 ], [ -64.477298, -17.623839 ], [ -64.483922, -17.619908 ], [ -64.495177, -17.609246 ], [ -64.4975, -17.606992 ], [ -64.499989, -17.605996 ], [ -64.503358, -17.606008 ], [ -64.505305, -17.606602 ], [ -64.507374, -17.607612 ], [ -64.509795, -17.607936 ], [ -64.512084, -17.606803 ], [ -64.51266, -17.606941 ], [ -64.513716, -17.607492 ], [ -64.514868, -17.607836 ], [ -64.51542, -17.608135 ], [ -64.515756, -17.608618 ], [ -64.515513, -17.609146 ], [ -64.515636, -17.609722 ], [ -64.515924, -17.610274 ], [ -64.516068, -17.611377 ], [ -64.516284, -17.613608 ], [ -64.516572, -17.614114 ], [ -64.518204, -17.614849 ], [ -64.519836, -17.615048 ], [ -64.521803, -17.615007 ], [ -64.522955, -17.615282 ], [ -64.523498, -17.615093 ], [ -64.524749, -17.613941 ], [ -64.525738, -17.613096 ], [ -64.528022, -17.612894 ], [ -64.529937, -17.612954 ], [ -64.530561, -17.613046 ], [ -64.531274, -17.613021 ], [ -64.531674, -17.612841 ], [ -64.532659, -17.611987 ], [ -64.533152, -17.611802 ], [ -64.533636, -17.611884 ], [ -64.534304, -17.611709 ], [ -64.534711, -17.610582 ], [ -64.535056, -17.610065 ], [ -64.53527, -17.609873 ], [ -64.535455, -17.609707 ], [ -64.535503, -17.609553 ], [ -64.53579, -17.608626 ], [ -64.536932, -17.608211 ], [ -64.537577, -17.607181 ], [ -64.537997, -17.606854 ], [ -64.538573, -17.606807 ], [ -64.539156, -17.606946 ], [ -64.539626, -17.606223 ], [ -64.540291, -17.605154 ], [ -64.540678, -17.60401 ], [ -64.541283, -17.603654 ], [ -64.541995, -17.603658 ], [ -64.542435, -17.603745 ], [ -64.543128, -17.603721 ], [ -64.54397, -17.603031 ], [ -64.544589, -17.60291 ], [ -64.545767, -17.60275 ], [ -64.546105, -17.602316 ], [ -64.546105, -17.601764 ], [ -64.546681, -17.601764 ], [ -64.547356, -17.602053 ], [ -64.547809, -17.602108 ], [ -64.547904, -17.601556 ], [ -64.547448, -17.600498 ], [ -64.548, -17.600268 ], [ -64.548528, -17.600589 ], [ -64.548864, -17.601095 ], [ -64.549842, -17.600971 ], [ -64.550903, -17.600219 ], [ -64.551425, -17.600356 ], [ -64.552516, -17.600367 ], [ -64.553594, -17.599487 ], [ -64.554379, -17.598467 ], [ -64.554773, -17.598374 ], [ -64.555202, -17.598461 ], [ -64.556085, -17.598835 ], [ -64.556634, -17.598954 ], [ -64.557812, -17.598948 ], [ -64.560354, -17.599218 ], [ -64.561987, -17.599612 ], [ -64.562603, -17.59941 ], [ -64.562856, -17.599111 ], [ -64.563546, -17.598966 ], [ -64.564698, -17.599126 ], [ -64.566151, -17.59816 ], [ -64.566617, -17.598044 ], [ -64.567241, -17.598112 ], [ -64.568205, -17.598543 ], [ -64.56832, -17.598594 ], [ -64.568896, -17.598662 ], [ -64.569496, -17.5988 ], [ -64.570038, -17.599159 ], [ -64.570888, -17.599994 ], [ -64.571513, -17.600983 ], [ -64.571537, -17.601581 ], [ -64.571609, -17.602779 ], [ -64.571754, -17.603351 ], [ -64.571754, -17.603903 ], [ -64.571648, -17.604666 ], [ -64.571641, -17.605618 ], [ -64.571755, -17.606571 ], [ -64.571941, -17.606855 ], [ -64.572336, -17.607456 ], [ -64.573148, -17.60841 ], [ -64.573437, -17.608618 ], [ -64.573628, -17.608731 ], [ -64.574204, -17.608685 ], [ -64.576238, -17.609093 ], [ -64.577541, -17.609098 ], [ -64.578331, -17.608933 ], [ -64.578874, -17.608656 ], [ -64.579357, -17.607948 ], [ -64.579977, -17.606841 ], [ -64.580346, -17.606633 ], [ -64.580513, -17.606539 ], [ -64.581055, -17.606599 ], [ -64.58335, -17.606008 ], [ -64.584446, -17.604351 ], [ -64.584998, -17.604074 ], [ -64.585644, -17.603933 ], [ -64.586005, -17.603544 ], [ -64.586628, -17.601842 ], [ -64.58682, -17.601266 ], [ -64.587203, -17.600829 ], [ -64.588726, -17.600564 ], [ -64.588433, -17.600612 ], [ -64.589366, -17.600054 ] ], [ [ -66.02651, -16.608419 ], [ -66.027133, -16.607051 ], [ -66.113714, -16.534419 ], [ -66.02651, -16.608419 ] ], [ [ -66.012063, -16.640141 ], [ -66.00318, -16.645815 ], [ -66.003179, -16.645815 ], [ -66.003179, -16.645815 ], [ -66.012063, -16.640141 ], [ -66.02651, -16.608419 ], [ -66.02651, -16.608419 ], [ -66.012063, -16.640141 ] ], [ [ -65.999882, -16.64845 ], [ -66.000443, -16.647959 ], [ -65.982749, -16.659586 ], [ -65.983412, -16.676058 ], [ -65.98296, -16.676905 ], [ -65.962885, -16.706631 ], [ -65.957233, -16.738975 ], [ -65.956881, -16.74052 ], [ -65.955689, -16.742438 ], [ -65.947823, -16.755492 ], [ -65.961936, -16.788118 ], [ -65.989093, -16.829735 ], [ -65.889015, -16.9128 ], [ -65.889341, -16.946478 ], [ -65.888251, -16.949028 ], [ -65.869314, -17.003458 ], [ -65.868529, -17.006756 ], [ -65.865164, -17.017506 ], [ -65.865442, -17.018188 ], [ -65.88131, -17.061923 ], [ -65.881279, -17.062781 ], [ -65.88406, -17.122896 ], [ -65.883895, -17.123756 ], [ -65.858573, -17.208142 ], [ -65.8444, -17.253545 ], [ -65.858432, -17.208242 ], [ -65.883672, -17.123854 ], [ -65.883837, -17.122994 ], [ -65.880993, -17.062894 ], [ -65.881024, -17.062036 ], [ -65.86511, -17.018327 ], [ -65.864831, -17.017645 ], [ -65.868183, -17.006894 ], [ -65.868963, -17.003596 ], [ -65.887829, -16.949155 ], [ -65.888915, -16.946604 ], [ -65.888545, -16.912933 ], [ -65.988494, -16.829744 ], [ -65.961273, -16.788168 ], [ -65.947109, -16.755565 ], [ -65.954952, -16.742501 ], [ -65.956141, -16.740581 ], [ -65.95649, -16.739036 ], [ -65.962087, -16.706685 ], [ -65.982108, -16.676928 ], [ -65.982559, -16.67608 ], [ -65.982559, -16.676079 ], [ -65.981867, -16.65961 ], [ -65.99954, -16.647953 ], [ -66.003179, -16.645815 ], [ -65.999882, -16.64845 ] ], [ [ -65.844396, -17.253559 ], [ -65.844396, -17.253559 ], [ -65.8444, -17.253545 ], [ -65.844396, -17.253559 ] ], [ [ -65.061275, -17.186793 ], [ -65.060483, -17.186457 ], [ -65.060829, -17.186443 ], [ -65.06133, -17.186737 ], [ -65.061389, -17.186809 ], [ -65.061275, -17.186793 ] ], [ [ -65.05586, -17.185353 ], [ -65.055309, -17.185309 ], [ -65.054036, -17.184933 ], [ -65.052894, -17.184522 ], [ -65.052497, -17.184328 ], [ -65.052135, -17.184075 ], [ -65.05182, -17.183766 ], [ -65.051443, -17.183295 ], [ -65.051211, -17.182916 ], [ -65.051063, -17.182594 ], [ -65.050964, -17.182306 ], [ -65.050888, -17.181961 ], [ -65.05086, -17.181616 ], [ -65.050855, -17.181248 ], [ -65.051121, -17.180476 ], [ -65.051321, -17.180187 ], [ -65.052098, -17.179195 ], [ -65.052403, -17.178699 ], [ -65.052578, -17.178296 ], [ -65.05267, -17.177996 ], [ -65.052802, -17.177098 ], [ -65.052878, -17.176442 ], [ -65.053001, -17.175785 ], [ -65.053211, -17.174804 ], [ -65.053368, -17.175139 ], [ -65.053398, -17.175541 ], [ -65.053355, -17.175932 ], [ -65.053309, -17.176105 ], [ -65.053241, -17.176324 ], [ -65.053172, -17.176544 ], [ -65.053079, -17.176763 ], [ -65.053007, -17.176983 ], [ -65.052924, -17.177549 ], [ -65.052893, -17.177757 ], [ -65.052875, -17.177881 ], [ -65.052861, -17.177925 ], [ -65.052919, -17.17826 ], [ -65.052933, -17.178432 ], [ -65.052937, -17.178731 ], [ -65.052894, -17.179042 ], [ -65.052884, -17.179192 ], [ -65.052888, -17.179514 ], [ -65.05289, -17.179651 ], [ -65.052856, -17.179801 ], [ -65.052835, -17.180066 ], [ -65.052911, -17.180341 ], [ -65.052973, -17.180524 ], [ -65.052987, -17.180697 ], [ -65.05299, -17.18088 ], [ -65.052994, -17.181179 ], [ -65.053056, -17.181397 ], [ -65.053181, -17.181764 ], [ -65.053136, -17.181994 ], [ -65.053079, -17.182236 ], [ -65.052987, -17.182502 ], [ -65.052989, -17.18264 ], [ -65.052968, -17.182893 ], [ -65.053021, -17.183249 ], [ -65.053095, -17.18342 ], [ -65.053133, -17.183558 ], [ -65.05317, -17.183638 ], [ -65.053267, -17.183786 ], [ -65.053376, -17.1839 ], [ -65.053389, -17.183934 ], [ -65.053449, -17.183968 ], [ -65.05351, -17.184025 ], [ -65.053606, -17.184069 ], [ -65.053714, -17.184068 ], [ -65.05375, -17.184091 ], [ -65.053822, -17.184113 ], [ -65.05393, -17.184134 ], [ -65.054098, -17.184213 ], [ -65.054231, -17.18428 ], [ -65.054388, -17.18437 ], [ -65.054557, -17.184518 ], [ -65.054726, -17.184631 ], [ -65.054945, -17.184881 ], [ -65.05503, -17.184983 ], [ -65.055449, -17.185036 ], [ -65.0558, -17.185285 ], [ -65.055924, -17.185352 ], [ -65.05586, -17.185353 ] ], [ [ -65.05311, -17.17459 ], [ -65.053036, -17.174395 ], [ -65.053033, -17.174211 ], [ -65.053043, -17.174039 ], [ -65.053065, -17.173866 ], [ -65.053111, -17.173796 ], [ -65.053166, -17.173624 ], [ -65.053167, -17.173724 ], [ -65.053222, -17.174276 ], [ -65.053228, -17.174725 ], [ -65.053211, -17.174804 ], [ -65.05311, -17.17459 ] ], [ [ -65.059556, -17.161814 ], [ -65.059645, -17.16147 ], [ -65.059674, -17.161172 ], [ -65.059677, -17.160964 ], [ -65.059645, -17.160699 ], [ -65.059648, -17.160434 ], [ -65.059691, -17.159998 ], [ -65.059891, -17.15938 ], [ -65.060162, -17.158868 ], [ -65.060809, -17.157949 ], [ -65.061203, -17.157244 ], [ -65.061511, -17.156583 ], [ -65.061795, -17.156025 ], [ -65.062261, -17.155194 ], [ -65.062469, -17.154876 ], [ -65.062713, -17.154605 ], [ -65.062847, -17.154401 ], [ -65.062765, -17.154284 ], [ -65.062564, -17.154107 ], [ -65.062342, -17.153791 ], [ -65.062267, -17.153564 ], [ -65.062664, -17.153965 ], [ -65.062982, -17.154144 ], [ -65.063021, -17.154513 ], [ -65.062814, -17.155174 ], [ -65.062721, -17.155539 ], [ -65.062484, -17.155936 ], [ -65.062302, -17.156552 ], [ -65.062157, -17.157088 ], [ -65.062112, -17.15796 ], [ -65.061806, -17.158488 ], [ -65.061571, -17.159132 ], [ -65.061472, -17.159347 ], [ -65.061054, -17.159935 ], [ -65.060811, -17.160376 ], [ -65.060643, -17.160889 ], [ -65.060569, -17.161439 ], [ -65.060216, -17.161729 ], [ -65.059707, -17.162017 ], [ -65.059409, -17.162196 ], [ -65.059556, -17.161814 ] ], [ [ -65.062227, -17.153443 ], [ -65.062197, -17.153074 ], [ -65.062142, -17.152681 ], [ -65.06204, -17.152299 ], [ -65.061853, -17.15203 ], [ -65.061452, -17.15163 ], [ -65.061289, -17.151293 ], [ -65.061174, -17.150968 ], [ -65.061172, -17.150277 ], [ -65.061164, -17.150126 ], [ -65.061318, -17.150455 ], [ -65.061551, -17.151184 ], [ -65.062195, -17.151703 ], [ -65.062385, -17.152201 ], [ -65.062386, -17.152661 ], [ -65.062259, -17.153539 ], [ -65.062227, -17.153443 ] ], [ [ -65.060982, -17.14974 ], [ -65.061041, -17.149548 ], [ -65.061063, -17.149595 ], [ -65.061153, -17.149943 ], [ -65.061164, -17.150126 ], [ -65.060982, -17.14974 ] ], [ [ -65.06089, -17.146506 ], [ -65.061396, -17.146323 ], [ -65.061812, -17.146389 ], [ -65.062284, -17.14663 ], [ -65.062565, -17.146672 ], [ -65.062995, -17.146566 ], [ -65.063205, -17.146463 ], [ -65.063528, -17.146145 ], [ -65.063524, -17.146065 ], [ -65.063661, -17.146174 ], [ -65.063837, -17.146385 ], [ -65.063799, -17.146534 ], [ -65.063627, -17.146864 ], [ -65.063336, -17.1471 ], [ -65.063167, -17.1472 ], [ -65.062904, -17.147252 ], [ -65.062569, -17.147245 ], [ -65.062128, -17.14712 ], [ -65.061771, -17.146963 ], [ -65.061522, -17.146819 ], [ -65.061151, -17.146834 ], [ -65.060908, -17.146903 ], [ -65.06089, -17.146506 ] ], [ [ -65.063247, -17.145843 ], [ -65.06287, -17.145478 ], [ -65.062518, -17.144998 ], [ -65.062417, -17.144535 ], [ -65.062614, -17.144148 ], [ -65.063121, -17.143814 ], [ -65.063783, -17.14354 ], [ -65.064191, -17.143434 ], [ -65.064563, -17.143419 ], [ -65.065292, -17.143458 ], [ -65.066189, -17.143477 ], [ -65.06662, -17.143463 ], [ -65.067028, -17.143368 ], [ -65.067186, -17.143211 ], [ -65.067432, -17.142721 ], [ -65.067569, -17.142378 ], [ -65.067594, -17.142264 ], [ -65.067578, -17.141768 ], [ -65.067491, -17.141145 ], [ -65.067367, -17.140589 ], [ -65.067219, -17.140102 ], [ -65.067024, -17.139546 ], [ -65.066936, -17.139014 ], [ -65.067051, -17.138475 ], [ -65.067334, -17.137975 ], [ -65.067651, -17.137521 ], [ -65.068211, -17.136877 ], [ -65.068443, -17.136525 ], [ -65.069078, -17.135755 ], [ -65.06932, -17.135155 ], [ -65.069004, -17.13468 ], [ -65.068502, -17.134267 ], [ -65.067802, -17.133748 ], [ -65.067654, -17.13325 ], [ -65.067539, -17.132096 ], [ -65.067347, -17.13132 ], [ -65.067032, -17.130726 ], [ -65.066585, -17.130267 ], [ -65.066265, -17.130019 ], [ -65.065862, -17.129757 ], [ -65.065673, -17.129614 ], [ -65.065521, -17.129392 ], [ -65.065358, -17.129044 ], [ -65.06527, -17.128558 ], [ -65.065303, -17.128248 ], [ -65.065719, -17.128828 ], [ -65.066145, -17.12901 ], [ -65.066588, -17.129433 ], [ -65.066866, -17.129784 ], [ -65.067237, -17.130611 ], [ -65.067552, -17.131205 ], [ -65.067978, -17.131849 ], [ -65.068591, -17.132898 ], [ -65.068811, -17.133576 ], [ -65.068995, -17.134187 ], [ -65.069209, -17.134565 ], [ -65.069525, -17.13504 ], [ -65.069283, -17.135641 ], [ -65.069019, -17.136365 ], [ -65.068391, -17.137222 ], [ -65.0679, -17.137636 ], [ -65.067538, -17.13786 ], [ -65.067256, -17.138361 ], [ -65.06714, -17.138899 ], [ -65.067228, -17.139431 ], [ -65.067424, -17.139988 ], [ -65.067572, -17.140474 ], [ -65.068007, -17.140936 ], [ -65.067782, -17.141653 ], [ -65.067799, -17.142149 ], [ -65.067637, -17.142606 ], [ -65.067607, -17.143152 ], [ -65.067259, -17.143666 ], [ -65.066586, -17.143639 ], [ -65.065983, -17.143543 ], [ -65.065788, -17.143482 ], [ -65.065716, -17.143574 ], [ -65.065185, -17.143622 ], [ -65.064593, -17.143536 ], [ -65.063681, -17.143733 ], [ -65.063058, -17.144282 ], [ -65.062799, -17.145126 ], [ -65.063286, -17.145688 ], [ -65.063514, -17.145862 ], [ -65.063524, -17.146065 ], [ -65.063247, -17.145843 ] ], [ [ -65.065165, -17.128058 ], [ -65.06549, -17.127491 ], [ -65.065868, -17.127143 ], [ -65.065934, -17.127076 ], [ -65.065459, -17.12786 ], [ -65.065311, -17.128167 ], [ -65.065303, -17.128248 ], [ -65.065165, -17.128058 ] ], [ [ -65.065962, -17.12703 ], [ -65.066183, -17.12662 ], [ -65.066235, -17.126322 ], [ -65.066215, -17.126057 ], [ -65.066028, -17.1258 ], [ -65.0656, -17.125595 ], [ -65.063895, -17.125178 ], [ -65.063313, -17.124923 ], [ -65.062684, -17.124541 ], [ -65.062105, -17.124091 ], [ -65.061669, -17.123645 ], [ -65.061554, -17.123308 ], [ -65.061583, -17.12294 ], [ -65.061829, -17.122531 ], [ -65.062059, -17.122329 ], [ -65.062866, -17.12192 ], [ -65.06318, -17.121708 ], [ -65.063411, -17.121494 ], [ -65.063775, -17.121122 ], [ -65.063913, -17.120956 ], [ -65.063653, -17.121593 ], [ -65.063451, -17.122036 ], [ -65.063296, -17.122431 ], [ -65.063323, -17.122665 ], [ -65.063374, -17.122829 ], [ -65.063328, -17.123134 ], [ -65.063751, -17.123879 ], [ -65.064469, -17.124997 ], [ -65.064787, -17.125134 ], [ -65.065328, -17.125527 ], [ -65.06581, -17.125626 ], [ -65.066303, -17.125511 ], [ -65.066776, -17.125683 ], [ -65.066591, -17.126402 ], [ -65.065934, -17.127076 ], [ -65.065962, -17.12703 ] ], [ [ -65.064149, -17.120375 ], [ -65.064581, -17.11995 ], [ -65.064494, -17.120182 ], [ -65.064177, -17.120636 ], [ -65.063913, -17.120956 ], [ -65.064149, -17.120375 ] ], [ [ -65.067683, -17.114782 ], [ -65.068137, -17.114826 ], [ -65.068484, -17.114811 ], [ -65.069108, -17.114686 ], [ -65.069639, -17.114398 ], [ -65.070002, -17.114083 ], [ -65.070247, -17.11372 ], [ -65.070335, -17.113388 ], [ -65.070352, -17.113032 ], [ -65.070108, -17.112554 ], [ -65.069779, -17.11219 ], [ -65.069376, -17.111928 ], [ -65.06877, -17.11165 ], [ -65.068234, -17.111455 ], [ -65.067256, -17.111284 ], [ -65.066253, -17.111182 ], [ -65.065752, -17.111067 ], [ -65.065264, -17.110907 ], [ -65.064801, -17.110667 ], [ -65.064338, -17.110403 ], [ -65.063996, -17.110039 ], [ -65.063764, -17.109551 ], [ -65.0637, -17.109043 ], [ -65.063814, -17.108642 ], [ -65.063843, -17.108596 ], [ -65.063823, -17.108896 ], [ -65.064063, -17.109832 ], [ -65.065127, -17.11074 ], [ -65.066887, -17.110987 ], [ -65.068223, -17.111028 ], [ -65.069352, -17.111249 ], [ -65.070189, -17.112141 ], [ -65.070609, -17.113023 ], [ -65.070715, -17.113576 ], [ -65.07043, -17.114477 ], [ -65.069811, -17.114923 ], [ -65.068933, -17.115155 ], [ -65.067711, -17.114875 ], [ -65.067535, -17.114752 ], [ -65.067683, -17.114782 ] ], [ [ -65.069278, -17.107988 ], [ -65.069674, -17.107836 ], [ -65.069869, -17.107587 ], [ -65.070005, -17.107336 ], [ -65.070093, -17.106993 ], [ -65.070099, -17.106601 ], [ -65.069849, -17.106504 ], [ -65.068697, -17.105995 ], [ -65.068185, -17.1058 ], [ -65.067674, -17.105582 ], [ -65.067269, -17.10547 ], [ -65.066908, -17.105336 ], [ -65.067298, -17.105388 ], [ -65.068025, -17.1055 ], [ -65.068708, -17.10539 ], [ -65.069219, -17.105493 ], [ -65.069634, -17.105594 ], [ -65.070337, -17.105747 ], [ -65.070614, -17.105889 ], [ -65.071054, -17.105993 ], [ -65.071397, -17.106411 ], [ -65.071402, -17.106869 ], [ -65.071344, -17.107328 ], [ -65.071084, -17.107607 ], [ -65.07035, -17.108001 ], [ -65.069371, -17.108034 ], [ -65.069171, -17.107994 ], [ -65.069278, -17.107988 ] ], [ [ -65.066748, -17.105314 ], [ -65.066243, -17.104823 ], [ -65.06613, -17.104542 ], [ -65.066332, -17.104885 ], [ -65.066841, -17.105311 ], [ -65.066908, -17.105336 ], [ -65.066748, -17.105314 ] ], [ [ -65.065982, -17.10429 ], [ -65.065824, -17.103654 ], [ -65.06583, -17.103262 ], [ -65.065926, -17.102378 ], [ -65.065886, -17.101836 ], [ -65.06556, -17.101337 ], [ -65.065597, -17.101334 ], [ -65.066454, -17.101446 ], [ -65.066797, -17.102074 ], [ -65.06649, -17.102882 ], [ -65.066103, -17.103597 ], [ -65.065987, -17.104185 ], [ -65.06613, -17.104542 ], [ -65.065982, -17.10429 ] ], [ [ -65.064689, -17.101394 ], [ -65.063485, -17.10131 ], [ -65.062194, -17.100913 ], [ -65.061816, -17.100462 ], [ -65.061899, -17.100529 ], [ -65.06235, -17.100712 ], [ -65.062828, -17.10078 ], [ -65.063389, -17.100838 ], [ -65.064525, -17.100851 ], [ -65.065145, -17.101002 ], [ -65.065535, -17.101299 ], [ -65.06556, -17.101337 ], [ -65.064689, -17.101394 ] ], [ [ -65.060741, -17.093764 ], [ -65.061145, -17.093491 ], [ -65.061462, -17.093531 ], [ -65.061824, -17.093528 ], [ -65.062279, -17.093827 ], [ -65.062555, -17.094302 ], [ -65.062501, -17.095322 ], [ -65.062714, -17.096386 ], [ -65.063169, -17.096686 ], [ -65.063622, -17.096855 ], [ -65.064119, -17.096807 ], [ -65.064476, -17.096455 ], [ -65.064776, -17.095863 ], [ -65.064789, -17.095906 ], [ -65.064887, -17.096575 ], [ -65.064833, -17.096977 ], [ -65.064588, -17.09734 ], [ -65.0642, -17.097724 ], [ -65.063767, -17.097921 ], [ -65.063419, -17.097972 ], [ -65.063181, -17.097874 ], [ -65.062887, -17.097534 ], [ -65.062678, -17.097138 ], [ -65.062296, -17.095437 ], [ -65.062042, -17.094798 ], [ -65.061785, -17.094355 ], [ -65.061539, -17.094039 ], [ -65.061266, -17.093895 ], [ -65.061052, -17.09381 ], [ -65.060718, -17.093803 ], [ -65.060741, -17.093764 ] ], [ [ -65.068236, -17.090016 ], [ -65.06797, -17.089365 ], [ -65.067665, -17.088933 ], [ -65.067207, -17.088393 ], [ -65.066806, -17.087981 ], [ -65.066001, -17.0874 ], [ -65.065693, -17.087243 ], [ -65.065289, -17.087074 ], [ -65.06517, -17.08703 ], [ -65.065897, -17.087129 ], [ -65.066206, -17.087285 ], [ -65.067364, -17.087866 ], [ -65.067776, -17.08834 ], [ -65.068142, -17.08877 ], [ -65.068175, -17.08925 ], [ -65.06844, -17.089901 ], [ -65.068307, -17.090329 ], [ -65.068236, -17.090016 ] ], [ [ -65.063825, -17.086535 ], [ -65.063066, -17.086139 ], [ -65.062426, -17.085734 ], [ -65.06194, -17.085389 ], [ -65.061643, -17.085279 ], [ -65.06144, -17.085252 ], [ -65.061069, -17.08529 ], [ -65.060733, -17.085363 ], [ -65.060362, -17.085378 ], [ -65.059755, -17.085169 ], [ -65.059365, -17.084816 ], [ -65.059122, -17.084292 ], [ -65.059093, -17.083819 ], [ -65.059194, -17.083476 ], [ -65.059514, -17.082827 ], [ -65.059748, -17.082385 ], [ -65.059719, -17.082712 ], [ -65.059398, -17.083361 ], [ -65.059298, -17.083705 ], [ -65.059327, -17.084177 ], [ -65.05957, -17.084701 ], [ -65.05996, -17.085054 ], [ -65.060567, -17.085263 ], [ -65.060938, -17.085248 ], [ -65.061273, -17.085175 ], [ -65.061645, -17.085137 ], [ -65.061848, -17.085164 ], [ -65.062145, -17.085274 ], [ -65.062864, -17.085435 ], [ -65.063547, -17.085906 ], [ -65.06403, -17.08642 ], [ -65.065007, -17.08697 ], [ -65.063825, -17.086535 ] ], [ [ -65.059785, -17.08198 ], [ -65.059813, -17.081785 ], [ -65.060343, -17.081108 ], [ -65.061104, -17.080276 ], [ -65.061602, -17.079897 ], [ -65.062176, -17.079393 ], [ -65.063116, -17.078541 ], [ -65.063392, -17.077526 ], [ -65.063315, -17.076754 ], [ -65.063159, -17.075809 ], [ -65.062991, -17.074898 ], [ -65.062984, -17.074232 ], [ -65.063049, -17.073522 ], [ -65.063234, -17.072779 ], [ -65.06351, -17.072234 ], [ -65.063906, -17.071198 ], [ -65.064011, -17.071008 ], [ -65.064003, -17.071076 ], [ -65.063875, -17.07166 ], [ -65.06369, -17.072082 ], [ -65.06354, -17.072471 ], [ -65.063402, -17.072905 ], [ -65.063299, -17.073421 ], [ -65.063255, -17.073996 ], [ -65.063329, -17.074665 ], [ -65.063427, -17.075324 ], [ -65.06362, -17.076007 ], [ -65.063789, -17.076736 ], [ -65.063825, -17.077566 ], [ -65.063769, -17.078117 ], [ -65.063582, -17.078654 ], [ -65.063301, -17.079005 ], [ -65.062866, -17.079364 ], [ -65.061368, -17.080357 ], [ -65.06092, -17.080739 ], [ -65.060507, -17.081167 ], [ -65.059834, -17.082223 ], [ -65.059748, -17.082385 ], [ -65.059785, -17.08198 ] ], [ [ -65.07416, -17.065089 ], [ -65.074651, -17.06503 ], [ -65.075001, -17.064842 ], [ -65.07522, -17.064536 ], [ -65.075601, -17.063877 ], [ -65.07582, -17.063582 ], [ -65.076195, -17.063279 ], [ -65.07657, -17.063022 ], [ -65.076776, -17.062897 ], [ -65.076775, -17.062907 ], [ -65.0764, -17.063164 ], [ -65.076065, -17.063704 ], [ -65.075662, -17.064012 ], [ -65.075425, -17.064421 ], [ -65.075205, -17.064727 ], [ -65.074638, -17.06537 ], [ -65.074094, -17.065245 ], [ -65.07386, -17.065083 ], [ -65.07416, -17.065089 ] ], [ [ -65.078678, -17.061145 ], [ -65.079101, -17.060843 ], [ -65.079666, -17.060602 ], [ -65.080159, -17.060417 ], [ -65.080641, -17.060208 ], [ -65.081244, -17.059818 ], [ -65.082479, -17.058774 ], [ -65.082989, -17.05829 ], [ -65.083438, -17.057828 ], [ -65.083804, -17.057341 ], [ -65.08417, -17.056819 ], [ -65.084561, -17.056205 ], [ -65.084881, -17.055591 ], [ -65.085141, -17.055009 ], [ -65.085304, -17.054471 ], [ -65.08542, -17.053898 ], [ -65.085488, -17.053335 ], [ -65.085517, -17.052127 ], [ -65.085476, -17.050837 ], [ -65.085522, -17.050193 ], [ -65.085673, -17.049632 ], [ -65.085942, -17.049258 ], [ -65.086143, -17.049148 ], [ -65.085878, -17.049517 ], [ -65.085726, -17.050078 ], [ -65.085681, -17.050722 ], [ -65.085722, -17.052012 ], [ -65.085693, -17.05322 ], [ -65.085625, -17.053783 ], [ -65.085509, -17.054356 ], [ -65.085345, -17.054894 ], [ -65.085086, -17.055476 ], [ -65.084766, -17.056091 ], [ -65.084375, -17.056704 ], [ -65.084008, -17.057226 ], [ -65.083642, -17.057713 ], [ -65.083193, -17.058175 ], [ -65.082684, -17.058659 ], [ -65.081449, -17.059704 ], [ -65.081041, -17.06022 ], [ -65.080369, -17.060705 ], [ -65.079919, -17.060884 ], [ -65.079335, -17.061194 ], [ -65.07884, -17.061329 ], [ -65.078408, -17.061409 ], [ -65.078678, -17.061145 ] ], [ [ -65.08783, -17.030864 ], [ -65.088048, -17.030209 ], [ -65.088493, -17.029597 ], [ -65.088896, -17.029245 ], [ -65.089458, -17.029022 ], [ -65.09027, -17.028927 ], [ -65.090995, -17.02918 ], [ -65.091856, -17.029432 ], [ -65.092515, -17.029672 ], [ -65.093756, -17.029673 ], [ -65.094527, -17.029926 ], [ -65.095298, -17.030265 ], [ -65.096973, -17.030552 ], [ -65.097697, -17.030675 ], [ -65.098375, -17.030755 ], [ -65.098874, -17.030924 ], [ -65.099248, -17.031209 ], [ -65.099956, -17.030984 ], [ -65.099788, -17.031087 ], [ -65.099043, -17.031324 ], [ -65.09872, -17.031363 ], [ -65.09823, -17.031341 ], [ -65.097717, -17.031261 ], [ -65.096919, -17.03106 ], [ -65.095085, -17.030537 ], [ -65.094359, -17.030303 ], [ -65.093621, -17.030091 ], [ -65.09231, -17.029786 ], [ -65.091666, -17.029658 ], [ -65.090974, -17.029551 ], [ -65.089947, -17.029459 ], [ -65.089612, -17.029475 ], [ -65.0893, -17.029607 ], [ -65.088889, -17.029886 ], [ -65.088451, -17.030429 ], [ -65.088083, -17.031031 ], [ -65.087953, -17.031363 ], [ -65.08783, -17.030864 ] ], [ [ -65.100992, -17.026426 ], [ -65.100968, -17.026367 ], [ -65.101003, -17.026438 ], [ -65.101004, -17.026444 ], [ -65.100992, -17.026426 ] ], [ [ -65.100305, -17.025608 ], [ -65.099985, -17.025263 ], [ -65.099576, -17.025007 ], [ -65.099212, -17.024837 ], [ -65.098803, -17.024537 ], [ -65.098122, -17.02424 ], [ -65.097577, -17.024028 ], [ -65.097495, -17.023982 ], [ -65.097666, -17.024041 ], [ -65.098071, -17.024165 ], [ -65.098868, -17.024378 ], [ -65.099462, -17.024644 ], [ -65.099877, -17.02494 ], [ -65.100231, -17.025224 ], [ -65.100467, -17.025471 ], [ -65.100713, -17.025833 ], [ -65.10075, -17.025912 ], [ -65.100305, -17.025608 ] ], [ [ -65.096417, -17.023611 ], [ -65.096179, -17.023514 ], [ -65.095835, -17.023288 ], [ -65.095564, -17.023017 ], [ -65.095355, -17.022644 ], [ -65.095194, -17.02218 ], [ -65.095142, -17.021615 ], [ -65.095149, -17.021189 ], [ -65.095181, -17.020591 ], [ -65.09519, -17.019969 ], [ -65.095166, -17.019186 ], [ -65.095029, -17.018723 ], [ -65.094714, -17.01814 ], [ -65.093778, -17.017613 ], [ -65.092873, -17.017329 ], [ -65.090739, -17.016903 ], [ -65.089829, -17.01654 ], [ -65.087716, -17.015697 ], [ -65.086687, -17.015368 ], [ -65.08626, -17.015136 ], [ -65.085741, -17.014695 ], [ -65.08614, -17.014934 ], [ -65.086822, -17.015318 ], [ -65.087729, -17.0157 ], [ -65.088183, -17.015869 ], [ -65.088952, -17.016035 ], [ -65.09004, -17.016328 ], [ -65.09167, -17.016702 ], [ -65.093299, -17.017033 ], [ -65.094433, -17.017412 ], [ -65.095432, -17.017923 ], [ -65.09571, -17.018572 ], [ -65.095715, -17.01905 ], [ -65.095769, -17.019788 ], [ -65.095551, -17.020486 ], [ -65.095353, -17.021074 ], [ -65.095347, -17.0215 ], [ -65.095568, -17.02205 ], [ -65.095754, -17.022526 ], [ -65.096075, -17.022914 ], [ -65.096384, -17.023399 ], [ -65.096621, -17.023496 ], [ -65.097495, -17.023982 ], [ -65.096417, -17.023611 ] ], [ [ -65.08528, -17.014264 ], [ -65.085041, -17.013805 ], [ -65.085025, -17.013732 ], [ -65.085089, -17.013815 ], [ -65.085592, -17.014563 ], [ -65.08528, -17.014264 ] ], [ [ -65.084729, -17.010744 ], [ -65.084917, -17.010301 ], [ -65.085533, -17.009678 ], [ -65.087599, -17.008022 ], [ -65.088653, -17.007579 ], [ -65.08945, -17.007232 ], [ -65.090316, -17.007192 ], [ -65.091183, -17.007276 ], [ -65.092247, -17.007851 ], [ -65.093636, -17.008731 ], [ -65.094536, -17.008969 ], [ -65.095435, -17.009052 ], [ -65.096429, -17.009073 ], [ -65.097227, -17.009169 ], [ -65.098166, -17.009159 ], [ -65.09874, -17.009203 ], [ -65.099282, -17.008982 ], [ -65.099543, -17.008467 ], [ -65.099576, -17.008799 ], [ -65.099584, -17.009538 ], [ -65.099273, -17.010019 ], [ -65.098869, -17.01024 ], [ -65.098373, -17.010332 ], [ -65.097605, -17.010253 ], [ -65.096426, -17.009874 ], [ -65.094887, -17.009499 ], [ -65.093796, -17.008946 ], [ -65.092477, -17.008047 ], [ -65.091206, -17.007495 ], [ -65.090302, -17.007417 ], [ -65.088905, -17.007649 ], [ -65.088234, -17.008221 ], [ -65.087384, -17.008968 ], [ -65.086308, -17.009718 ], [ -65.085096, -17.010382 ], [ -65.084718, -17.010916 ], [ -65.084729, -17.010744 ] ], [ [ -65.099474, -17.007757 ], [ -65.099377, -17.007193 ], [ -65.099004, -17.006111 ], [ -65.098401, -17.004683 ], [ -65.097662, -17.003622 ], [ -65.097386, -17.003214 ], [ -65.097299, -17.002937 ], [ -65.097338, -17.003003 ], [ -65.098301, -17.004141 ], [ -65.098695, -17.004512 ], [ -65.099284, -17.005592 ], [ -65.099413, -17.006358 ], [ -65.099555, -17.00759 ], [ -65.099634, -17.008287 ], [ -65.099543, -17.008467 ], [ -65.099474, -17.007757 ] ], [ [ -65.097041, -17.002514 ], [ -65.096962, -17.001975 ], [ -65.096837, -17.001474 ], [ -65.097104, -17.00232 ], [ -65.097299, -17.002937 ], [ -65.097041, -17.002514 ] ], [ [ -65.096833, -17.001459 ], [ -65.096834, -17.001461 ], [ -65.096837, -17.001474 ], [ -65.096833, -17.001459 ] ], [ [ -65.095802, -17.000465 ], [ -65.095126, -17.000208 ], [ -65.095261, -17.000235 ], [ -65.095971, -17.000532 ], [ -65.096113, -17.000671 ], [ -65.095802, -17.000465 ] ], [ [ -65.091081, -16.998895 ], [ -65.091045, -16.998888 ], [ -65.091126, -16.998896 ], [ -65.091081, -16.998895 ] ], [ [ -65.080182, -16.990762 ], [ -65.080796, -16.990083 ], [ -65.081434, -16.989815 ], [ -65.08205, -16.989398 ], [ -65.082704, -16.988793 ], [ -65.08363, -16.988261 ], [ -65.084787, -16.987539 ], [ -65.086024, -16.987115 ], [ -65.087147, -16.986805 ], [ -65.088078, -16.986683 ], [ -65.088778, -16.986863 ], [ -65.089479, -16.987043 ], [ -65.090285, -16.987245 ], [ -65.089937, -16.987344 ], [ -65.088981, -16.987641 ], [ -65.088121, -16.987939 ], [ -65.087381, -16.98819 ], [ -65.086713, -16.988235 ], [ -65.08614, -16.988188 ], [ -65.085108, -16.988311 ], [ -65.084994, -16.988324 ], [ -65.084636, -16.988369 ], [ -65.084206, -16.988507 ], [ -65.083633, -16.988759 ], [ -65.082534, -16.989446 ], [ -65.08208, -16.989718 ], [ -65.08196, -16.98979 ], [ -65.081458, -16.990019 ], [ -65.080837, -16.990386 ], [ -65.080383, -16.99073 ], [ -65.080114, -16.990988 ], [ -65.080182, -16.990762 ] ], [ [ -65.093207, -16.987042 ], [ -65.09328, -16.98663 ], [ -65.093276, -16.986256 ], [ -65.093153, -16.98566 ], [ -65.092913, -16.985102 ], [ -65.09248, -16.984546 ], [ -65.09189, -16.983879 ], [ -65.091168, -16.983551 ], [ -65.090351, -16.983372 ], [ -65.089729, -16.983304 ], [ -65.088991, -16.983311 ], [ -65.088059, -16.983246 ], [ -65.087281, -16.983142 ], [ -65.086577, -16.982664 ], [ -65.08591, -16.981998 ], [ -65.085595, -16.98159 ], [ -65.085087, -16.981334 ], [ -65.084466, -16.981377 ], [ -65.08404, -16.981457 ], [ -65.083537, -16.981648 ], [ -65.082961, -16.982177 ], [ -65.082615, -16.98248 ], [ -65.082114, -16.982859 ], [ -65.081574, -16.983163 ], [ -65.080952, -16.983132 ], [ -65.080561, -16.982874 ], [ -65.080287, -16.98269 ], [ -65.080011, -16.982282 ], [ -65.079811, -16.981761 ], [ -65.079808, -16.9815 ], [ -65.079841, -16.980939 ], [ -65.07995, -16.980265 ], [ -65.080215, -16.979627 ], [ -65.080387, -16.979364 ], [ -65.080733, -16.979099 ], [ -65.081235, -16.978795 ], [ -65.081699, -16.978641 ], [ -65.081849, -16.978191 ], [ -65.081765, -16.977594 ], [ -65.081485, -16.976812 ], [ -65.081013, -16.976257 ], [ -65.080348, -16.97589 ], [ -65.079416, -16.975825 ], [ -65.078251, -16.975799 ], [ -65.077472, -16.97562 ], [ -65.077078, -16.975064 ], [ -65.076994, -16.974467 ], [ -65.07699, -16.974131 ], [ -65.077295, -16.973642 ], [ -65.077601, -16.973153 ], [ -65.078139, -16.972662 ], [ -65.07887, -16.972094 ], [ -65.079373, -16.971939 ], [ -65.079878, -16.971934 ], [ -65.080423, -16.972041 ], [ -65.080928, -16.972148 ], [ -65.081281, -16.972443 ], [ -65.081754, -16.973111 ], [ -65.081953, -16.973557 ], [ -65.082114, -16.974004 ], [ -65.082274, -16.97445 ], [ -65.082742, -16.97467 ], [ -65.08313, -16.974629 ], [ -65.08363, -16.97425 ], [ -65.08436, -16.973495 ], [ -65.085051, -16.972778 ], [ -65.085591, -16.972474 ], [ -65.085977, -16.97232 ], [ -65.086561, -16.972464 ], [ -65.087073, -16.973094 ], [ -65.087233, -16.97354 ], [ -65.087241, -16.974213 ], [ -65.08713, -16.974774 ], [ -65.086907, -16.975636 ], [ -65.087148, -16.976381 ], [ -65.087698, -16.976898 ], [ -65.088398, -16.977003 ], [ -65.089017, -16.976885 ], [ -65.089555, -16.976319 ], [ -65.089757, -16.975894 ], [ -65.089718, -16.97645 ], [ -65.089622, -16.977185 ], [ -65.089572, -16.977989 ], [ -65.089571, -16.978633 ], [ -65.08957, -16.979115 ], [ -65.089593, -16.979552 ], [ -65.089735, -16.980242 ], [ -65.090116, -16.980725 ], [ -65.090617, -16.981071 ], [ -65.091523, -16.981302 ], [ -65.09166, -16.981326 ], [ -65.092835, -16.981534 ], [ -65.093384, -16.981627 ], [ -65.094124, -16.981789 ], [ -65.094426, -16.981832 ], [ -65.094935, -16.981905 ], [ -65.095746, -16.982068 ], [ -65.096438, -16.982344 ], [ -65.09701, -16.982667 ], [ -65.097439, -16.983174 ], [ -65.097843, -16.983772 ], [ -65.09797, -16.984181 ], [ -65.098057, -16.984462 ], [ -65.098056, -16.984829 ], [ -65.098126, -16.985772 ], [ -65.098006, -16.986323 ], [ -65.097265, -16.986851 ], [ -65.096548, -16.987217 ], [ -65.095951, -16.987446 ], [ -65.095354, -16.987606 ], [ -65.094489, -16.987605 ], [ -65.094423, -16.987604 ], [ -65.093612, -16.987442 ], [ -65.092999, -16.987308 ], [ -65.093207, -16.987042 ] ], [ [ -65.089767, -16.975737 ], [ -65.089731, -16.975231 ], [ -65.089721, -16.975094 ], [ -65.089484, -16.974312 ], [ -65.089107, -16.973536 ], [ -65.089254, -16.973707 ], [ -65.08961, -16.974338 ], [ -65.089773, -16.974972 ], [ -65.089858, -16.975681 ], [ -65.089757, -16.975894 ], [ -65.089767, -16.975737 ] ], [ [ -65.088389, -16.972707 ], [ -65.087605, -16.972042 ], [ -65.086975, -16.971272 ], [ -65.08746, -16.971757 ], [ -65.088151, -16.972425 ], [ -65.088699, -16.972977 ], [ -65.089103, -16.97353 ], [ -65.089107, -16.973536 ], [ -65.088389, -16.972707 ] ], [ [ -65.086769, -16.971066 ], [ -65.086365, -16.97056 ], [ -65.086104, -16.970107 ], [ -65.086483, -16.970671 ], [ -65.086975, -16.971272 ], [ -65.086769, -16.971066 ] ], [ [ -65.085017, -16.964409 ], [ -65.084003, -16.964009 ], [ -65.08299, -16.963683 ], [ -65.082286, -16.963204 ], [ -65.082124, -16.962811 ], [ -65.082393, -16.963107 ], [ -65.083156, -16.963476 ], [ -65.083824, -16.963776 ], [ -65.084444, -16.963983 ], [ -65.084845, -16.964178 ], [ -65.084969, -16.964237 ], [ -65.085374, -16.964537 ], [ -65.08551, -16.964695 ], [ -65.085017, -16.964409 ] ], [ [ -65.081799, -16.961341 ], [ -65.081982, -16.960293 ], [ -65.082124, -16.959133 ], [ -65.08224, -16.957967 ], [ -65.082138, -16.957325 ], [ -65.08219, -16.957429 ], [ -65.082355, -16.958303 ], [ -65.08233, -16.959107 ], [ -65.082185, -16.959728 ], [ -65.082041, -16.960302 ], [ -65.081944, -16.960807 ], [ -65.081872, -16.961451 ], [ -65.081854, -16.961711 ], [ -65.081799, -16.961341 ] ], [ [ -65.082095, -16.95724 ], [ -65.081881, -16.956808 ], [ -65.081714, -16.956601 ], [ -65.081623, -16.956454 ], [ -65.081739, -16.956513 ], [ -65.08211, -16.957151 ], [ -65.082138, -16.957325 ], [ -65.082095, -16.95724 ] ], [ [ -65.081028, -16.953359 ], [ -65.081292, -16.952808 ], [ -65.081344, -16.952658 ], [ -65.081333, -16.952722 ], [ -65.081158, -16.953308 ], [ -65.081006, -16.953393 ], [ -65.081028, -16.953359 ] ], [ [ -65.08151, -16.951676 ], [ -65.081509, -16.951705 ], [ -65.081484, -16.952257 ], [ -65.081344, -16.952658 ], [ -65.08151, -16.951676 ] ], [ [ -65.081545, -16.949918 ], [ -65.081596, -16.949042 ], [ -65.081774, -16.94869 ], [ -65.082133, -16.948277 ], [ -65.082578, -16.948003 ], [ -65.082572, -16.948043 ], [ -65.08255, -16.948132 ], [ -65.082522, -16.948219 ], [ -65.082487, -16.948304 ], [ -65.082446, -16.948387 ], [ -65.082398, -16.948466 ], [ -65.081944, -16.948649 ], [ -65.081633, -16.949108 ], [ -65.08156, -16.949912 ], [ -65.081558, -16.950878 ], [ -65.081556, -16.950913 ], [ -65.081545, -16.949918 ] ], [ [ -65.078608, -16.937221 ], [ -65.077455, -16.935773 ], [ -65.075993, -16.933818 ], [ -65.075484, -16.93311 ], [ -65.079649, -16.936755 ], [ -65.079486, -16.938092 ], [ -65.078608, -16.937221 ] ], [ [ -65.075119, -16.93279 ], [ -65.072755, -16.929515 ], [ -65.069096, -16.926713 ], [ -65.06841, -16.925952 ], [ -65.068043, -16.92515 ], [ -65.067874, -16.924307 ], [ -65.068247, -16.92306 ], [ -65.069035, -16.921068 ], [ -65.070773, -16.918909 ], [ -65.070309, -16.920157 ], [ -65.069957, -16.922641 ], [ -65.069976, -16.924392 ], [ -65.070061, -16.925194 ], [ -65.070681, -16.926502 ], [ -65.071838, -16.928241 ], [ -65.073914, -16.93092 ], [ -65.075484, -16.93311 ], [ -65.075119, -16.93279 ] ], [ [ -65.071045, -16.918179 ], [ -65.072615, -16.91612 ], [ -65.074498, -16.915006 ], [ -65.075782, -16.914628 ], [ -65.077219, -16.914322 ], [ -65.078431, -16.914236 ], [ -65.07965, -16.914735 ], [ -65.080945, -16.915378 ], [ -65.082255, -16.916303 ], [ -65.081448, -16.915962 ], [ -65.080018, -16.915677 ], [ -65.079721, -16.915505 ], [ -65.078708, -16.915105 ], [ -65.077457, -16.915049 ], [ -65.075864, -16.914975 ], [ -65.074083, -16.915667 ], [ -65.073367, -16.916305 ], [ -65.071335, -16.918212 ], [ -65.070773, -16.918909 ], [ -65.071045, -16.918179 ] ], [ [ -65.084226, -16.917315 ], [ -65.086209, -16.91839 ], [ -65.087966, -16.919612 ], [ -65.088122, -16.919759 ], [ -65.086966, -16.919242 ], [ -65.084229, -16.917869 ], [ -65.083123, -16.916775 ], [ -65.084226, -16.917315 ] ], [ [ -65.089201, -16.920241 ], [ -65.089766, -16.920493 ], [ -65.090343, -16.921158 ], [ -65.091822, -16.923215 ], [ -65.09272, -16.924009 ], [ -65.09195, -16.923439 ], [ -65.089575, -16.921128 ], [ -65.088122, -16.919759 ], [ -65.089201, -16.920241 ] ], [ [ -65.09298, -16.924201 ], [ -65.092844, -16.924118 ], [ -65.09272, -16.924009 ], [ -65.09298, -16.924201 ] ], [ [ -65.106512, -16.927449 ], [ -65.109579, -16.926277 ], [ -65.110869, -16.925124 ], [ -65.111561, -16.923406 ], [ -65.11166, -16.921695 ], [ -65.111404, -16.919987 ], [ -65.110797, -16.918625 ], [ -65.110079, -16.917948 ], [ -65.108526, -16.916824 ], [ -65.106494, -16.915135 ], [ -65.103746, -16.912997 ], [ -65.103471, -16.912807 ], [ -65.104643, -16.912863 ], [ -65.108419, -16.912811 ], [ -65.111081, -16.913107 ], [ -65.112543, -16.913678 ], [ -65.113445, -16.914378 ], [ -65.113829, -16.915432 ], [ -65.11437, -16.918534 ], [ -65.11405, -16.921279 ], [ -65.113601, -16.923356 ], [ -65.112417, -16.925014 ], [ -65.11073, -16.926313 ], [ -65.108201, -16.927373 ], [ -65.105673, -16.927765 ], [ -65.104847, -16.927961 ], [ -65.106512, -16.927449 ] ], [ [ -65.102333, -16.912753 ], [ -65.100861, -16.912431 ], [ -65.098967, -16.911912 ], [ -65.097345, -16.910784 ], [ -65.095926, -16.909378 ], [ -65.093537, -16.907228 ], [ -65.095642, -16.908519 ], [ -65.100165, -16.910525 ], [ -65.103471, -16.912807 ], [ -65.102333, -16.912753 ] ], [ [ -65.089428, -16.903276 ], [ -65.088776, -16.902384 ], [ -65.091054, -16.904781 ], [ -65.089428, -16.903276 ] ], [ [ -65.07453, -16.88739 ], [ -65.07234, -16.886408 ], [ -65.07109, -16.884779 ], [ -65.070976, -16.882956 ], [ -65.071715, -16.881215 ], [ -65.073308, -16.879648 ], [ -65.064742, -16.873876 ], [ -65.060828, -16.868447 ], [ -65.061245, -16.868536 ], [ -65.062426, -16.868419 ], [ -65.064121, -16.868384 ], [ -65.065466, -16.868524 ], [ -65.067249, -16.869044 ], [ -65.068849, -16.869769 ], [ -65.069979, -16.870775 ], [ -65.071044, -16.872245 ], [ -65.072114, -16.874187 ], [ -65.0729, -16.875728 ], [ -65.07375, -16.87673 ], [ -65.07481, -16.877729 ], [ -65.076009, -16.878592 ], [ -65.077273, -16.879051 ], [ -65.079165, -16.879436 ], [ -65.081197, -16.879752 ], [ -65.083995, -16.879858 ], [ -65.085677, -16.880177 ], [ -65.087006, -16.880998 ], [ -65.087796, -16.882021 ], [ -65.088086, -16.882961 ], [ -65.088313, -16.884581 ], [ -65.088124, -16.886401 ], [ -65.087654, -16.888224 ], [ -65.087317, -16.889372 ], [ -65.085947, -16.892012 ], [ -65.085538, -16.892905 ], [ -65.085341, -16.894385 ], [ -65.085342, -16.895418 ], [ -65.085401, -16.895647 ], [ -65.085402, -16.89645 ], [ -65.085581, -16.897139 ], [ -65.086119, -16.898515 ], [ -65.086894, -16.899604 ], [ -65.087549, -16.900464 ], [ -65.088504, -16.902011 ], [ -65.088776, -16.902384 ], [ -65.07453, -16.88739 ] ], [ [ -65.060283, -16.86833 ], [ -65.058997, -16.867696 ], [ -65.057609, -16.866509 ], [ -65.056446, -16.865412 ], [ -65.05583, -16.864587 ], [ -65.05397, -16.861148 ], [ -65.05352, -16.860303 ], [ -65.05368, -16.860508 ], [ -65.055605, -16.863316 ], [ -65.056953, -16.865401 ], [ -65.058202, -16.866939 ], [ -65.058966, -16.86757 ], [ -65.060775, -16.868373 ], [ -65.060828, -16.868447 ], [ -65.060283, -16.86833 ] ], [ [ -65.052684, -16.859234 ], [ -65.052961, -16.859495 ], [ -65.053448, -16.860168 ], [ -65.05352, -16.860303 ], [ -65.052684, -16.859234 ] ], [ [ -65.050333, -16.857622 ], [ -65.047856, -16.85637 ], [ -65.046422, -16.855107 ], [ -65.045559, -16.854112 ], [ -65.044783, -16.852478 ], [ -65.04458, -16.851203 ], [ -65.044563, -16.849652 ], [ -65.044649, -16.848831 ], [ -65.045203, -16.847457 ], [ -65.045944, -16.845899 ], [ -65.047346, -16.844152 ], [ -65.049424, -16.843583 ], [ -65.051694, -16.843287 ], [ -65.054445, -16.843625 ], [ -65.055404, -16.844033 ], [ -65.054366, -16.843723 ], [ -65.052156, -16.843515 ], [ -65.050938, -16.843483 ], [ -65.048881, -16.843899 ], [ -65.047766, -16.84426 ], [ -65.046997, -16.844779 ], [ -65.046232, -16.845729 ], [ -65.045753, -16.846676 ], [ -65.045194, -16.847742 ], [ -65.044878, -16.848727 ], [ -65.044767, -16.849749 ], [ -65.044811, -16.851124 ], [ -65.045041, -16.852515 ], [ -65.045419, -16.853532 ], [ -65.046207, -16.854781 ], [ -65.047236, -16.855634 ], [ -65.048221, -16.856253 ], [ -65.049616, -16.857024 ], [ -65.050437, -16.857487 ], [ -65.051638, -16.858369 ], [ -65.051704, -16.858421 ], [ -65.050333, -16.857622 ] ], [ [ -65.055512, -16.844065 ], [ -65.055628, -16.844128 ], [ -65.055404, -16.844033 ], [ -65.055512, -16.844065 ] ], [ [ -65.057585, -16.844961 ], [ -65.058659, -16.845786 ], [ -65.058239, -16.845547 ], [ -65.055628, -16.844128 ], [ -65.057585, -16.844961 ] ], [ [ -65.064562, -16.846807 ], [ -65.063986, -16.847082 ], [ -65.063906, -16.847093 ], [ -65.064562, -16.846807 ] ], [ [ -65.066894, -16.845016 ], [ -65.066415, -16.845487 ], [ -65.065162, -16.846521 ], [ -65.06504, -16.846579 ], [ -65.066894, -16.845016 ] ], [ [ -65.067707, -16.843765 ], [ -65.068822, -16.841747 ], [ -65.06965, -16.839458 ], [ -65.070064, -16.837577 ], [ -65.070008, -16.838363 ], [ -65.069615, -16.839741 ], [ -65.068585, -16.84254 ], [ -65.068043, -16.843787 ], [ -65.067101, -16.844813 ], [ -65.066978, -16.844934 ], [ -65.067707, -16.843765 ] ], [ [ -65.070078, -16.83738 ], [ -65.070145, -16.835966 ], [ -65.07017, -16.834513 ], [ -65.070159, -16.833571 ], [ -65.070014, -16.832625 ], [ -65.069953, -16.831764 ], [ -65.069416, -16.829585 ], [ -65.069177, -16.828954 ], [ -65.069058, -16.828782 ], [ -65.06876, -16.828266 ], [ -65.068343, -16.827635 ], [ -65.067926, -16.82712 ], [ -65.066615, -16.825859 ], [ -65.065484, -16.825057 ], [ -65.065008, -16.824828 ], [ -65.063936, -16.82437 ], [ -65.0634, -16.824314 ], [ -65.062627, -16.824314 ], [ -65.061912, -16.824373 ], [ -65.060841, -16.824431 ], [ -65.060068, -16.824662 ], [ -65.058877, -16.824892 ], [ -65.058164, -16.825237 ], [ -65.056616, -16.825354 ], [ -65.056112, -16.825354 ], [ -65.056601, -16.825214 ], [ -65.058347, -16.824522 ], [ -65.060044, -16.824022 ], [ -65.061346, -16.823913 ], [ -65.06305, -16.823992 ], [ -65.064757, -16.824361 ], [ -65.06677, -16.825209 ], [ -65.068186, -16.826449 ], [ -65.069201, -16.827693 ], [ -65.069917, -16.829037 ], [ -65.070237, -16.830867 ], [ -65.07046, -16.832891 ], [ -65.070479, -16.834627 ], [ -65.070393, -16.835979 ], [ -65.070203, -16.836946 ], [ -65.070064, -16.837577 ], [ -65.070078, -16.83738 ] ], [ [ -65.054504, -16.825814 ], [ -65.052501, -16.825931 ], [ -65.050996, -16.825753 ], [ -65.049587, -16.825092 ], [ -65.047865, -16.823372 ], [ -65.047248, -16.821834 ], [ -65.046628, -16.820104 ], [ -65.046509, -16.818368 ], [ -65.046591, -16.81663 ], [ -65.046568, -16.814508 ], [ -65.046533, -16.814338 ], [ -65.046963, -16.815052 ], [ -65.047182, -16.816424 ], [ -65.04708, -16.817798 ], [ -65.047049, -16.819292 ], [ -65.047269, -16.820782 ], [ -65.047734, -16.82227 ], [ -65.048137, -16.823113 ], [ -65.048688, -16.823792 ], [ -65.049674, -16.824489 ], [ -65.050827, -16.825001 ], [ -65.05164, -16.825333 ], [ -65.052633, -16.825359 ], [ -65.053557, -16.825392 ], [ -65.054454, -16.825383 ], [ -65.055485, -16.825355 ], [ -65.056112, -16.825354 ], [ -65.054504, -16.825814 ] ], [ [ -65.046257, -16.813881 ], [ -65.045718, -16.813061 ], [ -65.044851, -16.812049 ], [ -65.044028, -16.811311 ], [ -65.043099, -16.810823 ], [ -65.04202, -16.810388 ], [ -65.040044, -16.810025 ], [ -65.038811, -16.810124 ], [ -65.038632, -16.810124 ], [ -65.037442, -16.810355 ], [ -65.037026, -16.810528 ], [ -65.036431, -16.8107 ], [ -65.035717, -16.810988 ], [ -65.035181, -16.811161 ], [ -65.034884, -16.811276 ], [ -65.034348, -16.811448 ], [ -65.032684, -16.81199 ], [ -65.031211, -16.81228 ], [ -65.030515, -16.812436 ], [ -65.032309, -16.811369 ], [ -65.035403, -16.810277 ], [ -65.037599, -16.80958 ], [ -65.040001, -16.809363 ], [ -65.042507, -16.809531 ], [ -65.043917, -16.810192 ], [ -65.045431, -16.811239 ], [ -65.046251, -16.812967 ], [ -65.046533, -16.814338 ], [ -65.046257, -16.813881 ] ], [ [ -65.015249, -16.803817 ], [ -65.013856, -16.804699 ], [ -65.012567, -16.805966 ], [ -65.011879, -16.807228 ], [ -65.011896, -16.808868 ], [ -65.012112, -16.810313 ], [ -65.012732, -16.81214 ], [ -65.013394, -16.813587 ], [ -65.012547, -16.81228 ], [ -65.011888, -16.811282 ], [ -65.011524, -16.810089 ], [ -65.01132, -16.808761 ], [ -65.011401, -16.80743 ], [ -65.011677, -16.806464 ], [ -65.01238, -16.805449 ], [ -65.013038, -16.804617 ], [ -65.013746, -16.804059 ], [ -65.015075, -16.803634 ], [ -65.016027, -16.803624 ], [ -65.016671, -16.803727 ], [ -65.015249, -16.803817 ] ], [ [ -65.013757, -16.814148 ], [ -65.014244, -16.815107 ], [ -65.014373, -16.815655 ], [ -65.013655, -16.814157 ], [ -65.013394, -16.813587 ], [ -65.013757, -16.814148 ] ], [ [ -65.000072, -16.819971 ], [ -64.998941, -16.820254 ], [ -64.99584, -16.820332 ], [ -64.994186, -16.820011 ], [ -64.993131, -16.819588 ], [ -64.99265, -16.81929 ], [ -64.994629, -16.819746 ], [ -64.99613, -16.819635 ], [ -64.998234, -16.819615 ], [ -64.999939, -16.819791 ], [ -65.000377, -16.819854 ], [ -65.000072, -16.819971 ] ], [ [ -64.986714, -16.802722 ], [ -64.986238, -16.802436 ], [ -64.985583, -16.802092 ], [ -64.983976, -16.801634 ], [ -64.983441, -16.801635 ], [ -64.982687, -16.801546 ], [ -64.981984, -16.801657 ], [ -64.980789, -16.801806 ], [ -64.979991, -16.802102 ], [ -64.978998, -16.802835 ], [ -64.978355, -16.803515 ], [ -64.977616, -16.804583 ], [ -64.976882, -16.806228 ], [ -64.976794, -16.807385 ], [ -64.976804, -16.808301 ], [ -64.976866, -16.809457 ], [ -64.976838, -16.811221 ], [ -64.976541, -16.812311 ], [ -64.976125, -16.813517 ], [ -64.975634, -16.81511 ], [ -64.974579, -16.817706 ], [ -64.974281, -16.818165 ], [ -64.973805, -16.819141 ], [ -64.973449, -16.819715 ], [ -64.973032, -16.820117 ], [ -64.972556, -16.820634 ], [ -64.971247, -16.821839 ], [ -64.970652, -16.822184 ], [ -64.970354, -16.822242 ], [ -64.969164, -16.822243 ], [ -64.96845, -16.822186 ], [ -64.968033, -16.822071 ], [ -64.967259, -16.822072 ], [ -64.966724, -16.821957 ], [ -64.966419, -16.82186 ], [ -64.967449, -16.821745 ], [ -64.968945, -16.821055 ], [ -64.970842, -16.820458 ], [ -64.972628, -16.818801 ], [ -64.974603, -16.815984 ], [ -64.975677, -16.813272 ], [ -64.976058, -16.811434 ], [ -64.976554, -16.810947 ], [ -64.976687, -16.809306 ], [ -64.976368, -16.807475 ], [ -64.976447, -16.805448 ], [ -64.976833, -16.803997 ], [ -64.978325, -16.803018 ], [ -64.979419, -16.802235 ], [ -64.980916, -16.801642 ], [ -64.983214, -16.801137 ], [ -64.985019, -16.801313 ], [ -64.986732, -16.802261 ], [ -64.987254, -16.803144 ], [ -64.986714, -16.802722 ] ], [ [ -64.965547, -16.821956 ], [ -64.96414, -16.821487 ], [ -64.963026, -16.82034 ], [ -64.962415, -16.819381 ], [ -64.962203, -16.818225 ], [ -64.961924, -16.81543 ], [ -64.962007, -16.813788 ], [ -64.962395, -16.81253 ], [ -64.96308, -16.81098 ], [ -64.96316, -16.809049 ], [ -64.96304, -16.807121 ], [ -64.962846, -16.805737 ], [ -64.96378, -16.806734 ], [ -64.963839, -16.807553 ], [ -64.963846, -16.808276 ], [ -64.96337, -16.810593 ], [ -64.963182, -16.8118 ], [ -64.962902, -16.813778 ], [ -64.962675, -16.816108 ], [ -64.962615, -16.816739 ], [ -64.962616, -16.817312 ], [ -64.962675, -16.818058 ], [ -64.962914, -16.819091 ], [ -64.963092, -16.819665 ], [ -64.963509, -16.820238 ], [ -64.964105, -16.820754 ], [ -64.964343, -16.820983 ], [ -64.965057, -16.821327 ], [ -64.965652, -16.821556 ], [ -64.966009, -16.821728 ], [ -64.966419, -16.82186 ], [ -64.965547, -16.821956 ] ], [ [ -64.94985, -16.800588 ], [ -64.949538, -16.799433 ], [ -64.949429, -16.798566 ], [ -64.949511, -16.796828 ], [ -64.949698, -16.795475 ], [ -64.950087, -16.79441 ], [ -64.950775, -16.793053 ], [ -64.951567, -16.792177 ], [ -64.952961, -16.791295 ], [ -64.954857, -16.790602 ], [ -64.956452, -16.789911 ], [ -64.958945, -16.788729 ], [ -64.960744, -16.788326 ], [ -64.962236, -16.787347 ], [ -64.96418, -16.78646 ], [ -64.965124, -16.784676 ], [ -64.965112, -16.783518 ], [ -64.965045, -16.783058 ], [ -64.965344, -16.783676 ], [ -64.965395, -16.785012 ], [ -64.965214, -16.785605 ], [ -64.964773, -16.786477 ], [ -64.964131, -16.78735 ], [ -64.963307, -16.788049 ], [ -64.962771, -16.788451 ], [ -64.961819, -16.789026 ], [ -64.960867, -16.789485 ], [ -64.959737, -16.789945 ], [ -64.957372, -16.790521 ], [ -64.955666, -16.791146 ], [ -64.954622, -16.791734 ], [ -64.953677, -16.792321 ], [ -64.952587, -16.793295 ], [ -64.951548, -16.794414 ], [ -64.95061, -16.795627 ], [ -64.949951, -16.796904 ], [ -64.949687, -16.798339 ], [ -64.949701, -16.799736 ], [ -64.950011, -16.800697 ], [ -64.950103, -16.800846 ], [ -64.94985, -16.800588 ] ], [ [ -64.964833, -16.782621 ], [ -64.964427, -16.782095 ], [ -64.963871, -16.781474 ], [ -64.963126, -16.780763 ], [ -64.962769, -16.780533 ], [ -64.962055, -16.77996 ], [ -64.961579, -16.779731 ], [ -64.960091, -16.778929 ], [ -64.959318, -16.778757 ], [ -64.957711, -16.778241 ], [ -64.955271, -16.777899 ], [ -64.953664, -16.777727 ], [ -64.952712, -16.777728 ], [ -64.951727, -16.777686 ], [ -64.948876, -16.777713 ], [ -64.946478, -16.778025 ], [ -64.94518, -16.778278 ], [ -64.944183, -16.778625 ], [ -64.942294, -16.779799 ], [ -64.940756, -16.781018 ], [ -64.939963, -16.781749 ], [ -64.938671, -16.78258 ], [ -64.937026, -16.783174 ], [ -64.935877, -16.783281 ], [ -64.934677, -16.783292 ], [ -64.933376, -16.783256 ], [ -64.931421, -16.782939 ], [ -64.930317, -16.782562 ], [ -64.929109, -16.781802 ], [ -64.927988, -16.780694 ], [ -64.926985, -16.779509 ], [ -64.926223, -16.778408 ], [ -64.926092, -16.778187 ], [ -64.927246, -16.779321 ], [ -64.92963, -16.781383 ], [ -64.931163, -16.782372 ], [ -64.933253, -16.78297 ], [ -64.935016, -16.783031 ], [ -64.936375, -16.782709 ], [ -64.938693, -16.78207 ], [ -64.940917, -16.780196 ], [ -64.942745, -16.778712 ], [ -64.944498, -16.777692 ], [ -64.945774, -16.77714 ], [ -64.948094, -16.776732 ], [ -64.949136, -16.776799 ], [ -64.951821, -16.776851 ], [ -64.953905, -16.776909 ], [ -64.955671, -16.777201 ], [ -64.95816, -16.77764 ], [ -64.960414, -16.778699 ], [ -64.962589, -16.779759 ], [ -64.964362, -16.780746 ], [ -64.964853, -16.781745 ], [ -64.965045, -16.783058 ], [ -64.964833, -16.782621 ] ], [ [ -64.925222, -16.777333 ], [ -64.924093, -16.776572 ], [ -64.92232, -16.775585 ], [ -64.920871, -16.774903 ], [ -64.920003, -16.774835 ], [ -64.920349, -16.774802 ], [ -64.921387, -16.77495 ], [ -64.922591, -16.775372 ], [ -64.923646, -16.775796 ], [ -64.924552, -16.776318 ], [ -64.92546, -16.777129 ], [ -64.926092, -16.778187 ], [ -64.925222, -16.777333 ] ], [ [ -64.905377, -16.774684 ], [ -64.905442, -16.77461 ], [ -64.905444, -16.774798 ], [ -64.905377, -16.774684 ] ], [ [ -64.905435, -16.773889 ], [ -64.90591, -16.773267 ], [ -64.906461, -16.772258 ], [ -64.907166, -16.77063 ], [ -64.908429, -16.768766 ], [ -64.910333, -16.766818 ], [ -64.911286, -16.76596 ], [ -64.911749, -16.765046 ], [ -64.911692, -16.765865 ], [ -64.911103, -16.767027 ], [ -64.910264, -16.768095 ], [ -64.909548, -16.769114 ], [ -64.907986, -16.770429 ], [ -64.907273, -16.772003 ], [ -64.906218, -16.773722 ], [ -64.905442, -16.77461 ], [ -64.905435, -16.773889 ] ], [ [ -64.909993, -16.757694 ], [ -64.910112, -16.75788 ], [ -64.91018, -16.758094 ], [ -64.909993, -16.757694 ] ], [ [ -64.907731, -16.755031 ], [ -64.907612, -16.75496 ], [ -64.907933, -16.755106 ], [ -64.908211, -16.75538 ], [ -64.907731, -16.755031 ] ], [ [ -64.904989, -16.75403 ], [ -64.905172, -16.754023 ], [ -64.905234, -16.754043 ], [ -64.904989, -16.75403 ] ], [ [ -64.903422, -16.754087 ], [ -64.901874, -16.754391 ], [ -64.90023, -16.755032 ], [ -64.899087, -16.755766 ], [ -64.898395, -16.756639 ], [ -64.897606, -16.757755 ], [ -64.897167, -16.758819 ], [ -64.896929, -16.760074 ], [ -64.897115, -16.762132 ], [ -64.897195, -16.763298 ], [ -64.897908, -16.766856 ], [ -64.898146, -16.767601 ], [ -64.898206, -16.768175 ], [ -64.898206, -16.768261 ], [ -64.89804, -16.76755 ], [ -64.897221, -16.765704 ], [ -64.896323, -16.764092 ], [ -64.895905, -16.76232 ], [ -64.896042, -16.760003 ], [ -64.896347, -16.758456 ], [ -64.897131, -16.756673 ], [ -64.89816, -16.755429 ], [ -64.899273, -16.754492 ], [ -64.901189, -16.753857 ], [ -64.902953, -16.753918 ], [ -64.904989, -16.75403 ], [ -64.903422, -16.754087 ] ], [ [ -64.898211, -16.771899 ], [ -64.89792, -16.774212 ], [ -64.897193, -16.776151 ], [ -64.895347, -16.778287 ], [ -64.893719, -16.779379 ], [ -64.892669, -16.779485 ], [ -64.891619, -16.779447 ], [ -64.890869, -16.77955 ], [ -64.890211, -16.779481 ], [ -64.889488, -16.779244 ], [ -64.890303, -16.779277 ], [ -64.891664, -16.779111 ], [ -64.893341, -16.778555 ], [ -64.895172, -16.777303 ], [ -64.89644, -16.775902 ], [ -64.897467, -16.774348 ], [ -64.898165, -16.772103 ], [ -64.898211, -16.771812 ], [ -64.898211, -16.771899 ] ], [ [ -64.88878, -16.779214 ], [ -64.887654, -16.778761 ], [ -64.886764, -16.77792 ], [ -64.886111, -16.776691 ], [ -64.885535, -16.77523 ], [ -64.885782, -16.771831 ], [ -64.886306, -16.768043 ], [ -64.886681, -16.765492 ], [ -64.887452, -16.762397 ], [ -64.88815, -16.760075 ], [ -64.888697, -16.758603 ], [ -64.889566, -16.75736 ], [ -64.889962, -16.756686 ], [ -64.889553, -16.757684 ], [ -64.888236, -16.76107 ], [ -64.888095, -16.761986 ], [ -64.888053, -16.764018 ], [ -64.887614, -16.765826 ], [ -64.887376, -16.766572 ], [ -64.887257, -16.766858 ], [ -64.887079, -16.767604 ], [ -64.8869, -16.769211 ], [ -64.886542, -16.771334 ], [ -64.886304, -16.772883 ], [ -64.886428, -16.775543 ], [ -64.886899, -16.777072 ], [ -64.887315, -16.777875 ], [ -64.887672, -16.778219 ], [ -64.887731, -16.778334 ], [ -64.888089, -16.778506 ], [ -64.888327, -16.778678 ], [ -64.888624, -16.77885 ], [ -64.889338, -16.779194 ], [ -64.889488, -16.779244 ], [ -64.88878, -16.779214 ] ], [ [ -64.890188, -16.756136 ], [ -64.890379, -16.755219 ], [ -64.890422, -16.754496 ], [ -64.890334, -16.753942 ], [ -64.889756, -16.752912 ], [ -64.888959, -16.752051 ], [ -64.889033, -16.752038 ], [ -64.890321, -16.752644 ], [ -64.890897, -16.754183 ], [ -64.890433, -16.755885 ], [ -64.889962, -16.756686 ], [ -64.890188, -16.756136 ] ], [ [ -64.887113, -16.752365 ], [ -64.885198, -16.753231 ], [ -64.883845, -16.75329 ], [ -64.882238, -16.752811 ], [ -64.881886, -16.752753 ], [ -64.882051, -16.752688 ], [ -64.88369, -16.751517 ], [ -64.884686, -16.751074 ], [ -64.885835, -16.750919 ], [ -64.887187, -16.751099 ], [ -64.888694, -16.751765 ], [ -64.888959, -16.752051 ], [ -64.887113, -16.752365 ] ], [ [ -64.880407, -16.75333 ], [ -64.877812, -16.753932 ], [ -64.877015, -16.754228 ], [ -64.876319, -16.754668 ], [ -64.87528, -16.755834 ], [ -64.871492, -16.760898 ], [ -64.869943, -16.762042 ], [ -64.868098, -16.763018 ], [ -64.867265, -16.763247 ], [ -64.865717, -16.763477 ], [ -64.865241, -16.763477 ], [ -64.863799, -16.763359 ], [ -64.862683, -16.762961 ], [ -64.860585, -16.761991 ], [ -64.859979, -16.761418 ], [ -64.859693, -16.760579 ], [ -64.860557, -16.76173 ], [ -64.861465, -16.762275 ], [ -64.862521, -16.762711 ], [ -64.863857, -16.763044 ], [ -64.866623, -16.762673 ], [ -64.868975, -16.76196 ], [ -64.871016, -16.760855 ], [ -64.872489, -16.759458 ], [ -64.873652, -16.757768 ], [ -64.875117, -16.755531 ], [ -64.876671, -16.753788 ], [ -64.878327, -16.752785 ], [ -64.880119, -16.75246 ], [ -64.881886, -16.752753 ], [ -64.880407, -16.75333 ] ], [ [ -64.859643, -16.760513 ], [ -64.85897, -16.75882 ], [ -64.858461, -16.757046 ], [ -64.857749, -16.75559 ], [ -64.856251, -16.75339 ], [ -64.856233, -16.753374 ], [ -64.857408, -16.754213 ], [ -64.858272, -16.755651 ], [ -64.859615, -16.760352 ], [ -64.859693, -16.760579 ], [ -64.859643, -16.760513 ] ], [ [ -64.855343, -16.752737 ], [ -64.853812, -16.752193 ], [ -64.852436, -16.752089 ], [ -64.850839, -16.752441 ], [ -64.848703, -16.75405 ], [ -64.845301, -16.759092 ], [ -64.844572, -16.760133 ], [ -64.843663, -16.760634 ], [ -64.84202, -16.761178 ], [ -64.841169, -16.761153 ], [ -64.840197, -16.760637 ], [ -64.842219, -16.760644 ], [ -64.843114, -16.760598 ], [ -64.843898, -16.76018 ], [ -64.845296, -16.758745 ], [ -64.846849, -16.756423 ], [ -64.84772, -16.754865 ], [ -64.848821, -16.753306 ], [ -64.849831, -16.752601 ], [ -64.850812, -16.752245 ], [ -64.852012, -16.751965 ], [ -64.853488, -16.751873 ], [ -64.854926, -16.752176 ], [ -64.856233, -16.753374 ], [ -64.855343, -16.752737 ] ], [ [ -64.836365, -16.758207 ], [ -64.836075, -16.757891 ], [ -64.836338, -16.758112 ], [ -64.837136, -16.759045 ], [ -64.836365, -16.758207 ] ], [ [ -64.612065, -17.306739 ], [ -64.61205, -17.3082 ], [ -64.612053, -17.305928 ], [ -64.612065, -17.306739 ] ], [ [ -64.627145, -17.287074 ], [ -64.626965, -17.288345 ], [ -64.627036, -17.287746 ], [ -64.627145, -17.287074 ] ], [ [ -64.63093, -17.24912 ], [ -64.630187, -17.250118 ], [ -64.631767, -17.247991 ], [ -64.63093, -17.24912 ] ], [ [ -64.663541, -17.185555 ], [ -64.663964, -17.186211 ], [ -64.66368, -17.18578 ], [ -64.663541, -17.185555 ] ], [ [ -64.698249, -17.125748 ], [ -64.698206, -17.125816 ], [ -64.698323, -17.125607 ], [ -64.698249, -17.125748 ] ], [ [ -65.192861, -16.856308 ], [ -65.193004, -16.858803 ], [ -65.192671, -16.855002 ], [ -65.192861, -16.856308 ] ], [ [ -65.792826, -17.260646 ], [ -65.844396, -17.25356 ], [ -65.729522, -17.269848 ], [ -65.792826, -17.260646 ] ], [ [ -65.181408, -16.850512 ], [ -65.180645, -16.851593 ], [ -65.180692, -16.851521 ], [ -65.181408, -16.850512 ] ], [ [ -65.173967, -16.85621 ], [ -65.174063, -16.856193 ], [ -65.173729, -16.856391 ], [ -65.173082, -16.856305 ], [ -65.173967, -16.85621 ] ], [ [ -65.172491, -16.856368 ], [ -65.170656, -16.856475 ], [ -65.169394, -16.856585 ], [ -65.169024, -16.85659 ], [ -65.168031, -16.856455 ], [ -65.167683, -16.856356 ], [ -65.167333, -16.856223 ], [ -65.167102, -16.856031 ], [ -65.166735, -16.855646 ], [ -65.166352, -16.855077 ], [ -65.165873, -16.854039 ], [ -65.165702, -16.853376 ], [ -65.165565, -16.852597 ], [ -65.165484, -16.851702 ], [ -65.165466, -16.850945 ], [ -65.165508, -16.850209 ], [ -65.165732, -16.849586 ], [ -65.165949, -16.849204 ], [ -65.16633, -16.84867 ], [ -65.166598, -16.848368 ], [ -65.166984, -16.848064 ], [ -65.167408, -16.847851 ], [ -65.168024, -16.847647 ], [ -65.168795, -16.847453 ], [ -65.17021, -16.847222 ], [ -65.169082, -16.847512 ], [ -65.168364, -16.847797 ], [ -65.167717, -16.848013 ], [ -65.167287, -16.84826 ], [ -65.166929, -16.848542 ], [ -65.166359, -16.849208 ], [ -65.165825, -16.849804 ], [ -65.16567, -16.85083 ], [ -65.165688, -16.851587 ], [ -65.165769, -16.852482 ], [ -65.165907, -16.853261 ], [ -65.166078, -16.853924 ], [ -65.166556, -16.854962 ], [ -65.166939, -16.855531 ], [ -65.167306, -16.855916 ], [ -65.167538, -16.856108 ], [ -65.167887, -16.856241 ], [ -65.168235, -16.85634 ], [ -65.169229, -16.856475 ], [ -65.169599, -16.85647 ], [ -65.170861, -16.85636 ], [ -65.172696, -16.856254 ], [ -65.173082, -16.856305 ], [ -65.172491, -16.856368 ] ], [ [ -65.18188, -16.841779 ], [ -65.181755, -16.84108 ], [ -65.181575, -16.840531 ], [ -65.181422, -16.84012 ], [ -65.181099, -16.839562 ], [ -65.180486, -16.838377 ], [ -65.180297, -16.837977 ], [ -65.180198, -16.837829 ], [ -65.180049, -16.837556 ], [ -65.179483, -16.836821 ], [ -65.180403, -16.837715 ], [ -65.181303, -16.839447 ], [ -65.181627, -16.840005 ], [ -65.18178, -16.840416 ], [ -65.18196, -16.840965 ], [ -65.182084, -16.841664 ], [ -65.182098, -16.842261 ], [ -65.181994, -16.842905 ], [ -65.181774, -16.843064 ], [ -65.18179, -16.84302 ], [ -65.181894, -16.842376 ], [ -65.18188, -16.841779 ] ], [ [ -65.16352, -16.820395 ], [ -65.164165, -16.81969 ], [ -65.164768, -16.819039 ], [ -65.164809, -16.81953 ], [ -65.165314, -16.820451 ], [ -65.165999, -16.821027 ], [ -65.166804, -16.821557 ], [ -65.167331, -16.821864 ], [ -65.165134, -16.822054 ], [ -65.163531, -16.821373 ], [ -65.16352, -16.820395 ] ], [ [ -65.16476, -16.818943 ], [ -65.165011, -16.81839 ], [ -65.165538, -16.817883 ], [ -65.166305, -16.81726 ], [ -65.167084, -16.816753 ], [ -65.167852, -16.816546 ], [ -65.16868, -16.816523 ], [ -65.16958, -16.81658 ], [ -65.170444, -16.816545 ], [ -65.171967, -16.816222 ], [ -65.172699, -16.815923 ], [ -65.173262, -16.815462 ], [ -65.173423, -16.815163 ], [ -65.173466, -16.815347 ], [ -65.172902, -16.816595 ], [ -65.171532, -16.817238 ], [ -65.168927, -16.817685 ], [ -65.167546, -16.81742 ], [ -65.166606, -16.817569 ], [ -65.165742, -16.817768 ], [ -65.165215, -16.818275 ], [ -65.164964, -16.818828 ], [ -65.164768, -16.819039 ], [ -65.16476, -16.818943 ] ], [ [ -65.173315, -16.814706 ], [ -65.173378, -16.813797 ], [ -65.172561, -16.81213 ], [ -65.171526, -16.810395 ], [ -65.170277, -16.808942 ], [ -65.168594, -16.807493 ], [ -65.167642, -16.806735 ], [ -65.167055, -16.806113 ], [ -65.16589, -16.805637 ], [ -65.164291, -16.805304 ], [ -65.163196, -16.804618 ], [ -65.162107, -16.80442 ], [ -65.16109, -16.804291 ], [ -65.159855, -16.804024 ], [ -65.158624, -16.804177 ], [ -65.156592, -16.803989 ], [ -65.15478, -16.804008 ], [ -65.153619, -16.80395 ], [ -65.152457, -16.803753 ], [ -65.151384, -16.803721 ], [ -65.152506, -16.803382 ], [ -65.15337, -16.803209 ], [ -65.154378, -16.803094 ], [ -65.156549, -16.80299 ], [ -65.158566, -16.803093 ], [ -65.159706, -16.803185 ], [ -65.16099, -16.803335 ], [ -65.161974, -16.803473 ], [ -65.163282, -16.803761 ], [ -65.164579, -16.804175 ], [ -65.16596, -16.804647 ], [ -65.167076, -16.805108 ], [ -65.168313, -16.805706 ], [ -65.169539, -16.806409 ], [ -65.170596, -16.807203 ], [ -65.171605, -16.808182 ], [ -65.172556, -16.80953 ], [ -65.173387, -16.811223 ], [ -65.173833, -16.812697 ], [ -65.173811, -16.813976 ], [ -65.173573, -16.814886 ], [ -65.173423, -16.815163 ], [ -65.173315, -16.814706 ] ], [ [ -65.135551, -16.795899 ], [ -65.134374, -16.794375 ], [ -65.133557, -16.792637 ], [ -65.133846, -16.791646 ], [ -65.134143, -16.79236 ], [ -65.134913, -16.793777 ], [ -65.135899, -16.795263 ], [ -65.136825, -16.796507 ], [ -65.137654, -16.797417 ], [ -65.137935, -16.797649 ], [ -65.137744, -16.797552 ], [ -65.136724, -16.797074 ], [ -65.135551, -16.795899 ] ], [ [ -65.133745, -16.791404 ], [ -65.133672, -16.790459 ], [ -65.133743, -16.789814 ], [ -65.133993, -16.788789 ], [ -65.13428, -16.787879 ], [ -65.13471, -16.786923 ], [ -65.135273, -16.785886 ], [ -65.135955, -16.785068 ], [ -65.136722, -16.784423 ], [ -65.137502, -16.783974 ], [ -65.137521, -16.783966 ], [ -65.136927, -16.784308 ], [ -65.13616, -16.784953 ], [ -65.135477, -16.785771 ], [ -65.134915, -16.786808 ], [ -65.134484, -16.787764 ], [ -65.134198, -16.788674 ], [ -65.133947, -16.789699 ], [ -65.133876, -16.790344 ], [ -65.13395, -16.791289 ], [ -65.133846, -16.791646 ], [ -65.133745, -16.791404 ] ], [ [ -65.154103, -16.76966 ], [ -65.152864, -16.769044 ], [ -65.151698, -16.768498 ], [ -65.149813, -16.768447 ], [ -65.148142, -16.768116 ], [ -65.146327, -16.767855 ], [ -65.145478, -16.767384 ], [ -65.146307, -16.767581 ], [ -65.147831, -16.767858 ], [ -65.149199, -16.768007 ], [ -65.151323, -16.768122 ], [ -65.153015, -16.768571 ], [ -65.153879, -16.76894 ], [ -65.154516, -16.769331 ], [ -65.155273, -16.770034 ], [ -65.15609, -16.771036 ], [ -65.156404, -16.771533 ], [ -65.156078, -16.771315 ], [ -65.155562, -16.770552 ], [ -65.154103, -16.76966 ] ], [ [ -65.144759, -16.767213 ], [ -65.143282, -16.766752 ], [ -65.142046, -16.766245 ], [ -65.141253, -16.765669 ], [ -65.140832, -16.764932 ], [ -65.140434, -16.763803 ], [ -65.140241, -16.762617 ], [ -65.140227, -16.761396 ], [ -65.140477, -16.760347 ], [ -65.1408, -16.759299 ], [ -65.14123, -16.758366 ], [ -65.141793, -16.757537 ], [ -65.142511, -16.756926 ], [ -65.142664, -16.756856 ], [ -65.141997, -16.757422 ], [ -65.141434, -16.758251 ], [ -65.141004, -16.759184 ], [ -65.140682, -16.760233 ], [ -65.140431, -16.761281 ], [ -65.140445, -16.762502 ], [ -65.140639, -16.763688 ], [ -65.141036, -16.764817 ], [ -65.141457, -16.765554 ], [ -65.14225, -16.76613 ], [ -65.143487, -16.766637 ], [ -65.144963, -16.767098 ], [ -65.145478, -16.767384 ], [ -65.144759, -16.767213 ] ], [ [ -65.164571, -16.755979 ], [ -65.16546, -16.756751 ], [ -65.167254, -16.758714 ], [ -65.164978, -16.757116 ], [ -65.163805, -16.755942 ], [ -65.162855, -16.755253 ], [ -65.162348, -16.754835 ], [ -65.162542, -16.754885 ], [ -65.163527, -16.755311 ], [ -65.164571, -16.755979 ] ], [ [ -65.174079, -16.759871 ], [ -65.174354, -16.759352 ], [ -65.174557, -16.758465 ], [ -65.174697, -16.758055 ], [ -65.174761, -16.75835 ], [ -65.174558, -16.759237 ], [ -65.174283, -16.759756 ], [ -65.173864, -16.760297 ], [ -65.173337, -16.760724 ], [ -65.172738, -16.761092 ], [ -65.172704, -16.761103 ], [ -65.173133, -16.760839 ], [ -65.17366, -16.760412 ], [ -65.174079, -16.759871 ] ], [ [ -65.174548, -16.757365 ], [ -65.174027, -16.756183 ], [ -65.173583, -16.75542 ], [ -65.172562, -16.754802 ], [ -65.171461, -16.753627 ], [ -65.170215, -16.752383 ], [ -65.169481, -16.751553 ], [ -65.168822, -16.750931 ], [ -65.168162, -16.75031 ], [ -65.16779, -16.749406 ], [ -65.167463, -16.748883 ], [ -65.167547, -16.748952 ], [ -65.168112, -16.749528 ], [ -65.168448, -16.749919 ], [ -65.16917, -16.750864 ], [ -65.169518, -16.751209 ], [ -65.170623, -16.751831 ], [ -65.172292, -16.753052 ], [ -65.173422, -16.754146 ], [ -65.174023, -16.755079 ], [ -65.174445, -16.756231 ], [ -65.174972, -16.757252 ], [ -65.174697, -16.758055 ], [ -65.174548, -16.757365 ] ], [ [ -65.153206, -16.747953 ], [ -65.151183, -16.748462 ], [ -65.149739, -16.748966 ], [ -65.14873, -16.749466 ], [ -65.147287, -16.750039 ], [ -65.146199, -16.749981 ], [ -65.144821, -16.749925 ], [ -65.143579, -16.74903 ], [ -65.142336, -16.747996 ], [ -65.141907, -16.747238 ], [ -65.142413, -16.747642 ], [ -65.143434, -16.748321 ], [ -65.144635, -16.748862 ], [ -65.145811, -16.749162 ], [ -65.146962, -16.749231 ], [ -65.148066, -16.749139 ], [ -65.149289, -16.748851 ], [ -65.150692, -16.74839 ], [ -65.151963, -16.747917 ], [ -65.153174, -16.747491 ], [ -65.154313, -16.747214 ], [ -65.155404, -16.746915 ], [ -65.156123, -16.746776 ], [ -65.156208, -16.746765 ], [ -65.15559, -16.747299 ], [ -65.154508, -16.747729 ], [ -65.153206, -16.747953 ] ], [ [ -65.134784, -16.73514 ], [ -65.134563, -16.733343 ], [ -65.134983, -16.732012 ], [ -65.135122, -16.73189 ], [ -65.135025, -16.732194 ], [ -65.134894, -16.733024 ], [ -65.134836, -16.733945 ], [ -65.135041, -16.735063 ], [ -65.135487, -16.73641 ], [ -65.136053, -16.737747 ], [ -65.137747, -16.741258 ], [ -65.13541, -16.737803 ], [ -65.134958, -16.736341 ], [ -65.134784, -16.73514 ] ], [ [ -65.148942, -16.725708 ], [ -65.148714, -16.725662 ], [ -65.147526, -16.72549 ], [ -65.146791, -16.725417 ], [ -65.147154, -16.725252 ], [ -65.148388, -16.725448 ], [ -65.148942, -16.725708 ] ], [ [ -65.149865, -16.725893 ], [ -65.152193, -16.726434 ], [ -65.153321, -16.726607 ], [ -65.154173, -16.72663 ], [ -65.154856, -16.726411 ], [ -65.155299, -16.726042 ], [ -65.155706, -16.725385 ], [ -65.155968, -16.724441 ], [ -65.155972, -16.724381 ], [ -65.155988, -16.724501 ], [ -65.155963, -16.725204 ], [ -65.155664, -16.725987 ], [ -65.155119, -16.726555 ], [ -65.153624, -16.72707 ], [ -65.152029, -16.727016 ], [ -65.151229, -16.726745 ], [ -65.150136, -16.726268 ], [ -65.148942, -16.725708 ], [ -65.149865, -16.725893 ] ], [ [ -65.131195, -16.699462 ], [ -65.130303, -16.69944 ], [ -65.129313, -16.699309 ], [ -65.128515, -16.699005 ], [ -65.127813, -16.698529 ], [ -65.127558, -16.698237 ], [ -65.128344, -16.698523 ], [ -65.129292, -16.698765 ], [ -65.130252, -16.698903 ], [ -65.131139, -16.698949 ], [ -65.132722, -16.698869 ], [ -65.134005, -16.698892 ], [ -65.134683, -16.69892 ], [ -65.134465, -16.698991 ], [ -65.13301, -16.699349 ], [ -65.131195, -16.699462 ] ], [ [ -65.12643, -16.695188 ], [ -65.126475, -16.694898 ], [ -65.126551, -16.694445 ], [ -65.126755, -16.693865 ], [ -65.126862, -16.693318 ], [ -65.127292, -16.692627 ], [ -65.127919, -16.692121 ], [ -65.128417, -16.691726 ], [ -65.129337, -16.691342 ], [ -65.130045, -16.690967 ], [ -65.129725, -16.691197 ], [ -65.128635, -16.692164 ], [ -65.127941, -16.69304 ], [ -65.12739, -16.694053 ], [ -65.12708, -16.694825 ], [ -65.126865, -16.695735 ], [ -65.126734, -16.696438 ], [ -65.126692, -16.69676 ], [ -65.126674, -16.696715 ], [ -65.126437, -16.695796 ], [ -65.12643, -16.695188 ] ], [ [ -65.131091, -16.690218 ], [ -65.132469, -16.689584 ], [ -65.133284, -16.689406 ], [ -65.132609, -16.689654 ], [ -65.131819, -16.68999 ], [ -65.131126, -16.690387 ], [ -65.13024, -16.690864 ], [ -65.130045, -16.690967 ], [ -65.131091, -16.690218 ] ], [ [ -65.134224, -16.68906 ], [ -65.135031, -16.68877 ], [ -65.135774, -16.688482 ], [ -65.136436, -16.688303 ], [ -65.136986, -16.688188 ], [ -65.137586, -16.688151 ], [ -65.138315, -16.688112 ], [ -65.138687, -16.688046 ], [ -65.139059, -16.687995 ], [ -65.139657, -16.687817 ], [ -65.14042, -16.687583 ], [ -65.14139, -16.687307 ], [ -65.142472, -16.687 ], [ -65.143654, -16.686878 ], [ -65.14511, -16.686598 ], [ -65.146582, -16.686286 ], [ -65.147471, -16.686043 ], [ -65.148295, -16.6858 ], [ -65.148812, -16.685623 ], [ -65.149844, -16.685175 ], [ -65.15062, -16.684744 ], [ -65.150439, -16.685011 ], [ -65.149936, -16.685494 ], [ -65.149301, -16.685978 ], [ -65.148594, -16.68637 ], [ -65.147467, -16.686739 ], [ -65.146125, -16.687107 ], [ -65.144482, -16.687384 ], [ -65.142756, -16.687637 ], [ -65.141029, -16.687937 ], [ -65.139147, -16.688294 ], [ -65.13754, -16.688663 ], [ -65.135862, -16.688974 ], [ -65.134099, -16.689227 ], [ -65.133284, -16.689406 ], [ -65.134224, -16.68906 ] ], [ [ -65.140501, -16.677984 ], [ -65.139838, -16.678131 ], [ -65.138675, -16.678487 ], [ -65.137303, -16.679016 ], [ -65.13601, -16.679373 ], [ -65.135402, -16.679558 ], [ -65.135788, -16.679309 ], [ -65.136699, -16.67879 ], [ -65.137574, -16.67841 ], [ -65.138389, -16.678111 ], [ -65.139264, -16.677892 ], [ -65.140139, -16.677788 ], [ -65.141194, -16.677731 ], [ -65.142705, -16.677823 ], [ -65.142937, -16.677846 ], [ -65.14238, -16.677871 ], [ -65.141327, -16.677913 ], [ -65.140501, -16.677984 ] ], [ [ -65.090681, -16.666562 ], [ -65.090588, -16.666179 ], [ -65.0906, -16.666205 ], [ -65.090853, -16.666504 ], [ -65.091153, -16.666781 ], [ -65.091477, -16.667035 ], [ -65.091848, -16.667254 ], [ -65.092252, -16.66746 ], [ -65.091647, -16.66736 ], [ -65.090983, -16.666847 ], [ -65.090681, -16.666562 ] ], [ [ -65.097829, -16.65289 ], [ -65.096402, -16.653902 ], [ -65.095773, -16.654408 ], [ -65.095143, -16.65496 ], [ -65.094016, -16.655995 ], [ -65.093627, -16.656961 ], [ -65.09304, -16.658005 ], [ -65.092388, -16.658472 ], [ -65.091558, -16.65923 ], [ -65.090613, -16.660278 ], [ -65.089962, -16.660976 ], [ -65.089252, -16.661675 ], [ -65.088781, -16.662372 ], [ -65.088133, -16.663244 ], [ -65.087662, -16.66394 ], [ -65.087191, -16.664694 ], [ -65.086546, -16.665912 ], [ -65.086259, -16.666953 ], [ -65.085733, -16.668169 ], [ -65.084957, -16.668385 ], [ -65.084329, -16.669133 ], [ -65.084164, -16.669211 ], [ -65.084421, -16.668971 ], [ -65.084753, -16.6685 ], [ -65.085048, -16.66797 ], [ -65.085555, -16.666912 ], [ -65.085896, -16.666025 ], [ -65.086616, -16.664564 ], [ -65.086982, -16.663919 ], [ -65.08781, -16.662619 ], [ -65.088355, -16.661906 ], [ -65.088865, -16.661331 ], [ -65.089399, -16.660779 ], [ -65.090384, -16.659813 ], [ -65.090858, -16.659307 ], [ -65.091392, -16.658778 ], [ -65.091926, -16.658191 ], [ -65.092317, -16.6578 ], [ -65.093017, -16.656984 ], [ -65.093811, -16.656109 ], [ -65.094939, -16.655075 ], [ -65.095569, -16.654523 ], [ -65.096198, -16.654017 ], [ -65.097624, -16.653005 ], [ -65.098338, -16.652546 ], [ -65.099837, -16.651684 ], [ -65.101205, -16.650868 ], [ -65.101256, -16.650845 ], [ -65.100041, -16.651569 ], [ -65.098542, -16.652431 ], [ -65.097829, -16.65289 ] ], [ [ -65.084125, -16.669247 ], [ -65.083756, -16.669466 ], [ -65.083351, -16.669615 ], [ -65.083167, -16.669529 ], [ -65.083555, -16.6695 ], [ -65.084164, -16.669211 ], [ -65.084125, -16.669247 ] ], [ [ -65.082399, -16.669586 ], [ -65.081323, -16.669712 ], [ -65.079945, -16.669438 ], [ -65.078805, -16.669103 ], [ -65.077904, -16.668824 ], [ -65.077122, -16.668371 ], [ -65.075736, -16.667462 ], [ -65.074524, -16.665975 ], [ -65.073735, -16.665003 ], [ -65.073187, -16.664028 ], [ -65.073149, -16.663622 ], [ -65.07323, -16.663796 ], [ -65.073628, -16.664476 ], [ -65.074085, -16.665133 ], [ -65.074494, -16.665641 ], [ -65.074866, -16.66601 ], [ -65.07549, -16.666494 ], [ -65.076294, -16.667187 ], [ -65.076989, -16.667694 ], [ -65.077756, -16.668202 ], [ -65.078462, -16.66856 ], [ -65.079073, -16.668826 ], [ -65.079683, -16.669068 ], [ -65.080233, -16.669265 ], [ -65.080755, -16.669289 ], [ -65.081312, -16.669163 ], [ -65.082181, -16.669274 ], [ -65.08274, -16.669328 ], [ -65.083167, -16.669529 ], [ -65.082399, -16.669586 ] ], [ [ -65.082236, -16.636194 ], [ -65.082723, -16.63578 ], [ -65.083388, -16.635182 ], [ -65.084301, -16.634262 ], [ -65.084657, -16.633767 ], [ -65.084916, -16.633192 ], [ -65.08503, -16.632386 ], [ -65.084954, -16.631545 ], [ -65.084674, -16.630681 ], [ -65.08424, -16.629805 ], [ -65.083736, -16.629264 ], [ -65.084421, -16.629859 ], [ -65.085125, -16.630554 ], [ -65.085406, -16.631082 ], [ -65.085158, -16.63143 ], [ -65.085235, -16.632271 ], [ -65.08512, -16.633077 ], [ -65.084861, -16.633652 ], [ -65.084506, -16.634147 ], [ -65.083782, -16.635265 ], [ -65.083348, -16.635535 ], [ -65.082897, -16.635836 ], [ -65.082205, -16.636264 ], [ -65.081738, -16.636612 ], [ -65.081458, -16.636864 ], [ -65.081177, -16.637117 ], [ -65.081148, -16.637147 ], [ -65.081262, -16.636987 ], [ -65.081678, -16.636631 ], [ -65.082236, -16.636194 ] ], [ [ -65.07408, -16.630337 ], [ -65.072711, -16.631085 ], [ -65.071484, -16.631565 ], [ -65.070686, -16.631908 ], [ -65.071098, -16.631629 ], [ -65.072145, -16.631043 ], [ -65.074227, -16.629987 ], [ -65.07537, -16.629493 ], [ -65.07643, -16.629069 ], [ -65.07651, -16.62904 ], [ -65.075677, -16.629619 ], [ -65.074554, -16.630124 ], [ -65.07408, -16.630337 ] ], [ [ -65.062055, -16.63849 ], [ -65.062876, -16.638135 ], [ -65.062992, -16.638071 ], [ -65.06246, -16.638449 ], [ -65.061892, -16.638537 ], [ -65.062055, -16.63849 ] ], [ [ -65.047009, -16.626686 ], [ -65.047579, -16.626203 ], [ -65.047972, -16.626042 ], [ -65.048485, -16.62594 ], [ -65.049117, -16.625837 ], [ -65.049142, -16.625838 ], [ -65.048737, -16.626099 ], [ -65.048319, -16.626219 ], [ -65.047724, -16.626513 ], [ -65.046952, -16.62704 ], [ -65.046514, -16.627434 ], [ -65.046088, -16.628245 ], [ -65.045788, -16.628582 ], [ -65.045512, -16.628891 ], [ -65.045409, -16.629 ], [ -65.0456, -16.62871 ], [ -65.04631, -16.627548 ], [ -65.047009, -16.626686 ] ], [ [ -65.063923, -16.627058 ], [ -65.063992, -16.626643 ], [ -65.064013, -16.626194 ], [ -65.063902, -16.625561 ], [ -65.063695, -16.624846 ], [ -65.063356, -16.623982 ], [ -65.062909, -16.623083 ], [ -65.062368, -16.622242 ], [ -65.061694, -16.621365 ], [ -65.061034, -16.620719 ], [ -65.060291, -16.620165 ], [ -65.059477, -16.61975 ], [ -65.058616, -16.619437 ], [ -65.057732, -16.619229 ], [ -65.057722, -16.619228 ], [ -65.057936, -16.619114 ], [ -65.05882, -16.619323 ], [ -65.059681, -16.619635 ], [ -65.060495, -16.620051 ], [ -65.061238, -16.620605 ], [ -65.061898, -16.62125 ], [ -65.062572, -16.622127 ], [ -65.063115, -16.622843 ], [ -65.063338, -16.623551 ], [ -65.063581, -16.623852 ], [ -65.063844, -16.624177 ], [ -65.063978, -16.624628 ], [ -65.064316, -16.625304 ], [ -65.064223, -16.62568 ], [ -65.064301, -16.626063 ], [ -65.064419, -16.626643 ], [ -65.064252, -16.626998 ], [ -65.064103, -16.627312 ], [ -65.063956, -16.627624 ], [ -65.06344, -16.62784 ], [ -65.06333, -16.627887 ], [ -65.063616, -16.627679 ], [ -65.063817, -16.627391 ], [ -65.063923, -16.627058 ] ], [ [ -65.040363, -16.607773 ], [ -65.040392, -16.608376 ], [ -65.040255, -16.609389 ], [ -65.040021, -16.609851 ], [ -65.04005, -16.609504 ], [ -65.040188, -16.608491 ], [ -65.040363, -16.607773 ] ], [ [ -65.038789, -16.599482 ], [ -65.038588, -16.599399 ], [ -65.038993, -16.599368 ], [ -65.039604, -16.599492 ], [ -65.040131, -16.600118 ], [ -65.040233, -16.600636 ], [ -65.039927, -16.600233 ], [ -65.039363, -16.599794 ], [ -65.038789, -16.599482 ] ], [ [ -65.037929, -16.599451 ], [ -65.036255, -16.599409 ], [ -65.03446, -16.599369 ], [ -65.033445, -16.599495 ], [ -65.032909, -16.599673 ], [ -65.032272, -16.599913 ], [ -65.031367, -16.600141 ], [ -65.031032, -16.600306 ], [ -65.03069, -16.600475 ], [ -65.030287, -16.600677 ], [ -65.029674, -16.600985 ], [ -65.028748, -16.6016 ], [ -65.028465, -16.601828 ], [ -65.027511, -16.602595 ], [ -65.026838, -16.603288 ], [ -65.026261, -16.603918 ], [ -65.025604, -16.604467 ], [ -65.025297, -16.604724 ], [ -65.024896, -16.605402 ], [ -65.024424, -16.606041 ], [ -65.023415, -16.6068 ], [ -65.021986, -16.607391 ], [ -65.02151, -16.607626 ], [ -65.020732, -16.607576 ], [ -65.019472, -16.607127 ], [ -65.018807, -16.606441 ], [ -65.018203, -16.605928 ], [ -65.018134, -16.605006 ], [ -65.018517, -16.604532 ], [ -65.018473, -16.605056 ], [ -65.018476, -16.605598 ], [ -65.018514, -16.605897 ], [ -65.018587, -16.606139 ], [ -65.018659, -16.606254 ], [ -65.018923, -16.606508 ], [ -65.019103, -16.606647 ], [ -65.019569, -16.606901 ], [ -65.02018, -16.60719 ], [ -65.02067, -16.607364 ], [ -65.021028, -16.607387 ], [ -65.021243, -16.60733 ], [ -65.021612, -16.607192 ], [ -65.022374, -16.60686 ], [ -65.023384, -16.606171 ], [ -65.023919, -16.605745 ], [ -65.024774, -16.604998 ], [ -65.02532, -16.604492 ], [ -65.025997, -16.603837 ], [ -65.027089, -16.602745 ], [ -65.028109, -16.601768 ], [ -65.028656, -16.601308 ], [ -65.02925, -16.600929 ], [ -65.029964, -16.600573 ], [ -65.030738, -16.600252 ], [ -65.032369, -16.599529 ], [ -65.033238, -16.599174 ], [ -65.034191, -16.598887 ], [ -65.035109, -16.598739 ], [ -65.036064, -16.598741 ], [ -65.037211, -16.598939 ], [ -65.037952, -16.599136 ], [ -65.038588, -16.599399 ], [ -65.037929, -16.599451 ] ], [ [ -65.02997, -16.594159 ], [ -65.029965, -16.594228 ], [ -65.029636, -16.59516 ], [ -65.029055, -16.59585 ], [ -65.02856, -16.596145 ], [ -65.029216, -16.595442 ], [ -65.029747, -16.594745 ], [ -65.02997, -16.594159 ] ], [ [ -65.026895, -16.587128 ], [ -65.027, -16.586795 ], [ -65.027278, -16.586283 ], [ -65.027164, -16.586764 ], [ -65.027105, -16.587373 ], [ -65.027141, -16.58804 ], [ -65.027166, -16.588512 ], [ -65.027173, -16.588538 ], [ -65.026972, -16.588153 ], [ -65.026837, -16.587531 ], [ -65.026895, -16.587128 ] ], [ [ -65.026206, -16.580359 ], [ -65.02587, -16.580666 ], [ -65.025193, -16.581286 ], [ -65.024793, -16.581652 ], [ -65.024451, -16.581922 ], [ -65.023572, -16.582616 ], [ -65.023096, -16.583089 ], [ -65.023445, -16.582596 ], [ -65.024098, -16.58186 ], [ -65.024762, -16.581171 ], [ -65.025427, -16.580538 ], [ -65.026223, -16.579906 ], [ -65.02721, -16.579332 ], [ -65.027971, -16.578965 ], [ -65.028069, -16.578933 ], [ -65.027202, -16.5796 ], [ -65.026628, -16.580037 ], [ -65.026206, -16.580359 ] ], [ [ -65.022948, -16.583298 ], [ -65.022499, -16.584034 ], [ -65.022085, -16.584794 ], [ -65.021835, -16.585341 ], [ -65.022027, -16.584614 ], [ -65.022193, -16.583987 ], [ -65.022475, -16.583707 ], [ -65.023075, -16.583111 ], [ -65.023096, -16.583089 ], [ -65.022948, -16.583298 ] ], [ [ -65.006928, -16.585602 ], [ -65.006851, -16.585603 ], [ -65.0069, -16.585596 ], [ -65.006928, -16.585602 ] ], [ [ -65.001947, -16.587637 ], [ -65.002506, -16.587419 ], [ -65.00298, -16.587257 ], [ -65.002415, -16.587643 ], [ -65.00176, -16.587658 ], [ -65.001947, -16.587637 ] ], [ [ -64.998868, -16.587585 ], [ -64.999471, -16.587704 ], [ -64.998981, -16.587786 ], [ -64.998477, -16.587459 ], [ -64.998868, -16.587585 ] ], [ [ -64.999524, -16.580544 ], [ -64.999861, -16.580339 ], [ -65.00049, -16.580052 ], [ -65.001039, -16.579844 ], [ -65.001733, -16.579603 ], [ -65.002282, -16.579457 ], [ -65.002977, -16.579232 ], [ -65.003606, -16.578961 ], [ -65.004155, -16.578753 ], [ -65.004623, -16.578592 ], [ -65.005141, -16.578509 ], [ -65.005674, -16.578426 ], [ -65.006419, -16.578387 ], [ -65.006986, -16.578304 ], [ -65.007569, -16.578267 ], [ -65.008038, -16.5782 ], [ -65.008814, -16.578099 ], [ -65.00972, -16.57795 ], [ -65.01043, -16.577798 ], [ -65.010342, -16.577828 ], [ -65.009162, -16.578091 ], [ -65.007588, -16.578388 ], [ -65.004942, -16.578913 ], [ -65.00387, -16.579164 ], [ -65.002237, -16.579587 ], [ -65.001428, -16.579874 ], [ -65.000666, -16.580206 ], [ -65.000047, -16.580504 ], [ -64.999452, -16.58086 ], [ -64.999072, -16.581159 ], [ -64.998644, -16.58155 ], [ -64.998452, -16.581774 ], [ -64.998751, -16.58113 ], [ -64.999185, -16.580751 ], [ -64.999524, -16.580544 ] ], [ [ -65.012893, -16.574253 ], [ -65.012834, -16.574049 ], [ -65.012875, -16.574159 ], [ -65.012893, -16.574253 ] ], [ [ -64.995336, -16.567324 ], [ -64.995312, -16.567347 ], [ -64.995326, -16.567322 ], [ -64.995336, -16.567324 ] ], [ [ -64.994768, -16.568349 ], [ -64.995175, -16.567484 ], [ -64.995312, -16.567347 ], [ -64.994768, -16.568349 ] ], [ [ -64.994193, -16.56845 ], [ -64.993201, -16.56846 ], [ -64.992209, -16.568469 ], [ -64.991218, -16.568479 ], [ -64.994768, -16.568349 ], [ -64.994193, -16.56845 ] ], [ [ -64.990167, -16.562749 ], [ -64.991235, -16.560765 ], [ -64.990851, -16.561816 ], [ -64.990167, -16.562749 ] ], [ [ -64.989412, -16.556307 ], [ -64.989105, -16.555263 ], [ -64.989172, -16.554384 ], [ -64.989412, -16.556307 ] ], [ [ -64.989192, -16.554119 ], [ -64.989378, -16.552975 ], [ -64.989172, -16.554384 ], [ -64.989192, -16.554119 ] ], [ [ -64.989666, -16.55221 ], [ -64.990049, -16.551272 ], [ -64.989378, -16.552975 ], [ -64.989666, -16.55221 ] ], [ [ -64.989048, -16.550325 ], [ -64.989353, -16.550578 ], [ -64.990049, -16.551272 ], [ -64.989048, -16.550325 ] ], [ [ -64.98816, -16.549732 ], [ -64.98628, -16.549274 ], [ -64.98717, -16.549456 ], [ -64.98816, -16.549732 ] ], [ [ -64.984012, -16.549581 ], [ -64.982833, -16.550149 ], [ -64.982843, -16.550078 ], [ -64.984012, -16.549581 ] ], [ [ -64.977623, -16.53621 ], [ -64.977573, -16.535768 ], [ -64.977534, -16.535081 ], [ -64.977496, -16.53452 ], [ -64.977522, -16.533911 ], [ -64.977531, -16.53324 ], [ -64.977606, -16.532599 ], [ -64.977613, -16.53253 ], [ -64.977619, -16.532536 ], [ -64.977964, -16.533212 ], [ -64.977974, -16.534168 ], [ -64.977983, -16.535125 ], [ -64.977993, -16.536081 ], [ -64.978003, -16.537038 ], [ -64.978007, -16.537423 ], [ -64.977875, -16.537097 ], [ -64.977709, -16.536756 ], [ -64.977623, -16.53621 ] ], [ [ -64.970921, -16.528401 ], [ -64.971292, -16.528195 ], [ -64.972067, -16.527953 ], [ -64.972401, -16.52795 ], [ -64.969657, -16.529035 ], [ -64.970389, -16.528656 ], [ -64.970921, -16.528401 ] ], [ [ -64.967334, -16.530009 ], [ -64.968253, -16.529547 ], [ -64.969657, -16.529035 ], [ -64.967334, -16.530009 ] ], [ [ -64.964454, -16.531924 ], [ -64.96508, -16.531372 ], [ -64.965675, -16.530945 ], [ -64.966125, -16.530613 ], [ -64.967334, -16.530009 ], [ -64.964454, -16.531924 ] ], [ [ -64.962982, -16.53378 ], [ -64.963683, -16.532665 ], [ -64.964454, -16.531924 ], [ -64.962982, -16.53378 ] ], [ [ -64.962197, -16.536253 ], [ -64.962401, -16.535565 ], [ -64.962604, -16.534861 ], [ -64.962982, -16.53378 ], [ -64.962197, -16.536253 ] ], [ [ -64.962106, -16.537604 ], [ -64.962077, -16.537254 ], [ -64.962197, -16.536253 ], [ -64.962106, -16.537604 ] ], [ [ -64.962124, -16.537819 ], [ -64.962134, -16.538787 ], [ -64.96206, -16.539474 ], [ -64.961937, -16.540131 ], [ -64.962106, -16.537604 ], [ -64.962124, -16.537819 ] ], [ [ -64.961688, -16.541117 ], [ -64.961357, -16.542025 ], [ -64.961073, -16.542824 ], [ -64.961937, -16.540131 ], [ -64.961688, -16.541117 ] ], [ [ -64.960773, -16.543607 ], [ -64.960328, -16.544392 ], [ -64.961073, -16.542824 ], [ -64.960773, -16.543607 ] ], [ [ -64.959591, -16.54521 ], [ -64.959125, -16.54562 ], [ -64.960328, -16.544392 ], [ -64.959591, -16.54521 ] ], [ [ -64.957547, -16.546619 ], [ -64.958062, -16.546286 ], [ -64.95861, -16.545937 ], [ -64.959125, -16.54562 ], [ -64.957547, -16.546619 ] ], [ [ -64.956919, -16.546968 ], [ -64.956165, -16.547225 ], [ -64.957547, -16.546619 ], [ -64.956919, -16.546968 ] ], [ [ -64.955146, -16.54736 ], [ -64.954353, -16.547399 ], [ -64.956165, -16.547225 ], [ -64.955146, -16.54736 ] ], [ [ -64.953688, -16.547405 ], [ -64.952763, -16.547242 ], [ -64.954353, -16.547399 ], [ -64.953688, -16.547405 ] ], [ [ -64.95195, -16.54689 ], [ -64.951215, -16.546336 ], [ -64.952763, -16.547242 ], [ -64.95195, -16.54689 ] ], [ [ -64.950366, -16.545626 ], [ -64.949874, -16.5451 ], [ -64.951215, -16.546336 ], [ -64.950366, -16.545626 ] ], [ [ -64.949513, -16.544651 ], [ -64.949202, -16.544263 ], [ -64.948971, -16.543938 ], [ -64.949874, -16.5451 ], [ -64.949513, -16.544651 ] ], [ [ -64.948725, -16.543612 ], [ -64.948346, -16.542929 ], [ -64.948971, -16.543938 ], [ -64.948725, -16.543612 ] ], [ [ -64.94774, -16.542178 ], [ -64.947327, -16.541339 ], [ -64.948346, -16.542929 ], [ -64.94774, -16.542178 ] ], [ [ -64.947077, -16.540686 ], [ -64.946876, -16.540017 ], [ -64.946758, -16.539488 ], [ -64.947327, -16.541339 ], [ -64.947077, -16.540686 ] ], [ [ -64.946653, -16.53874 ], [ -64.946644, -16.537819 ], [ -64.946758, -16.539488 ], [ -64.946653, -16.53874 ] ], [ [ -64.946766, -16.537053 ], [ -64.946921, -16.536412 ], [ -64.947271, -16.535753 ], [ -64.946644, -16.537819 ], [ -64.946766, -16.537053 ] ], [ [ -64.947834, -16.535327 ], [ -64.94843, -16.534978 ], [ -64.949122, -16.534597 ], [ -64.949525, -16.53439 ], [ -64.947271, -16.535753 ], [ -64.947834, -16.535327 ] ], [ [ -64.950268, -16.534149 ], [ -64.950833, -16.533988 ], [ -64.951492, -16.533877 ], [ -64.949525, -16.53439 ], [ -64.950268, -16.534149 ] ], [ [ -64.954774, -16.533207 ], [ -64.953982, -16.533417 ], [ -64.953352, -16.533563 ], [ -64.952575, -16.533711 ], [ -64.951492, -16.533877 ], [ -64.954774, -16.533207 ] ], [ [ -64.956688, -16.531878 ], [ -64.956142, -16.532367 ], [ -64.955434, -16.532826 ], [ -64.954774, -16.533207 ], [ -64.956688, -16.531878 ] ], [ [ -64.957546, -16.530185 ], [ -64.957325, -16.530795 ], [ -64.957086, -16.531235 ], [ -64.956879, -16.531564 ], [ -64.956688, -16.531878 ], [ -64.957546, -16.530185 ] ], [ [ -64.957596, -16.527776 ], [ -64.957668, -16.528494 ], [ -64.95768, -16.529044 ], [ -64.957621, -16.529607 ], [ -64.957546, -16.530185 ], [ -64.957596, -16.527776 ] ], [ [ -64.957073, -16.526713 ], [ -64.957413, -16.52671 ], [ -64.957596, -16.527776 ], [ -64.957073, -16.526713 ] ], [ [ -64.956081, -16.526722 ], [ -64.95509, -16.526731 ], [ -64.954336, -16.526438 ], [ -64.956081, -16.526722 ] ], [ [ -64.953087, -16.524837 ], [ -64.954089, -16.525784 ], [ -64.954336, -16.526438 ], [ -64.953087, -16.524837 ] ], [ [ -64.952345, -16.524742 ], [ -64.952086, -16.52389 ], [ -64.953087, -16.524837 ], [ -64.952345, -16.524742 ] ], [ [ -64.952077, -16.522933 ], [ -64.952418, -16.52221 ], [ -64.952086, -16.52389 ], [ -64.952077, -16.522933 ] ], [ [ -64.952509, -16.521447 ], [ -64.952695, -16.520303 ], [ -64.952418, -16.52221 ], [ -64.952509, -16.521447 ] ], [ [ -64.952038, -16.519107 ], [ -64.952029, -16.518151 ], [ -64.952695, -16.520303 ], [ -64.952038, -16.519107 ] ], [ [ -64.951028, -16.517204 ], [ -64.951781, -16.51774 ], [ -64.952029, -16.518151 ], [ -64.951028, -16.517204 ] ], [ [ -64.949927, -16.514282 ], [ -64.950007, -16.514316 ], [ -64.950327, -16.514452 ], [ -64.951008, -16.515291 ], [ -64.95047, -16.514991 ], [ -64.950007, -16.514344 ], [ -64.949927, -16.514282 ] ], [ [ -64.949487, -16.514094 ], [ -64.948745, -16.513368 ], [ -64.949927, -16.514282 ], [ -64.949487, -16.514094 ] ], [ [ -64.94836, -16.512908 ], [ -64.948, -16.512374 ], [ -64.947485, -16.511524 ], [ -64.948745, -16.513368 ], [ -64.94836, -16.512908 ] ], [ [ -64.946941, -16.510357 ], [ -64.946604, -16.509555 ], [ -64.947485, -16.511524 ], [ -64.946941, -16.510357 ] ], [ [ -64.946393, -16.508751 ], [ -64.946358, -16.507823 ], [ -64.946604, -16.509555 ], [ -64.946393, -16.508751 ] ], [ [ -64.946912, -16.504888 ], [ -64.946894, -16.505694 ], [ -64.946727, -16.506672 ], [ -64.946533, -16.507529 ], [ -64.946358, -16.507823 ], [ -64.946912, -16.504888 ] ], [ [ -64.946955, -16.504155 ], [ -64.946852, -16.502859 ], [ -64.946895, -16.502932 ], [ -64.946955, -16.504155 ] ], [ [ -64.946594, -16.502422 ], [ -64.946432, -16.501269 ], [ -64.946163, -16.500081 ], [ -64.945868, -16.499111 ], [ -64.94575, -16.498822 ], [ -64.945408, -16.49814 ], [ -64.944792, -16.497076 ], [ -64.943727, -16.495329 ], [ -64.943324, -16.494727 ], [ -64.942839, -16.493882 ], [ -64.941584, -16.491834 ], [ -64.941336, -16.491383 ], [ -64.940649, -16.490353 ], [ -64.939998, -16.489242 ], [ -64.939135, -16.4876 ], [ -64.938709, -16.486756 ], [ -64.938036, -16.485242 ], [ -64.937481, -16.483845 ], [ -64.937151, -16.482955 ], [ -64.935903, -16.479307 ], [ -64.935407, -16.478093 ], [ -64.934935, -16.47703 ], [ -64.934581, -16.476164 ], [ -64.934298, -16.475355 ], [ -64.933968, -16.474604 ], [ -64.93377, -16.474183 ], [ -64.934129, -16.47481 ], [ -64.934491, -16.475588 ], [ -64.934956, -16.476463 ], [ -64.935425, -16.477801 ], [ -64.935842, -16.479018 ], [ -64.936259, -16.480187 ], [ -64.93665, -16.481233 ], [ -64.937505, -16.48313 ], [ -64.938179, -16.484662 ], [ -64.938721, -16.485682 ], [ -64.939087, -16.486802 ], [ -64.939649, -16.487686 ], [ -64.940089, -16.488561 ], [ -64.940656, -16.489508 ], [ -64.941145, -16.490285 ], [ -64.941763, -16.49128 ], [ -64.942305, -16.492325 ], [ -64.942719, -16.493151 ], [ -64.943234, -16.493977 ], [ -64.943879, -16.495094 ], [ -64.944266, -16.495872 ], [ -64.944911, -16.496964 ], [ -64.945528, -16.497862 ], [ -64.945992, -16.498688 ], [ -64.946277, -16.499296 ], [ -64.946458, -16.500033 ], [ -64.946646, -16.501154 ], [ -64.946781, -16.501935 ], [ -64.946839, -16.502691 ], [ -64.946852, -16.502859 ], [ -64.946594, -16.502422 ] ], [ [ -64.933587, -16.473863 ], [ -64.93318, -16.473096 ], [ -64.933235, -16.473182 ], [ -64.933637, -16.473899 ], [ -64.93377, -16.474183 ], [ -64.933587, -16.473863 ] ], [ [ -64.930163, -16.470076 ], [ -64.928787, -16.469283 ], [ -64.927771, -16.469024 ], [ -64.926882, -16.468788 ], [ -64.925967, -16.46843 ], [ -64.925177, -16.467998 ], [ -64.924722, -16.467567 ], [ -64.925394, -16.467949 ], [ -64.927394, -16.468474 ], [ -64.929207, -16.468864 ], [ -64.929606, -16.469031 ], [ -64.930105, -16.469392 ], [ -64.930699, -16.469949 ], [ -64.931422, -16.470669 ], [ -64.932051, -16.471422 ], [ -64.932655, -16.472268 ], [ -64.933098, -16.472967 ], [ -64.932158, -16.471914 ], [ -64.931032, -16.470825 ], [ -64.930163, -16.470076 ] ], [ [ -64.93423, -16.456262 ], [ -64.93498, -16.456498 ], [ -64.935718, -16.456688 ], [ -64.936318, -16.45676 ], [ -64.936222, -16.456802 ], [ -64.93526, -16.45686 ], [ -64.9345, -16.456818 ], [ -64.933203, -16.45639 ], [ -64.932541, -16.45603 ], [ -64.93149, -16.455467 ], [ -64.931994, -16.455576 ], [ -64.933493, -16.456003 ], [ -64.93423, -16.456262 ] ], [ [ -64.936853, -16.456528 ], [ -64.93776, -16.456055 ], [ -64.938715, -16.455289 ], [ -64.939819, -16.454229 ], [ -64.940316, -16.453248 ], [ -64.94061, -16.45222 ], [ -64.940854, -16.451338 ], [ -64.9411, -16.450579 ], [ -64.941346, -16.449844 ], [ -64.94159, -16.44889 ], [ -64.941784, -16.448058 ], [ -64.941953, -16.447226 ], [ -64.942099, -16.446565 ], [ -64.942158, -16.445284 ], [ -64.9422, -16.444453 ], [ -64.942216, -16.443525 ], [ -64.94216, -16.443013 ], [ -64.94205, -16.442111 ], [ -64.942018, -16.441403 ], [ -64.941828, -16.440135 ], [ -64.94182, -16.439329 ], [ -64.941914, -16.43862 ], [ -64.942209, -16.437714 ], [ -64.94253, -16.436832 ], [ -64.94313, -16.436069 ], [ -64.94391, -16.435549 ], [ -64.944791, -16.435004 ], [ -64.945522, -16.434607 ], [ -64.946329, -16.434233 ], [ -64.947213, -16.434005 ], [ -64.947392, -16.43397 ], [ -64.947347, -16.433991 ], [ -64.94644, -16.434433 ], [ -64.945306, -16.435046 ], [ -64.944793, -16.435364 ], [ -64.943682, -16.436115 ], [ -64.943216, -16.436503 ], [ -64.942882, -16.436835 ], [ -64.942642, -16.437121 ], [ -64.942486, -16.43743 ], [ -64.942318, -16.437924 ], [ -64.942196, -16.438649 ], [ -64.942157, -16.439385 ], [ -64.942155, -16.440042 ], [ -64.942188, -16.440733 ], [ -64.942257, -16.441367 ], [ -64.942326, -16.44184 ], [ -64.942384, -16.44237 ], [ -64.942417, -16.443015 ], [ -64.942422, -16.44488 ], [ -64.942394, -16.445963 ], [ -64.942195, -16.448115 ], [ -64.942036, -16.449011 ], [ -64.941782, -16.450149 ], [ -64.941504, -16.451069 ], [ -64.941083, -16.452125 ], [ -64.940759, -16.452836 ], [ -64.940435, -16.453444 ], [ -64.939716, -16.454544 ], [ -64.939201, -16.455161 ], [ -64.938579, -16.455859 ], [ -64.938089, -16.456304 ], [ -64.937504, -16.456633 ], [ -64.937051, -16.45678 ], [ -64.936337, -16.456762 ], [ -64.936318, -16.45676 ], [ -64.936853, -16.456528 ] ], [ [ -64.948218, -16.433595 ], [ -64.949901, -16.432652 ], [ -64.95039, -16.432334 ], [ -64.950592, -16.432147 ], [ -64.95039, -16.432535 ], [ -64.949736, -16.43298 ], [ -64.949283, -16.433277 ], [ -64.94883, -16.43355 ], [ -64.948148, -16.433825 ], [ -64.947392, -16.43397 ], [ -64.948218, -16.433595 ] ], [ [ -64.950788, -16.431774 ], [ -64.950985, -16.431211 ], [ -64.950904, -16.430772 ], [ -64.950771, -16.430163 ], [ -64.950563, -16.429627 ], [ -64.950003, -16.428946 ], [ -64.949565, -16.428267 ], [ -64.949025, -16.427466 ], [ -64.948408, -16.426544 ], [ -64.947741, -16.425695 ], [ -64.947217, -16.425076 ], [ -64.947333, -16.425147 ], [ -64.947891, -16.4256 ], [ -64.948449, -16.426123 ], [ -64.948935, -16.426668 ], [ -64.949386, -16.427213 ], [ -64.949777, -16.427723 ], [ -64.950037, -16.428105 ], [ -64.950534, -16.428926 ], [ -64.950735, -16.429354 ], [ -64.950923, -16.429931 ], [ -64.951053, -16.430404 ], [ -64.951098, -16.431015 ], [ -64.951072, -16.431441 ], [ -64.950952, -16.431762 ], [ -64.950725, -16.432025 ], [ -64.950592, -16.432147 ], [ -64.950788, -16.431774 ] ], [ [ -64.934436, -16.424939 ], [ -64.934252, -16.424257 ], [ -64.934464, -16.422619 ], [ -64.934731, -16.421518 ], [ -64.934976, -16.420612 ], [ -64.935295, -16.419633 ], [ -64.935617, -16.418824 ], [ -64.936039, -16.418039 ], [ -64.936742, -16.417373 ], [ -64.937801, -16.416899 ], [ -64.939876, -16.41666 ], [ -64.941115, -16.416502 ], [ -64.94195, -16.416397 ], [ -64.942896, -16.415884 ], [ -64.942796, -16.415991 ], [ -64.942175, -16.416492 ], [ -64.941388, -16.416912 ], [ -64.94047, -16.417193 ], [ -64.939146, -16.417551 ], [ -64.938467, -16.417799 ], [ -64.938144, -16.417958 ], [ -64.937667, -16.418242 ], [ -64.937189, -16.418606 ], [ -64.936592, -16.419154 ], [ -64.936292, -16.41952 ], [ -64.935993, -16.419921 ], [ -64.935789, -16.420334 ], [ -64.935573, -16.420908 ], [ -64.935344, -16.421586 ], [ -64.934992, -16.423138 ], [ -64.934907, -16.423655 ], [ -64.934905, -16.424058 ], [ -64.934928, -16.424335 ], [ -64.93501, -16.424623 ], [ -64.935199, -16.425016 ], [ -64.935507, -16.425433 ], [ -64.935974, -16.425908 ], [ -64.935661, -16.42588 ], [ -64.934974, -16.425569 ], [ -64.934436, -16.424939 ] ], [ [ -64.948216, -16.397148 ], [ -64.948513, -16.397335 ], [ -64.948929, -16.397637 ], [ -64.949166, -16.397893 ], [ -64.949415, -16.398251 ], [ -64.949592, -16.398587 ], [ -64.949885, -16.399672 ], [ -64.950083, -16.400859 ], [ -64.950089, -16.400925 ], [ -64.949988, -16.40033 ], [ -64.949495, -16.399236 ], [ -64.948981, -16.398411 ], [ -64.94834, -16.397635 ], [ -64.9476, -16.397056 ], [ -64.946846, -16.396612 ], [ -64.947206, -16.396714 ], [ -64.947598, -16.396867 ], [ -64.948216, -16.397148 ] ], [ [ -64.95031, -16.402232 ], [ -64.950624, -16.403206 ], [ -64.951318, -16.404249 ], [ -64.952056, -16.404584 ], [ -64.952692, -16.404621 ], [ -64.95264, -16.404657 ], [ -64.952211, -16.404895 ], [ -64.952116, -16.404917 ], [ -64.95183, -16.404892 ], [ -64.951473, -16.404693 ], [ -64.951153, -16.404426 ], [ -64.950797, -16.404055 ], [ -64.950619, -16.403823 ], [ -64.950442, -16.403499 ], [ -64.950336, -16.403268 ], [ -64.950266, -16.402957 ], [ -64.950231, -16.402714 ], [ -64.950198, -16.401954 ], [ -64.950129, -16.401424 ], [ -64.950089, -16.400925 ], [ -64.95031, -16.402232 ] ], [ [ -64.952915, -16.404463 ], [ -64.953154, -16.404246 ], [ -64.953357, -16.404017 ], [ -64.953537, -16.403754 ], [ -64.953717, -16.403341 ], [ -64.95391, -16.402778 ], [ -64.954068, -16.401985 ], [ -64.954119, -16.401098 ], [ -64.954098, -16.400292 ], [ -64.953934, -16.399577 ], [ -64.953746, -16.399057 ], [ -64.953509, -16.398606 ], [ -64.953403, -16.398444 ], [ -64.953154, -16.398177 ], [ -64.952905, -16.397968 ], [ -64.952572, -16.397735 ], [ -64.951658, -16.397025 ], [ -64.950554, -16.396107 ], [ -64.950245, -16.395838 ], [ -64.950883, -16.396195 ], [ -64.951648, -16.396725 ], [ -64.952337, -16.397232 ], [ -64.952848, -16.397667 ], [ -64.953336, -16.398346 ], [ -64.953849, -16.398951 ], [ -64.954185, -16.399705 ], [ -64.95442, -16.400338 ], [ -64.954502, -16.400996 ], [ -64.954534, -16.40168 ], [ -64.954515, -16.402291 ], [ -64.954396, -16.403073 ], [ -64.954024, -16.403833 ], [ -64.953649, -16.404325 ], [ -64.952791, -16.404626 ], [ -64.952692, -16.404621 ], [ -64.952915, -16.404463 ] ], [ [ -64.953573, -16.379122 ], [ -64.954311, -16.379082 ], [ -64.955454, -16.379091 ], [ -64.956061, -16.379165 ], [ -64.956668, -16.379262 ], [ -64.957571, -16.379603 ], [ -64.958165, -16.379988 ], [ -64.95833, -16.380121 ], [ -64.958233, -16.380083 ], [ -64.95648, -16.379537 ], [ -64.955009, -16.379307 ], [ -64.953616, -16.379295 ], [ -64.952656, -16.3795 ], [ -64.951442, -16.379633 ], [ -64.949773, -16.379868 ], [ -64.948903, -16.379891 ], [ -64.947172, -16.379887 ], [ -64.94776, -16.379733 ], [ -64.951917, -16.37927 ], [ -64.953573, -16.379122 ] ], [ [ -64.963019, -16.383999 ], [ -64.96299, -16.383982 ], [ -64.963287, -16.384086 ], [ -64.963257, -16.384081 ], [ -64.963019, -16.383999 ] ], [ [ -64.963566, -16.38413 ], [ -64.963828, -16.384132 ], [ -64.964186, -16.383996 ], [ -64.964592, -16.383746 ], [ -64.965141, -16.38329 ], [ -64.965703, -16.382707 ], [ -64.965721, -16.382685 ], [ -64.965705, -16.382723 ], [ -64.965407, -16.383312 ], [ -64.964755, -16.383978 ], [ -64.9642, -16.384203 ], [ -64.963567, -16.384184 ], [ -64.963287, -16.384086 ], [ -64.963566, -16.38413 ] ], [ [ -64.966001, -16.382037 ], [ -64.966449, -16.381251 ], [ -64.966999, -16.380514 ], [ -64.967525, -16.379919 ], [ -64.967271, -16.380497 ], [ -64.966816, -16.381265 ], [ -64.966253, -16.382043 ], [ -64.965721, -16.382685 ], [ -64.966001, -16.382037 ] ], [ [ -64.957717, -16.354086 ], [ -64.958108, -16.354172 ], [ -64.95744, -16.354109 ], [ -64.956451, -16.354021 ], [ -64.956173, -16.353996 ], [ -64.956206, -16.353993 ], [ -64.956789, -16.353998 ], [ -64.957717, -16.354086 ] ], [ [ -64.959969, -16.35474 ], [ -64.95886, -16.354389 ], [ -64.958217, -16.354196 ], [ -64.95874, -16.354312 ], [ -64.959715, -16.354643 ], [ -64.959969, -16.35474 ] ], [ [ -64.961569, -16.355567 ], [ -64.961913, -16.355892 ], [ -64.962173, -16.356205 ], [ -64.962339, -16.356479 ], [ -64.961837, -16.355827 ], [ -64.961199, -16.355344 ], [ -64.960501, -16.354945 ], [ -64.960571, -16.354972 ], [ -64.961177, -16.35531 ], [ -64.961569, -16.355567 ] ], [ [ -64.962658, -16.356893 ], [ -64.963943, -16.35881 ], [ -64.964561, -16.35983 ], [ -64.96523, -16.360874 ], [ -64.965869, -16.361527 ], [ -64.96643, -16.361913 ], [ -64.967974, -16.361849 ], [ -64.968627, -16.361306 ], [ -64.968771, -16.360548 ], [ -64.968788, -16.359693 ], [ -64.968857, -16.358935 ], [ -64.968746, -16.357984 ], [ -64.968511, -16.357254 ], [ -64.967896, -16.356551 ], [ -64.967132, -16.356095 ], [ -64.966443, -16.355588 ], [ -64.965375, -16.355134 ], [ -64.964511, -16.354776 ], [ -64.963952, -16.35461 ], [ -64.962684, -16.354378 ], [ -64.961666, -16.353875 ], [ -64.961382, -16.35334 ], [ -64.961172, -16.35261 ], [ -64.96109, -16.352 ], [ -64.961184, -16.351267 ], [ -64.961532, -16.35058 ], [ -64.962005, -16.349867 ], [ -64.962973, -16.348602 ], [ -64.962437, -16.349459 ], [ -64.962102, -16.350113 ], [ -64.961802, -16.35064 ], [ -64.961562, -16.351191 ], [ -64.961405, -16.351742 ], [ -64.961295, -16.352386 ], [ -64.96133, -16.352767 ], [ -64.9614, -16.352998 ], [ -64.961471, -16.353113 ], [ -64.961542, -16.353194 ], [ -64.96191, -16.353462 ], [ -64.962207, -16.353637 ], [ -64.962908, -16.353988 ], [ -64.96361, -16.354143 ], [ -64.964038, -16.354193 ], [ -64.965037, -16.354408 ], [ -64.965572, -16.354585 ], [ -64.966392, -16.354948 ], [ -64.967236, -16.355393 ], [ -64.967853, -16.355766 ], [ -64.968269, -16.35608 ], [ -64.968577, -16.356416 ], [ -64.968897, -16.35688 ], [ -64.969133, -16.357423 ], [ -64.969297, -16.358161 ], [ -64.969342, -16.358864 ], [ -64.969315, -16.359578 ], [ -64.969206, -16.360198 ], [ -64.969001, -16.360784 ], [ -64.968737, -16.361323 ], [ -64.968534, -16.36161 ], [ -64.968259, -16.361884 ], [ -64.968068, -16.362021 ], [ -64.967781, -16.36218 ], [ -64.967579, -16.362212 ], [ -64.967293, -16.36221 ], [ -64.967008, -16.362162 ], [ -64.96658, -16.361997 ], [ -64.966093, -16.36174 ], [ -64.965606, -16.361402 ], [ -64.965226, -16.361089 ], [ -64.964858, -16.360706 ], [ -64.964456, -16.360219 ], [ -64.964077, -16.359663 ], [ -64.96371, -16.359061 ], [ -64.962906, -16.357604 ], [ -64.962611, -16.357003 ], [ -64.962516, -16.356772 ], [ -64.962339, -16.356479 ], [ -64.962658, -16.356893 ] ], [ [ -64.975221, -16.337111 ], [ -64.975221, -16.337099 ], [ -64.975599, -16.336395 ], [ -64.975467, -16.337016 ], [ -64.974967, -16.337631 ], [ -64.974212, -16.338078 ], [ -64.973753, -16.338273 ], [ -64.973813, -16.338228 ], [ -64.974828, -16.337396 ], [ -64.975221, -16.337111 ] ], [ [ -64.954354, -16.33087 ], [ -64.954274, -16.330432 ], [ -64.954569, -16.32955 ], [ -64.954895, -16.329205 ], [ -64.955597, -16.328588 ], [ -64.956124, -16.328119 ], [ -64.956802, -16.327576 ], [ -64.957304, -16.327083 ], [ -64.957932, -16.326558 ], [ -64.958733, -16.325623 ], [ -64.959506, -16.324443 ], [ -64.9601, -16.323095 ], [ -64.960443, -16.321944 ], [ -64.960887, -16.320792 ], [ -64.96123, -16.319642 ], [ -64.961325, -16.31903 ], [ -64.961394, -16.318321 ], [ -64.961464, -16.317735 ], [ -64.961507, -16.316929 ], [ -64.961458, -16.316331 ], [ -64.961522, -16.316494 ], [ -64.961669, -16.317256 ], [ -64.961696, -16.318165 ], [ -64.961686, -16.319154 ], [ -64.961544, -16.320233 ], [ -64.961319, -16.321276 ], [ -64.960999, -16.322295 ], [ -64.960657, -16.323175 ], [ -64.960327, -16.323941 ], [ -64.959903, -16.324647 ], [ -64.959383, -16.325329 ], [ -64.958685, -16.326043 ], [ -64.958143, -16.326552 ], [ -64.957494, -16.327082 ], [ -64.957074, -16.327375 ], [ -64.956726, -16.327646 ], [ -64.956425, -16.32794 ], [ -64.956159, -16.328258 ], [ -64.955953, -16.328646 ], [ -64.955793, -16.329149 ], [ -64.955692, -16.329665 ], [ -64.95565, -16.330286 ], [ -64.955669, -16.330827 ], [ -64.955826, -16.331818 ], [ -64.955894, -16.332107 ], [ -64.956015, -16.332282 ], [ -64.955226, -16.33201 ], [ -64.95469, -16.331502 ], [ -64.954354, -16.33087 ] ], [ [ -64.957099, -16.308098 ], [ -64.956778, -16.306909 ], [ -64.956597, -16.305859 ], [ -64.956499, -16.304926 ], [ -64.956487, -16.303764 ], [ -64.956455, -16.303361 ], [ -64.956353, -16.302842 ], [ -64.956238, -16.302483 ], [ -64.956072, -16.302154 ], [ -64.956434, -16.302151 ], [ -64.956968, -16.302341 ], [ -64.957301, -16.302802 ], [ -64.957383, -16.303339 ], [ -64.957465, -16.303973 ], [ -64.957471, -16.304534 ], [ -64.95758, -16.305315 ], [ -64.957662, -16.305973 ], [ -64.95782, -16.306631 ], [ -64.958111, -16.307825 ], [ -64.958298, -16.308824 ], [ -64.958574, -16.309655 ], [ -64.958885, -16.31036 ], [ -64.959271, -16.311065 ], [ -64.959696, -16.311656 ], [ -64.959075, -16.310975 ], [ -64.957495, -16.309025 ], [ -64.957099, -16.308098 ] ], [ [ -64.944444, -16.300357 ], [ -64.943779, -16.299704 ], [ -64.943292, -16.299098 ], [ -64.942575, -16.29825 ], [ -64.942164, -16.297667 ], [ -64.941675, -16.296866 ], [ -64.941387, -16.295892 ], [ -64.941151, -16.295064 ], [ -64.941043, -16.294357 ], [ -64.941085, -16.293453 ], [ -64.941178, -16.292671 ], [ -64.941425, -16.29196 ], [ -64.941822, -16.291224 ], [ -64.94207, -16.290629 ], [ -64.94277, -16.289743 ], [ -64.943112, -16.289342 ], [ -64.943029, -16.289521 ], [ -64.942784, -16.290162 ], [ -64.942575, -16.290814 ], [ -64.942277, -16.292005 ], [ -64.942076, -16.292945 ], [ -64.942049, -16.293336 ], [ -64.94201, -16.293623 ], [ -64.941982, -16.294014 ], [ -64.941969, -16.295336 ], [ -64.9441, -16.299119 ], [ -64.945324, -16.300703 ], [ -64.946918, -16.302059 ], [ -64.946177, -16.301586 ], [ -64.945056, -16.300864 ], [ -64.944444, -16.300357 ] ], [ [ -64.943272, -16.288996 ], [ -64.943491, -16.288608 ], [ -64.943744, -16.288325 ], [ -64.944573, -16.287636 ], [ -64.944701, -16.287545 ], [ -64.944298, -16.288093 ], [ -64.94342, -16.28898 ], [ -64.943112, -16.289342 ], [ -64.943272, -16.288996 ] ], [ [ -64.944822, -16.28738 ], [ -64.945547, -16.286446 ], [ -64.945768, -16.285785 ], [ -64.946015, -16.285172 ], [ -64.94611, -16.284512 ], [ -64.946077, -16.283779 ], [ -64.945818, -16.283122 ], [ -64.945484, -16.282637 ], [ -64.944643, -16.282034 ], [ -64.943892, -16.281652 ], [ -64.943005, -16.281587 ], [ -64.941968, -16.281694 ], [ -64.940806, -16.281851 ], [ -64.940206, -16.28205 ], [ -64.940387, -16.281946 ], [ -64.94083, -16.281758 ], [ -64.941225, -16.281637 ], [ -64.941774, -16.281554 ], [ -64.942323, -16.281516 ], [ -64.94299, -16.281504 ], [ -64.943598, -16.281513 ], [ -64.94411, -16.281579 ], [ -64.944407, -16.281653 ], [ -64.944882, -16.28189 ], [ -64.945272, -16.282161 ], [ -64.945816, -16.282606 ], [ -64.946217, -16.283004 ], [ -64.946429, -16.283283 ], [ -64.946604, -16.283619 ], [ -64.94672, -16.283955 ], [ -64.946765, -16.284289 ], [ -64.946737, -16.284691 ], [ -64.946624, -16.285195 ], [ -64.946428, -16.285733 ], [ -64.946161, -16.2862 ], [ -64.945847, -16.286598 ], [ -64.945582, -16.286881 ], [ -64.94533, -16.287096 ], [ -64.944701, -16.287545 ], [ -64.944822, -16.28738 ] ], [ [ -64.939608, -16.282394 ], [ -64.937484, -16.283856 ], [ -64.936546, -16.284646 ], [ -64.935968, -16.285166 ], [ -64.935415, -16.285698 ], [ -64.934885, -16.286265 ], [ -64.934463, -16.286741 ], [ -64.934435, -16.286771 ], [ -64.934874, -16.286057 ], [ -64.935724, -16.285048 ], [ -64.936526, -16.284186 ], [ -64.937581, -16.28337 ], [ -64.938662, -16.282604 ], [ -64.939595, -16.282253 ], [ -64.940206, -16.28205 ], [ -64.939608, -16.282394 ] ], [ [ -64.934375, -16.286867 ], [ -64.933744, -16.287543 ], [ -64.9338, -16.287467 ], [ -64.934041, -16.287183 ], [ -64.934435, -16.286771 ], [ -64.934375, -16.286867 ] ], [ [ -64.926931, -16.281044 ], [ -64.926918, -16.280979 ], [ -64.926928, -16.280998 ], [ -64.926931, -16.281044 ] ], [ [ -64.926577, -16.280303 ], [ -64.92606, -16.279581 ], [ -64.925565, -16.279079 ], [ -64.924985, -16.27869 ], [ -64.924357, -16.278312 ], [ -64.923587, -16.277817 ], [ -64.922722, -16.277286 ], [ -64.922674, -16.277249 ], [ -64.923148, -16.277544 ], [ -64.923886, -16.278001 ], [ -64.924726, -16.278482 ], [ -64.925592, -16.279085 ], [ -64.926436, -16.279907 ], [ -64.926874, -16.280758 ], [ -64.926918, -16.280979 ], [ -64.926577, -16.280303 ] ], [ [ -64.919837, -16.245782 ], [ -64.919584, -16.244892 ], [ -64.919449, -16.244085 ], [ -64.919305, -16.243082 ], [ -64.91923, -16.242218 ], [ -64.919119, -16.241423 ], [ -64.918984, -16.240627 ], [ -64.918813, -16.239877 ], [ -64.918605, -16.238033 ], [ -64.918603, -16.237078 ], [ -64.918605, -16.237042 ], [ -64.918746, -16.237976 ], [ -64.918958, -16.239 ], [ -64.919324, -16.240193 ], [ -64.919664, -16.241313 ], [ -64.919879, -16.242606 ], [ -64.920119, -16.243849 ], [ -64.920285, -16.245288 ], [ -64.920653, -16.24675 ], [ -64.921094, -16.247839 ], [ -64.920715, -16.247383 ], [ -64.920222, -16.246593 ], [ -64.919837, -16.245782 ] ], [ [ -64.919355, -16.227681 ], [ -64.919542, -16.226833 ], [ -64.919707, -16.22587 ], [ -64.919748, -16.225297 ], [ -64.919804, -16.226215 ], [ -64.919761, -16.226996 ], [ -64.919593, -16.227852 ], [ -64.919298, -16.228832 ], [ -64.919128, -16.229566 ], [ -64.91901, -16.230397 ], [ -64.918844, -16.231546 ], [ -64.918758, -16.231961 ], [ -64.918913, -16.23009 ], [ -64.919041, -16.229229 ], [ -64.919355, -16.227681 ] ], [ [ -64.919744, -16.225238 ], [ -64.91956, -16.224507 ], [ -64.919301, -16.22385 ], [ -64.918965, -16.22317 ], [ -64.918504, -16.222588 ], [ -64.917892, -16.222056 ], [ -64.917232, -16.221842 ], [ -64.916522, -16.221702 ], [ -64.916066, -16.221682 ], [ -64.915055, -16.22174 ], [ -64.914296, -16.221796 ], [ -64.913791, -16.221849 ], [ -64.913134, -16.221953 ], [ -64.912225, -16.222156 ], [ -64.911367, -16.222457 ], [ -64.910812, -16.222608 ], [ -64.909728, -16.223058 ], [ -64.908015, -16.223855 ], [ -64.90706, -16.224449 ], [ -64.905851, -16.225071 ], [ -64.904862, -16.225706 ], [ -64.903555, -16.226621 ], [ -64.902477, -16.227705 ], [ -64.901755, -16.228932 ], [ -64.90129, -16.230573 ], [ -64.90095, -16.23209 ], [ -64.900813, -16.233605 ], [ -64.900666, -16.234095 ], [ -64.900677, -16.235242 ], [ -64.900305, -16.236003 ], [ -64.899907, -16.236763 ], [ -64.898519, -16.237142 ], [ -64.89715, -16.23691 ], [ -64.896898, -16.236817 ], [ -64.897071, -16.236863 ], [ -64.8975, -16.236939 ], [ -64.897929, -16.236946 ], [ -64.898394, -16.236873 ], [ -64.898669, -16.236774 ], [ -64.898826, -16.236615 ], [ -64.89902, -16.236227 ], [ -64.899266, -16.235506 ], [ -64.89955, -16.234533 ], [ -64.89992, -16.233377 ], [ -64.900312, -16.232291 ], [ -64.900801, -16.231148 ], [ -64.901156, -16.230188 ], [ -64.901876, -16.2286 ], [ -64.902169, -16.227915 ], [ -64.903071, -16.225905 ], [ -64.90347, -16.225394 ], [ -64.904143, -16.224783 ], [ -64.904816, -16.224288 ], [ -64.905858, -16.223752 ], [ -64.906912, -16.223263 ], [ -64.9091, -16.222469 ], [ -64.910714, -16.221954 ], [ -64.911551, -16.221738 ], [ -64.912422, -16.221567 ], [ -64.913639, -16.22146 ], [ -64.914913, -16.221515 ], [ -64.916342, -16.221641 ], [ -64.918141, -16.221681 ], [ -64.918343, -16.221765 ], [ -64.918637, -16.222115 ], [ -64.919259, -16.223056 ], [ -64.919631, -16.223936 ], [ -64.919776, -16.224905 ], [ -64.919748, -16.225297 ], [ -64.919744, -16.225238 ] ], [ [ -64.892164, -16.236783 ], [ -64.891502, -16.237043 ], [ -64.891792, -16.236883 ], [ -64.892534, -16.236538 ], [ -64.893287, -16.236331 ], [ -64.894051, -16.236263 ], [ -64.894932, -16.236357 ], [ -64.895237, -16.236417 ], [ -64.894134, -16.236448 ], [ -64.893529, -16.2366 ], [ -64.892164, -16.236783 ] ], [ [ -64.891025, -16.237307 ], [ -64.88918, -16.238187 ], [ -64.888164, -16.238527 ], [ -64.888161, -16.238528 ], [ -64.889468, -16.23798 ], [ -64.890954, -16.237258 ], [ -64.891502, -16.237043 ], [ -64.891025, -16.237307 ] ], [ [ -64.882228, -16.231795 ], [ -64.882641, -16.231054 ], [ -64.883116, -16.230522 ], [ -64.882373, -16.231669 ], [ -64.882202, -16.23233 ], [ -64.882006, -16.233064 ], [ -64.881915, -16.233772 ], [ -64.881911, -16.233608 ], [ -64.881957, -16.232654 ], [ -64.882228, -16.231795 ] ], [ [ -64.883161, -16.230472 ], [ -64.88334, -16.230272 ], [ -64.883366, -16.230253 ], [ -64.883161, -16.230472 ] ], [ [ -64.900022, -16.220413 ], [ -64.900353, -16.220095 ], [ -64.900381, -16.22082 ], [ -64.900386, -16.221308 ], [ -64.900189, -16.221896 ], [ -64.899839, -16.222388 ], [ -64.899807, -16.222419 ], [ -64.899842, -16.222223 ], [ -64.899638, -16.221463 ], [ -64.900022, -16.220413 ] ], [ [ -64.894944, -16.191418 ], [ -64.894285, -16.18829 ], [ -64.893976, -16.187066 ], [ -64.893466, -16.184562 ], [ -64.893041, -16.181898 ], [ -64.893314, -16.183066 ], [ -64.893422, -16.183749 ], [ -64.893684, -16.184772 ], [ -64.894126, -16.185965 ], [ -64.894439, -16.186963 ], [ -64.894777, -16.187937 ], [ -64.895042, -16.189204 ], [ -64.895096, -16.189625 ], [ -64.895235, -16.190894 ], [ -64.895395, -16.191747 ], [ -64.895606, -16.192673 ], [ -64.89577, -16.193942 ], [ -64.896051, -16.195528 ], [ -64.895872, -16.194952 ], [ -64.895412, -16.193346 ], [ -64.894944, -16.191418 ] ], [ [ -64.887816, -16.177979 ], [ -64.887417, -16.177978 ], [ -64.887812, -16.177975 ], [ -64.887816, -16.177979 ] ], [ [ -64.878118, -16.170053 ], [ -64.878053, -16.170261 ], [ -64.877959, -16.170688 ], [ -64.878229, -16.169226 ], [ -64.878226, -16.169281 ], [ -64.878118, -16.170053 ] ], [ [ -64.878257, -16.168717 ], [ -64.878242, -16.168212 ], [ -64.878178, -16.167674 ], [ -64.878121, -16.167353 ], [ -64.878026, -16.166953 ], [ -64.877909, -16.166588 ], [ -64.877732, -16.166235 ], [ -64.877446, -16.165816 ], [ -64.877015, -16.165308 ], [ -64.876415, -16.164711 ], [ -64.875768, -16.164161 ], [ -64.875483, -16.163985 ], [ -64.876182, -16.164351 ], [ -64.876945, -16.164808 ], [ -64.87743, -16.165341 ], [ -64.877967, -16.165947 ], [ -64.878253, -16.166701 ], [ -64.878488, -16.16753 ], [ -64.878494, -16.168189 ], [ -64.8783, -16.169021 ], [ -64.878229, -16.169226 ], [ -64.878257, -16.168717 ] ], [ [ -64.875266, -16.163871 ], [ -64.874354, -16.163683 ], [ -64.874035, -16.163587 ], [ -64.874206, -16.163584 ], [ -64.874575, -16.163599 ], [ -64.874875, -16.163685 ], [ -64.875211, -16.163816 ], [ -64.875483, -16.163985 ], [ -64.875266, -16.163871 ] ], [ [ -64.872816, -16.163611 ], [ -64.872069, -16.163661 ], [ -64.871512, -16.163718 ], [ -64.871015, -16.163808 ], [ -64.870331, -16.163983 ], [ -64.868448, -16.164629 ], [ -64.867388, -16.164949 ], [ -64.865788, -16.16551 ], [ -64.864535, -16.166144 ], [ -64.863369, -16.166891 ], [ -64.861529, -16.168202 ], [ -64.86013, -16.169103 ], [ -64.859522, -16.169449 ], [ -64.858916, -16.169851 ], [ -64.858389, -16.170126 ], [ -64.857954, -16.170284 ], [ -64.85735, -16.170376 ], [ -64.856672, -16.170344 ], [ -64.855943, -16.170232 ], [ -64.855261, -16.170074 ], [ -64.854648, -16.169833 ], [ -64.854021, -16.169535 ], [ -64.853581, -16.169142 ], [ -64.853493, -16.169035 ], [ -64.853856, -16.169365 ], [ -64.854669, -16.169676 ], [ -64.855404, -16.169816 ], [ -64.856542, -16.169806 ], [ -64.857728, -16.169527 ], [ -64.859467, -16.168804 ], [ -64.861555, -16.167564 ], [ -64.862436, -16.167068 ], [ -64.863645, -16.166496 ], [ -64.865155, -16.165701 ], [ -64.867019, -16.164879 ], [ -64.869187, -16.164006 ], [ -64.870599, -16.163578 ], [ -64.87215, -16.163312 ], [ -64.873568, -16.163446 ], [ -64.874035, -16.163587 ], [ -64.872816, -16.163611 ] ], [ [ -64.853244, -16.168809 ], [ -64.852834, -16.168275 ], [ -64.852759, -16.16777 ], [ -64.852961, -16.168259 ], [ -64.853236, -16.168724 ], [ -64.853493, -16.169035 ], [ -64.853244, -16.168809 ] ], [ [ -64.85273, -16.1677 ], [ -64.852555, -16.166992 ], [ -64.852425, -16.166213 ], [ -64.852374, -16.165284 ], [ -64.852425, -16.16341 ], [ -64.852519, -16.16257 ], [ -64.852693, -16.161613 ], [ -64.852917, -16.160735 ], [ -64.853357, -16.159532 ], [ -64.853907, -16.158453 ], [ -64.854726, -16.157196 ], [ -64.855618, -16.156006 ], [ -64.856585, -16.154942 ], [ -64.857475, -16.154108 ], [ -64.858329, -16.153241 ], [ -64.859174, -16.152478 ], [ -64.860087, -16.151693 ], [ -64.85929, -16.152653 ], [ -64.858264, -16.153761 ], [ -64.856382, -16.155413 ], [ -64.85523, -16.156644 ], [ -64.854281, -16.157996 ], [ -64.853684, -16.1591 ], [ -64.853165, -16.160398 ], [ -64.852771, -16.161476 ], [ -64.85258, -16.162699 ], [ -64.85265, -16.163806 ], [ -64.852613, -16.164668 ], [ -64.852528, -16.165398 ], [ -64.85258, -16.166016 ], [ -64.852633, -16.166855 ], [ -64.852731, -16.167584 ], [ -64.852759, -16.16777 ], [ -64.85273, -16.1677 ] ], [ [ -64.860291, -16.151448 ], [ -64.861192, -16.150463 ], [ -64.861965, -16.149211 ], [ -64.862535, -16.14793 ], [ -64.86278, -16.147122 ], [ -64.863074, -16.146118 ], [ -64.863391, -16.144821 ], [ -64.863332, -16.143991 ], [ -64.862948, -16.143066 ], [ -64.862644, -16.141843 ], [ -64.862504, -16.140807 ], [ -64.86227, -16.140117 ], [ -64.861774, -16.139238 ], [ -64.86184, -16.13933 ], [ -64.86229, -16.140079 ], [ -64.86268, -16.140795 ], [ -64.862997, -16.141489 ], [ -64.863279, -16.142173 ], [ -64.863488, -16.1428 ], [ -64.863649, -16.143429 ], [ -64.863743, -16.144208 ], [ -64.863785, -16.144827 ], [ -64.86377, -16.145494 ], [ -64.863694, -16.146162 ], [ -64.863537, -16.146888 ], [ -64.863274, -16.14764 ], [ -64.862928, -16.148382 ], [ -64.862519, -16.149034 ], [ -64.862191, -16.149592 ], [ -64.861744, -16.150152 ], [ -64.861283, -16.150644 ], [ -64.860693, -16.151172 ], [ -64.860087, -16.151693 ], [ -64.860291, -16.151448 ] ], [ [ -64.861382, -16.138695 ], [ -64.860879, -16.138166 ], [ -64.860527, -16.137931 ], [ -64.859911, -16.137576 ], [ -64.859344, -16.1373 ], [ -64.858384, -16.136986 ], [ -64.857665, -16.136782 ], [ -64.857128, -16.136713 ], [ -64.856687, -16.136676 ], [ -64.85632, -16.13674 ], [ -64.855283, -16.137037 ], [ -64.854156, -16.137507 ], [ -64.853641, -16.137759 ], [ -64.853104, -16.13808 ], [ -64.852024, -16.13894 ], [ -64.850899, -16.139881 ], [ -64.849735, -16.140708 ], [ -64.849255, -16.140982 ], [ -64.848927, -16.141138 ], [ -64.848385, -16.141298 ], [ -64.848183, -16.141302 ], [ -64.847849, -16.14124 ], [ -64.847429, -16.14111 ], [ -64.847058, -16.141014 ], [ -64.846781, -16.140916 ], [ -64.846215, -16.14064 ], [ -64.845996, -16.140473 ], [ -64.845703, -16.140214 ], [ -64.845531, -16.140022 ], [ -64.845258, -16.139649 ], [ -64.845183, -16.139501 ], [ -64.845072, -16.139044 ], [ -64.845356, -16.13941 ], [ -64.846122, -16.140112 ], [ -64.84689, -16.140408 ], [ -64.847835, -16.140557 ], [ -64.84911, -16.140525 ], [ -64.850469, -16.139708 ], [ -64.852404, -16.138372 ], [ -64.853863, -16.137505 ], [ -64.85497, -16.136909 ], [ -64.855954, -16.136632 ], [ -64.856737, -16.136503 ], [ -64.857875, -16.136517 ], [ -64.858888, -16.13668 ], [ -64.860258, -16.137132 ], [ -64.860947, -16.13776 ], [ -64.86151, -16.138439 ], [ -64.861741, -16.139179 ], [ -64.861774, -16.139238 ], [ -64.861382, -16.138695 ] ], [ [ -64.844716, -16.138585 ], [ -64.844458, -16.138026 ], [ -64.844427, -16.137416 ], [ -64.844522, -16.136755 ], [ -64.844785, -16.136303 ], [ -64.845359, -16.135443 ], [ -64.846032, -16.134338 ], [ -64.846053, -16.134224 ], [ -64.84604, -16.134326 ], [ -64.845876, -16.1348 ], [ -64.845699, -16.135252 ], [ -64.845509, -16.135646 ], [ -64.845164, -16.136457 ], [ -64.845044, -16.136816 ], [ -64.84497, -16.137139 ], [ -64.844912, -16.137576 ], [ -64.84493, -16.138173 ], [ -64.844962, -16.138471 ], [ -64.845047, -16.138941 ], [ -64.845072, -16.139044 ], [ -64.844716, -16.138585 ] ], [ [ -64.846108, -16.133785 ], [ -64.846114, -16.133187 ], [ -64.846112, -16.133131 ], [ -64.8462, -16.133433 ], [ -64.846053, -16.134224 ], [ -64.846108, -16.133785 ] ], [ [ -64.845887, -16.132361 ], [ -64.845549, -16.131351 ], [ -64.845673, -16.131554 ], [ -64.845888, -16.131997 ], [ -64.8461, -16.132717 ], [ -64.846112, -16.133131 ], [ -64.845887, -16.132361 ] ], [ [ -64.845374, -16.131066 ], [ -64.845067, -16.13075 ], [ -64.844835, -16.130536 ], [ -64.844592, -16.130357 ], [ -64.843988, -16.130025 ], [ -64.843591, -16.129837 ], [ -64.842487, -16.129503 ], [ -64.84213, -16.129476 ], [ -64.841489, -16.129512 ], [ -64.839718, -16.129892 ], [ -64.839147, -16.12988 ], [ -64.838539, -16.129823 ], [ -64.837703, -16.129667 ], [ -64.83714, -16.129518 ], [ -64.83672, -16.129377 ], [ -64.836476, -16.129186 ], [ -64.836207, -16.128927 ], [ -64.836075, -16.128779 ], [ -64.836676, -16.12912 ], [ -64.837515, -16.129577 ], [ -64.838705, -16.129688 ], [ -64.840525, -16.129599 ], [ -64.841914, -16.129368 ], [ -64.843026, -16.129334 ], [ -64.844244, -16.129738 ], [ -64.845211, -16.13034 ], [ -64.845549, -16.131351 ], [ -64.845374, -16.131066 ] ], [ [ -64.835786, -16.128615 ], [ -64.835147, -16.127888 ], [ -64.834634, -16.127111 ], [ -64.834197, -16.126357 ], [ -64.834083, -16.12606 ], [ -64.834167, -16.126211 ], [ -64.834689, -16.127005 ], [ -64.835876, -16.128555 ], [ -64.836075, -16.128779 ], [ -64.835786, -16.128615 ] ], [ [ -64.842157, -16.121917 ], [ -64.843403, -16.122271 ], [ -64.843755, -16.122328 ], [ -64.843161, -16.122361 ], [ -64.842097, -16.122175 ], [ -64.840929, -16.121721 ], [ -64.840115, -16.121239 ], [ -64.839641, -16.120852 ], [ -64.841163, -16.12165 ], [ -64.841581, -16.121733 ], [ -64.842157, -16.121917 ] ], [ [ -64.84969, -16.115817 ], [ -64.849245, -16.115665 ], [ -64.84866, -16.11555 ], [ -64.846788, -16.115335 ], [ -64.846182, -16.115347 ], [ -64.84567, -16.115322 ], [ -64.844269, -16.115339 ], [ -64.842603, -16.115292 ], [ -64.841912, -16.115225 ], [ -64.839402, -16.114723 ], [ -64.838216, -16.114531 ], [ -64.839448, -16.114676 ], [ -64.841246, -16.114954 ], [ -64.842967, -16.115085 ], [ -64.844003, -16.115052 ], [ -64.845546, -16.115014 ], [ -64.847012, -16.114977 ], [ -64.847923, -16.115018 ], [ -64.848861, -16.11523 ], [ -64.849598, -16.115663 ], [ -64.850108, -16.116049 ], [ -64.850441, -16.116535 ], [ -64.850464, -16.116599 ], [ -64.850398, -16.11648 ], [ -64.850029, -16.116051 ], [ -64.84969, -16.115817 ] ], [ [ -64.837903, -16.114494 ], [ -64.837578, -16.11445 ], [ -64.837826, -16.114468 ], [ -64.838216, -16.114531 ], [ -64.837903, -16.114494 ] ], [ [ -64.829776, -16.114306 ], [ -64.830296, -16.114215 ], [ -64.830889, -16.11418 ], [ -64.831519, -16.114168 ], [ -64.831579, -16.114207 ], [ -64.830457, -16.114265 ], [ -64.82973, -16.114318 ], [ -64.829776, -16.114306 ] ], [ [ -64.828833, -16.114565 ], [ -64.828313, -16.114656 ], [ -64.827862, -16.114688 ], [ -64.827233, -16.114701 ], [ -64.826612, -16.114621 ], [ -64.825123, -16.11449 ], [ -64.824359, -16.114378 ], [ -64.823678, -16.114231 ], [ -64.822971, -16.11405 ], [ -64.822371, -16.113843 ], [ -64.821803, -16.113533 ], [ -64.821153, -16.113224 ], [ -64.819905, -16.112433 ], [ -64.81954, -16.11213 ], [ -64.819247, -16.111865 ], [ -64.818873, -16.111581 ], [ -64.818689, -16.110952 ], [ -64.819688, -16.112062 ], [ -64.8203, -16.112569 ], [ -64.820962, -16.113052 ], [ -64.821546, -16.11334 ], [ -64.822536, -16.113723 ], [ -64.823524, -16.113909 ], [ -64.824816, -16.114167 ], [ -64.826108, -16.114351 ], [ -64.827322, -16.114439 ], [ -64.828561, -16.114404 ], [ -64.82973, -16.114318 ], [ -64.828833, -16.114565 ] ], [ [ -64.818631, -16.110887 ], [ -64.818068, -16.110208 ], [ -64.817735, -16.109722 ], [ -64.817375, -16.109066 ], [ -64.81699, -16.108385 ], [ -64.816876, -16.108101 ], [ -64.816965, -16.108218 ], [ -64.817263, -16.108637 ], [ -64.817762, -16.109432 ], [ -64.818022, -16.109817 ], [ -64.818268, -16.110295 ], [ -64.818643, -16.110794 ], [ -64.818689, -16.110952 ], [ -64.818631, -16.110887 ] ], [ [ -64.816508, -16.107618 ], [ -64.815622, -16.106568 ], [ -64.815399, -16.106273 ], [ -64.815044, -16.105901 ], [ -64.814699, -16.105494 ], [ -64.814457, -16.105256 ], [ -64.815062, -16.105759 ], [ -64.815857, -16.106221 ], [ -64.816318, -16.106852 ], [ -64.816679, -16.107606 ], [ -64.816876, -16.108101 ], [ -64.816508, -16.107618 ] ], [ [ -64.814275, -16.105105 ], [ -64.813555, -16.104514 ], [ -64.812671, -16.103893 ], [ -64.811985, -16.103553 ], [ -64.811461, -16.10318 ], [ -64.810896, -16.102991 ], [ -64.809835, -16.103098 ], [ -64.809156, -16.10347 ], [ -64.808711, -16.103798 ], [ -64.808847, -16.103669 ], [ -64.809334, -16.10328 ], [ -64.809781, -16.10311 ], [ -64.810288, -16.102974 ], [ -64.810787, -16.102964 ], [ -64.811288, -16.103023 ], [ -64.811767, -16.103152 ], [ -64.812529, -16.103607 ], [ -64.813282, -16.104167 ], [ -64.813818, -16.104627 ], [ -64.814457, -16.105256 ], [ -64.814275, -16.105105 ] ], [ [ -64.80848, -16.109763 ], [ -64.808663, -16.110397 ], [ -64.809233, -16.111906 ], [ -64.80965, -16.113319 ], [ -64.809891, -16.114831 ], [ -64.809665, -16.116638 ], [ -64.809693, -16.116334 ], [ -64.80968, -16.115898 ], [ -64.809619, -16.115428 ], [ -64.809521, -16.114936 ], [ -64.809207, -16.113943 ], [ -64.808967, -16.113465 ], [ -64.808726, -16.112941 ], [ -64.808486, -16.112463 ], [ -64.808244, -16.111894 ], [ -64.807954, -16.111314 ], [ -64.807467, -16.110106 ], [ -64.80731, -16.109615 ], [ -64.807161, -16.108997 ], [ -64.807105, -16.108309 ], [ -64.807085, -16.107609 ], [ -64.807107, -16.106736 ], [ -64.807117, -16.106661 ], [ -64.80732, -16.107368 ], [ -64.807862, -16.108658 ], [ -64.80848, -16.109763 ] ], [ [ -64.809657, -16.116725 ], [ -64.809541, -16.117221 ], [ -64.809342, -16.117742 ], [ -64.809082, -16.118207 ], [ -64.808968, -16.118347 ], [ -64.808816, -16.118453 ], [ -64.808597, -16.118664 ], [ -64.808398, -16.118783 ], [ -64.808116, -16.118904 ], [ -64.807775, -16.119025 ], [ -64.807205, -16.119025 ], [ -64.806953, -16.118926 ], [ -64.806675, -16.118794 ], [ -64.80636, -16.118582 ], [ -64.806007, -16.11829 ], [ -64.805725, -16.118009 ], [ -64.80543, -16.11767 ], [ -64.805122, -16.117274 ], [ -64.804837, -16.116878 ], [ -64.804549, -16.116378 ], [ -64.804221, -16.115741 ], [ -64.803926, -16.115 ], [ -64.803742, -16.114395 ], [ -64.803637, -16.113662 ], [ -64.80364, -16.112949 ], [ -64.803818, -16.111315 ], [ -64.803926, -16.11052 ], [ -64.803997, -16.109703 ], [ -64.803997, -16.108887 ], [ -64.80391, -16.107545 ], [ -64.80377, -16.106009 ], [ -64.80375, -16.105331 ], [ -64.803799, -16.104496 ], [ -64.80391, -16.104978 ], [ -64.80407, -16.105807 ], [ -64.804204, -16.10666 ], [ -64.80434, -16.107709 ], [ -64.804452, -16.108905 ], [ -64.804439, -16.110248 ], [ -64.804448, -16.111249 ], [ -64.804383, -16.11252 ], [ -64.804317, -16.11357 ], [ -64.8044, -16.114351 ], [ -64.80461, -16.115253 ], [ -64.804846, -16.11613 ], [ -64.805232, -16.116908 ], [ -64.806026, -16.118063 ], [ -64.806434, -16.118474 ], [ -64.807473, -16.11871 ], [ -64.808709, -16.118308 ], [ -64.809656, -16.116713 ], [ -64.809665, -16.116638 ], [ -64.809657, -16.116725 ] ], [ [ -64.803121, -16.100462 ], [ -64.802896, -16.100087 ], [ -64.802548, -16.099577 ], [ -64.801893, -16.098717 ], [ -64.801624, -16.098446 ], [ -64.801405, -16.09829 ], [ -64.801261, -16.098235 ], [ -64.801214, -16.098236 ], [ -64.800199, -16.098497 ], [ -64.799696, -16.09876 ], [ -64.799057, -16.099266 ], [ -64.798862, -16.099489 ], [ -64.798737, -16.099675 ], [ -64.798529, -16.100288 ], [ -64.798257, -16.101166 ], [ -64.798229, -16.101408 ], [ -64.798136, -16.101881 ], [ -64.798077, -16.10233 ], [ -64.798067, -16.102801 ], [ -64.798077, -16.103142 ], [ -64.797806, -16.102495 ], [ -64.797565, -16.100934 ], [ -64.797886, -16.100077 ], [ -64.798559, -16.098972 ], [ -64.799792, -16.098303 ], [ -64.801029, -16.098072 ], [ -64.802193, -16.09816 ], [ -64.802853, -16.098497 ], [ -64.8033, -16.099 ], [ -64.803533, -16.09956 ], [ -64.803538, -16.10017 ], [ -64.803495, -16.101001 ], [ -64.803512, -16.101451 ], [ -64.803425, -16.10111 ], [ -64.803322, -16.10086 ], [ -64.803121, -16.100462 ] ], [ [ -64.798194, -16.10342 ], [ -64.79891, -16.104293 ], [ -64.799803, -16.105189 ], [ -64.800419, -16.106112 ], [ -64.800451, -16.106893 ], [ -64.80033, -16.107505 ], [ -64.799954, -16.107618 ], [ -64.799989, -16.107576 ], [ -64.800034, -16.107472 ], [ -64.80003, -16.107346 ], [ -64.799672, -16.106882 ], [ -64.79918, -16.106317 ], [ -64.798907, -16.105898 ], [ -64.798568, -16.105295 ], [ -64.798361, -16.104725 ], [ -64.798199, -16.104051 ], [ -64.798083, -16.103341 ], [ -64.798077, -16.103142 ], [ -64.798194, -16.10342 ] ], [ [ -64.790618, -16.107391 ], [ -64.78897, -16.106965 ], [ -64.787928, -16.106461 ], [ -64.787063, -16.105809 ], [ -64.786375, -16.105302 ], [ -64.785456, -16.104333 ], [ -64.784842, -16.103532 ], [ -64.784198, -16.102243 ], [ -64.783808, -16.100867 ], [ -64.783772, -16.099695 ], [ -64.783809, -16.099534 ], [ -64.783809, -16.099589 ], [ -64.783872, -16.100104 ], [ -64.783983, -16.100642 ], [ -64.784333, -16.101658 ], [ -64.78455, -16.102182 ], [ -64.784779, -16.102671 ], [ -64.784967, -16.103012 ], [ -64.785362, -16.103533 ], [ -64.786181, -16.104298 ], [ -64.786631, -16.104657 ], [ -64.787517, -16.105283 ], [ -64.787916, -16.105539 ], [ -64.78835, -16.105749 ], [ -64.78881, -16.106027 ], [ -64.789329, -16.106315 ], [ -64.78999, -16.106567 ], [ -64.790638, -16.106784 ], [ -64.791393, -16.106999 ], [ -64.792206, -16.107167 ], [ -64.793056, -16.10738 ], [ -64.795268, -16.107865 ], [ -64.796127, -16.107974 ], [ -64.796135, -16.107975 ], [ -64.794162, -16.10785 ], [ -64.792264, -16.107695 ], [ -64.790618, -16.107391 ] ], [ [ -64.783802, -16.098934 ], [ -64.783893, -16.098381 ], [ -64.784103, -16.097848 ], [ -64.784297, -16.09758 ], [ -64.784493, -16.09737 ], [ -64.784702, -16.097182 ], [ -64.784899, -16.097029 ], [ -64.785203, -16.09685 ], [ -64.785508, -16.096707 ], [ -64.785812, -16.09654 ], [ -64.786529, -16.096273 ], [ -64.787165, -16.096065 ], [ -64.787825, -16.095892 ], [ -64.788427, -16.095765 ], [ -64.788854, -16.095734 ], [ -64.789723, -16.095774 ], [ -64.7902, -16.095856 ], [ -64.790261, -16.095876 ], [ -64.789453, -16.095863 ], [ -64.788215, -16.095995 ], [ -64.787028, -16.096176 ], [ -64.786221, -16.096403 ], [ -64.785089, -16.097023 ], [ -64.784414, -16.097932 ], [ -64.783967, -16.098839 ], [ -64.783809, -16.099534 ], [ -64.783802, -16.098934 ] ], [ [ -64.79044, -16.095879 ], [ -64.791148, -16.095922 ], [ -64.792439, -16.096082 ], [ -64.793554, -16.096366 ], [ -64.794189, -16.096604 ], [ -64.794926, -16.097013 ], [ -64.795942, -16.097493 ], [ -64.797008, -16.097924 ], [ -64.797447, -16.097957 ], [ -64.79738, -16.097978 ], [ -64.79706, -16.098019 ], [ -64.796704, -16.098026 ], [ -64.796132, -16.097957 ], [ -64.795713, -16.097873 ], [ -64.795426, -16.097799 ], [ -64.794838, -16.097592 ], [ -64.794201, -16.09734 ], [ -64.793899, -16.097185 ], [ -64.793635, -16.09711 ], [ -64.79337, -16.096989 ], [ -64.791616, -16.096311 ], [ -64.790261, -16.095876 ], [ -64.79044, -16.095879 ] ], [ [ -64.797839, -16.097832 ], [ -64.797964, -16.097807 ], [ -64.79759, -16.097968 ], [ -64.797447, -16.097957 ], [ -64.797839, -16.097832 ] ], [ [ -64.797973, -16.097803 ], [ -64.797969, -16.097806 ], [ -64.797964, -16.097807 ], [ -64.797973, -16.097803 ] ], [ [ -64.79805, -16.097747 ], [ -64.798121, -16.097723 ], [ -64.798226, -16.097652 ], [ -64.798231, -16.097649 ], [ -64.798169, -16.097719 ], [ -64.797973, -16.097803 ], [ -64.79805, -16.097747 ] ], [ [ -64.796744, -16.09451 ], [ -64.797684, -16.094974 ], [ -64.797781, -16.095041 ], [ -64.796827, -16.094653 ], [ -64.796372, -16.094316 ], [ -64.796744, -16.09451 ] ], [ [ -64.789616, -16.088633 ], [ -64.788625, -16.088232 ], [ -64.788957, -16.088265 ], [ -64.789412, -16.088371 ], [ -64.789904, -16.088568 ], [ -64.790424, -16.088856 ], [ -64.790934, -16.089248 ], [ -64.791409, -16.089641 ], [ -64.792227, -16.090465 ], [ -64.79127, -16.089767 ], [ -64.790303, -16.089067 ], [ -64.789616, -16.088633 ] ], [ [ -64.780362, -16.0886 ], [ -64.780903, -16.088777 ], [ -64.780832, -16.088769 ], [ -64.780424, -16.088627 ], [ -64.780362, -16.0886 ] ], [ [ -64.779374, -16.088062 ], [ -64.778739, -16.088096 ], [ -64.778213, -16.087999 ], [ -64.777475, -16.087801 ], [ -64.777261, -16.087295 ], [ -64.777254, -16.086584 ], [ -64.777203, -16.086102 ], [ -64.777449, -16.086373 ], [ -64.778189, -16.087075 ], [ -64.779598, -16.088204 ], [ -64.780029, -16.088452 ], [ -64.780027, -16.088451 ], [ -64.779653, -16.088252 ], [ -64.779374, -16.088062 ] ], [ [ -64.776811, -16.08567 ], [ -64.776399, -16.084843 ], [ -64.776114, -16.084089 ], [ -64.776088, -16.083929 ], [ -64.776093, -16.083933 ], [ -64.776146, -16.084105 ], [ -64.776551, -16.084947 ], [ -64.776887, -16.085491 ], [ -64.777185, -16.085934 ], [ -64.777203, -16.086102 ], [ -64.776811, -16.08567 ] ], [ [ -64.776069, -16.083911 ], [ -64.776055, -16.083721 ], [ -64.776088, -16.083929 ], [ -64.776069, -16.083911 ] ], [ [ -64.775627, -16.079324 ], [ -64.775406, -16.078697 ], [ -64.775366, -16.078644 ], [ -64.775765, -16.078988 ], [ -64.776051, -16.07984 ], [ -64.775981, -16.080524 ], [ -64.776014, -16.081403 ], [ -64.775977, -16.081789 ], [ -64.775963, -16.0815 ], [ -64.775765, -16.079988 ], [ -64.775627, -16.079324 ] ], [ [ -64.77523, -16.078528 ], [ -64.77457, -16.07824 ], [ -64.774039, -16.078196 ], [ -64.773338, -16.078287 ], [ -64.773468, -16.078229 ], [ -64.77395, -16.078059 ], [ -64.774365, -16.078028 ], [ -64.774844, -16.078157 ], [ -64.77511, -16.078312 ], [ -64.775366, -16.078644 ], [ -64.77523, -16.078528 ] ], [ [ -64.784134, -16.04303 ], [ -64.784172, -16.042379 ], [ -64.784192, -16.041003 ], [ -64.784134, -16.040149 ], [ -64.783973, -16.039173 ], [ -64.783483, -16.038054 ], [ -64.782786, -16.037041 ], [ -64.783232, -16.037362 ], [ -64.783562, -16.037677 ], [ -64.783932, -16.038118 ], [ -64.784242, -16.038583 ], [ -64.784476, -16.039267 ], [ -64.784589, -16.039885 ], [ -64.78467, -16.040619 ], [ -64.784824, -16.041443 ], [ -64.784864, -16.043223 ], [ -64.784847, -16.043441 ], [ -64.783389, -16.046054 ], [ -64.783673, -16.045139 ], [ -64.78399, -16.043886 ], [ -64.784134, -16.04303 ] ], [ [ -64.793561, -16.013896 ], [ -64.793784, -16.014226 ], [ -64.794222, -16.014999 ], [ -64.7947, -16.015908 ], [ -64.795067, -16.016682 ], [ -64.795095, -16.016732 ], [ -64.794729, -16.016269 ], [ -64.793837, -16.014508 ], [ -64.793561, -16.013896 ] ], [ [ -64.777498, -16.016298 ], [ -64.777787, -16.015929 ], [ -64.778897, -16.01424 ], [ -64.778647, -16.01478 ], [ -64.777799, -16.016057 ], [ -64.777498, -16.016298 ] ], [ [ -64.777386, -16.016442 ], [ -64.777212, -16.016584 ], [ -64.777014, -16.016714 ], [ -64.776966, -16.016727 ], [ -64.777498, -16.016298 ], [ -64.777386, -16.016442 ] ], [ [ -64.775038, -16.014938 ], [ -64.774982, -16.014261 ], [ -64.774942, -16.01286 ], [ -64.774949, -16.012286 ], [ -64.774904, -16.011574 ], [ -64.774696, -16.009729 ], [ -64.774692, -16.009563 ], [ -64.77484, -16.010222 ], [ -64.775, -16.011222 ], [ -64.775192, -16.012832 ], [ -64.775279, -16.014125 ], [ -64.77526, -16.014882 ], [ -64.775291, -16.01593 ], [ -64.775241, -16.015818 ], [ -64.775135, -16.015418 ], [ -64.775038, -16.014938 ] ], [ [ -64.785451, -15.999908 ], [ -64.785553, -15.999767 ], [ -64.785625, -16.000167 ], [ -64.784674, -16.001249 ], [ -64.783543, -16.002055 ], [ -64.783956, -16.001682 ], [ -64.784705, -16.000864 ], [ -64.785451, -15.999908 ] ], [ [ -64.785874, -15.986798 ], [ -64.785355, -15.985466 ], [ -64.784957, -15.984249 ], [ -64.784751, -15.98319 ], [ -64.784738, -15.982314 ], [ -64.784865, -15.981355 ], [ -64.78546, -15.982869 ], [ -64.786117, -15.984392 ], [ -64.786832, -15.985802 ], [ -64.787367, -15.986703 ], [ -64.787517, -15.987846 ], [ -64.787802, -15.989182 ], [ -64.787414, -15.990821 ], [ -64.787033, -15.98962 ], [ -64.786489, -15.98822 ], [ -64.785874, -15.986798 ] ], [ [ -64.767997, -15.970717 ], [ -64.767531, -15.97025 ], [ -64.767217, -15.969484 ], [ -64.767717, -15.968747 ], [ -64.768179, -15.968063 ], [ -64.768754, -15.966813 ], [ -64.769738, -15.965616 ], [ -64.770522, -15.964663 ], [ -64.771307, -15.963517 ], [ -64.771833, -15.962412 ], [ -64.77216, -15.962547 ], [ -64.77274, -15.963186 ], [ -64.772994, -15.964313 ], [ -64.772846, -15.965561 ], [ -64.772463, -15.96695 ], [ -64.771885, -15.968019 ], [ -64.771396, -15.968741 ], [ -64.770906, -15.969324 ], [ -64.770535, -15.969952 ], [ -64.770263, -15.97081 ], [ -64.770206, -15.971779 ], [ -64.770255, -15.972294 ], [ -64.769778, -15.971942 ], [ -64.768874, -15.97128 ], [ -64.767997, -15.970717 ] ], [ [ -64.771132, -15.962123 ], [ -64.770537, -15.962062 ], [ -64.769848, -15.962071 ], [ -64.769447, -15.962214 ], [ -64.768715, -15.962547 ], [ -64.768055, -15.962902 ], [ -64.767678, -15.963138 ], [ -64.7673, -15.963304 ], [ -64.766732, -15.963427 ], [ -64.765709, -15.963372 ], [ -64.765442, -15.962983 ], [ -64.765052, -15.962273 ], [ -64.764799, -15.961284 ], [ -64.764719, -15.960889 ], [ -64.765007, -15.960922 ], [ -64.76592, -15.960611 ], [ -64.767296, -15.959608 ], [ -64.768393, -15.95888 ], [ -64.768954, -15.958529 ], [ -64.769722, -15.958374 ], [ -64.770646, -15.958391 ], [ -64.771239, -15.958733 ], [ -64.77181, -15.959497 ], [ -64.772075, -15.960461 ], [ -64.772159, -15.961304 ], [ -64.771911, -15.962248 ], [ -64.771833, -15.962412 ], [ -64.771132, -15.962123 ] ] ] ] } }
]
}
