{
"type": "FeatureCollection",
"name": "VALLES",
"crs": { "type": "name", "properties": { "name": "urn:ogc:def:crs:OGC:1.3:CRS84" } },
"bbox": [ -66.353172, -17.996429, -65.700134, -17.443799 ],                                                                        
"features": [
{ "type": "Feature", "properties": { "NOMBRE": "Valles", "NIVEL": "Regiones", "PROVINCIA": "", "REGION": "", "DEPARTAMENTO": "Cochabamba" }, "bbox": [ -66.353172, -17.996429, -65.700134, -17.443799 ], "geometry": { "type": "MultiPolygon", "coordinates": [ [ [ [ -66.158292, -17.670454 ], [ -66.152454, -17.678443 ], [ -66.152893, -17.67892 ], [ -66.160461, -17.686024 ], [ -66.160418, -17.686038 ], [ -66.160419, -17.686039 ], [ -66.159977, -17.68618 ], [ -66.159507, -17.686592 ], [ -66.158819, -17.687904 ], [ -66.158281, -17.688808 ], [ -66.157927, -17.689259 ], [ -66.157891, -17.689267 ], [ -66.157886, -17.689273 ], [ -66.157658, -17.689326 ], [ -66.156915, -17.689373 ], [ -66.156475, -17.689496 ], [ -66.156246, -17.689612 ], [ -66.155701, -17.690003 ], [ -66.154756, -17.690879 ], [ -66.153112, -17.692883 ], [ -66.152397, -17.693512 ], [ -66.152043, -17.694031 ], [ -66.151809, -17.694517 ], [ -66.151564, -17.694924 ], [ -66.150811, -17.695722 ], [ -66.149443, -17.696842 ], [ -66.149248, -17.697124 ], [ -66.148924, -17.698031 ], [ -66.148826, -17.699157 ], [ -66.148818, -17.699737 ], [ -66.14885, -17.700034 ], [ -66.149095, -17.700561 ], [ -66.150519, -17.702515 ], [ -66.151332, -17.703517 ], [ -66.151567, -17.703907 ], [ -66.151832, -17.704696 ], [ -66.151932, -17.705312 ], [ -66.15214, -17.70585 ], [ -66.152479, -17.706527 ], [ -66.152603, -17.707098 ], [ -66.153295, -17.708268 ], [ -66.153469, -17.708646 ], [ -66.153524, -17.709034 ], [ -66.153518, -17.709546 ], [ -66.153485, -17.709683 ], [ -66.153529, -17.710529 ], [ -66.153534, -17.710625 ], [ -66.153106, -17.711252 ], [ -66.153087, -17.711328 ], [ -66.153081, -17.711818 ], [ -66.15293, -17.712317 ], [ -66.152698, -17.712689 ], [ -66.151517, -17.71412 ], [ -66.15045, -17.715119 ], [ -66.149244, -17.716617 ], [ -66.148455, -17.717415 ], [ -66.148018, -17.717796 ], [ -66.147083, -17.718786 ], [ -66.146708, -17.719065 ], [ -66.146104, -17.719433 ], [ -66.145959, -17.719567 ], [ -66.145678, -17.719962 ], [ -66.145401, -17.72005 ], [ -66.145368, -17.720054 ], [ -66.145363, -17.720056 ], [ -66.144482, -17.720187 ], [ -66.143719, -17.720403 ], [ -66.143687, -17.720408 ], [ -66.143682, -17.720409 ], [ -66.143235, -17.720477 ], [ -66.14295, -17.720575 ], [ -66.142696, -17.720788 ], [ -66.142523, -17.721172 ], [ -66.142477, -17.721946 ], [ -66.14234, -17.722297 ], [ -66.142035, -17.722783 ], [ -66.141849, -17.723213 ], [ -66.141699, -17.724645 ], [ -66.141587, -17.724951 ], [ -66.141557, -17.725384 ], [ -66.141599, -17.725874 ], [ -66.141768, -17.726627 ], [ -66.141774, -17.727106 ], [ -66.141732, -17.727583 ], [ -66.141593, -17.728105 ], [ -66.141347, -17.728569 ], [ -66.140751, -17.729267 ], [ -66.139335, -17.730352 ], [ -66.139079, -17.730667 ], [ -66.138773, -17.731142 ], [ -66.138173, -17.733103 ], [ -66.137622, -17.733961 ], [ -66.136981, -17.735364 ], [ -66.136638, -17.735906 ], [ -66.136382, -17.736199 ], [ -66.136068, -17.736445 ], [ -66.135716, -17.736793 ], [ -66.135191, -17.737469 ], [ -66.134389, -17.738335 ], [ -66.133127, -17.739559 ], [ -66.133093, -17.739562 ], [ -66.133093, -17.739562 ], [ -66.132166, -17.739626 ], [ -66.131807, -17.739712 ], [ -66.131565, -17.739869 ], [ -66.131468, -17.739993 ], [ -66.131442, -17.74014 ], [ -66.131658, -17.741031 ], [ -66.131758, -17.742479 ], [ -66.13175, -17.743093 ], [ -66.131624, -17.743592 ], [ -66.131526, -17.743751 ], [ -66.131125, -17.744178 ], [ -66.130774, -17.744458 ], [ -66.130603, -17.74466 ], [ -66.130456, -17.74492 ], [ -66.130303, -17.745647 ], [ -66.129924, -17.746211 ], [ -66.129812, -17.746517 ], [ -66.12978, -17.747074 ], [ -66.129822, -17.747553 ], [ -66.130013, -17.748489 ], [ -66.130493, -17.749373 ], [ -66.130866, -17.750163 ], [ -66.130811, -17.75072 ], [ -66.130454, -17.751399 ], [ -66.130365, -17.752718 ], [ -66.130596, -17.754258 ], [ -66.130588, -17.754839 ], [ -66.130435, -17.755577 ], [ -66.130052, -17.756448 ], [ -66.129452, -17.758262 ], [ -66.12903, -17.760283 ], [ -66.129026, -17.760625 ], [ -66.12918, -17.761629 ], [ -66.129135, -17.762345 ], [ -66.129019, -17.762959 ], [ -66.128993, -17.764028 ], [ -66.129092, -17.764633 ], [ -66.12945, -17.765708 ], [ -66.129505, -17.766051 ], [ -66.129474, -17.766597 ], [ -66.128766, -17.768466 ], [ -66.128719, -17.769296 ], [ -66.128834, -17.769685 ], [ -66.128888, -17.770096 ], [ -66.128856, -17.77071 ], [ -66.128679, -17.771402 ], [ -66.12821, -17.772398 ], [ -66.128122, -17.772704 ], [ -66.127856, -17.774704 ], [ -66.127875, -17.775991 ], [ -66.127988, -17.776482 ], [ -66.128479, -17.777445 ], [ -66.12866, -17.779144 ], [ -66.12889, -17.779853 ], [ -66.129135, -17.780426 ], [ -66.129392, -17.780873 ], [ -66.129758, -17.781345 ], [ -66.130054, -17.781577 ], [ -66.130494, -17.781833 ], [ -66.130837, -17.782156 ], [ -66.131155, -17.782639 ], [ -66.131767, -17.783444 ], [ -66.132337, -17.784773 ], [ -66.133015, -17.786057 ], [ -66.133356, -17.786551 ], [ -66.133604, -17.786828 ], [ -66.134105, -17.787215 ], [ -66.135166, -17.787821 ], [ -66.135667, -17.788044 ], [ -66.136444, -17.788202 ], [ -66.137496, -17.788341 ], [ -66.138057, -17.788485 ], [ -66.138688, -17.788801 ], [ -66.138705, -17.788814 ], [ -66.138719, -17.788821 ], [ -66.139431, -17.789377 ], [ -66.140034, -17.79 ], [ -66.140274, -17.790361 ], [ -66.140528, -17.790963 ], [ -66.14058, -17.791588 ], [ -66.14058, -17.791589 ], [ -66.140581, -17.791599 ], [ -66.140474, -17.792053 ], [ -66.140119, -17.792553 ], [ -66.139061, -17.793276 ], [ -66.137953, -17.793197 ], [ -66.138846, -17.794624 ], [ -66.138985, -17.795103 ], [ -66.13908, -17.7966 ], [ -66.139362, -17.797832 ], [ -66.139765, -17.799166 ], [ -66.139556, -17.799603 ], [ -66.139562, -17.799969 ], [ -66.139601, -17.80014 ], [ -66.139821, -17.800492 ], [ -66.140259, -17.800923 ], [ -66.140296, -17.801037 ], [ -66.140268, -17.80154 ], [ -66.140056, -17.802526 ], [ -66.139964, -17.802778 ], [ -66.139949, -17.803327 ], [ -66.139903, -17.803488 ], [ -66.139715, -17.803684 ], [ -66.139586, -17.803891 ], [ -66.139473, -17.804292 ], [ -66.139464, -17.805253 ], [ -66.139546, -17.805927 ], [ -66.139512, -17.806065 ], [ -66.139323, -17.806238 ], [ -66.138802, -17.806586 ], [ -66.13865, -17.806805 ], [ -66.138389, -17.807711 ], [ -66.138235, -17.808628 ], [ -66.13824, -17.808913 ], [ -66.138367, -17.809404 ], [ -66.138359, -17.809656 ], [ -66.137809, -17.810484 ], [ -66.137496, -17.811162 ], [ -66.137294, -17.812022 ], [ -66.137289, -17.812445 ], [ -66.137224, -17.812915 ], [ -66.137168, -17.813921 ], [ -66.137002, -17.814838 ], [ -66.136448, -17.816913 ], [ -66.136362, -17.818321 ], [ -66.136347, -17.819866 ], [ -66.13637, -17.820517 ], [ -66.136492, -17.820558 ], [ -66.137056, -17.82059 ], [ -66.138267, -17.820568 ], [ -66.139558, -17.820759 ], [ -66.139859, -17.820916 ], [ -66.140101, -17.821108 ], [ -66.140395, -17.821494 ], [ -66.140532, -17.82187 ], [ -66.140562, -17.822259 ], [ -66.140498, -17.822797 ], [ -66.140647, -17.823161 ], [ -66.140793, -17.82332 ], [ -66.140856, -17.823502 ], [ -66.140858, -17.82364 ], [ -66.140421, -17.824765 ], [ -66.140377, -17.825017 ], [ -66.140421, -17.825565 ], [ -66.140544, -17.825781 ], [ -66.140981, -17.826189 ], [ -66.141117, -17.826462 ], [ -66.14106, -17.82668 ], [ -66.140944, -17.826898 ], [ -66.140865, -17.827219 ], [ -66.140869, -17.827459 ], [ -66.141202, -17.828096 ], [ -66.141364, -17.828518 ], [ -66.141366, -17.829455 ], [ -66.141264, -17.829799 ], [ -66.141244, -17.83084 ], [ -66.141332, -17.831137 ], [ -66.141262, -17.831443 ], [ -66.141219, -17.831888 ], [ -66.140558, -17.832873 ], [ -66.139978, -17.833345 ], [ -66.139071, -17.833871 ], [ -66.138372, -17.834556 ], [ -66.137497, -17.836082 ], [ -66.136861, -17.837821 ], [ -66.136223, -17.839656 ], [ -66.135799, -17.840815 ], [ -66.135273, -17.841973 ], [ -66.134438, -17.843514 ], [ -66.133809, -17.844767 ], [ -66.132227, -17.847003 ], [ -66.130021, -17.850015 ], [ -66.128473, -17.852167 ], [ -66.12735, -17.853746 ], [ -66.126322, -17.855128 ], [ -66.125991, -17.856045 ], [ -66.125674, -17.856724 ], [ -66.125399, -17.857373 ], [ -66.125045, -17.858201 ], [ -66.124767, -17.858958 ], [ -66.124374, -17.859895 ], [ -66.124061, -17.860543 ], [ -66.123756, -17.861323 ], [ -66.123546, -17.86171 ], [ -66.123451, -17.861991 ], [ -66.123309, -17.862357 ], [ -66.122721, -17.863733 ], [ -66.122344, -17.86466 ], [ -66.12152, -17.866566 ], [ -66.121025, -17.867816 ], [ -66.120624, -17.868808 ], [ -66.119848, -17.870625 ], [ -66.119424, -17.871638 ], [ -66.119142, -17.872284 ], [ -66.119, -17.872672 ], [ -66.118432, -17.87395 ], [ -66.118101, -17.874812 ], [ -66.117843, -17.875372 ], [ -66.116392, -17.878896 ], [ -66.116162, -17.878734 ], [ -66.115727, -17.878625 ], [ -66.115134, -17.878672 ], [ -66.114618, -17.878804 ], [ -66.114052, -17.879016 ], [ -66.113745, -17.87928 ], [ -66.113334, -17.87991 ], [ -66.113159, -17.880276 ], [ -66.112466, -17.881352 ], [ -66.112148, -17.881718 ], [ -66.112172, -17.881741 ], [ -66.11195, -17.88221 ], [ -66.111301, -17.884005 ], [ -66.111031, -17.884417 ], [ -66.110361, -17.886464 ], [ -66.110081, -17.887116 ], [ -66.109811, -17.887551 ], [ -66.109576, -17.887826 ], [ -66.109304, -17.888067 ], [ -66.108466, -17.888994 ], [ -66.108207, -17.889338 ], [ -66.108057, -17.889772 ], [ -66.108036, -17.890035 ], [ -66.108427, -17.890925 ], [ -66.108897, -17.891278 ], [ -66.109941, -17.89179 ], [ -66.110229, -17.891972 ], [ -66.11088, -17.892553 ], [ -66.111134, -17.89286 ], [ -66.111293, -17.893203 ], [ -66.111441, -17.893671 ], [ -66.111878, -17.895923 ], [ -66.111965, -17.89602 ], [ -66.112299, -17.896089 ], [ -66.112475, -17.89622 ], [ -66.112617, -17.896382 ], [ -66.124188, -17.902338 ], [ -66.124414, -17.902598 ], [ -66.124844, -17.902902 ], [ -66.126866, -17.904695 ], [ -66.127774, -17.905469 ], [ -66.128434, -17.90604 ], [ -66.129405, -17.906886 ], [ -66.130376, -17.907631 ], [ -66.132108, -17.909179 ], [ -66.133908, -17.910789 ], [ -66.134386, -17.910847 ], [ -66.134762, -17.910699 ], [ -66.135087, -17.910138 ], [ -66.135313, -17.910069 ], [ -66.135505, -17.910091 ], [ -66.135684, -17.910159 ], [ -66.135875, -17.91017 ], [ -66.136743, -17.909802 ], [ -66.137029, -17.909801 ], [ -66.137281, -17.909846 ], [ -66.137581, -17.909982 ], [ -66.138387, -17.910597 ], [ -66.13906, -17.911029 ], [ -66.13942, -17.911131 ], [ -66.139886, -17.911164 ], [ -66.140461, -17.911437 ], [ -66.141147, -17.911892 ], [ -66.141976, -17.91255 ], [ -66.142495, -17.912614 ], [ -66.142948, -17.912563 ], [ -66.143696, -17.912456 ], [ -66.144649, -17.91227 ], [ -66.144922, -17.912178 ], [ -66.145292, -17.91212 ], [ -66.145674, -17.912164 ], [ -66.146299, -17.912483 ], [ -66.146658, -17.912596 ], [ -66.14735, -17.912571 ], [ -66.147767, -17.91249 ], [ -66.148433, -17.912271 ], [ -66.148801, -17.912053 ], [ -66.149278, -17.911994 ], [ -66.14978, -17.912061 ], [ -66.15008, -17.912175 ], [ -66.15079, -17.912755 ], [ -66.151418, -17.913405 ], [ -66.151622, -17.913461 ], [ -66.151825, -17.913461 ], [ -66.152194, -17.913357 ], [ -66.152538, -17.913184 ], [ -66.153965, -17.912643 ], [ -66.156706, -17.912235 ], [ -66.158612, -17.911841 ], [ -66.15879, -17.911738 ], [ -66.16197, -17.911032 ], [ -66.169704, -17.914094 ], [ -66.181916, -17.915097 ], [ -66.195575, -17.91518 ], [ -66.197901, -17.924576 ], [ -66.20691, -17.930512 ], [ -66.241394, -17.934719 ], [ -66.248958, -17.938386 ], [ -66.24595, -17.957332 ], [ -66.252691, -17.956459 ], [ -66.259404, -17.955238 ], [ -66.258731, -17.945026 ], [ -66.257546, -17.936144 ], [ -66.257057, -17.932479 ], [ -66.255714, -17.922407 ], [ -66.25613, -17.921586 ], [ -66.263277, -17.907083 ], [ -66.266267, -17.901012 ], [ -66.265453, -17.894274 ], [ -66.264646, -17.887622 ], [ -66.264044, -17.882678 ], [ -66.264347, -17.881898 ], [ -66.265537, -17.878775 ], [ -66.266266, -17.876845 ], [ -66.268594, -17.872466 ], [ -66.276974, -17.856705 ], [ -66.276859, -17.855927 ], [ -66.27686, -17.854679 ], [ -66.276857, -17.851704 ], [ -66.276461, -17.849157 ], [ -66.276307, -17.84659 ], [ -66.276833, -17.843733 ], [ -66.277377, -17.841291 ], [ -66.277696, -17.839355 ], [ -66.277952, -17.835007 ], [ -66.278435, -17.832922 ], [ -66.278926, -17.830505 ], [ -66.280165, -17.829297 ], [ -66.280352, -17.827567 ], [ -66.281316, -17.824908 ], [ -66.282154, -17.822597 ], [ -66.282857, -17.821544 ], [ -66.283823, -17.821132 ], [ -66.283919, -17.819453 ], [ -66.283972, -17.817995 ], [ -66.284926, -17.81517 ], [ -66.285536, -17.812856 ], [ -66.286034, -17.810472 ], [ -66.286552, -17.807647 ], [ -66.286379, -17.806031 ], [ -66.28679, -17.805035 ], [ -66.28751, -17.803293 ], [ -66.288472, -17.802631 ], [ -66.289007, -17.801191 ], [ -66.289291, -17.800239 ], [ -66.290421, -17.798627 ], [ -66.291001, -17.797756 ], [ -66.291109, -17.796261 ], [ -66.291507, -17.795346 ], [ -66.29246, -17.794045 ], [ -66.292716, -17.793161 ], [ -66.29379, -17.789873 ], [ -66.294282, -17.788712 ], [ -66.295961, -17.785974 ], [ -66.298017, -17.783418 ], [ -66.298853, -17.78271 ], [ -66.299122, -17.780913 ], [ -66.299053, -17.778574 ], [ -66.299415, -17.777235 ], [ -66.299782, -17.775125 ], [ -66.300276, -17.773769 ], [ -66.300611, -17.772397 ], [ -66.301398, -17.770875 ], [ -66.303167, -17.76956 ], [ -66.304001, -17.76916 ], [ -66.30643, -17.769233 ], [ -66.308064, -17.769212 ], [ -66.311278, -17.767829 ], [ -66.312468, -17.767526 ], [ -66.313462, -17.766807 ], [ -66.314206, -17.765443 ], [ -66.31513, -17.764461 ], [ -66.31542, -17.763403 ], [ -66.315906, -17.762737 ], [ -66.317019, -17.762034 ], [ -66.318784, -17.761199 ], [ -66.318975, -17.760561 ], [ -66.319011, -17.75921 ], [ -66.319242, -17.757626 ], [ -66.319433, -17.756984 ], [ -66.319985, -17.756397 ], [ -66.320936, -17.755227 ], [ -66.32157, -17.754331 ], [ -66.322405, -17.753703 ], [ -66.323759, -17.753127 ], [ -66.324657, -17.752899 ], [ -66.325352, -17.752289 ], [ -66.32588, -17.751679 ], [ -66.326056, -17.750182 ], [ -66.32713, -17.750033 ], [ -66.328093, -17.749728 ], [ -66.329629, -17.748515 ], [ -66.331168, -17.747033 ], [ -66.332142, -17.74596 ], [ -66.333398, -17.744027 ], [ -66.333825, -17.742324 ], [ -66.334091, -17.741086 ], [ -66.334504, -17.739428 ], [ -66.334873, -17.737498 ], [ -66.335119, -17.735426 ], [ -66.335258, -17.734721 ], [ -66.335351, -17.73347 ], [ -66.334963, -17.732805 ], [ -66.334777, -17.732561 ], [ -66.334776, -17.732556 ], [ -66.334775, -17.732555 ], [ -66.334733, -17.731992 ], [ -66.33488, -17.731638 ], [ -66.334897, -17.731202 ], [ -66.334732, -17.729655 ], [ -66.334612, -17.728481 ], [ -66.334714, -17.72784 ], [ -66.33505, -17.727101 ], [ -66.334342, -17.725331 ], [ -66.334342, -17.725327 ], [ -66.334341, -17.725325 ], [ -66.334249, -17.723211 ], [ -66.334364, -17.722719 ], [ -66.3349, -17.721442 ], [ -66.335389, -17.720795 ], [ -66.336242, -17.71989 ], [ -66.336798, -17.718796 ], [ -66.336924, -17.718362 ], [ -66.337001, -17.717296 ], [ -66.3373, -17.716532 ], [ -66.338877, -17.714513 ], [ -66.340178, -17.712489 ], [ -66.341629, -17.710869 ], [ -66.342863, -17.709338 ], [ -66.343267, -17.708537 ], [ -66.34403, -17.705302 ], [ -66.343916, -17.703641 ], [ -66.343764, -17.699715 ], [ -66.344233, -17.699026 ], [ -66.344893, -17.698566 ], [ -66.3456, -17.698016 ], [ -66.347154, -17.696987 ], [ -66.347956, -17.69635 ], [ -66.350088, -17.695512 ], [ -66.341663, -17.68694 ], [ -66.353172, -17.67674 ], [ -66.352468, -17.670299 ], [ -66.351279, -17.656709 ], [ -66.347822, -17.647604 ], [ -66.339593, -17.64214 ], [ -66.337822, -17.640522 ], [ -66.335278, -17.639647 ], [ -66.335242, -17.639636 ], [ -66.335213, -17.639094 ], [ -66.335283, -17.638828 ], [ -66.33527, -17.63718 ], [ -66.33519, -17.636294 ], [ -66.335229, -17.635141 ], [ -66.335731, -17.634398 ], [ -66.335945, -17.633992 ], [ -66.336086, -17.633552 ], [ -66.336062, -17.632043 ], [ -66.335993, -17.631029 ], [ -66.33567, -17.629949 ], [ -66.335166, -17.629056 ], [ -66.334898, -17.628736 ], [ -66.33452, -17.628371 ], [ -66.334299, -17.628051 ], [ -66.333739, -17.62755 ], [ -66.333494, -17.627276 ], [ -66.332845, -17.62628 ], [ -66.332284, -17.625675 ], [ -66.331396, -17.625131 ], [ -66.330871, -17.624549 ], [ -66.330372, -17.624105 ], [ -66.33008, -17.623993 ], [ -66.329863, -17.623984 ], [ -66.329195, -17.623749 ], [ -66.328808, -17.623718 ], [ -66.328469, -17.623618 ], [ -66.328163, -17.623195 ], [ -66.327659, -17.622255 ], [ -66.327325, -17.621395 ], [ -66.327012, -17.620015 ], [ -66.326814, -17.619544 ], [ -66.326894, -17.618898 ], [ -66.326807, -17.618692 ], [ -66.326564, -17.618464 ], [ -66.326382, -17.618443 ], [ -66.325596, -17.61852 ], [ -66.324655, -17.618761 ], [ -66.324256, -17.618753 ], [ -66.323916, -17.618688 ], [ -66.323673, -17.618495 ], [ -66.323382, -17.618463 ], [ -66.323127, -17.618635 ], [ -66.323094, -17.618662 ], [ -66.322842, -17.618907 ], [ -66.322553, -17.619037 ], [ -66.322008, -17.618996 ], [ -66.321246, -17.619028 ], [ -66.320483, -17.618886 ], [ -66.31973, -17.618525 ], [ -66.319064, -17.618452 ], [ -66.318203, -17.61808 ], [ -66.317791, -17.61805 ], [ -66.316879, -17.617472 ], [ -66.316056, -17.617366 ], [ -66.315788, -17.617196 ], [ -66.314861, -17.616168 ], [ -66.314752, -17.616123 ], [ -66.314534, -17.616172 ], [ -66.314137, -17.61636 ], [ -66.313858, -17.616317 ], [ -66.313651, -17.6161 ], [ -66.31349, -17.615664 ], [ -66.313367, -17.615481 ], [ -66.31292, -17.615474 ], [ -66.312811, -17.615441 ], [ -66.312019, -17.6147 ], [ -66.31122, -17.614616 ], [ -66.310636, -17.614196 ], [ -66.310343, -17.6139 ], [ -66.30962, -17.612789 ], [ -66.308865, -17.612152 ], [ -66.308671, -17.61205 ], [ -66.308269, -17.611755 ], [ -66.308062, -17.611515 ], [ -66.307915, -17.611263 ], [ -66.307569, -17.610391 ], [ -66.307385, -17.610116 ], [ -66.3072, -17.609622 ], [ -66.307054, -17.609497 ], [ -66.306592, -17.609237 ], [ -66.306169, -17.609242 ], [ -66.305406, -17.609123 ], [ -66.305113, -17.608826 ], [ -66.304905, -17.608517 ], [ -66.304744, -17.608093 ], [ -66.304598, -17.60799 ], [ -66.304416, -17.607935 ], [ -66.304126, -17.607938 ], [ -66.30404, -17.607708 ], [ -66.303771, -17.607377 ], [ -66.303552, -17.607206 ], [ -66.303261, -17.607163 ], [ -66.302957, -17.606982 ], [ -66.302497, -17.606918 ], [ -66.302473, -17.606883 ], [ -66.302412, -17.606884 ], [ -66.302156, -17.606587 ], [ -66.30195, -17.606497 ], [ -66.301659, -17.606477 ], [ -66.301344, -17.606377 ], [ -66.301161, -17.606229 ], [ -66.300688, -17.606003 ], [ -66.300104, -17.605537 ], [ -66.299909, -17.605458 ], [ -66.299676, -17.605057 ], [ -66.299527, -17.604598 ], [ -66.299405, -17.604461 ], [ -66.298883, -17.604178 ], [ -66.298312, -17.603792 ], [ -66.298055, -17.603438 ], [ -66.298024, -17.602655 ], [ -66.29784, -17.602322 ], [ -66.297572, -17.602071 ], [ -66.297448, -17.601739 ], [ -66.297348, -17.601256 ], [ -66.297212, -17.600888 ], [ -66.297052, -17.600636 ], [ -66.296834, -17.600512 ], [ -66.296555, -17.600434 ], [ -66.295587, -17.600318 ], [ -66.295284, -17.60024 ], [ -66.295126, -17.600242 ], [ -66.294471, -17.599984 ], [ -66.293937, -17.599678 ], [ -66.293524, -17.599533 ], [ -66.293088, -17.599445 ], [ -66.288148, -17.601389 ], [ -66.289344, -17.592463 ], [ -66.289518, -17.59147 ], [ -66.289495, -17.591114 ], [ -66.289766, -17.583925 ], [ -66.28992, -17.579848 ], [ -66.308636, -17.559635 ], [ -66.307388, -17.552933 ], [ -66.305853, -17.541416 ], [ -66.314354, -17.531888 ], [ -66.307814, -17.52097 ], [ -66.311949, -17.513198 ], [ -66.311169, -17.504224 ], [ -66.325533, -17.483888 ], [ -66.31381, -17.479244 ], [ -66.304936, -17.47742 ], [ -66.298305, -17.477021 ], [ -66.290609, -17.474472 ], [ -66.275703, -17.467773 ], [ -66.275685, -17.467777 ], [ -66.274921, -17.470101 ], [ -66.27433, -17.470928 ], [ -66.273946, -17.471093 ], [ -66.273783, -17.471887 ], [ -66.273942, -17.472758 ], [ -66.273899, -17.472859 ], [ -66.27339, -17.472986 ], [ -66.273064, -17.473308 ], [ -66.272887, -17.473415 ], [ -66.272546, -17.473975 ], [ -66.271985, -17.473839 ], [ -66.270841, -17.474832 ], [ -66.270496, -17.474871 ], [ -66.269879, -17.475945 ], [ -66.269603, -17.47661 ], [ -66.269103, -17.47703 ], [ -66.26887, -17.477963 ], [ -66.268678, -17.478151 ], [ -66.268757, -17.478495 ], [ -66.268506, -17.478658 ], [ -66.268185, -17.479109 ], [ -66.267907, -17.47932 ], [ -66.267656, -17.48002 ], [ -66.267433, -17.479971 ], [ -66.266936, -17.480162 ], [ -66.26564, -17.483243 ], [ -66.26533, -17.484294 ], [ -66.264924, -17.484587 ], [ -66.264203, -17.485016 ], [ -66.263359, -17.485325 ], [ -66.262377, -17.485961 ], [ -66.259548, -17.487971 ], [ -66.257605, -17.489083 ], [ -66.257273, -17.489321 ], [ -66.257096, -17.489819 ], [ -66.256942, -17.49006 ], [ -66.256609, -17.489901 ], [ -66.256013, -17.490686 ], [ -66.255826, -17.491405 ], [ -66.255636, -17.492312 ], [ -66.255329, -17.493336 ], [ -66.254913, -17.49437 ], [ -66.254344, -17.495814 ], [ -66.253631, -17.497287 ], [ -66.253082, -17.497691 ], [ -66.252214, -17.497636 ], [ -66.251105, -17.49971 ], [ -66.25041, -17.500472 ], [ -66.249302, -17.500836 ], [ -66.247468, -17.501893 ], [ -66.247046, -17.501895 ], [ -66.246296, -17.502291 ], [ -66.245725, -17.502358 ], [ -66.242909, -17.504111 ], [ -66.24174, -17.504069 ], [ -66.240922, -17.504186 ], [ -66.239664, -17.504825 ], [ -66.238824, -17.504886 ], [ -66.237908, -17.505269 ], [ -66.235603, -17.504546 ], [ -66.235625, -17.504439 ], [ -66.232806, -17.504417 ], [ -66.222644, -17.503694 ], [ -66.20834, -17.509451 ], [ -66.198326, -17.50474 ], [ -66.175372, -17.525793 ], [ -66.164485, -17.53407 ], [ -66.162306, -17.525799 ], [ -66.149395, -17.519532 ], [ -66.142248, -17.524392 ], [ -66.137896, -17.523863 ], [ -66.136877, -17.52433 ], [ -66.135776, -17.526961 ], [ -66.134447, -17.527929 ], [ -66.13285, -17.528388 ], [ -66.131973, -17.528995 ], [ -66.129826, -17.532411 ], [ -66.129598, -17.533503 ], [ -66.129596, -17.533506 ], [ -66.129589, -17.533539 ], [ -66.116283, -17.546332 ], [ -66.12958, -17.581783 ], [ -66.139381, -17.596272 ], [ -66.137127, -17.599403 ], [ -66.133817, -17.603126 ], [ -66.129709, -17.614892 ], [ -66.145418, -17.645653 ], [ -66.150619, -17.647396 ], [ -66.168425, -17.656628 ], [ -66.163509, -17.6628 ], [ -66.158292, -17.670454 ] ] ], [ [ [ -65.961571, -17.598977 ], [ -65.961628, -17.59884 ], [ -65.961737, -17.598622 ], [ -65.961845, -17.598367 ], [ -65.961964, -17.598199 ], [ -65.962182, -17.598001 ], [ -65.963833, -17.598503 ], [ -65.967047, -17.599446 ], [ -65.968138, -17.599668 ], [ -65.969853, -17.600169 ], [ -65.973942, -17.600965 ], [ -65.975153, -17.601096 ], [ -65.977816, -17.601795 ], [ -65.978247, -17.60182 ], [ -65.979745, -17.601756 ], [ -65.981555, -17.601739 ], [ -65.982549, -17.601685 ], [ -65.983664, -17.601793 ], [ -65.98436, -17.601944 ], [ -65.985103, -17.602177 ], [ -65.988271, -17.603349 ], [ -65.988822, -17.603409 ], [ -65.989686, -17.603596 ], [ -65.990848, -17.603565 ], [ -65.991904, -17.603891 ], [ -65.992719, -17.604216 ], [ -65.995814, -17.605077 ], [ -65.996582, -17.605344 ], [ -65.997894, -17.605632 ], [ -65.998674, -17.605811 ], [ -65.999161, -17.605806 ], [ -65.999646, -17.605709 ], [ -66.000231, -17.605796 ], [ -66.000814, -17.605791 ], [ -66.001785, -17.605595 ], [ -66.001797, -17.605592 ], [ -66.001783, -17.605592 ], [ -66.019521, -17.600546 ], [ -66.044954, -17.604954 ], [ -66.053513, -17.600511 ], [ -66.065977, -17.601147 ], [ -66.093133, -17.603351 ], [ -66.119588, -17.607635 ], [ -66.13379, -17.603133 ], [ -66.137099, -17.599412 ], [ -66.139354, -17.596282 ], [ -66.129558, -17.581795 ], [ -66.116267, -17.546333 ], [ -66.129589, -17.533525 ], [ -66.129823, -17.5324 ], [ -66.131974, -17.528981 ], [ -66.13285, -17.528373 ], [ -66.134448, -17.527915 ], [ -66.135776, -17.526946 ], [ -66.136877, -17.524316 ], [ -66.137897, -17.523849 ], [ -66.142248, -17.524378 ], [ -66.14939, -17.519521 ], [ -66.148778, -17.517901 ], [ -66.147401, -17.516197 ], [ -66.146262, -17.515266 ], [ -66.143981, -17.513646 ], [ -66.142386, -17.513046 ], [ -66.141826, -17.51297 ], [ -66.141186, -17.513078 ], [ -66.136193, -17.514071 ], [ -66.13509, -17.51468 ], [ -66.133472, -17.514505 ], [ -66.132881, -17.5144 ], [ -66.130997, -17.513465 ], [ -66.130577, -17.51325 ], [ -66.127823, -17.512246 ], [ -66.127591, -17.511108 ], [ -66.129538, -17.502389 ], [ -66.109749, -17.483301 ], [ -66.082492, -17.476103 ], [ -66.073515, -17.473731 ], [ -66.072679, -17.473511 ], [ -66.06833, -17.475008 ], [ -66.066993, -17.48078 ], [ -66.066991, -17.480786 ], [ -66.065431, -17.487519 ], [ -66.056635, -17.494589 ], [ -66.043811, -17.497383 ], [ -66.043811, -17.497383 ], [ -66.035215, -17.496128 ], [ -66.021614, -17.498793 ], [ -66.019952, -17.503639 ], [ -66.01844, -17.507163 ], [ -66.002394, -17.503967 ], [ -66.00161, -17.503599 ], [ -65.992797, -17.498917 ], [ -65.991128, -17.4982 ], [ -65.989567, -17.498411 ], [ -65.98798, -17.499412 ], [ -65.98706, -17.50001 ], [ -65.986102, -17.500464 ], [ -65.982217, -17.500407 ], [ -65.975772, -17.497964 ], [ -65.976286, -17.496602 ], [ -65.976332, -17.495233 ], [ -65.975999, -17.4932 ], [ -65.975365, -17.492376 ], [ -65.972463, -17.490738 ], [ -65.970677, -17.485693 ], [ -65.952816, -17.476504 ], [ -65.950186, -17.478004 ], [ -65.946071, -17.479416 ], [ -65.942913, -17.475931 ], [ -65.941445, -17.474326 ], [ -65.93978, -17.473013 ], [ -65.939386, -17.472112 ], [ -65.939317, -17.470215 ], [ -65.939645, -17.468323 ], [ -65.939482, -17.467026 ], [ -65.937852, -17.4657 ], [ -65.936954, -17.465324 ], [ -65.919648, -17.464504 ], [ -65.907477, -17.46131 ], [ -65.891071, -17.451169 ], [ -65.888091, -17.444618 ], [ -65.877181, -17.443799 ], [ -65.859496, -17.457537 ], [ -65.859466, -17.457565 ], [ -65.859465, -17.457566 ], [ -65.859304, -17.457714 ], [ -65.838787, -17.453298 ], [ -65.827628, -17.449511 ], [ -65.819578, -17.446779 ], [ -65.809216, -17.445559 ], [ -65.807129, -17.446632 ], [ -65.807046, -17.446713 ], [ -65.806653, -17.447015 ], [ -65.806199, -17.447294 ], [ -65.805758, -17.447596 ], [ -65.805411, -17.448083 ], [ -65.804983, -17.448095 ], [ -65.804588, -17.44827 ], [ -65.804217, -17.448387 ], [ -65.80412, -17.448353 ], [ -65.80412, -17.44833 ], [ -65.799811, -17.449909 ], [ -65.799231, -17.450592 ], [ -65.799006, -17.450892 ], [ -65.798631, -17.4517 ], [ -65.798235, -17.452807 ], [ -65.798074, -17.45343 ], [ -65.797901, -17.453983 ], [ -65.797667, -17.45456 ], [ -65.79689, -17.455934 ], [ -65.796323, -17.456708 ], [ -65.795635, -17.457541 ], [ -65.794981, -17.458143 ], [ -65.794398, -17.458619 ], [ -65.79286, -17.459744 ], [ -65.792371, -17.460046 ], [ -65.791487, -17.460465 ], [ -65.791152, -17.460652 ], [ -65.790961, -17.460779 ], [ -65.790533, -17.461127 ], [ -65.789662, -17.461708 ], [ -65.786985, -17.46307 ], [ -65.786174, -17.463581 ], [ -65.785328, -17.46423 ], [ -65.784711, -17.464867 ], [ -65.783477, -17.466266 ], [ -65.782801, -17.467099 ], [ -65.782282, -17.467873 ], [ -65.781716, -17.468866 ], [ -65.78127, -17.46972 ], [ -65.780965, -17.470413 ], [ -65.78079, -17.470851 ], [ -65.780578, -17.47122 ], [ -65.780092, -17.47181 ], [ -65.779459, -17.472066 ], [ -65.778401, -17.47288 ], [ -65.77846, -17.472926 ], [ -65.778439, -17.472942 ], [ -65.779161, -17.473502 ], [ -65.780041, -17.474427 ], [ -65.780975, -17.47518 ], [ -65.781484, -17.475522 ], [ -65.781994, -17.475933 ], [ -65.782309, -17.476127 ], [ -65.782914, -17.476434 ], [ -65.783737, -17.476958 ], [ -65.784124, -17.477163 ], [ -65.784682, -17.477527 ], [ -65.785602, -17.478097 ], [ -65.786039, -17.478462 ], [ -65.786441, -17.478851 ], [ -65.786795, -17.479305 ], [ -65.787089, -17.479791 ], [ -65.787325, -17.48048 ], [ -65.787417, -17.481135 ], [ -65.787388, -17.481699 ], [ -65.787286, -17.482241 ], [ -65.787147, -17.482679 ], [ -65.78668, -17.483873 ], [ -65.786669, -17.483902 ], [ -65.786556, -17.484478 ], [ -65.786538, -17.484996 ], [ -65.786581, -17.485582 ], [ -65.786708, -17.486203 ], [ -65.786834, -17.486674 ], [ -65.787032, -17.487076 ], [ -65.787154, -17.487282 ], [ -65.787255, -17.487639 ], [ -65.787258, -17.487938 ], [ -65.787182, -17.488629 ], [ -65.786919, -17.488742 ], [ -65.786775, -17.488928 ], [ -65.786377, -17.489282 ], [ -65.786195, -17.489365 ], [ -65.785359, -17.49002 ], [ -65.784609, -17.490646 ], [ -65.784583, -17.490664 ], [ -65.784402, -17.49095 ], [ -65.78417, -17.491344 ], [ -65.783776, -17.491522 ], [ -65.783499, -17.491785 ], [ -65.783326, -17.491944 ], [ -65.782979, -17.492018 ], [ -65.782478, -17.492044 ], [ -65.782238, -17.492134 ], [ -65.781877, -17.492305 ], [ -65.781144, -17.492573 ], [ -65.780954, -17.492693 ], [ -65.780464, -17.492949 ], [ -65.779854, -17.493229 ], [ -65.779472, -17.49345 ], [ -65.778365, -17.494012 ], [ -65.779994, -17.499469 ], [ -65.791005, -17.519293 ], [ -65.790832, -17.519256 ], [ -65.788415, -17.518546 ], [ -65.776272, -17.516137 ], [ -65.764693, -17.513839 ], [ -65.751612, -17.517221 ], [ -65.760969, -17.519702 ], [ -65.761577, -17.518808 ], [ -65.76177, -17.517876 ], [ -65.763292, -17.517078 ], [ -65.764473, -17.52052 ], [ -65.764641, -17.521646 ], [ -65.765697, -17.522417 ], [ -65.766637, -17.523569 ], [ -65.767185, -17.524934 ], [ -65.767754, -17.525811 ], [ -65.776976, -17.536229 ], [ -65.793173, -17.547127 ], [ -65.795234, -17.54708 ], [ -65.797242, -17.547873 ], [ -65.797277, -17.547701 ], [ -65.800925, -17.548074 ], [ -65.80775, -17.547884 ], [ -65.807704, -17.557121 ], [ -65.809432, -17.573523 ], [ -65.809971, -17.578646 ], [ -65.810039, -17.57929 ], [ -65.811468, -17.582353 ], [ -65.810881, -17.587465 ], [ -65.810632, -17.589628 ], [ -65.810219, -17.590329 ], [ -65.810478, -17.591211 ], [ -65.810849, -17.591938 ], [ -65.81141, -17.593039 ], [ -65.8116, -17.593768 ], [ -65.813446, -17.596812 ], [ -65.810223, -17.597427 ], [ -65.80625, -17.598006 ], [ -65.798526, -17.599109 ], [ -65.796193, -17.603199 ], [ -65.793408, -17.610908 ], [ -65.783982, -17.61715 ], [ -65.779635, -17.620019 ], [ -65.776671, -17.629544 ], [ -65.77649, -17.629584 ], [ -65.776466, -17.629659 ], [ -65.766343, -17.631913 ], [ -65.766314, -17.631924 ], [ -65.754018, -17.636676 ], [ -65.744978, -17.645432 ], [ -65.734494, -17.666177 ], [ -65.733898, -17.670174 ], [ -65.729734, -17.703962 ], [ -65.731613, -17.723859 ], [ -65.724732, -17.736788 ], [ -65.723777, -17.738456 ], [ -65.72595, -17.748057 ], [ -65.726016, -17.748347 ], [ -65.723927, -17.748822 ], [ -65.700134, -17.757443 ], [ -65.718855, -17.775355 ], [ -65.721574, -17.792822 ], [ -65.72267, -17.823328 ], [ -65.719672, -17.837051 ], [ -65.715941, -17.852302 ], [ -65.716134, -17.85232 ], [ -65.71639, -17.852337 ], [ -65.751772, -17.853537 ], [ -65.780847, -17.854743 ], [ -65.789809, -17.863844 ], [ -65.802029, -17.876253 ], [ -65.801119, -17.886557 ], [ -65.800778, -17.887123 ], [ -65.800579, -17.888653 ], [ -65.800391, -17.889045 ], [ -65.800286, -17.889333 ], [ -65.79998, -17.890944 ], [ -65.799877, -17.891393 ], [ -65.799701, -17.891785 ], [ -65.799596, -17.891981 ], [ -65.799398, -17.892511 ], [ -65.79934, -17.892719 ], [ -65.799211, -17.892973 ], [ -65.799142, -17.893272 ], [ -65.799013, -17.893572 ], [ -65.79882, -17.894504 ], [ -65.798799, -17.89478 ], [ -65.798602, -17.895459 ], [ -65.798345, -17.896093 ], [ -65.797982, -17.896832 ], [ -65.797912, -17.897074 ], [ -65.797879, -17.897269 ], [ -65.797857, -17.897534 ], [ -65.797823, -17.897706 ], [ -65.797802, -17.897948 ], [ -65.797804, -17.898109 ], [ -65.797719, -17.89919 ], [ -65.797722, -17.899431 ], [ -65.79769, -17.899799 ], [ -65.797678, -17.899799 ], [ -65.797607, -17.899903 ], [ -65.797549, -17.900064 ], [ -65.797435, -17.900674 ], [ -65.797195, -17.901779 ], [ -65.797162, -17.901998 ], [ -65.797164, -17.902239 ], [ -65.797089, -17.90301 ], [ -65.796903, -17.903597 ], [ -65.796833, -17.903736 ], [ -65.796403, -17.90498 ], [ -65.796243, -17.905751 ], [ -65.796185, -17.905947 ], [ -65.796033, -17.90627 ], [ -65.795798, -17.906674 ], [ -65.795716, -17.90687 ], [ -65.795681, -17.90702 ], [ -65.795635, -17.907135 ], [ -65.795601, -17.907377 ], [ -65.795592, -17.907595 ], [ -65.795546, -17.907814 ], [ -65.795538, -17.908216 ], [ -65.795526, -17.908228 ], [ -65.795959, -17.908351 ], [ -65.796367, -17.908394 ], [ -65.796559, -17.90845 ], [ -65.797014, -17.908458 ], [ -65.797375, -17.908559 ], [ -65.79758, -17.908695 ], [ -65.798052, -17.909163 ], [ -65.798076, -17.909232 ], [ -65.798222, -17.909392 ], [ -65.798344, -17.909586 ], [ -65.798332, -17.909598 ], [ -65.798501, -17.909792 ], [ -65.798611, -17.909963 ], [ -65.798685, -17.910124 ], [ -65.798758, -17.910227 ], [ -65.798856, -17.910467 ], [ -65.798931, -17.910754 ], [ -65.799053, -17.910994 ], [ -65.799224, -17.911257 ], [ -65.799406, -17.911475 ], [ -65.799611, -17.911634 ], [ -65.799647, -17.911691 ], [ -65.799816, -17.911747 ], [ -65.800068, -17.91186 ], [ -65.800537, -17.912018 ], [ -65.801079, -17.912232 ], [ -65.801452, -17.912413 ], [ -65.801669, -17.912596 ], [ -65.801949, -17.913007 ], [ -65.802279, -17.913568 ], [ -65.802316, -17.913694 ], [ -65.802364, -17.91374 ], [ -65.80251, -17.913946 ], [ -65.802742, -17.914323 ], [ -65.802914, -17.914759 ], [ -65.802952, -17.914908 ], [ -65.803025, -17.915091 ], [ -65.803051, -17.915206 ], [ -65.803149, -17.915469 ], [ -65.803237, -17.915837 ], [ -65.803252, -17.916124 ], [ -65.80345, -17.916743 ], [ -65.80362, -17.91696 ], [ -65.803754, -17.917166 ], [ -65.803984, -17.917371 ], [ -65.804092, -17.917439 ], [ -65.804129, -17.917508 ], [ -65.804286, -17.917633 ], [ -65.804577, -17.917987 ], [ -65.804795, -17.918181 ], [ -65.805096, -17.918328 ], [ -65.805505, -17.918486 ], [ -65.805973, -17.918575 ], [ -65.806527, -17.918823 ], [ -65.806985, -17.919107 ], [ -65.807106, -17.91921 ], [ -65.807227, -17.919358 ], [ -65.807325, -17.919541 ], [ -65.807349, -17.919553 ], [ -65.807349, -17.919576 ], [ -65.807397, -17.91961 ], [ -65.807473, -17.919931 ], [ -65.807499, -17.920126 ], [ -65.807504, -17.920666 ], [ -65.807462, -17.921138 ], [ -65.807427, -17.921299 ], [ -65.807429, -17.921471 ], [ -65.807518, -17.92193 ], [ -65.808213, -17.923098 ], [ -65.80836, -17.92343 ], [ -65.808458, -17.923601 ], [ -65.808533, -17.923934 ], [ -65.80856, -17.924175 ], [ -65.808635, -17.924508 ], [ -65.808671, -17.924531 ], [ -65.808745, -17.924657 ], [ -65.809133, -17.92509 ], [ -65.809134, -17.925182 ], [ -65.809197, -17.92555 ], [ -65.809284, -17.925848 ], [ -65.809551, -17.926099 ], [ -65.809624, -17.926236 ], [ -65.809711, -17.9265 ], [ -65.809712, -17.926615 ], [ -65.809689, -17.926764 ], [ -65.809632, -17.926972 ], [ -65.809573, -17.92711 ], [ -65.809487, -17.927216 ], [ -65.80943, -17.927282 ], [ -65.809342, -17.927435 ], [ -65.809303, -17.92756 ], [ -65.809258, -17.927848 ], [ -65.809259, -17.92794 ], [ -65.809307, -17.92802 ], [ -65.809309, -17.928021 ], [ -65.809477, -17.928191 ], [ -65.809598, -17.928282 ], [ -65.809766, -17.928338 ], [ -65.809965, -17.928358 ], [ -65.81025, -17.928334 ], [ -65.810537, -17.928332 ], [ -65.810669, -17.928296 ], [ -65.811112, -17.928293 ], [ -65.811118, -17.928294 ], [ -65.811143, -17.928294 ], [ -65.811323, -17.928315 ], [ -65.811792, -17.928427 ], [ -65.811948, -17.928483 ], [ -65.811984, -17.928517 ], [ -65.811951, -17.928736 ], [ -65.811833, -17.928943 ], [ -65.811786, -17.92907 ], [ -65.811764, -17.929185 ], [ -65.81174, -17.92922 ], [ -65.811717, -17.929347 ], [ -65.811733, -17.929668 ], [ -65.811783, -17.929863 ], [ -65.812051, -17.930344 ], [ -65.812306, -17.930652 ], [ -65.812742, -17.931109 ], [ -65.812743, -17.931143 ], [ -65.812767, -17.931143 ], [ -65.812767, -17.931189 ], [ -65.812853, -17.931326 ], [ -65.812865, -17.931395 ], [ -65.812902, -17.931464 ], [ -65.812927, -17.931556 ], [ -65.813231, -17.932036 ], [ -65.813606, -17.932321 ], [ -65.81369, -17.932354 ], [ -65.814076, -17.932639 ], [ -65.814367, -17.932913 ], [ -65.814574, -17.933244 ], [ -65.814612, -17.933393 ], [ -65.814661, -17.933496 ], [ -65.814699, -17.933726 ], [ -65.814701, -17.933898 ], [ -65.814726, -17.934025 ], [ -65.814729, -17.934266 ], [ -65.814815, -17.934472 ], [ -65.81489, -17.934805 ], [ -65.814891, -17.934897 ], [ -65.814916, -17.934989 ], [ -65.814895, -17.935253 ], [ -65.814721, -17.935829 ], [ -65.814475, -17.936279 ], [ -65.814358, -17.936533 ], [ -65.8143, -17.936763 ], [ -65.814207, -17.937017 ], [ -65.814077, -17.937236 ], [ -65.813971, -17.937363 ], [ -65.813722, -17.937583 ], [ -65.813448, -17.937781 ], [ -65.813258, -17.937886 ], [ -65.813067, -17.937956 ], [ -65.812685, -17.938143 ], [ -65.812304, -17.938306 ], [ -65.811458, -17.938749 ], [ -65.810995, -17.939121 ], [ -65.810568, -17.939584 ], [ -65.810474, -17.939722 ], [ -65.81032, -17.939873 ], [ -65.810131, -17.940104 ], [ -65.809777, -17.940624 ], [ -65.809661, -17.940981 ], [ -65.809595, -17.941533 ], [ -65.809559, -17.941556 ], [ -65.809477, -17.941729 ], [ -65.808722, -17.941746 ], [ -65.808627, -17.941793 ], [ -65.808627, -17.941816 ], [ -65.808592, -17.941874 ], [ -65.808499, -17.942162 ], [ -65.808336, -17.942588 ], [ -65.808253, -17.942692 ], [ -65.808253, -17.942715 ], [ -65.80823, -17.942715 ], [ -65.808194, -17.94275 ], [ -65.808134, -17.942751 ], [ -65.80813, -17.94275 ], [ -65.808103, -17.94275 ], [ -65.807878, -17.942707 ], [ -65.807582, -17.942709 ], [ -65.807535, -17.942721 ], [ -65.807428, -17.94279 ], [ -65.807285, -17.942929 ], [ -65.807191, -17.943045 ], [ -65.807026, -17.94331 ], [ -65.80672, -17.943876 ], [ -65.806449, -17.944292 ], [ -65.80619, -17.944753 ], [ -65.806143, -17.944811 ], [ -65.80598, -17.945226 ], [ -65.805947, -17.945502 ], [ -65.805948, -17.945617 ], [ -65.805925, -17.945732 ], [ -65.80593, -17.946146 ], [ -65.805981, -17.946421 ], [ -65.806067, -17.946685 ], [ -65.806238, -17.947017 ], [ -65.806312, -17.9472 ], [ -65.806336, -17.9472 ], [ -65.806629, -17.947727 ], [ -65.806789, -17.948105 ], [ -65.806813, -17.948105 ], [ -65.806899, -17.948334 ], [ -65.806984, -17.948437 ], [ -65.807009, -17.948505 ], [ -65.80718, -17.948768 ], [ -65.807387, -17.949135 ], [ -65.807632, -17.949638 ], [ -65.807669, -17.949753 ], [ -65.80778, -17.949982 ], [ -65.807805, -17.950097 ], [ -65.807866, -17.9502 ], [ -65.80794, -17.950464 ], [ -65.807966, -17.950624 ], [ -65.807972, -17.951187 ], [ -65.808009, -17.951268 ], [ -65.808072, -17.951531 ], [ -65.808376, -17.951954 ], [ -65.808376, -17.951989 ], [ -65.808485, -17.952092 ], [ -65.808582, -17.952229 ], [ -65.808851, -17.952721 ], [ -65.809428, -17.954004 ], [ -65.809466, -17.954187 ], [ -65.8096, -17.954462 ], [ -65.809982, -17.955413 ], [ -65.809983, -17.955528 ], [ -65.810032, -17.955597 ], [ -65.810069, -17.955723 ], [ -65.810154, -17.95586 ], [ -65.810168, -17.955987 ], [ -65.810327, -17.956273 ], [ -65.8104, -17.956444 ], [ -65.811107, -17.95752 ], [ -65.811241, -17.957771 ], [ -65.811436, -17.958046 ], [ -65.811436, -17.95808 ], [ -65.811497, -17.958137 ], [ -65.811497, -17.95816 ], [ -65.811521, -17.95816 ], [ -65.811691, -17.9584 ], [ -65.811715, -17.9584 ], [ -65.811715, -17.958434 ], [ -65.811788, -17.958514 ], [ -65.811812, -17.958514 ], [ -65.812079, -17.958822 ], [ -65.812553, -17.959497 ], [ -65.812784, -17.959783 ], [ -65.813029, -17.960263 ], [ -65.813152, -17.960561 ], [ -65.813372, -17.961008 ], [ -65.813583, -17.961249 ], [ -65.813778, -17.961515 ], [ -65.813801, -17.961718 ], [ -65.813862, -17.96187 ], [ -65.813984, -17.962153 ], [ -65.814291, -17.962874 ], [ -65.814354, -17.963196 ], [ -65.814346, -17.963563 ], [ -65.814288, -17.963736 ], [ -65.814147, -17.964002 ], [ -65.814018, -17.96421 ], [ -65.813842, -17.964556 ], [ -65.813747, -17.964706 ], [ -65.813724, -17.964798 ], [ -65.813665, -17.964902 ], [ -65.813642, -17.964982 ], [ -65.81356, -17.965155 ], [ -65.813468, -17.965466 ], [ -65.813378, -17.966053 ], [ -65.813432, -17.96657 ], [ -65.813566, -17.966833 ], [ -65.813714, -17.967188 ], [ -65.813726, -17.967188 ], [ -65.813884, -17.967451 ], [ -65.813934, -17.967589 ], [ -65.813934, -17.967635 ], [ -65.814129, -17.967886 ], [ -65.814202, -17.968024 ], [ -65.814202, -17.968047 ], [ -65.814214, -17.968047 ], [ -65.814239, -17.968104 ], [ -65.814445, -17.968378 ], [ -65.814482, -17.96847 ], [ -65.814616, -17.968641 ], [ -65.81497, -17.969259 ], [ -65.815056, -17.969442 ], [ -65.815495, -17.970209 ], [ -65.815557, -17.970358 ], [ -65.816033, -17.971159 ], [ -65.816119, -17.971331 ], [ -65.816228, -17.971491 ], [ -65.81641, -17.971685 ], [ -65.816676, -17.971936 ], [ -65.816773, -17.972004 ], [ -65.816809, -17.97205 ], [ -65.817111, -17.9723 ], [ -65.817691, -17.972675 ], [ -65.818522, -17.973094 ], [ -65.819605, -17.973546 ], [ -65.819786, -17.973648 ], [ -65.81981, -17.973647 ], [ -65.81981, -17.973659 ], [ -65.820135, -17.97376 ], [ -65.820219, -17.973805 ], [ -65.820508, -17.973895 ], [ -65.820664, -17.973986 ], [ -65.821242, -17.974234 ], [ -65.821447, -17.974336 ], [ -65.821821, -17.974563 ], [ -65.822147, -17.974791 ], [ -65.822594, -17.975155 ], [ -65.823004, -17.975428 ], [ -65.823185, -17.975507 ], [ -65.823269, -17.975564 ], [ -65.82386, -17.975847 ], [ -65.824461, -17.976095 ], [ -65.82457, -17.976163 ], [ -65.824847, -17.976299 ], [ -65.825221, -17.976514 ], [ -65.825318, -17.976594 ], [ -65.825354, -17.976651 ], [ -65.82539, -17.976674 ], [ -65.825441, -17.976926 ], [ -65.825468, -17.977168 ], [ -65.825473, -17.977696 ], [ -65.825416, -17.977904 ], [ -65.825406, -17.978168 ], [ -65.825372, -17.978295 ], [ -65.825373, -17.978375 ], [ -65.82535, -17.978467 ], [ -65.825351, -17.978628 ], [ -65.825328, -17.978674 ], [ -65.825332, -17.979088 ], [ -65.825554, -17.979615 ], [ -65.825762, -17.98005 ], [ -65.825847, -17.980153 ], [ -65.826077, -17.980335 ], [ -65.826464, -17.9807 ], [ -65.826791, -17.981054 ], [ -65.826952, -17.981535 ], [ -65.826918, -17.981673 ], [ -65.826921, -17.981983 ], [ -65.82712, -17.982614 ], [ -65.827291, -17.982958 ], [ -65.827427, -17.983313 ], [ -65.827626, -17.984001 ], [ -65.827887, -17.984826 ], [ -65.828306, -17.985938 ], [ -65.828529, -17.98658 ], [ -65.82859, -17.986694 ], [ -65.828664, -17.986935 ], [ -65.828738, -17.987095 ], [ -65.828905, -17.98727 ], [ -65.82923, -17.987599 ], [ -65.829616, -17.98815 ], [ -65.832014, -17.992882 ], [ -65.833919, -17.991068 ], [ -65.8353, -17.989413 ], [ -65.839577, -17.985829 ], [ -65.842278, -17.984324 ], [ -65.844455, -17.980954 ], [ -65.847754, -17.980239 ], [ -65.85053, -17.978519 ], [ -65.854158, -17.977397 ], [ -65.859167, -17.974561 ], [ -65.863342, -17.97066 ], [ -65.866252, -17.969572 ], [ -65.867858, -17.970445 ], [ -65.869596, -17.971511 ], [ -65.871542, -17.973442 ], [ -65.872861, -17.976371 ], [ -65.874876, -17.978302 ], [ -65.877518, -17.978836 ], [ -65.880299, -17.980302 ], [ -65.882732, -17.982033 ], [ -65.884212, -17.981751 ], [ -65.886627, -17.981636 ], [ -65.888992, -17.982282 ], [ -65.890103, -17.982902 ], [ -65.89038, -17.984566 ], [ -65.890519, -17.985897 ], [ -65.89191, -17.986098 ], [ -65.8933, -17.986032 ], [ -65.895179, -17.985434 ], [ -65.896708, -17.986699 ], [ -65.897124, -17.988296 ], [ -65.897889, -17.989495 ], [ -65.899071, -17.98863 ], [ -65.900393, -17.988098 ], [ -65.901645, -17.9873 ], [ -65.904496, -17.987834 ], [ -65.906582, -17.988833 ], [ -65.908529, -17.990298 ], [ -65.91131, -17.991364 ], [ -65.912884, -17.99261 ], [ -65.91423, -17.993894 ], [ -65.915621, -17.993961 ], [ -65.918125, -17.99323 ], [ -65.919794, -17.992299 ], [ -65.921533, -17.992633 ], [ -65.923063, -17.993765 ], [ -65.924592, -17.995629 ], [ -65.926609, -17.996095 ], [ -65.928486, -17.996429 ], [ -65.930295, -17.995697 ], [ -65.931895, -17.993235 ], [ -65.9328, -17.991106 ], [ -65.933288, -17.988112 ], [ -65.935306, -17.984785 ], [ -65.937218, -17.982054 ], [ -65.938715, -17.982058 ], [ -65.939897, -17.982923 ], [ -65.941218, -17.98279 ], [ -65.943722, -17.980196 ], [ -65.943375, -17.978266 ], [ -65.943153, -17.975552 ], [ -65.944054, -17.972826 ], [ -65.943305, -17.970027 ], [ -65.94308, -17.968592 ], [ -65.943396, -17.967099 ], [ -65.944356, -17.965292 ], [ -65.945481, -17.962351 ], [ -65.944732, -17.960485 ], [ -65.944807, -17.959624 ], [ -65.945707, -17.958405 ], [ -65.947282, -17.958118 ], [ -65.949306, -17.958406 ], [ -65.950431, -17.958047 ], [ -65.951031, -17.957043 ], [ -65.951256, -17.955493 ], [ -65.951434, -17.952943 ], [ -65.952552, -17.951423 ], [ -65.953483, -17.950758 ], [ -65.955558, -17.950349 ], [ -65.957704, -17.950085 ], [ -65.958379, -17.949511 ], [ -65.959429, -17.949152 ], [ -65.960403, -17.949368 ], [ -65.961303, -17.950085 ], [ -65.961452, -17.950946 ], [ -65.961302, -17.952309 ], [ -65.961552, -17.953372 ], [ -65.961527, -17.954443 ], [ -65.961976, -17.955825 ], [ -65.962951, -17.956687 ], [ -65.964975, -17.956902 ], [ -65.9661, -17.956045 ], [ -65.96817, -17.954762 ], [ -65.969145, -17.954762 ], [ -65.96997, -17.95426 ], [ -65.972294, -17.948807 ], [ -65.973194, -17.948018 ], [ -65.974694, -17.947205 ], [ -65.980166, -17.942997 ], [ -65.982179, -17.942277 ], [ -65.984948, -17.94055 ], [ -65.986164, -17.939553 ], [ -65.986314, -17.938549 ], [ -65.987909, -17.936296 ], [ -65.989087, -17.93532 ], [ -65.990028, -17.93527 ], [ -65.990961, -17.934746 ], [ -65.991336, -17.933813 ], [ -65.991186, -17.932594 ], [ -65.991336, -17.931661 ], [ -65.99276, -17.9308 ], [ -65.992835, -17.929724 ], [ -65.992565, -17.92879 ], [ -65.992611, -17.927643 ], [ -65.993248, -17.926321 ], [ -65.993733, -17.924712 ], [ -65.99375, -17.922835 ], [ -65.99366, -17.921401 ], [ -65.994314, -17.920281 ], [ -65.995503, -17.919816 ], [ -65.998017, -17.917213 ], [ -66.001614, -17.914702 ], [ -66.002139, -17.912908 ], [ -66.002888, -17.912693 ], [ -66.004387, -17.912621 ], [ -66.005391, -17.911854 ], [ -66.006066, -17.910706 ], [ -66.007639, -17.909845 ], [ -66.009738, -17.91006 ], [ -66.011887, -17.908501 ], [ -66.013161, -17.906492 ], [ -66.013685, -17.899891 ], [ -66.015034, -17.897523 ], [ -66.015184, -17.891783 ], [ -66.017357, -17.890204 ], [ -66.020204, -17.886186 ], [ -66.020504, -17.884177 ], [ -66.018255, -17.881163 ], [ -66.019004, -17.879656 ], [ -66.022826, -17.878293 ], [ -66.025748, -17.87614 ], [ -66.027696, -17.872408 ], [ -66.027021, -17.869297 ], [ -66.027171, -17.866786 ], [ -66.028145, -17.865781 ], [ -66.030018, -17.865924 ], [ -66.031666, -17.864991 ], [ -66.032565, -17.863269 ], [ -66.03279, -17.860901 ], [ -66.033838, -17.858246 ], [ -66.034384, -17.856259 ], [ -66.034385, -17.85626 ], [ -66.034587, -17.855524 ], [ -66.036759, -17.8533 ], [ -66.040505, -17.852079 ], [ -66.042753, -17.8505 ], [ -66.043052, -17.847845 ], [ -66.04485, -17.846482 ], [ -66.045449, -17.845405 ], [ -66.045223, -17.842679 ], [ -66.047096, -17.840526 ], [ -66.047596, -17.83928 ], [ -66.050893, -17.839494 ], [ -66.052466, -17.840068 ], [ -66.055312, -17.837986 ], [ -66.057484, -17.832963 ], [ -66.058532, -17.831241 ], [ -66.061079, -17.830738 ], [ -66.06415, -17.829876 ], [ -66.066472, -17.828727 ], [ -66.067745, -17.827363 ], [ -66.070292, -17.826717 ], [ -66.073063, -17.824635 ], [ -66.077932, -17.821978 ], [ -66.081603, -17.822264 ], [ -66.0834, -17.820541 ], [ -66.084222, -17.816738 ], [ -66.086918, -17.814369 ], [ -66.08939, -17.81322 ], [ -66.091037, -17.811712 ], [ -66.096879, -17.810776 ], [ -66.101257, -17.808354 ], [ -66.105169, -17.807619 ], [ -66.108956, -17.806039 ], [ -66.111262, -17.806354 ], [ -66.120975, -17.800038 ], [ -66.124762, -17.798774 ], [ -66.126902, -17.797353 ], [ -66.128191, -17.796376 ], [ -66.130029, -17.794984 ], [ -66.134474, -17.793877 ], [ -66.137947, -17.793197 ], [ -66.137953, -17.793197 ], [ -66.137946, -17.793186 ], [ -66.13906, -17.793266 ], [ -66.139536, -17.792937 ], [ -66.140118, -17.792542 ], [ -66.140473, -17.792042 ], [ -66.140536, -17.791776 ], [ -66.14058, -17.791589 ], [ -66.140499, -17.790953 ], [ -66.140244, -17.790352 ], [ -66.140004, -17.78999 ], [ -66.139401, -17.789368 ], [ -66.138689, -17.788812 ], [ -66.138059, -17.788496 ], [ -66.137497, -17.788352 ], [ -66.136445, -17.788213 ], [ -66.135668, -17.788054 ], [ -66.135167, -17.787831 ], [ -66.134085, -17.787214 ], [ -66.133575, -17.78682 ], [ -66.133327, -17.786543 ], [ -66.132986, -17.786049 ], [ -66.132308, -17.784765 ], [ -66.131738, -17.783437 ], [ -66.131126, -17.782632 ], [ -66.130809, -17.78215 ], [ -66.130465, -17.781827 ], [ -66.130025, -17.78157 ], [ -66.129729, -17.781339 ], [ -66.129364, -17.780867 ], [ -66.129106, -17.78042 ], [ -66.128862, -17.779847 ], [ -66.128631, -17.779138 ], [ -66.12845, -17.77744 ], [ -66.127959, -17.776477 ], [ -66.127846, -17.775986 ], [ -66.127827, -17.7747 ], [ -66.128093, -17.7727 ], [ -66.128181, -17.772394 ], [ -66.128649, -17.771398 ], [ -66.128826, -17.770706 ], [ -66.128858, -17.770092 ], [ -66.128804, -17.769681 ], [ -66.128689, -17.769293 ], [ -66.128736, -17.768462 ], [ -66.129443, -17.766594 ], [ -66.129474, -17.766048 ], [ -66.129419, -17.765705 ], [ -66.129062, -17.764631 ], [ -66.128962, -17.764026 ], [ -66.128988, -17.762956 ], [ -66.129104, -17.762343 ], [ -66.129149, -17.761627 ], [ -66.128995, -17.760623 ], [ -66.128999, -17.760281 ], [ -66.129421, -17.758261 ], [ -66.13002, -17.756448 ], [ -66.130403, -17.755576 ], [ -66.130556, -17.754838 ], [ -66.130564, -17.754258 ], [ -66.130332, -17.752718 ], [ -66.130422, -17.751399 ], [ -66.130778, -17.750721 ], [ -66.130833, -17.750164 ], [ -66.13046, -17.749373 ], [ -66.129981, -17.74849 ], [ -66.129789, -17.747554 ], [ -66.129748, -17.747076 ], [ -66.129779, -17.746518 ], [ -66.129891, -17.746212 ], [ -66.13027, -17.745648 ], [ -66.130423, -17.744922 ], [ -66.13057, -17.744662 ], [ -66.130741, -17.744459 ], [ -66.131092, -17.744179 ], [ -66.131493, -17.743752 ], [ -66.131591, -17.743594 ], [ -66.131717, -17.743095 ], [ -66.131725, -17.74248 ], [ -66.131624, -17.741033 ], [ -66.131408, -17.740143 ], [ -66.131434, -17.739995 ], [ -66.131532, -17.739871 ], [ -66.131773, -17.739715 ], [ -66.132134, -17.739629 ], [ -66.132166, -17.739626 ], [ -66.132167, -17.739626 ], [ -66.133093, -17.739562 ], [ -66.134355, -17.738338 ], [ -66.135157, -17.737472 ], [ -66.135681, -17.736796 ], [ -66.136033, -17.736448 ], [ -66.136348, -17.736202 ], [ -66.136603, -17.735909 ], [ -66.136946, -17.735368 ], [ -66.137587, -17.733965 ], [ -66.138137, -17.733107 ], [ -66.138738, -17.731146 ], [ -66.139044, -17.730672 ], [ -66.139299, -17.730356 ], [ -66.140715, -17.729271 ], [ -66.141311, -17.728573 ], [ -66.141557, -17.72811 ], [ -66.141695, -17.727588 ], [ -66.141737, -17.727111 ], [ -66.141732, -17.726632 ], [ -66.141562, -17.725879 ], [ -66.14152, -17.725389 ], [ -66.14155, -17.724957 ], [ -66.141662, -17.724651 ], [ -66.141812, -17.723219 ], [ -66.141998, -17.722789 ], [ -66.142304, -17.722303 ], [ -66.14244, -17.721952 ], [ -66.142486, -17.721179 ], [ -66.142659, -17.720794 ], [ -66.142913, -17.720581 ], [ -66.143202, -17.720482 ], [ -66.143235, -17.720477 ], [ -66.143239, -17.720476 ], [ -66.143687, -17.720408 ], [ -66.144451, -17.720192 ], [ -66.144482, -17.720187 ], [ -66.144489, -17.720185 ], [ -66.145368, -17.720054 ], [ -66.14564, -17.719969 ], [ -66.145921, -17.719574 ], [ -66.146066, -17.719439 ], [ -66.14667, -17.719072 ], [ -66.147045, -17.718792 ], [ -66.14798, -17.717803 ], [ -66.148416, -17.717422 ], [ -66.149205, -17.716624 ], [ -66.150411, -17.715126 ], [ -66.151478, -17.714127 ], [ -66.152658, -17.712697 ], [ -66.152891, -17.712325 ], [ -66.153041, -17.711826 ], [ -66.153047, -17.711337 ], [ -66.153106, -17.711252 ], [ -66.15311, -17.711232 ], [ -66.153533, -17.710615 ], [ -66.153528, -17.710518 ], [ -66.153484, -17.709685 ], [ -66.153485, -17.709683 ], [ -66.153478, -17.709555 ], [ -66.153484, -17.709043 ], [ -66.15343, -17.708655 ], [ -66.153255, -17.708277 ], [ -66.152564, -17.707107 ], [ -66.152439, -17.706536 ], [ -66.152101, -17.70586 ], [ -66.151892, -17.705322 ], [ -66.151792, -17.704706 ], [ -66.151527, -17.703917 ], [ -66.151293, -17.703527 ], [ -66.15048, -17.702526 ], [ -66.149056, -17.700572 ], [ -66.148811, -17.700045 ], [ -66.148779, -17.699749 ], [ -66.148787, -17.699168 ], [ -66.148885, -17.698043 ], [ -66.149209, -17.697136 ], [ -66.149404, -17.696854 ], [ -66.150772, -17.695734 ], [ -66.151525, -17.694936 ], [ -66.15177, -17.69453 ], [ -66.152004, -17.694043 ], [ -66.152358, -17.693524 ], [ -66.153073, -17.692897 ], [ -66.154716, -17.690892 ], [ -66.155661, -17.690017 ], [ -66.156205, -17.689626 ], [ -66.156446, -17.689504 ], [ -66.156475, -17.689496 ], [ -66.156487, -17.68949 ], [ -66.156953, -17.68936 ], [ -66.157657, -17.689316 ], [ -66.157661, -17.689315 ], [ -66.157699, -17.689312 ], [ -66.157891, -17.689267 ], [ -66.158239, -17.688822 ], [ -66.158778, -17.687919 ], [ -66.159466, -17.686607 ], [ -66.159938, -17.686192 ], [ -66.159977, -17.68618 ], [ -66.15998, -17.686177 ], [ -66.160418, -17.686038 ], [ -66.152853, -17.678937 ], [ -66.152415, -17.67846 ], [ -66.158252, -17.670473 ], [ -66.163467, -17.662822 ], [ -66.163454, -17.662807 ], [ -66.168425, -17.656628 ], [ -66.150582, -17.6474 ], [ -66.145382, -17.645657 ], [ -66.129681, -17.614901 ], [ -66.13379, -17.603138 ], [ -66.119588, -17.60764 ], [ -66.093133, -17.603356 ], [ -66.065977, -17.601152 ], [ -66.053513, -17.600516 ], [ -66.044954, -17.604958 ], [ -66.019521, -17.600551 ], [ -66.001783, -17.605596 ], [ -66.001797, -17.605596 ], [ -66.001785, -17.6056 ], [ -66.000814, -17.605795 ], [ -66.00023, -17.605801 ], [ -65.999646, -17.605713 ], [ -65.99916, -17.605811 ], [ -65.998674, -17.605816 ], [ -65.997894, -17.605637 ], [ -65.996582, -17.605349 ], [ -65.995814, -17.605082 ], [ -65.992719, -17.60422 ], [ -65.991903, -17.603896 ], [ -65.990848, -17.60357 ], [ -65.989685, -17.603601 ], [ -65.988822, -17.603414 ], [ -65.988271, -17.603354 ], [ -65.985103, -17.602182 ], [ -65.98436, -17.601949 ], [ -65.983664, -17.601797 ], [ -65.982549, -17.60169 ], [ -65.981555, -17.601744 ], [ -65.979745, -17.601761 ], [ -65.978247, -17.601825 ], [ -65.977816, -17.6018 ], [ -65.975153, -17.601101 ], [ -65.973942, -17.60097 ], [ -65.969853, -17.600174 ], [ -65.968138, -17.599673 ], [ -65.967047, -17.599451 ], [ -65.963833, -17.598508 ], [ -65.962181, -17.598006 ], [ -65.961964, -17.598204 ], [ -65.961845, -17.598372 ], [ -65.961737, -17.598627 ], [ -65.961628, -17.598844 ], [ -65.961571, -17.598982 ], [ -65.961568, -17.599047 ], [ -65.961549, -17.599422 ], [ -65.961549, -17.599422 ], [ -65.961571, -17.598977 ] ], [ [ -66.03377, -17.85595 ], [ -66.032826, -17.85539 ], [ -66.031582, -17.854214 ], [ -66.031154, -17.853801 ], [ -66.030035, -17.852927 ], [ -66.02925, -17.852192 ], [ -66.029251, -17.852123 ], [ -66.02818, -17.851158 ], [ -66.027553, -17.850171 ], [ -66.025996, -17.848552 ], [ -66.025187, -17.847862 ], [ -66.024747, -17.847563 ], [ -66.023685, -17.847136 ], [ -66.022848, -17.84695 ], [ -66.022108, -17.846673 ], [ -66.021822, -17.8465 ], [ -66.021429, -17.84619 ], [ -66.021145, -17.845743 ], [ -66.021028, -17.845342 ], [ -66.020983, -17.845009 ], [ -66.020983, -17.845008 ], [ -66.021029, -17.845337 ], [ -66.021145, -17.845738 ], [ -66.02143, -17.846185 ], [ -66.021822, -17.846496 ], [ -66.022108, -17.846668 ], [ -66.022848, -17.846946 ], [ -66.023685, -17.847131 ], [ -66.024747, -17.847559 ], [ -66.025188, -17.847858 ], [ -66.025997, -17.848547 ], [ -66.027553, -17.850167 ], [ -66.028181, -17.851153 ], [ -66.029251, -17.852118 ], [ -66.02925, -17.852187 ], [ -66.030035, -17.852922 ], [ -66.031154, -17.853796 ], [ -66.031582, -17.85421 ], [ -66.032826, -17.855385 ], [ -66.03377, -17.855946 ], [ -66.034385, -17.856255 ], [ -66.034384, -17.856259 ], [ -66.03377, -17.85595 ] ], [ [ -66.020983, -17.845005 ], [ -66.021032, -17.844822 ], [ -66.021298, -17.844502 ], [ -66.021658, -17.84424 ], [ -66.022163, -17.843944 ], [ -66.022763, -17.843694 ], [ -66.023099, -17.843604 ], [ -66.023423, -17.843433 ], [ -66.0237, -17.843228 ], [ -66.023844, -17.843057 ], [ -66.023905, -17.842896 ], [ -66.023918, -17.842695 ], [ -66.023919, -17.842695 ], [ -66.023905, -17.842901 ], [ -66.023844, -17.843061 ], [ -66.0237, -17.843233 ], [ -66.023423, -17.843438 ], [ -66.023099, -17.843608 ], [ -66.022763, -17.843699 ], [ -66.022163, -17.843949 ], [ -66.021658, -17.844245 ], [ -66.021298, -17.844507 ], [ -66.021032, -17.844826 ], [ -66.020983, -17.845008 ], [ -66.020983, -17.845005 ] ], [ [ -66.023825, -17.842386 ], [ -66.02354, -17.842019 ], [ -66.022542, -17.841076 ], [ -66.021887, -17.840593 ], [ -66.021219, -17.840328 ], [ -66.020766, -17.840052 ], [ -66.020505, -17.839673 ], [ -66.020144, -17.838229 ], [ -66.020026, -17.838034 ], [ -66.019681, -17.837747 ], [ -66.019359, -17.837597 ], [ -66.018893, -17.837515 ], [ -66.018223, -17.837513 ], [ -66.017398, -17.837407 ], [ -66.016928, -17.837011 ], [ -66.016922, -17.837008 ], [ -66.016732, -17.836847 ], [ -66.016489, -17.836588 ], [ -66.016288, -17.836334 ], [ -66.015908, -17.836079 ], [ -66.015491, -17.835879 ], [ -66.014965, -17.835769 ], [ -66.014019, -17.835756 ], [ -66.012883, -17.835524 ], [ -66.012431, -17.83529 ], [ -66.012068, -17.835004 ], [ -66.011649, -17.83456 ], [ -66.011641, -17.834094 ], [ -66.011641, -17.834093 ], [ -66.011649, -17.834556 ], [ -66.012068, -17.834999 ], [ -66.012431, -17.835285 ], [ -66.012883, -17.835519 ], [ -66.014019, -17.835751 ], [ -66.014966, -17.835765 ], [ -66.015491, -17.835874 ], [ -66.015908, -17.836074 ], [ -66.016288, -17.83633 ], [ -66.016489, -17.836583 ], [ -66.016732, -17.836842 ], [ -66.016923, -17.837003 ], [ -66.016928, -17.837006 ], [ -66.017398, -17.837402 ], [ -66.018223, -17.837508 ], [ -66.018893, -17.837511 ], [ -66.019359, -17.837592 ], [ -66.019681, -17.837742 ], [ -66.020026, -17.83803 ], [ -66.020144, -17.838225 ], [ -66.020505, -17.839668 ], [ -66.020766, -17.840047 ], [ -66.021219, -17.840323 ], [ -66.021887, -17.840589 ], [ -66.022542, -17.841072 ], [ -66.023541, -17.842014 ], [ -66.023825, -17.842381 ], [ -66.023919, -17.84269 ], [ -66.023918, -17.842695 ], [ -66.023825, -17.842386 ] ], [ [ -66.011641, -17.834089 ], [ -66.011945, -17.833219 ], [ -66.012304, -17.832641 ], [ -66.013511, -17.830792 ], [ -66.013762, -17.830044 ], [ -66.014092, -17.829548 ], [ -66.014726, -17.828783 ], [ -66.014983, -17.828399 ], [ -66.015282, -17.827561 ], [ -66.015417, -17.827301 ], [ -66.016124, -17.82648 ], [ -66.016517, -17.825779 ], [ -66.016846, -17.825408 ], [ -66.017348, -17.824596 ], [ -66.017461, -17.82421 ], [ -66.017517, -17.823676 ], [ -66.017643, -17.823245 ], [ -66.017936, -17.822828 ], [ -66.018109, -17.822466 ], [ -66.018184, -17.822217 ], [ -66.018404, -17.821024 ], [ -66.018404, -17.821029 ], [ -66.018184, -17.822221 ], [ -66.018109, -17.822471 ], [ -66.017936, -17.822833 ], [ -66.017642, -17.82325 ], [ -66.017517, -17.823681 ], [ -66.017461, -17.824215 ], [ -66.017348, -17.8246 ], [ -66.016846, -17.825413 ], [ -66.016517, -17.825784 ], [ -66.016124, -17.826485 ], [ -66.015417, -17.827306 ], [ -66.015282, -17.827566 ], [ -66.014983, -17.828404 ], [ -66.014726, -17.828788 ], [ -66.014092, -17.829553 ], [ -66.013761, -17.830049 ], [ -66.013511, -17.830797 ], [ -66.012304, -17.832646 ], [ -66.011945, -17.833224 ], [ -66.011641, -17.834093 ], [ -66.011641, -17.834089 ] ], [ [ -66.01842, -17.819857 ], [ -66.01842, -17.819857 ], [ -66.018404, -17.821024 ], [ -66.018404, -17.821024 ], [ -66.01842, -17.819857 ] ], [ [ -66.01842, -17.819852 ], [ -66.01852, -17.819557 ], [ -66.019218, -17.818474 ], [ -66.019625, -17.817683 ], [ -66.0199, -17.816844 ], [ -66.020023, -17.816596 ], [ -66.020316, -17.816213 ], [ -66.021757, -17.815162 ], [ -66.022291, -17.814669 ], [ -66.022742, -17.814129 ], [ -66.025078, -17.811566 ], [ -66.02548, -17.811059 ], [ -66.02548, -17.811064 ], [ -66.025078, -17.81157 ], [ -66.022741, -17.814134 ], [ -66.022291, -17.814674 ], [ -66.021757, -17.815167 ], [ -66.020316, -17.816217 ], [ -66.020023, -17.8166 ], [ -66.0199, -17.816849 ], [ -66.019624, -17.817688 ], [ -66.019218, -17.818479 ], [ -66.01852, -17.819562 ], [ -66.01842, -17.819857 ], [ -66.01842, -17.819852 ] ], [ [ -66.025493, -17.810108 ], [ -66.025493, -17.810108 ], [ -66.02548, -17.811059 ], [ -66.02548, -17.811059 ], [ -66.025493, -17.810108 ] ], [ [ -66.025493, -17.810103 ], [ -66.025545, -17.809819 ], [ -66.025781, -17.809242 ], [ -66.026622, -17.808206 ], [ -66.027087, -17.807472 ], [ -66.027237, -17.807053 ], [ -66.027301, -17.806735 ], [ -66.027538, -17.806078 ], [ -66.027977, -17.805515 ], [ -66.028914, -17.804481 ], [ -66.029119, -17.804359 ], [ -66.029215, -17.804349 ], [ -66.029735, -17.80406 ], [ -66.029873, -17.803618 ], [ -66.030081, -17.802425 ], [ -66.030343, -17.801655 ], [ -66.030637, -17.801203 ], [ -66.031208, -17.800619 ], [ -66.031574, -17.800112 ], [ -66.031894, -17.799536 ], [ -66.032157, -17.798697 ], [ -66.032157, -17.798702 ], [ -66.031894, -17.799541 ], [ -66.031574, -17.800117 ], [ -66.031208, -17.800624 ], [ -66.030637, -17.801208 ], [ -66.030343, -17.801659 ], [ -66.030081, -17.80243 ], [ -66.029873, -17.803622 ], [ -66.029735, -17.804064 ], [ -66.029215, -17.804353 ], [ -66.029119, -17.804363 ], [ -66.028914, -17.804486 ], [ -66.027977, -17.80552 ], [ -66.027538, -17.806083 ], [ -66.027301, -17.80674 ], [ -66.027237, -17.807058 ], [ -66.027087, -17.807477 ], [ -66.026622, -17.808211 ], [ -66.025781, -17.809246 ], [ -66.025545, -17.809824 ], [ -66.025493, -17.810108 ], [ -66.025493, -17.810103 ] ], [ [ -66.032161, -17.798372 ], [ -66.032161, -17.798372 ], [ -66.032157, -17.798697 ], [ -66.032157, -17.798697 ], [ -66.032161, -17.798372 ] ], [ [ -66.032162, -17.798367 ], [ -66.032528, -17.797871 ], [ -66.03397, -17.796719 ], [ -66.034407, -17.796292 ], [ -66.03475, -17.795716 ], [ -66.035862, -17.794183 ], [ -66.035962, -17.793878 ], [ -66.035962, -17.793882 ], [ -66.035862, -17.794188 ], [ -66.03475, -17.795721 ], [ -66.034407, -17.796297 ], [ -66.03397, -17.796723 ], [ -66.032528, -17.797876 ], [ -66.032161, -17.798372 ], [ -66.032162, -17.798367 ] ], [ [ -66.035953, -17.793666 ], [ -66.035953, -17.79351 ], [ -66.024589, -17.790789 ], [ -66.023226, -17.77637 ], [ -66.023227, -17.776368 ], [ -66.024589, -17.790784 ], [ -66.035953, -17.793505 ], [ -66.035953, -17.793661 ], [ -66.035962, -17.793877 ], [ -66.035962, -17.793878 ], [ -66.035953, -17.793666 ] ], [ [ -66.023226, -17.776365 ], [ -66.023418, -17.775745 ], [ -66.025385, -17.766622 ], [ -66.025386, -17.766622 ], [ -66.023418, -17.77575 ], [ -66.023227, -17.776368 ], [ -66.023226, -17.776365 ] ], [ [ -66.025145, -17.76641 ], [ -66.024094, -17.765291 ], [ -66.023671, -17.764739 ], [ -66.023151, -17.764196 ], [ -66.022114, -17.76293 ], [ -66.021429, -17.762214 ], [ -66.020481, -17.761438 ], [ -66.020305, -17.761151 ], [ -66.020189, -17.760876 ], [ -66.020055, -17.760169 ], [ -66.019454, -17.759397 ], [ -66.019159, -17.759075 ], [ -66.01878, -17.758762 ], [ -66.01857, -17.758406 ], [ -66.018526, -17.758087 ], [ -66.018526, -17.758083 ], [ -66.01857, -17.758401 ], [ -66.01878, -17.758757 ], [ -66.019159, -17.75907 ], [ -66.019455, -17.759393 ], [ -66.020055, -17.760164 ], [ -66.020189, -17.760872 ], [ -66.020305, -17.761146 ], [ -66.020481, -17.761433 ], [ -66.021429, -17.762209 ], [ -66.022114, -17.762925 ], [ -66.023151, -17.764192 ], [ -66.023671, -17.764734 ], [ -66.024094, -17.765286 ], [ -66.025146, -17.766405 ], [ -66.025386, -17.766618 ], [ -66.025385, -17.766622 ], [ -66.025145, -17.76641 ] ], [ [ -66.018526, -17.758082 ], [ -66.018543, -17.757742 ], [ -66.018543, -17.757745 ], [ -66.018526, -17.758083 ], [ -66.018526, -17.758082 ] ], [ [ -66.018543, -17.757548 ], [ -66.002068, -17.763826 ], [ -66.001816, -17.763926 ], [ -66.001804, -17.763926 ], [ -66.002068, -17.763821 ], [ -66.018543, -17.757544 ], [ -66.018543, -17.757741 ], [ -66.018543, -17.757742 ], [ -66.018543, -17.757548 ] ], [ [ -66.001822, -17.763926 ], [ -66.00181, -17.763931 ], [ -66.001804, -17.763931 ], [ -66.001816, -17.763926 ], [ -66.001822, -17.763926 ] ], [ [ -66.001822, -17.763931 ], [ -66.001617, -17.764012 ], [ -66.000289, -17.764144 ], [ -66.000286, -17.76414 ], [ -65.991316, -17.751583 ], [ -65.991317, -17.751579 ], [ -66.000286, -17.764135 ], [ -66.000289, -17.76414 ], [ -66.001617, -17.764008 ], [ -66.00181, -17.763931 ], [ -66.001822, -17.763931 ] ], [ [ -65.991316, -17.751578 ], [ -65.99404, -17.735106 ], [ -65.998585, -17.729505 ], [ -65.998587, -17.729507 ], [ -65.99404, -17.735111 ], [ -65.991317, -17.751579 ], [ -65.991316, -17.751578 ] ], [ [ -65.99521, -17.724096 ], [ -65.98858, -17.723592 ], [ -65.985453, -17.721373 ], [ -65.985454, -17.721369 ], [ -65.98858, -17.723588 ], [ -65.99521, -17.724091 ], [ -65.998587, -17.729502 ], [ -65.998585, -17.729505 ], [ -65.99521, -17.724096 ] ], [ [ -65.985453, -17.721369 ], [ -65.986676, -17.717213 ], [ -65.986677, -17.717214 ], [ -65.985454, -17.721369 ], [ -65.985453, -17.721369 ] ], [ [ -65.981687, -17.708611 ], [ -65.98169, -17.708612 ], [ -65.986677, -17.71721 ], [ -65.986676, -17.717213 ], [ -65.981687, -17.708611 ] ], [ [ -65.981687, -17.708606 ], [ -65.981818, -17.708646 ], [ -65.981935, -17.70863 ], [ -65.982106, -17.708446 ], [ -65.982151, -17.708191 ], [ -65.982188, -17.7081 ], [ -65.982188, -17.708105 ], [ -65.982151, -17.708196 ], [ -65.982106, -17.708451 ], [ -65.981935, -17.708635 ], [ -65.981818, -17.708651 ], [ -65.98169, -17.708612 ], [ -65.981687, -17.708606 ] ], [ [ -65.961662, -17.599676 ], [ -65.96189, -17.600093 ], [ -65.96206, -17.60044 ], [ -65.962127, -17.600613 ], [ -65.962201, -17.600991 ], [ -65.962201, -17.600996 ], [ -65.962127, -17.600617 ], [ -65.96206, -17.600444 ], [ -65.96189, -17.600098 ], [ -65.961661, -17.599681 ], [ -65.961549, -17.599427 ], [ -65.961549, -17.599422 ], [ -65.961662, -17.599676 ] ], [ [ -65.962201, -17.600996 ], [ -65.962197, -17.601179 ], [ -65.962133, -17.60136 ], [ -65.96201, -17.601528 ], [ -65.961802, -17.601762 ], [ -65.961401, -17.602129 ], [ -65.961182, -17.602306 ], [ -65.961001, -17.602416 ], [ -65.960761, -17.602501 ], [ -65.960426, -17.602561 ], [ -65.960308, -17.602558 ], [ -65.959841, -17.60265 ], [ -65.959745, -17.602681 ], [ -65.959516, -17.602801 ], [ -65.959382, -17.602935 ], [ -65.959358, -17.602934 ], [ -65.959126, -17.603705 ], [ -65.959124, -17.603769 ], [ -65.959124, -17.603769 ], [ -65.959126, -17.6037 ], [ -65.959358, -17.60293 ], [ -65.959382, -17.60293 ], [ -65.959516, -17.602796 ], [ -65.959745, -17.602677 ], [ -65.959841, -17.602645 ], [ -65.960308, -17.602554 ], [ -65.960427, -17.602557 ], [ -65.960761, -17.602497 ], [ -65.961001, -17.602411 ], [ -65.961182, -17.602302 ], [ -65.961401, -17.602124 ], [ -65.961802, -17.601758 ], [ -65.96201, -17.601523 ], [ -65.962133, -17.601355 ], [ -65.962197, -17.601174 ], [ -65.962201, -17.600996 ], [ -65.962201, -17.600996 ] ], [ [ -65.959311, -17.604904 ], [ -65.959316, -17.605189 ], [ -65.959316, -17.60519 ], [ -65.959311, -17.604908 ], [ -65.959124, -17.603773 ], [ -65.959124, -17.603769 ], [ -65.959311, -17.604904 ] ], [ [ -65.959316, -17.605194 ], [ -65.959288, -17.605399 ], [ -65.959122, -17.60584 ], [ -65.958955, -17.606097 ], [ -65.958707, -17.60633 ], [ -65.958425, -17.606569 ], [ -65.957743, -17.606623 ], [ -65.95774, -17.606619 ], [ -65.958425, -17.606564 ], [ -65.958707, -17.606325 ], [ -65.958955, -17.606092 ], [ -65.959123, -17.605835 ], [ -65.959288, -17.605394 ], [ -65.959316, -17.60519 ], [ -65.959316, -17.605194 ] ], [ [ -65.957834, -17.606744 ], [ -65.957979, -17.606899 ], [ -65.958103, -17.607024 ], [ -65.95842, -17.607359 ], [ -65.958584, -17.607466 ], [ -65.959038, -17.607877 ], [ -65.959282, -17.608146 ], [ -65.959468, -17.608322 ], [ -65.959678, -17.608475 ], [ -65.959992, -17.608814 ], [ -65.960095, -17.608954 ], [ -65.960244, -17.609209 ], [ -65.96038, -17.609498 ], [ -65.960725, -17.610488 ], [ -65.960886, -17.610721 ], [ -65.961066, -17.611171 ], [ -65.961157, -17.611344 ], [ -65.961224, -17.611517 ], [ -65.961373, -17.611761 ], [ -65.961466, -17.611877 ], [ -65.961727, -17.61242 ], [ -65.96183, -17.612594 ], [ -65.961863, -17.612698 ], [ -65.962208, -17.613209 ], [ -65.962381, -17.61343 ], [ -65.962731, -17.613724 ], [ -65.96314, -17.613826 ], [ -65.963405, -17.613917 ], [ -65.963688, -17.614087 ], [ -65.963917, -17.614406 ], [ -65.963954, -17.614666 ], [ -65.963966, -17.614879 ], [ -65.963966, -17.614881 ], [ -65.963954, -17.61467 ], [ -65.963917, -17.61441 ], [ -65.963688, -17.614092 ], [ -65.963405, -17.613922 ], [ -65.96314, -17.613831 ], [ -65.962731, -17.613729 ], [ -65.962381, -17.613435 ], [ -65.962208, -17.613214 ], [ -65.961863, -17.612702 ], [ -65.961829, -17.612599 ], [ -65.961726, -17.612425 ], [ -65.961466, -17.611882 ], [ -65.961373, -17.611765 ], [ -65.961224, -17.611522 ], [ -65.961157, -17.611349 ], [ -65.961066, -17.611175 ], [ -65.960886, -17.610726 ], [ -65.960725, -17.610493 ], [ -65.96038, -17.609503 ], [ -65.960244, -17.609214 ], [ -65.960095, -17.608959 ], [ -65.959992, -17.608819 ], [ -65.959678, -17.60848 ], [ -65.959468, -17.608326 ], [ -65.959282, -17.60815 ], [ -65.959038, -17.607882 ], [ -65.958584, -17.607471 ], [ -65.95842, -17.607364 ], [ -65.958103, -17.607029 ], [ -65.957979, -17.606904 ], [ -65.957833, -17.606749 ], [ -65.95774, -17.606624 ], [ -65.957743, -17.606623 ], [ -65.957834, -17.606744 ] ], [ [ -65.963966, -17.614884 ], [ -65.963938, -17.615184 ], [ -65.963906, -17.615368 ], [ -65.963893, -17.615912 ], [ -65.963893, -17.615911 ], [ -65.963906, -17.615364 ], [ -65.963938, -17.615179 ], [ -65.963966, -17.614881 ], [ -65.963966, -17.614884 ] ], [ [ -65.963974, -17.616496 ], [ -65.96403, -17.616634 ], [ -65.965354, -17.618026 ], [ -65.965759, -17.618516 ], [ -65.96616, -17.619154 ], [ -65.966403, -17.619457 ], [ -65.966632, -17.619839 ], [ -65.966802, -17.620209 ], [ -65.966896, -17.620725 ], [ -65.966888, -17.62157 ], [ -65.966888, -17.62157 ], [ -65.966896, -17.62073 ], [ -65.966801, -17.620214 ], [ -65.966632, -17.619844 ], [ -65.966403, -17.619461 ], [ -65.96616, -17.619159 ], [ -65.965759, -17.618521 ], [ -65.965354, -17.618031 ], [ -65.96403, -17.616639 ], [ -65.963974, -17.6165 ], [ -65.963893, -17.615916 ], [ -65.963893, -17.615912 ], [ -65.963974, -17.616496 ] ], [ [ -65.966888, -17.621575 ], [ -65.966861, -17.621699 ], [ -65.966838, -17.622198 ], [ -65.966838, -17.622196 ], [ -65.966861, -17.621695 ], [ -65.966888, -17.62157 ], [ -65.966888, -17.621575 ] ], [ [ -65.966875, -17.622643 ], [ -65.966907, -17.622769 ], [ -65.966967, -17.623262 ], [ -65.966967, -17.623266 ], [ -65.966907, -17.622774 ], [ -65.966874, -17.622648 ], [ -65.966837, -17.622201 ], [ -65.966838, -17.622198 ], [ -65.966875, -17.622643 ] ], [ [ -65.966967, -17.623266 ], [ -65.966965, -17.623342 ], [ -65.966965, -17.623341 ], [ -65.966967, -17.623266 ], [ -65.966967, -17.623266 ] ], [ [ -65.967031, -17.623583 ], [ -65.967083, -17.62387 ], [ -65.96732, -17.624446 ], [ -65.967445, -17.624689 ], [ -65.967732, -17.625119 ], [ -65.967766, -17.625211 ], [ -65.968065, -17.625653 ], [ -65.968155, -17.625838 ], [ -65.968396, -17.626232 ], [ -65.968651, -17.626524 ], [ -65.969163, -17.627005 ], [ -65.969383, -17.627261 ], [ -65.969544, -17.627505 ], [ -65.969649, -17.62761 ], [ -65.969857, -17.627867 ], [ -65.970006, -17.628099 ], [ -65.970226, -17.628344 ], [ -65.970409, -17.62868 ], [ -65.970531, -17.629037 ], [ -65.970552, -17.629163 ], [ -65.970585, -17.629255 ], [ -65.970627, -17.62953 ], [ -65.970666, -17.630825 ], [ -65.970666, -17.630829 ], [ -65.970626, -17.629535 ], [ -65.970585, -17.62926 ], [ -65.970552, -17.629168 ], [ -65.970531, -17.629042 ], [ -65.970409, -17.628685 ], [ -65.970226, -17.628349 ], [ -65.970006, -17.628104 ], [ -65.969857, -17.627872 ], [ -65.969648, -17.627615 ], [ -65.969544, -17.62751 ], [ -65.969383, -17.627266 ], [ -65.969163, -17.627009 ], [ -65.968651, -17.626528 ], [ -65.968396, -17.626237 ], [ -65.968155, -17.625842 ], [ -65.968064, -17.625657 ], [ -65.967765, -17.625216 ], [ -65.967732, -17.625124 ], [ -65.967445, -17.624694 ], [ -65.967319, -17.624451 ], [ -65.967083, -17.623874 ], [ -65.967031, -17.623588 ], [ -65.966965, -17.623346 ], [ -65.966965, -17.623342 ], [ -65.967031, -17.623583 ] ], [ [ -65.970666, -17.63083 ], [ -65.970656, -17.631306 ], [ -65.97061, -17.631494 ], [ -65.970574, -17.631686 ], [ -65.970523, -17.631827 ], [ -65.970472, -17.631968 ], [ -65.970433, -17.632058 ], [ -65.970395, -17.632148 ], [ -65.970304, -17.632277 ], [ -65.970239, -17.632406 ], [ -65.960673, -17.644951 ], [ -65.960477, -17.645209 ], [ -65.952625, -17.65533 ], [ -65.952624, -17.655327 ], [ -65.960478, -17.645205 ], [ -65.960673, -17.644946 ], [ -65.970239, -17.632401 ], [ -65.970304, -17.632272 ], [ -65.970395, -17.632143 ], [ -65.970433, -17.632054 ], [ -65.970472, -17.631964 ], [ -65.970523, -17.631823 ], [ -65.970574, -17.631681 ], [ -65.97061, -17.631489 ], [ -65.970656, -17.631301 ], [ -65.970666, -17.630829 ], [ -65.970666, -17.63083 ] ], [ [ -65.953956, -17.661178 ], [ -65.953955, -17.661179 ], [ -65.952624, -17.655332 ], [ -65.952625, -17.65533 ], [ -65.953956, -17.661178 ] ], [ [ -65.953956, -17.661183 ], [ -65.95355, -17.661499 ], [ -65.952953, -17.661775 ], [ -65.952457, -17.662193 ], [ -65.952216, -17.662324 ], [ -65.951561, -17.662844 ], [ -65.951105, -17.663472 ], [ -65.951104, -17.663506 ], [ -65.95088, -17.663946 ], [ -65.950718, -17.664216 ], [ -65.950681, -17.664306 ], [ -65.950594, -17.664429 ], [ -65.950445, -17.6647 ], [ -65.950407, -17.664813 ], [ -65.950206, -17.665253 ], [ -65.95018, -17.665344 ], [ -65.950156, -17.665343 ], [ -65.950079, -17.665547 ], [ -65.950014, -17.665785 ], [ -65.949926, -17.665977 ], [ -65.949759, -17.666509 ], [ -65.949677, -17.666953 ], [ -65.949644, -17.667815 ], [ -65.949644, -17.667815 ], [ -65.949677, -17.666948 ], [ -65.949759, -17.666505 ], [ -65.949926, -17.665972 ], [ -65.950014, -17.66578 ], [ -65.95008, -17.665542 ], [ -65.950156, -17.665339 ], [ -65.95018, -17.665339 ], [ -65.950206, -17.665248 ], [ -65.950407, -17.664808 ], [ -65.950445, -17.664695 ], [ -65.950594, -17.664425 ], [ -65.950681, -17.664301 ], [ -65.950718, -17.664211 ], [ -65.95088, -17.663941 ], [ -65.951104, -17.663501 ], [ -65.951105, -17.663467 ], [ -65.951561, -17.662839 ], [ -65.952216, -17.662319 ], [ -65.952457, -17.662188 ], [ -65.952953, -17.66177 ], [ -65.95355, -17.661494 ], [ -65.953955, -17.661179 ], [ -65.953956, -17.661183 ] ], [ [ -65.949736, -17.668479 ], [ -65.949893, -17.668883 ], [ -65.949984, -17.669045 ], [ -65.950006, -17.669137 ], [ -65.950063, -17.669218 ], [ -65.950131, -17.669391 ], [ -65.950216, -17.669782 ], [ -65.950272, -17.669932 ], [ -65.950358, -17.670345 ], [ -65.950358, -17.670349 ], [ -65.950272, -17.669936 ], [ -65.950216, -17.669787 ], [ -65.95013, -17.669396 ], [ -65.950063, -17.669223 ], [ -65.950006, -17.669142 ], [ -65.949984, -17.66905 ], [ -65.949893, -17.668888 ], [ -65.949736, -17.668484 ], [ -65.949644, -17.66782 ], [ -65.949644, -17.667815 ], [ -65.949736, -17.668479 ] ], [ [ -65.950358, -17.67035 ], [ -65.950356, -17.670413 ], [ -65.950356, -17.670413 ], [ -65.950358, -17.670349 ], [ -65.950358, -17.67035 ] ], [ [ -65.950401, -17.67054 ], [ -65.9504, -17.670543 ], [ -65.950356, -17.670418 ], [ -65.950356, -17.670413 ], [ -65.950401, -17.67054 ] ], [ [ -65.950401, -17.670545 ], [ -65.950376, -17.670705 ], [ -65.950291, -17.670904 ], [ -65.94998, -17.671069 ], [ -65.949816, -17.671146 ], [ -65.949707, -17.671204 ], [ -65.949656, -17.671268 ], [ -65.949581, -17.671406 ], [ -65.949486, -17.671643 ], [ -65.94946, -17.671757 ], [ -65.949386, -17.671894 ], [ -65.94921, -17.672455 ], [ -65.949001, -17.673294 ], [ -65.949001, -17.673292 ], [ -65.94921, -17.67245 ], [ -65.949386, -17.67189 ], [ -65.94946, -17.671753 ], [ -65.949486, -17.671638 ], [ -65.949582, -17.671401 ], [ -65.949656, -17.671263 ], [ -65.949707, -17.671199 ], [ -65.949816, -17.671141 ], [ -65.94998, -17.671065 ], [ -65.950291, -17.670899 ], [ -65.950376, -17.670701 ], [ -65.9504, -17.670543 ], [ -65.950401, -17.670545 ] ], [ [ -65.949067, -17.673769 ], [ -65.949085, -17.673951 ], [ -65.949147, -17.674176 ], [ -65.949165, -17.674344 ], [ -65.949167, -17.674485 ], [ -65.949243, -17.674666 ], [ -65.94929, -17.67482 ], [ -65.949395, -17.67496 ], [ -65.949456, -17.675113 ], [ -65.949547, -17.675295 ], [ -65.949668, -17.675485 ], [ -65.949744, -17.67568 ], [ -65.949903, -17.675932 ], [ -65.950018, -17.676266 ], [ -65.950098, -17.676555 ], [ -65.950309, -17.676914 ], [ -65.950391, -17.677007 ], [ -65.95045, -17.6771 ], [ -65.950533, -17.677182 ], [ -65.950556, -17.677228 ], [ -65.950709, -17.677403 ], [ -65.950946, -17.677613 ], [ -65.950946, -17.677618 ], [ -65.950709, -17.677408 ], [ -65.950556, -17.677233 ], [ -65.950533, -17.677187 ], [ -65.95045, -17.677105 ], [ -65.950391, -17.677012 ], [ -65.950309, -17.676919 ], [ -65.950098, -17.67656 ], [ -65.950018, -17.676271 ], [ -65.949903, -17.675936 ], [ -65.949744, -17.675685 ], [ -65.949668, -17.675489 ], [ -65.949547, -17.6753 ], [ -65.949456, -17.675118 ], [ -65.949395, -17.674964 ], [ -65.94929, -17.674825 ], [ -65.949243, -17.674671 ], [ -65.949167, -17.674489 ], [ -65.949165, -17.674349 ], [ -65.949147, -17.67418 ], [ -65.949085, -17.673956 ], [ -65.949067, -17.673774 ], [ -65.949001, -17.673296 ], [ -65.949001, -17.673294 ], [ -65.949067, -17.673769 ] ], [ [ -65.945494, -17.481481 ], [ -65.945551, -17.482407 ], [ -65.945549, -17.482404 ], [ -65.945492, -17.481473 ], [ -65.945506, -17.481439 ], [ -65.945494, -17.481481 ] ], [ [ -65.946617, -17.484372 ], [ -65.946436, -17.485488 ], [ -65.94567, -17.487137 ], [ -65.943652, -17.489725 ], [ -65.941388, -17.492853 ], [ -65.942032, -17.494052 ], [ -65.942029, -17.49405 ], [ -65.941382, -17.492845 ], [ -65.943647, -17.489717 ], [ -65.945667, -17.48713 ], [ -65.946433, -17.485481 ], [ -65.946614, -17.484366 ], [ -65.946617, -17.484372 ] ], [ [ -65.944555, -17.494698 ], [ -65.945607, -17.497739 ], [ -65.94677, -17.499848 ], [ -65.947227, -17.50351 ], [ -65.947172, -17.503923 ], [ -65.947176, -17.50412 ], [ -65.947056, -17.50502 ], [ -65.947169, -17.505263 ], [ -65.947788, -17.505703 ], [ -65.94815, -17.505987 ], [ -65.948428, -17.506269 ], [ -65.948624, -17.506514 ], [ -65.948761, -17.506735 ], [ -65.948838, -17.506954 ], [ -65.948892, -17.507161 ], [ -65.94889, -17.507241 ], [ -65.948931, -17.507482 ], [ -65.948905, -17.508441 ], [ -65.94885, -17.508702 ], [ -65.948815, -17.509547 ], [ -65.948789, -17.50966 ], [ -65.948816, -17.509986 ], [ -65.948811, -17.51033 ], [ -65.948961, -17.510721 ], [ -65.958836, -17.527571 ], [ -65.959139, -17.528215 ], [ -65.95921, -17.528643 ], [ -65.959255, -17.528897 ], [ -65.959403, -17.529247 ], [ -65.959509, -17.529499 ], [ -65.959549, -17.529791 ], [ -65.959572, -17.529804 ], [ -65.959686, -17.530001 ], [ -65.959881, -17.530281 ], [ -65.960176, -17.530814 ], [ -65.960186, -17.530883 ], [ -65.960366, -17.531299 ], [ -65.960536, -17.531612 ], [ -65.96053, -17.531841 ], [ -65.960381, -17.532054 ], [ -65.960248, -17.53213 ], [ -65.960247, -17.532141 ], [ -65.95997, -17.532248 ], [ -65.959596, -17.532432 ], [ -65.959581, -17.532431 ], [ -65.959955, -17.532248 ], [ -65.960232, -17.532141 ], [ -65.960233, -17.53213 ], [ -65.960366, -17.532054 ], [ -65.960515, -17.531841 ], [ -65.960521, -17.531612 ], [ -65.960351, -17.531299 ], [ -65.960172, -17.530883 ], [ -65.960162, -17.530814 ], [ -65.959866, -17.53028 ], [ -65.959671, -17.53 ], [ -65.959558, -17.529803 ], [ -65.959534, -17.529791 ], [ -65.959495, -17.529499 ], [ -65.959388, -17.529246 ], [ -65.95924, -17.528896 ], [ -65.959195, -17.528642 ], [ -65.959125, -17.528214 ], [ -65.958822, -17.52757 ], [ -65.94895, -17.510716 ], [ -65.948801, -17.510326 ], [ -65.948805, -17.509981 ], [ -65.948778, -17.509656 ], [ -65.948805, -17.509542 ], [ -65.94884, -17.508698 ], [ -65.948895, -17.508436 ], [ -65.948922, -17.507478 ], [ -65.948881, -17.507236 ], [ -65.948883, -17.507157 ], [ -65.948829, -17.506949 ], [ -65.948752, -17.50673 ], [ -65.948615, -17.506509 ], [ -65.948419, -17.506264 ], [ -65.948141, -17.505982 ], [ -65.947779, -17.505697 ], [ -65.94716, -17.505257 ], [ -65.947047, -17.505014 ], [ -65.947167, -17.504114 ], [ -65.947164, -17.503917 ], [ -65.947218, -17.503504 ], [ -65.946763, -17.499842 ], [ -65.9456, -17.497733 ], [ -65.94455, -17.494696 ], [ -65.944555, -17.494698 ] ], [ [ -65.9595, -17.532475 ], [ -65.95936, -17.532539 ], [ -65.959114, -17.532733 ], [ -65.958973, -17.532853 ], [ -65.958797, -17.532955 ], [ -65.958629, -17.533034 ], [ -65.958427, -17.533135 ], [ -65.958244, -17.533177 ], [ -65.958073, -17.533223 ], [ -65.9576, -17.533519 ], [ -65.957419, -17.533605 ], [ -65.957261, -17.533715 ], [ -65.957152, -17.533769 ], [ -65.957007, -17.533868 ], [ -65.956935, -17.533889 ], [ -65.956838, -17.533943 ], [ -65.956658, -17.533995 ], [ -65.95655, -17.534004 ], [ -65.956339, -17.534078 ], [ -65.951786, -17.535602 ], [ -65.940229, -17.540588 ], [ -65.95177, -17.5356 ], [ -65.956323, -17.534077 ], [ -65.956534, -17.534003 ], [ -65.956642, -17.533994 ], [ -65.956822, -17.533942 ], [ -65.956919, -17.533888 ], [ -65.956991, -17.533867 ], [ -65.957137, -17.533768 ], [ -65.957245, -17.533714 ], [ -65.957403, -17.533604 ], [ -65.957584, -17.533518 ], [ -65.958057, -17.533223 ], [ -65.958229, -17.533176 ], [ -65.958412, -17.533134 ], [ -65.958614, -17.533034 ], [ -65.958781, -17.532954 ], [ -65.958958, -17.532852 ], [ -65.959098, -17.532733 ], [ -65.959345, -17.532539 ], [ -65.959484, -17.532474 ], [ -65.959557, -17.532431 ], [ -65.959572, -17.532431 ], [ -65.9595, -17.532475 ] ], [ [ -65.964818, -17.682842 ], [ -65.964848, -17.682898 ], [ -65.964893, -17.682968 ], [ -65.964939, -17.683094 ], [ -65.965075, -17.683345 ], [ -65.965124, -17.683438 ], [ -65.965246, -17.683717 ], [ -65.965409, -17.684117 ], [ -65.96549, -17.68429 ], [ -65.96583, -17.684893 ], [ -65.966395, -17.685648 ], [ -65.967184, -17.686659 ], [ -65.967665, -17.687413 ], [ -65.96777, -17.687633 ], [ -65.968157, -17.688282 ], [ -65.968746, -17.689049 ], [ -65.969348, -17.689724 ], [ -65.969853, -17.690444 ], [ -65.970463, -17.691452 ], [ -65.970913, -17.692066 ], [ -65.971202, -17.692601 ], [ -65.971484, -17.69303 ], [ -65.971484, -17.693035 ], [ -65.971202, -17.692606 ], [ -65.970913, -17.692071 ], [ -65.970463, -17.691457 ], [ -65.969853, -17.690449 ], [ -65.969348, -17.689729 ], [ -65.968745, -17.689054 ], [ -65.968157, -17.688287 ], [ -65.96777, -17.687638 ], [ -65.967665, -17.687418 ], [ -65.967184, -17.686664 ], [ -65.966395, -17.685653 ], [ -65.96583, -17.684898 ], [ -65.96549, -17.684295 ], [ -65.965409, -17.684121 ], [ -65.965246, -17.683722 ], [ -65.965124, -17.683443 ], [ -65.965075, -17.68335 ], [ -65.964939, -17.683098 ], [ -65.964893, -17.682973 ], [ -65.964848, -17.682903 ], [ -65.964817, -17.682847 ], [ -65.954851, -17.679203 ], [ -65.951195, -17.677828 ], [ -65.951041, -17.677711 ], [ -65.950946, -17.677664 ], [ -65.950946, -17.677659 ], [ -65.951041, -17.677706 ], [ -65.951195, -17.677823 ], [ -65.954851, -17.679198 ], [ -65.964818, -17.682842 ] ], [ [ -65.972875, -17.693969 ], [ -65.973197, -17.694123 ], [ -65.974232, -17.694747 ], [ -65.974314, -17.69484 ], [ -65.974386, -17.694875 ], [ -65.974504, -17.694992 ], [ -65.975033, -17.695747 ], [ -65.975139, -17.69592 ], [ -65.975778, -17.696504 ], [ -65.976016, -17.696645 ], [ -65.976422, -17.696847 ], [ -65.97659, -17.696849 ], [ -65.976697, -17.696873 ], [ -65.976985, -17.696889 ], [ -65.977165, -17.696914 ], [ -65.977272, -17.69695 ], [ -65.977503, -17.696937 ], [ -65.977685, -17.696934 ], [ -65.977997, -17.696796 ], [ -65.978651, -17.69652 ], [ -65.979118, -17.696264 ], [ -65.979589, -17.696098 ], [ -65.979806, -17.695998 ], [ -65.980192, -17.695865 ], [ -65.981169, -17.69558 ], [ -65.981433, -17.695526 ], [ -65.982241, -17.695262 ], [ -65.98299, -17.694985 ], [ -65.984929, -17.694483 ], [ -65.985581, -17.694228 ], [ -65.986064, -17.694016 ], [ -65.986363, -17.693729 ], [ -65.986537, -17.693698 ], [ -65.986769, -17.693582 ], [ -65.98686, -17.693777 ], [ -65.986869, -17.693959 ], [ -65.986878, -17.694177 ], [ -65.986878, -17.694179 ], [ -65.986869, -17.693963 ], [ -65.98686, -17.693782 ], [ -65.986769, -17.693587 ], [ -65.986537, -17.693703 ], [ -65.986362, -17.693733 ], [ -65.986064, -17.694021 ], [ -65.985581, -17.694233 ], [ -65.984929, -17.694488 ], [ -65.982989, -17.694989 ], [ -65.982241, -17.695266 ], [ -65.981433, -17.695531 ], [ -65.981169, -17.695585 ], [ -65.980192, -17.69587 ], [ -65.979806, -17.696002 ], [ -65.979589, -17.696103 ], [ -65.979118, -17.696268 ], [ -65.978651, -17.696525 ], [ -65.977997, -17.696801 ], [ -65.977685, -17.696939 ], [ -65.977503, -17.696942 ], [ -65.977272, -17.696955 ], [ -65.977165, -17.696919 ], [ -65.976985, -17.696894 ], [ -65.976697, -17.696878 ], [ -65.976589, -17.696854 ], [ -65.976421, -17.696851 ], [ -65.976016, -17.69665 ], [ -65.975778, -17.696509 ], [ -65.975139, -17.695925 ], [ -65.975033, -17.695751 ], [ -65.974504, -17.694997 ], [ -65.974386, -17.69488 ], [ -65.974314, -17.694845 ], [ -65.974232, -17.694752 ], [ -65.973196, -17.694128 ], [ -65.972875, -17.693974 ], [ -65.972552, -17.693843 ], [ -65.972183, -17.693642 ], [ -65.971744, -17.693326 ], [ -65.971483, -17.693081 ], [ -65.971483, -17.693076 ], [ -65.971744, -17.693321 ], [ -65.972183, -17.693638 ], [ -65.972553, -17.693838 ], [ -65.972875, -17.693969 ] ], [ [ -65.986878, -17.694182 ], [ -65.986798, -17.694721 ], [ -65.986798, -17.694716 ], [ -65.986878, -17.694179 ], [ -65.986878, -17.694182 ] ], [ [ -65.986593, -17.697258 ], [ -65.986564, -17.697591 ], [ -65.986565, -17.697586 ], [ -65.986593, -17.697254 ], [ -65.986673, -17.696714 ], [ -65.986729, -17.695347 ], [ -65.986794, -17.694958 ], [ -65.986794, -17.694962 ], [ -65.986729, -17.695352 ], [ -65.986673, -17.696719 ], [ -65.986593, -17.697258 ] ], [ [ -65.98656, -17.697931 ], [ -65.98664, -17.699013 ], [ -65.98664, -17.699018 ], [ -65.986559, -17.697936 ], [ -65.98656, -17.697931 ] ], [ [ -65.986136, -17.702309 ], [ -65.98595, -17.702766 ], [ -65.985874, -17.703018 ], [ -65.985774, -17.703281 ], [ -65.985636, -17.703716 ], [ -65.985597, -17.703911 ], [ -65.985276, -17.704403 ], [ -65.985005, -17.704855 ], [ -65.984734, -17.705238 ], [ -65.984535, -17.705563 ], [ -65.984292, -17.705889 ], [ -65.984192, -17.706058 ], [ -65.984048, -17.706201 ], [ -65.983819, -17.706484 ], [ -65.98366, -17.706711 ], [ -65.983479, -17.706801 ], [ -65.983322, -17.706845 ], [ -65.983044, -17.707002 ], [ -65.982911, -17.707057 ], [ -65.982608, -17.707306 ], [ -65.982424, -17.707522 ], [ -65.982264, -17.707807 ], [ -65.982189, -17.708059 ], [ -65.982189, -17.708054 ], [ -65.982264, -17.707802 ], [ -65.982424, -17.707517 ], [ -65.982608, -17.707301 ], [ -65.982911, -17.707052 ], [ -65.983044, -17.706997 ], [ -65.983322, -17.70684 ], [ -65.983479, -17.706796 ], [ -65.98366, -17.706707 ], [ -65.983819, -17.70648 ], [ -65.984048, -17.706196 ], [ -65.984192, -17.706054 ], [ -65.984292, -17.705884 ], [ -65.984535, -17.705558 ], [ -65.984734, -17.705233 ], [ -65.985005, -17.70485 ], [ -65.985276, -17.704398 ], [ -65.985597, -17.703906 ], [ -65.985636, -17.703711 ], [ -65.985774, -17.703276 ], [ -65.985874, -17.703014 ], [ -65.98595, -17.702762 ], [ -65.986136, -17.702305 ], [ -65.986388, -17.700594 ], [ -65.986522, -17.699807 ], [ -65.986636, -17.699254 ], [ -65.986636, -17.699259 ], [ -65.986521, -17.699812 ], [ -65.986388, -17.700598 ], [ -65.986136, -17.702309 ] ], [ [ -65.963547, -17.59703 ], [ -65.963358, -17.597124 ], [ -65.963547, -17.59703 ], [ -65.964504, -17.596488 ], [ -65.963547, -17.59703 ] ], [ [ -65.970052, -17.591793 ], [ -65.970072, -17.591811 ], [ -65.970052, -17.591793 ], [ -65.969984, -17.591769 ], [ -65.970052, -17.591793 ] ], [ [ -65.969413, -17.591341 ], [ -65.969433, -17.591372 ], [ -65.96962, -17.591545 ], [ -65.969668, -17.591589 ], [ -65.96962, -17.591545 ], [ -65.969433, -17.591372 ], [ -65.969413, -17.591341 ] ], [ [ -65.97408, -17.575171 ], [ -65.974422, -17.574811 ], [ -65.974422, -17.574811 ], [ -65.97408, -17.575171 ] ], [ [ -65.982097, -17.561193 ], [ -65.980923, -17.557524 ], [ -65.98094, -17.557513 ], [ -65.982097, -17.561193 ] ], [ [ -65.980923, -17.557524 ], [ -65.980921, -17.557518 ], [ -65.980923, -17.557524 ], [ -65.980923, -17.557524 ] ], [ [ -65.980568, -17.557564 ], [ -65.980583, -17.557559 ], [ -65.98073, -17.557556 ], [ -65.980866, -17.557554 ], [ -65.980858, -17.557559 ], [ -65.980711, -17.557561 ], [ -65.980568, -17.557564 ] ], [ [ -65.979638, -17.557578 ], [ -65.979406, -17.557541 ], [ -65.978313, -17.557598 ], [ -65.978039, -17.557561 ], [ -65.97764, -17.557567 ], [ -65.977135, -17.557595 ], [ -65.976567, -17.557583 ], [ -65.976398, -17.557546 ], [ -65.97623, -17.557548 ], [ -65.97256, -17.55705 ], [ -65.972552, -17.556585 ], [ -65.972589, -17.553911 ], [ -65.97192, -17.553988 ], [ -65.967481, -17.554046 ], [ -65.967481, -17.554044 ], [ -65.97194, -17.553984 ], [ -65.972608, -17.553908 ], [ -65.972572, -17.556582 ], [ -65.972579, -17.557047 ], [ -65.97625, -17.557544 ], [ -65.976418, -17.557541 ], [ -65.976587, -17.557579 ], [ -65.977155, -17.557591 ], [ -65.977659, -17.557563 ], [ -65.978059, -17.557557 ], [ -65.978333, -17.557593 ], [ -65.979426, -17.557536 ], [ -65.979658, -17.557573 ], [ -65.980057, -17.557567 ], [ -65.980392, -17.557621 ], [ -65.980375, -17.557627 ], [ -65.980038, -17.557572 ], [ -65.979638, -17.557578 ] ], [ [ -65.967697, -17.562265 ], [ -65.967576, -17.562247 ], [ -65.967518, -17.5622 ], [ -65.9674, -17.562152 ], [ -65.96734, -17.56215 ], [ -65.967246, -17.562114 ], [ -65.96708, -17.562087 ], [ -65.966298, -17.562067 ], [ -65.966316, -17.562064 ], [ -65.967101, -17.562084 ], [ -65.967267, -17.562111 ], [ -65.967361, -17.562147 ], [ -65.967421, -17.562149 ], [ -65.967539, -17.562197 ], [ -65.967597, -17.562244 ], [ -65.967718, -17.562262 ], [ -65.967839, -17.56226 ], [ -65.967918, -17.562274 ], [ -65.967919, -17.562281 ], [ -65.967818, -17.562263 ], [ -65.967697, -17.562265 ] ], [ [ -65.961997, -17.563672 ], [ -65.961726, -17.563574 ], [ -65.961168, -17.563571 ], [ -65.961177, -17.563569 ], [ -65.961748, -17.563571 ], [ -65.962019, -17.56367 ], [ -65.962859, -17.563885 ], [ -65.963116, -17.563934 ], [ -65.963109, -17.563939 ], [ -65.962837, -17.563887 ], [ -65.961997, -17.563672 ] ], [ [ -65.958597, -17.563937 ], [ -65.958021, -17.563927 ], [ -65.957586, -17.563914 ], [ -65.957394, -17.563887 ], [ -65.957232, -17.563871 ], [ -65.95707, -17.563805 ], [ -65.957067, -17.56365 ], [ -65.957064, -17.563486 ], [ -65.957061, -17.563302 ], [ -65.957062, -17.563068 ], [ -65.95696, -17.562837 ], [ -65.956774, -17.562193 ], [ -65.956762, -17.562193 ], [ -65.956719, -17.561975 ], [ -65.956684, -17.561951 ], [ -65.956686, -17.561883 ], [ -65.956652, -17.561813 ], [ -65.956599, -17.561515 ], [ -65.956481, -17.56101 ], [ -65.956502, -17.560108 ], [ -65.956514, -17.560109 ], [ -65.956556, -17.559836 ], [ -65.956566, -17.559413 ], [ -65.956546, -17.559287 ], [ -65.956548, -17.559196 ], [ -65.956387, -17.558438 ], [ -65.956253, -17.558092 ], [ -65.956254, -17.558047 ], [ -65.956118, -17.557758 ], [ -65.956052, -17.557528 ], [ -65.955996, -17.557412 ], [ -65.955921, -17.557056 ], [ -65.955891, -17.556804 ], [ -65.955926, -17.55435 ], [ -65.95551, -17.553815 ], [ -65.955347, -17.553674 ], [ -65.955148, -17.553543 ], [ -65.955067, -17.553472 ], [ -65.954914, -17.553377 ], [ -65.954761, -17.553305 ], [ -65.954585, -17.553198 ], [ -65.954362, -17.553089 ], [ -65.95389, -17.552906 ], [ -65.953397, -17.552894 ], [ -65.953399, -17.552893 ], [ -65.95391, -17.552906 ], [ -65.954382, -17.553089 ], [ -65.954605, -17.553198 ], [ -65.954781, -17.553305 ], [ -65.954934, -17.553377 ], [ -65.955087, -17.553472 ], [ -65.955168, -17.553543 ], [ -65.955367, -17.553673 ], [ -65.955531, -17.553814 ], [ -65.955946, -17.55435 ], [ -65.955912, -17.556804 ], [ -65.955942, -17.557056 ], [ -65.956016, -17.557411 ], [ -65.956073, -17.557527 ], [ -65.956139, -17.557757 ], [ -65.956275, -17.558046 ], [ -65.956274, -17.558092 ], [ -65.956408, -17.558437 ], [ -65.956569, -17.559195 ], [ -65.956567, -17.559286 ], [ -65.956588, -17.559412 ], [ -65.956578, -17.559835 ], [ -65.956535, -17.560107 ], [ -65.956524, -17.560107 ], [ -65.956502, -17.561009 ], [ -65.956621, -17.561514 ], [ -65.956673, -17.561812 ], [ -65.956707, -17.561881 ], [ -65.956706, -17.56195 ], [ -65.956741, -17.561974 ], [ -65.956783, -17.562192 ], [ -65.956795, -17.562192 ], [ -65.956982, -17.562836 ], [ -65.957084, -17.563067 ], [ -65.957083, -17.5633 ], [ -65.957086, -17.563484 ], [ -65.957089, -17.563649 ], [ -65.957092, -17.563804 ], [ -65.957254, -17.563869 ], [ -65.957416, -17.563886 ], [ -65.957608, -17.563912 ], [ -65.958043, -17.563925 ], [ -65.958619, -17.563936 ], [ -65.95938, -17.564072 ], [ -65.959648, -17.564057 ], [ -65.959644, -17.564058 ], [ -65.959358, -17.564074 ], [ -65.958597, -17.563937 ] ], [ [ -65.951099, -17.553213 ], [ -65.950994, -17.553119 ], [ -65.950879, -17.552967 ], [ -65.950728, -17.552804 ], [ -65.950636, -17.552653 ], [ -65.950604, -17.552527 ], [ -65.950599, -17.55223 ], [ -65.950688, -17.552004 ], [ -65.950799, -17.551824 ], [ -65.951017, -17.551658 ], [ -65.951113, -17.551637 ], [ -65.951185, -17.551605 ], [ -65.951436, -17.551543 ], [ -65.952285, -17.551557 ], [ -65.951456, -17.551543 ], [ -65.951205, -17.551606 ], [ -65.951133, -17.551638 ], [ -65.951037, -17.551658 ], [ -65.950819, -17.551824 ], [ -65.950708, -17.552004 ], [ -65.950619, -17.55223 ], [ -65.950624, -17.552527 ], [ -65.950657, -17.552654 ], [ -65.950748, -17.552804 ], [ -65.950899, -17.552968 ], [ -65.951015, -17.553119 ], [ -65.951119, -17.553213 ], [ -65.951331, -17.553321 ], [ -65.951641, -17.55334 ], [ -65.951631, -17.55334 ], [ -65.95131, -17.553321 ], [ -65.951099, -17.553213 ] ], [ [ -65.954362, -17.551114 ], [ -65.954451, -17.551028 ], [ -65.954508, -17.550853 ], [ -65.954557, -17.550757 ], [ -65.954515, -17.550639 ], [ -65.954503, -17.550504 ], [ -65.95442, -17.55036 ], [ -65.954286, -17.550187 ], [ -65.95323, -17.549179 ], [ -65.953033, -17.548945 ], [ -65.952987, -17.54891 ], [ -65.952929, -17.548817 ], [ -65.952663, -17.548525 ], [ -65.952476, -17.548372 ], [ -65.952141, -17.548009 ], [ -65.951896, -17.547819 ], [ -65.951692, -17.547686 ], [ -65.951568, -17.547552 ], [ -65.951465, -17.547418 ], [ -65.951343, -17.547342 ], [ -65.95128, -17.547188 ], [ -65.951155, -17.546996 ], [ -65.953076, -17.543485 ], [ -65.951174, -17.546997 ], [ -65.951299, -17.547189 ], [ -65.951362, -17.547343 ], [ -65.951484, -17.547419 ], [ -65.951587, -17.547553 ], [ -65.951711, -17.547687 ], [ -65.951915, -17.547819 ], [ -65.95216, -17.548009 ], [ -65.952495, -17.548372 ], [ -65.952682, -17.548525 ], [ -65.952949, -17.548818 ], [ -65.953006, -17.54891 ], [ -65.953053, -17.548946 ], [ -65.953249, -17.549179 ], [ -65.954305, -17.550188 ], [ -65.954439, -17.55036 ], [ -65.954522, -17.550504 ], [ -65.954535, -17.550639 ], [ -65.954576, -17.550757 ], [ -65.954528, -17.550853 ], [ -65.95447, -17.551028 ], [ -65.954381, -17.551114 ], [ -65.95408, -17.551278 ], [ -65.95378, -17.551384 ], [ -65.952872, -17.551567 ], [ -65.952852, -17.551567 ], [ -65.95376, -17.551384 ], [ -65.95406, -17.551278 ], [ -65.954362, -17.551114 ] ], [ [ -66.046543, -17.507394 ], [ -66.046528, -17.508306 ], [ -66.046401, -17.508687 ], [ -66.046528, -17.508306 ], [ -66.046543, -17.507394 ] ], [ [ -66.046428, -17.510588 ], [ -66.04628, -17.510436 ], [ -66.04628, -17.510436 ], [ -66.046428, -17.510588 ] ], [ [ -66.046952, -17.520889 ], [ -66.046517, -17.520769 ], [ -66.046517, -17.520769 ], [ -66.046952, -17.520889 ] ], [ [ -66.049429, -17.521574 ], [ -66.049429, -17.521574 ], [ -66.050012, -17.520153 ], [ -66.050578, -17.520285 ], [ -66.050012, -17.520153 ], [ -66.049429, -17.521574 ] ], [ [ -66.072216, -17.524241 ], [ -66.077681, -17.524192 ], [ -66.077681, -17.524192 ], [ -66.072216, -17.524241 ], [ -66.066268, -17.523033 ], [ -66.057487, -17.516353 ], [ -66.051712, -17.518788 ], [ -66.050923, -17.520366 ], [ -66.050923, -17.520366 ], [ -66.051712, -17.518788 ], [ -66.057487, -17.516353 ], [ -66.066268, -17.523033 ], [ -66.072216, -17.524241 ] ], [ [ -66.084997, -17.529452 ], [ -66.084977, -17.529166 ], [ -66.084881, -17.528297 ], [ -66.079925, -17.527939 ], [ -66.078972, -17.526348 ], [ -66.079925, -17.527939 ], [ -66.084881, -17.528297 ], [ -66.084977, -17.529166 ], [ -66.084997, -17.529452 ] ], [ [ -66.080837, -17.536623 ], [ -66.080837, -17.536623 ], [ -66.080805, -17.536545 ], [ -66.080837, -17.536623 ] ], [ [ -66.079258, -17.538409 ], [ -66.079239, -17.538441 ], [ -66.07923, -17.538449 ], [ -66.079239, -17.538441 ], [ -66.079258, -17.538409 ] ], [ [ -66.07922, -17.538877 ], [ -66.079067, -17.538829 ], [ -66.079067, -17.538829 ], [ -66.07922, -17.538877 ] ], [ [ -66.078486, -17.539611 ], [ -66.078486, -17.539611 ], [ -66.078285, -17.539546 ], [ -66.078285, -17.539546 ], [ -66.078486, -17.539611 ] ], [ [ -66.075421, -17.5425 ], [ -66.075447, -17.542261 ], [ -66.075447, -17.542261 ], [ -66.075421, -17.5425 ] ], [ [ -66.074478, -17.543369 ], [ -66.074445, -17.54341 ], [ -66.074478, -17.543369 ], [ -66.074478, -17.543369 ] ], [ [ -66.073364, -17.544207 ], [ -66.073442, -17.544112 ], [ -66.073364, -17.544207 ], [ -66.073391, -17.544361 ], [ -66.073391, -17.544361 ], [ -66.073364, -17.544207 ] ], [ [ -66.073189, -17.544209 ], [ -66.073189, -17.544209 ], [ -66.073295, -17.544289 ], [ -66.073189, -17.544209 ] ], [ [ -66.072844, -17.544097 ], [ -66.072844, -17.544097 ], [ -66.073161, -17.5442 ], [ -66.072844, -17.544097 ] ], [ [ -66.070471, -17.545026 ], [ -66.070892, -17.544729 ], [ -66.071225, -17.544501 ], [ -66.070471, -17.545026 ] ], [ [ -66.070106, -17.545451 ], [ -66.070106, -17.545451 ], [ -66.069681, -17.545159 ], [ -66.069681, -17.545159 ], [ -66.070106, -17.545451 ] ], [ [ -66.066695, -17.545488 ], [ -66.066695, -17.545488 ], [ -66.066737, -17.545477 ], [ -66.066695, -17.545488 ] ], [ [ -66.064495, -17.545953 ], [ -66.064303, -17.546057 ], [ -66.063969, -17.546293 ], [ -66.064303, -17.546057 ], [ -66.064495, -17.545953 ] ], [ [ -66.056856, -17.550467 ], [ -66.056813, -17.550471 ], [ -66.05666, -17.550517 ], [ -66.056813, -17.550471 ], [ -66.056856, -17.550467 ] ], [ [ -66.05395, -17.550773 ], [ -66.053872, -17.550808 ], [ -66.05368, -17.550963 ], [ -66.053872, -17.550808 ], [ -66.05395, -17.550773 ] ], [ [ -66.052128, -17.551266 ], [ -66.052128, -17.551266 ], [ -66.051959, -17.551362 ], [ -66.052128, -17.551266 ], [ -66.052128, -17.551266 ] ], [ [ -66.049765, -17.550083 ], [ -66.049782, -17.550085 ], [ -66.049993, -17.550237 ], [ -66.050105, -17.550508 ], [ -66.050213, -17.550641 ], [ -66.050105, -17.550508 ], [ -66.049993, -17.550237 ], [ -66.049782, -17.550085 ], [ -66.049765, -17.550083 ] ], [ [ -66.049338, -17.549884 ], [ -66.049338, -17.549884 ], [ -66.049468, -17.549981 ], [ -66.049338, -17.549884 ] ], [ [ -66.047409, -17.549417 ], [ -66.048684, -17.549671 ], [ -66.048898, -17.550021 ], [ -66.048898, -17.550021 ], [ -66.048684, -17.549671 ], [ -66.047923, -17.549519 ], [ -66.047409, -17.549417 ] ], [ [ -66.047359, -17.549407 ], [ -66.047359, -17.549407 ], [ -66.046917, -17.54908 ], [ -66.046917, -17.54908 ], [ -66.047359, -17.549407 ] ], [ [ -66.045469, -17.548871 ], [ -66.045469, -17.548871 ], [ -66.045544, -17.548891 ], [ -66.045469, -17.548871 ] ], [ [ -66.044689, -17.54891 ], [ -66.044444, -17.548789 ], [ -66.044592, -17.548437 ], [ -66.044444, -17.548789 ], [ -66.044689, -17.54891 ] ], [ [ -66.04387, -17.547431 ], [ -66.043876, -17.547636 ], [ -66.04452, -17.548039 ], [ -66.044615, -17.548195 ], [ -66.04452, -17.548039 ], [ -66.043876, -17.547636 ], [ -66.04387, -17.547431 ], [ -66.04387, -17.547431 ] ], [ [ -66.041546, -17.545832 ], [ -66.040815, -17.54548 ], [ -66.04024, -17.544935 ], [ -66.039947, -17.544482 ], [ -66.039407, -17.54333 ], [ -66.039347, -17.543259 ], [ -66.039407, -17.54333 ], [ -66.039775, -17.544085 ], [ -66.039947, -17.544482 ], [ -66.04024, -17.544935 ], [ -66.040815, -17.54548 ], [ -66.041546, -17.545832 ], [ -66.042089, -17.546179 ], [ -66.042419, -17.546579 ], [ -66.043218, -17.547092 ], [ -66.043673, -17.547329 ], [ -66.043218, -17.547092 ], [ -66.042419, -17.546579 ], [ -66.042089, -17.546179 ], [ -66.041546, -17.545832 ] ], [ [ -66.038584, -17.542719 ], [ -66.038584, -17.542719 ], [ -66.038658, -17.542754 ], [ -66.038584, -17.542719 ] ], [ [ -66.038192, -17.542813 ], [ -66.038192, -17.542813 ], [ -66.038227, -17.542805 ], [ -66.038192, -17.542813 ] ], [ [ -66.034259, -17.544192 ], [ -66.034117, -17.544519 ], [ -66.033996, -17.54455 ], [ -66.034117, -17.544519 ], [ -66.034259, -17.544192 ] ], [ [ -66.032522, -17.54522 ], [ -66.032157, -17.545348 ], [ -66.032778, -17.54513 ], [ -66.032522, -17.54522 ] ], [ [ -66.022543, -17.548106 ], [ -66.022461, -17.548072 ], [ -66.022543, -17.548106 ], [ -66.022543, -17.548106 ] ], [ [ -66.02024, -17.546824 ], [ -66.02024, -17.546824 ], [ -66.02031, -17.546872 ], [ -66.02024, -17.546824 ] ], [ [ -66.010321, -17.548859 ], [ -66.010101, -17.548758 ], [ -66.009714, -17.548778 ], [ -66.010101, -17.548758 ], [ -66.010321, -17.548859 ] ], [ [ -66.006689, -17.549375 ], [ -66.007926, -17.548878 ], [ -66.005979, -17.549677 ], [ -66.004733, -17.550336 ], [ -66.005404, -17.549922 ], [ -66.006689, -17.549375 ] ], [ [ -66.004287, -17.550535 ], [ -66.003845, -17.550732 ], [ -66.002447, -17.551483 ], [ -66.003416, -17.550923 ], [ -66.004287, -17.550535 ] ], [ [ -66.000984, -17.552527 ], [ -66.001654, -17.552017 ], [ -66.002447, -17.551483 ], [ -66.000984, -17.552527 ] ], [ [ -65.998488, -17.555277 ], [ -65.998488, -17.555277 ], [ -65.998489, -17.555159 ], [ -65.998488, -17.555277 ] ], [ [ -65.997491, -17.556139 ], [ -65.997027, -17.556396 ], [ -65.996923, -17.556637 ], [ -65.997027, -17.556396 ], [ -65.997491, -17.556139 ] ], [ [ -65.844645, -17.710157 ], [ -65.860783, -17.709325 ], [ -65.876305, -17.708523 ], [ -65.860783, -17.709325 ], [ -65.844645, -17.710157 ] ], [ [ -65.779531, -17.725298 ], [ -65.779692, -17.726175 ], [ -65.782148, -17.739534 ], [ -65.779694, -17.726185 ], [ -65.779531, -17.725298 ] ], [ [ -65.866918, -17.597483 ], [ -65.82712, -17.595054 ], [ -65.820373, -17.594642 ], [ -65.866918, -17.597483 ] ], [ [ -65.89738, -17.557383 ], [ -65.897389, -17.557291 ], [ -65.8974, -17.557268 ], [ -65.897422, -17.557187 ], [ -65.897444, -17.557129 ], [ -65.89749, -17.55707 ], [ -65.897514, -17.557058 ], [ -65.89756, -17.557011 ], [ -65.897659, -17.55695 ], [ -65.897632, -17.556969 ], [ -65.897551, -17.557632 ], [ -65.897494, -17.557598 ], [ -65.89742, -17.55752 ], [ -65.897381, -17.557418 ], [ -65.89738, -17.557383 ] ] ] ] } }
]
}
