{
"type": "FeatureCollection",
"name": "AIQUILE",
"crs": { "type": "name", "properties": { "name": "urn:ogc:def:crs:OGC:1.3:CRS84" } },
"bbox": [ -65.362221, -18.681702, -64.809130, -17.962442 ],                                                                        
"features": [
{ "type": "Feature", "properties": { "NOMBRE": "Aiquile", "NIVEL": "Municipios", "PROVINCIA": "Campero", "REGION": "Cono Sur", "DEPARTAMENTO": "Cochabamba" }, "bbox": [ -65.362221, -18.681702, -64.80913, -17.962442 ], "geometry": { "type": "MultiPolygon", "coordinates": [ [ [ [ -65.151407, -17.970693 ], [ -65.151443, -17.970717 ], [ -65.151443, -17.970717 ], [ -65.151443, -17.970752 ], [ -65.151467, -17.970775 ], [ -65.151466, -17.97081 ], [ -65.151478, -17.97081 ], [ -65.151478, -17.97081 ], [ -65.151478, -17.97081 ], [ -65.151478, -17.970821 ], [ -65.15149, -17.970833 ], [ -65.151514, -17.970833 ], [ -65.151514, -17.970833 ], [ -65.151514, -17.970833 ], [ -65.151538, -17.970903 ], [ -65.151549, -17.971007 ], [ -65.151584, -17.971111 ], [ -65.151607, -17.971216 ], [ -65.15163, -17.971274 ], [ -65.151665, -17.971401 ], [ -65.15171, -17.971748 ], [ -65.151707, -17.972003 ], [ -65.151645, -17.97221 ], [ -65.151584, -17.972313 ], [ -65.151523, -17.97244 ], [ -65.15151, -17.972497 ], [ -65.15145, -17.972566 ], [ -65.151449, -17.972589 ], [ -65.151389, -17.972658 ], [ -65.151304, -17.972772 ], [ -65.151255, -17.972806 ], [ -65.151182, -17.972886 ], [ -65.151061, -17.972989 ], [ -65.150795, -17.973251 ], [ -65.150637, -17.973365 ], [ -65.150155, -17.973614 ], [ -65.149998, -17.973681 ], [ -65.149672, -17.973804 ], [ -65.149335, -17.973916 ], [ -65.149118, -17.973971 ], [ -65.148829, -17.974095 ], [ -65.148588, -17.974161 ], [ -65.148444, -17.974183 ], [ -65.148275, -17.974238 ], [ -65.148082, -17.97434 ], [ -65.147961, -17.974443 ], [ -65.147743, -17.974648 ], [ -65.147548, -17.9749 ], [ -65.147451, -17.975072 ], [ -65.14739, -17.975141 ], [ -65.147329, -17.975267 ], [ -65.147268, -17.975347 ], [ -65.147182, -17.975508 ], [ -65.147122, -17.975588 ], [ -65.14706, -17.975715 ], [ -65.146658, -17.976345 ], [ -65.146601, -17.976418 ], [ -65.146403, -17.976666 ], [ -65.146087, -17.977032 ], [ -65.145954, -17.977157 ], [ -65.145832, -17.977295 ], [ -65.145723, -17.977444 ], [ -65.14559, -17.977569 ], [ -65.14548, -17.977695 ], [ -65.145347, -17.977832 ], [ -65.14508, -17.978071 ], [ -65.14491, -17.978254 ], [ -65.144571, -17.978551 ], [ -65.144353, -17.978768 ], [ -65.144208, -17.978881 ], [ -65.144111, -17.978938 ], [ -65.144051, -17.978949 ], [ -65.143859, -17.978947 ], [ -65.143787, -17.978934 ], [ -65.143643, -17.978886 ], [ -65.143572, -17.978851 ], [ -65.143572, -17.978851 ], [ -65.143572, -17.978851 ], [ -65.143441, -17.978745 ], [ -65.143441, -17.978745 ], [ -65.143298, -17.978605 ], [ -65.143203, -17.978523 ], [ -65.143119, -17.978429 ], [ -65.142928, -17.978312 ], [ -65.142928, -17.978312 ], [ -65.142917, -17.978277 ], [ -65.142881, -17.978276 ], [ -65.142881, -17.978276 ], [ -65.142881, -17.978276 ], [ -65.142809, -17.978206 ], [ -65.14269, -17.978159 ], [ -65.14269, -17.978159 ], [ -65.14269, -17.978158 ], [ -65.142594, -17.978077 ], [ -65.14257, -17.978076 ], [ -65.142499, -17.978052 ], [ -65.142427, -17.978017 ], [ -65.142187, -17.978014 ], [ -65.14215, -17.978048 ], [ -65.142066, -17.978082 ], [ -65.14197, -17.978081 ], [ -65.14162, -17.978215 ], [ -65.1415, -17.978248 ], [ -65.141162, -17.978395 ], [ -65.14103, -17.978462 ], [ -65.140487, -17.978687 ], [ -65.140258, -17.978811 ], [ -65.140077, -17.978879 ], [ -65.139847, -17.979003 ], [ -65.139727, -17.979059 ], [ -65.139485, -17.979195 ], [ -65.139316, -17.979274 ], [ -65.138991, -17.979386 ], [ -65.138871, -17.979442 ], [ -65.138702, -17.979498 ], [ -65.138533, -17.979588 ], [ -65.138389, -17.979563 ], [ -65.138244, -17.979654 ], [ -65.137991, -17.979697 ], [ -65.137786, -17.979799 ], [ -65.137581, -17.979889 ], [ -65.137389, -17.979933 ], [ -65.137196, -17.979988 ], [ -65.136967, -17.980066 ], [ -65.136617, -17.980247 ], [ -65.136436, -17.980326 ], [ -65.136183, -17.980473 ], [ -65.136014, -17.980529 ], [ -65.135809, -17.98063 ], [ -65.1357, -17.980675 ], [ -65.135555, -17.980754 ], [ -65.135483, -17.980811 ], [ -65.135313, -17.980983 ], [ -65.135289, -17.980982 ], [ -65.135289, -17.981005 ], [ -65.135167, -17.981212 ], [ -65.134969, -17.981787 ], [ -65.13492, -17.981902 ], [ -65.134845, -17.982213 ], [ -65.134794, -17.982467 ], [ -65.134744, -17.982663 ], [ -65.134743, -17.982813 ], [ -65.134655, -17.983205 ], [ -65.134553, -17.983816 ], [ -65.13445, -17.984531 ], [ -65.134412, -17.984727 ], [ -65.13441, -17.984924 ], [ -65.134298, -17.985396 ], [ -65.134261, -17.985511 ], [ -65.134199, -17.985638 ], [ -65.134125, -17.985856 ], [ -65.134076, -17.985948 ], [ -65.134039, -17.986098 ], [ -65.133965, -17.98627 ], [ -65.133891, -17.986478 ], [ -65.133829, -17.986685 ], [ -65.133791, -17.986846 ], [ -65.13374, -17.987146 ], [ -65.133739, -17.987308 ], [ -65.1337, -17.987561 ], [ -65.133696, -17.988024 ], [ -65.13367, -17.988208 ], [ -65.133668, -17.988382 ], [ -65.133643, -17.988508 ], [ -65.133642, -17.988635 ], [ -65.133629, -17.988716 ], [ -65.133542, -17.989016 ], [ -65.133492, -17.989246 ], [ -65.133492, -17.989281 ], [ -65.13348, -17.989281 ], [ -65.13344, -17.989615 ], [ -65.133438, -17.989893 ], [ -65.133449, -17.989939 ], [ -65.133447, -17.990216 ], [ -65.133526, -17.990691 ], [ -65.133537, -17.990818 ], [ -65.13356, -17.990899 ], [ -65.133571, -17.991027 ], [ -65.133594, -17.991165 ], [ -65.133617, -17.991235 ], [ -65.133615, -17.991385 ], [ -65.133603, -17.991431 ], [ -65.1336, -17.991766 ], [ -65.133574, -17.991963 ], [ -65.133572, -17.992147 ], [ -65.133533, -17.992517 ], [ -65.133507, -17.99269 ], [ -65.133295, -17.99345 ], [ -65.133172, -17.993772 ], [ -65.133135, -17.99391 ], [ -65.132926, -17.994347 ], [ -65.132633, -17.99484 ], [ -65.13256, -17.994932 ], [ -65.132536, -17.995012 ], [ -65.13239, -17.995207 ], [ -65.132328, -17.995345 ], [ -65.132255, -17.995425 ], [ -65.132207, -17.995505 ], [ -65.132194, -17.995551 ], [ -65.13217, -17.995597 ], [ -65.132121, -17.995643 ], [ -65.132084, -17.995723 ], [ -65.131914, -17.995952 ], [ -65.131914, -17.995964 ], [ -65.131853, -17.996021 ], [ -65.131695, -17.996204 ], [ -65.131417, -17.996455 ], [ -65.13138, -17.996501 ], [ -65.13132, -17.996546 ], [ -65.131308, -17.996569 ], [ -65.130981, -17.996843 ], [ -65.13092, -17.996911 ], [ -65.130884, -17.996934 ], [ -65.130726, -17.997105 ], [ -65.130337, -17.997586 ], [ -65.129997, -17.997975 ], [ -65.129791, -17.99818 ], [ -65.129561, -17.998386 ], [ -65.129318, -17.998648 ], [ -65.128748, -17.999219 ], [ -65.128542, -17.999344 ], [ -65.128325, -17.999503 ], [ -65.12824, -17.999537 ], [ -65.128192, -17.999571 ], [ -65.128108, -17.999605 ], [ -65.127951, -17.999637 ], [ -65.127794, -17.999682 ], [ -65.127277, -17.999768 ], [ -65.126965, -17.999764 ], [ -65.126737, -17.999773 ], [ -65.125704, -17.999761 ], [ -65.125476, -17.999747 ], [ -65.124755, -17.999738 ], [ -65.124431, -17.999722 ], [ -65.124119, -17.999719 ], [ -65.124023, -17.999729 ], [ -65.123951, -17.999728 ], [ -65.123951, -17.99974 ], [ -65.123818, -17.999738 ], [ -65.123566, -17.999781 ], [ -65.123445, -17.999815 ], [ -65.123361, -17.999825 ], [ -65.123, -17.999902 ], [ -65.12276, -17.999922 ], [ -65.122579, -17.999955 ], [ -65.122159, -17.999984 ], [ -65.121954, -17.999982 ], [ -65.121533, -18.000046 ], [ -65.121413, -18.000045 ], [ -65.121293, -18.000078 ], [ -65.120885, -18.000073 ], [ -65.120729, -18.000059 ], [ -65.120548, -18.000057 ], [ -65.12038, -18.000044 ], [ -65.120201, -18.000018 ], [ -65.120009, -17.999981 ], [ -65.119624, -17.999977 ], [ -65.11936, -17.999997 ], [ -65.118916, -17.999991 ], [ -65.118783, -18.000013 ], [ -65.118663, -18.000012 ], [ -65.118447, -18.000044 ], [ -65.11835, -18.000066 ], [ -65.118278, -18.000099 ], [ -65.11823, -18.000099 ], [ -65.118158, -18.000121 ], [ -65.118122, -18.000144 ], [ -65.118061, -18.000143 ], [ -65.118061, -18.000155 ], [ -65.118037, -18.000154 ], [ -65.117929, -18.000188 ], [ -65.1177, -18.000231 ], [ -65.117471, -18.000298 ], [ -65.11723, -18.000399 ], [ -65.116687, -18.000658 ], [ -65.116566, -18.000726 ], [ -65.116422, -18.000794 ], [ -65.116192, -18.000918 ], [ -65.116084, -18.000951 ], [ -65.115951, -18.001031 ], [ -65.115879, -18.001053 ], [ -65.115794, -18.001121 ], [ -65.115709, -18.001166 ], [ -65.115637, -18.001235 ], [ -65.115479, -18.001348 ], [ -65.115298, -18.001508 ], [ -65.115201, -18.001576 ], [ -65.115177, -18.001622 ], [ -65.114946, -18.001816 ], [ -65.11485, -18.001838 ], [ -65.114526, -18.001834 ], [ -65.114478, -18.001845 ], [ -65.114286, -18.001843 ], [ -65.114129, -18.001875 ], [ -65.114093, -18.00191 ], [ -65.114057, -18.001909 ], [ -65.1139, -18.002011 ], [ -65.113875, -18.002057 ], [ -65.11379, -18.002137 ], [ -65.113753, -18.002217 ], [ -65.113705, -18.002286 ], [ -65.113691, -18.002413 ], [ -65.113688, -18.00276 ], [ -65.113711, -18.002876 ], [ -65.113711, -18.002922 ], [ -65.113769, -18.003061 ], [ -65.113769, -18.003119 ], [ -65.113792, -18.003154 ], [ -65.113792, -18.003189 ], [ -65.113886, -18.003386 ], [ -65.113957, -18.003491 ], [ -65.113969, -18.00356 ], [ -65.114016, -18.003607 ], [ -65.114111, -18.003736 ], [ -65.114111, -18.003747 ], [ -65.114569, -18.004137 ], [ -65.114569, -18.004137 ], [ -65.114908, -18.004419 ], [ -65.115125, -18.0047 ], [ -65.115416, -18.005539 ], [ -65.115515, -18.006115 ], [ -65.115516, -18.006345 ], [ -65.11554, -18.006517 ], [ -65.115494, -18.006932 ], [ -65.115399, -18.007265 ], [ -65.11534, -18.007415 ], [ -65.115137, -18.007738 ], [ -65.114982, -18.007922 ], [ -65.114815, -18.00806 ], [ -65.114623, -18.008187 ], [ -65.11442, -18.008279 ], [ -65.114347, -18.008296 ], [ -65.114024, -18.008372 ], [ -65.113664, -18.00843 ], [ -65.113496, -18.00843 ], [ -65.113281, -18.008453 ], [ -65.112993, -18.008453 ], [ -65.111757, -18.008351 ], [ -65.111181, -18.008363 ], [ -65.111049, -18.008387 ], [ -65.110749, -18.008502 ], [ -65.110079, -18.008836 ], [ -65.109636, -18.009113 ], [ -65.1096, -18.009113 ], [ -65.109013, -18.009344 ], [ -65.108821, -18.00939 ], [ -65.108665, -18.00939 ], [ -65.108534, -18.009425 ], [ -65.108438, -18.009425 ], [ -65.107766, -18.009575 ], [ -65.107622, -18.009576 ], [ -65.107479, -18.00961 ], [ -65.106591, -18.009611 ], [ -65.106183, -18.009577 ], [ -65.105451, -18.009566 ], [ -65.105127, -18.009509 ], [ -65.104995, -18.009509 ], [ -65.104743, -18.009464 ], [ -65.104611, -18.009464 ], [ -65.104527, -18.009441 ], [ -65.104431, -18.009441 ], [ -65.104311, -18.009418 ], [ -65.103951, -18.009418 ], [ -65.103771, -18.009384 ], [ -65.103615, -18.009384 ], [ -65.103615, -18.009384 ], [ -65.103614, -18.009384 ], [ -65.103603, -18.009373 ], [ -65.103471, -18.009373 ], [ -65.103339, -18.009408 ], [ -65.103243, -18.009408 ], [ -65.103183, -18.009431 ], [ -65.102415, -18.009524 ], [ -65.10238, -18.009547 ], [ -65.10214, -18.009593 ], [ -65.101085, -18.009893 ], [ -65.10039, -18.010113 ], [ -65.100186, -18.010159 ], [ -65.099995, -18.010228 ], [ -65.099623, -18.010309 ], [ -65.098185, -18.010817 ], [ -65.098066, -18.01084 ], [ -65.097934, -18.010898 ], [ -65.097778, -18.010909 ], [ -65.097382, -18.011013 ], [ -65.097227, -18.011037 ], [ -65.096519, -18.011037 ], [ -65.095991, -18.010969 ], [ -65.09599, -18.010969 ], [ -65.095858, -18.0109 ], [ -65.095654, -18.010831 ], [ -65.094897, -18.010475 ], [ -65.094609, -18.010406 ], [ -65.094032, -18.010223 ], [ -65.093564, -18.010097 ], [ -65.093203, -18.010028 ], [ -65.092687, -18.010029 ], [ -65.091848, -18.010168 ], [ -65.091381, -18.010283 ], [ -65.091165, -18.010387 ], [ -65.090794, -18.010525 ], [ -65.090542, -18.010664 ], [ -65.090471, -18.010744 ], [ -65.08998, -18.01109 ], [ -65.089598, -18.01147 ], [ -65.089443, -18.011654 ], [ -65.088964, -18.012081 ], [ -65.088128, -18.012956 ], [ -65.087937, -18.013186 ], [ -65.08771, -18.013394 ], [ -65.087244, -18.013924 ], [ -65.086874, -18.014534 ], [ -65.086696, -18.014914 ], [ -65.085981, -18.016238 ], [ -65.085778, -18.016572 ], [ -65.08554, -18.017009 ], [ -65.085266, -18.017573 ], [ -65.085207, -18.017723 ], [ -65.085135, -18.017827 ], [ -65.085076, -18.017988 ], [ -65.084981, -18.01816 ], [ -65.084862, -18.018529 ], [ -65.084803, -18.018782 ], [ -65.08478, -18.019024 ], [ -65.084733, -18.019231 ], [ -65.084733, -18.019346 ], [ -65.084698, -18.019461 ], [ -65.084651, -18.019806 ], [ -65.084521, -18.020244 ], [ -65.084462, -18.02052 ], [ -65.084189, -18.021303 ], [ -65.083845, -18.022177 ], [ -65.083809, -18.02235 ], [ -65.083738, -18.022557 ], [ -65.083679, -18.022868 ], [ -65.083668, -18.02311 ], [ -65.083551, -18.023823 ], [ -65.083504, -18.023984 ], [ -65.08348, -18.024146 ], [ -65.083397, -18.024399 ], [ -65.083314, -18.024583 ], [ -65.083219, -18.024744 ], [ -65.083004, -18.024998 ], [ -65.08298, -18.024998 ], [ -65.082896, -18.025067 ], [ -65.082249, -18.025378 ], [ -65.082178, -18.025436 ], [ -65.08183, -18.025597 ], [ -65.081147, -18.025816 ], [ -65.080536, -18.025943 ], [ -65.079696, -18.025956 ], [ -65.079276, -18.025933 ], [ -65.078135, -18.025704 ], [ -65.077787, -18.025704 ], [ -65.077571, -18.025751 ], [ -65.077224, -18.025889 ], [ -65.07702, -18.025993 ], [ -65.076745, -18.0262 ], [ -65.075082, -18.027295 ], [ -65.074399, -18.027779 ], [ -65.074268, -18.027906 ], [ -65.074244, -18.027906 ], [ -65.073921, -18.028228 ], [ -65.073802, -18.028378 ], [ -65.073492, -18.028954 ], [ -65.073338, -18.029333 ], [ -65.073207, -18.029805 ], [ -65.073065, -18.030162 ], [ -65.072874, -18.030508 ], [ -65.072635, -18.030818 ], [ -65.072384, -18.031037 ], [ -65.072253, -18.03113 ], [ -65.071953, -18.031222 ], [ -65.071761, -18.031245 ], [ -65.071401, -18.031245 ], [ -65.071197, -18.03128 ], [ -65.070981, -18.03128 ], [ -65.070789, -18.031327 ], [ -65.070669, -18.031327 ], [ -65.070406, -18.031488 ], [ -65.070263, -18.031626 ], [ -65.070179, -18.031776 ], [ -65.070209, -18.033306 ], [ -65.070067, -18.033836 ], [ -65.069972, -18.034043 ], [ -65.069817, -18.034239 ], [ -65.069625, -18.034308 ], [ -65.069457, -18.034331 ], [ -65.069337, -18.034331 ], [ -65.069097, -18.034297 ], [ -65.069097, -18.034297 ], [ -65.069037, -18.034262 ], [ -65.069013, -18.034262 ], [ -65.069013, -18.034262 ], [ -65.068544, -18.03401 ], [ -65.068544, -18.03401 ], [ -65.068375, -18.033883 ], [ -65.068375, -18.033883 ], [ -65.068363, -18.033849 ], [ -65.068207, -18.033734 ], [ -65.068207, -18.033734 ], [ -65.067893, -18.0334 ], [ -65.067797, -18.033262 ], [ -65.067688, -18.033147 ], [ -65.067592, -18.033079 ], [ -65.067592, -18.033078 ], [ -65.067508, -18.032917 ], [ -65.067447, -18.03263 ], [ -65.067446, -18.03248 ], [ -65.067385, -18.032193 ], [ -65.067384, -18.031928 ], [ -65.067335, -18.031721 ], [ -65.067307, -18.030777 ], [ -65.067271, -18.030616 ], [ -65.067269, -18.03026 ], [ -65.06704, -18.029891 ], [ -65.066908, -18.029788 ], [ -65.066908, -18.029788 ], [ -65.066571, -18.02957 ], [ -65.066571, -18.02957 ], [ -65.065248, -18.028834 ], [ -65.065248, -18.028834 ], [ -65.064803, -18.02857 ], [ -65.064803, -18.02857 ], [ -65.064755, -18.028513 ], [ -65.064719, -18.028501 ], [ -65.064719, -18.028501 ], [ -65.064575, -18.028386 ], [ -65.064575, -18.028386 ], [ -65.064322, -18.028122 ], [ -65.064213, -18.027972 ], [ -65.064092, -18.027708 ], [ -65.064056, -18.027581 ], [ -65.064067, -18.027294 ], [ -65.064114, -18.027167 ], [ -65.064245, -18.026937 ], [ -65.064532, -18.026637 ], [ -65.06458, -18.026614 ], [ -65.06458, -18.026591 ], [ -65.06513, -18.026257 ], [ -65.065274, -18.026153 ], [ -65.065454, -18.026061 ], [ -65.065777, -18.025842 ], [ -65.066064, -18.025612 ], [ -65.066219, -18.025393 ], [ -65.066374, -18.02514 ], [ -65.066433, -18.024875 ], [ -65.066444, -18.024633 ], [ -65.066324, -18.024518 ], [ -65.066095, -18.024208 ], [ -65.065962, -18.023978 ], [ -65.065756, -18.023518 ], [ -65.065635, -18.023196 ], [ -65.065502, -18.023023 ], [ -65.065502, -18.023 ], [ -65.065447, -18.022373 ], [ -65.064942, -18.0226 ], [ -65.064553, -18.022736 ], [ -65.064445, -18.022736 ], [ -65.063822, -18.022863 ], [ -65.06351, -18.023036 ], [ -65.063415, -18.023128 ], [ -65.063391, -18.023129 ], [ -65.06314, -18.023313 ], [ -65.063056, -18.023474 ], [ -65.062865, -18.023739 ], [ -65.062865, -18.023785 ], [ -65.062699, -18.024153 ], [ -65.062508, -18.024476 ], [ -65.062305, -18.024683 ], [ -65.062149, -18.024798 ], [ -65.061958, -18.024902 ], [ -65.06179, -18.025029 ], [ -65.061539, -18.025155 ], [ -65.060449, -18.025835 ], [ -65.060079, -18.026135 ], [ -65.059935, -18.026273 ], [ -65.059433, -18.02686 ], [ -65.059278, -18.027079 ], [ -65.059183, -18.027309 ], [ -65.059136, -18.027562 ], [ -65.05909, -18.028126 ], [ -65.059093, -18.028782 ], [ -65.059214, -18.029231 ], [ -65.059251, -18.029438 ], [ -65.059361, -18.029829 ], [ -65.059434, -18.030163 ], [ -65.059471, -18.030485 ], [ -65.059472, -18.030773 ], [ -65.059449, -18.030945 ], [ -65.059282, -18.031314 ], [ -65.059246, -18.031337 ], [ -65.059175, -18.03144 ], [ -65.058995, -18.031602 ], [ -65.058756, -18.031728 ], [ -65.058516, -18.031821 ], [ -65.058156, -18.031902 ], [ -65.057964, -18.031902 ], [ -65.057641, -18.032006 ], [ -65.05709, -18.03234 ], [ -65.056898, -18.03242 ], [ -65.056563, -18.032513 ], [ -65.056419, -18.032536 ], [ -65.055579, -18.032537 ], [ -65.055171, -18.032514 ], [ -65.054859, -18.03248 ], [ -65.054511, -18.03248 ], [ -65.054511, -18.032468 ], [ -65.054162, -18.032365 ], [ -65.053538, -18.032216 ], [ -65.05295, -18.032217 ], [ -65.05277, -18.03224 ], [ -65.052578, -18.032286 ], [ -65.052482, -18.032332 ], [ -65.052314, -18.032355 ], [ -65.051895, -18.032505 ], [ -65.051045, -18.032909 ], [ -65.050398, -18.033174 ], [ -65.049308, -18.033681 ], [ -65.048972, -18.033819 ], [ -65.048385, -18.033958 ], [ -65.048013, -18.033958 ], [ -65.04764, -18.033866 ], [ -65.046859, -18.033476 ], [ -65.045849, -18.032947 ], [ -65.045849, -18.032913 ], [ -65.045248, -18.032729 ], [ -65.04478, -18.032568 ], [ -65.043747, -18.03227 ], [ -65.043483, -18.032236 ], [ -65.043122, -18.032144 ], [ -65.04281, -18.032133 ], [ -65.042618, -18.03211 ], [ -65.042066, -18.03211 ], [ -65.04185, -18.032168 ], [ -65.041671, -18.032191 ], [ -65.041551, -18.032191 ], [ -65.041371, -18.032214 ], [ -65.041131, -18.032215 ], [ -65.040963, -18.032249 ], [ -65.040819, -18.032249 ], [ -65.040255, -18.032365 ], [ -65.039944, -18.03248 ], [ -65.039872, -18.032526 ], [ -65.039668, -18.032607 ], [ -65.039225, -18.032826 ], [ -65.037655, -18.03346 ], [ -65.037452, -18.033587 ], [ -65.037284, -18.033667 ], [ -65.036937, -18.033921 ], [ -65.036566, -18.034278 ], [ -65.03616, -18.034819 ], [ -65.036089, -18.034992 ], [ -65.036005, -18.03513 ], [ -65.035982, -18.035256 ], [ -65.035875, -18.035544 ], [ -65.035804, -18.035889 ], [ -65.035745, -18.036016 ], [ -65.035567, -18.036603 ], [ -65.035234, -18.037409 ], [ -65.035043, -18.037777 ], [ -65.03477, -18.038433 ], [ -65.034544, -18.039158 ], [ -65.034344, -18.040252 ], [ -65.034179, -18.040977 ], [ -65.034095, -18.041104 ], [ -65.034012, -18.041196 ], [ -65.033557, -18.041495 ], [ -65.033365, -18.041599 ], [ -65.033113, -18.041691 ], [ -65.032442, -18.041853 ], [ -65.032298, -18.041864 ], [ -65.032166, -18.041899 ], [ -65.031986, -18.041899 ], [ -65.031794, -18.041922 ], [ -65.031086, -18.041923 ], [ -65.030846, -18.041946 ], [ -65.030654, -18.041946 ], [ -65.030462, -18.0419 ], [ -65.029921, -18.041624 ], [ -65.029632, -18.041406 ], [ -65.029367, -18.041176 ], [ -65.028861, -18.040612 ], [ -65.028681, -18.040348 ], [ -65.028511, -18.040014 ], [ -65.028451, -18.03983 ], [ -65.028255, -18.03891 ], [ -65.028219, -18.038795 ], [ -65.028219, -18.038703 ], [ -65.028169, -18.038346 ], [ -65.028167, -18.037713 ], [ -65.028202, -18.037517 ], [ -65.028286, -18.03731 ], [ -65.028357, -18.037218 ], [ -65.028704, -18.036942 ], [ -65.02898, -18.036757 ], [ -65.029914, -18.036239 ], [ -65.030141, -18.036043 ], [ -65.030428, -18.035732 ], [ -65.030679, -18.03541 ], [ -65.030762, -18.035214 ], [ -65.030809, -18.034961 ], [ -65.030808, -18.034742 ], [ -65.030676, -18.034535 ], [ -65.030507, -18.034351 ], [ -65.030387, -18.034328 ], [ -65.030231, -18.034328 ], [ -65.029751, -18.034444 ], [ -65.029655, -18.034501 ], [ -65.029512, -18.034536 ], [ -65.029116, -18.034698 ], [ -65.028637, -18.034916 ], [ -65.028146, -18.035089 ], [ -65.027762, -18.03517 ], [ -65.027366, -18.035205 ], [ -65.027126, -18.035205 ], [ -65.026766, -18.035148 ], [ -65.026598, -18.035102 ], [ -65.026538, -18.035102 ], [ -65.026381, -18.034999 ], [ -65.026249, -18.034849 ], [ -65.026116, -18.034665 ], [ -65.025947, -18.03432 ], [ -65.025862, -18.034067 ], [ -65.025765, -18.033848 ], [ -65.025403, -18.03317 ], [ -65.025391, -18.03317 ], [ -65.025391, -18.033147 ], [ -65.025367, -18.033147 ], [ -65.025367, -18.033135 ], [ -65.024682, -18.03294 ], [ -65.024226, -18.032837 ], [ -65.024034, -18.032814 ], [ -65.023313, -18.032607 ], [ -65.023121, -18.032607 ], [ -65.023013, -18.032561 ], [ -65.022593, -18.032493 ], [ -65.022424, -18.032424 ], [ -65.021548, -18.032252 ], [ -65.020911, -18.032045 ], [ -65.020262, -18.031723 ], [ -65.019793, -18.031413 ], [ -65.019648, -18.031298 ], [ -65.01942, -18.031022 ], [ -65.019274, -18.030665 ], [ -65.019044, -18.02994 ], [ -65.018671, -18.029618 ], [ -65.018057, -18.029227 ], [ -65.017937, -18.029124 ], [ -65.017828, -18.028997 ], [ -65.017503, -18.028514 ], [ -65.017226, -18.028192 ], [ -65.016889, -18.027905 ], [ -65.016588, -18.027686 ], [ -65.016299, -18.027514 ], [ -65.016095, -18.027411 ], [ -65.015723, -18.027273 ], [ -65.015566, -18.027238 ], [ -65.015242, -18.027238 ], [ -65.014883, -18.027319 ], [ -65.014883, -18.027331 ], [ -65.014811, -18.027365 ], [ -65.014811, -18.027377 ], [ -65.014775, -18.027377 ], [ -65.014523, -18.027504 ], [ -65.014428, -18.027573 ], [ -65.014296, -18.027699 ], [ -65.014057, -18.027849 ], [ -65.013925, -18.027953 ], [ -65.013877, -18.02801 ], [ -65.013853, -18.02801 ], [ -65.013817, -18.028079 ], [ -65.01377, -18.028091 ], [ -65.01359, -18.028206 ], [ -65.013267, -18.028367 ], [ -65.013243, -18.028402 ], [ -65.012811, -18.028563 ], [ -65.012679, -18.028632 ], [ -65.011888, -18.028852 ], [ -65.011648, -18.028898 ], [ -65.011241, -18.029025 ], [ -65.010894, -18.029197 ], [ -65.010582, -18.029313 ], [ -65.010302, -18.029496 ], [ -65.009894, -18.029715 ], [ -65.00982, -18.029787 ], [ -65.009754, -18.029871 ], [ -65.009681, -18.030032 ], [ -65.009627, -18.030175 ], [ -65.010466, -18.03078 ], [ -65.012621, -18.032436 ], [ -65.012646, -18.032445 ], [ -65.003403, -18.042363 ], [ -65.001279, -18.045056 ], [ -65.000987, -18.045341 ], [ -64.996711, -18.049591 ], [ -64.986974, -18.058954 ], [ -64.977623, -18.063456 ], [ -64.964568, -18.068339 ], [ -64.964636, -18.068761 ], [ -64.964645, -18.069546 ], [ -64.967943, -18.099183 ], [ -64.963071, -18.121115 ], [ -64.963011, -18.121388 ], [ -64.959981, -18.141138 ], [ -64.947938, -18.159608 ], [ -64.947312, -18.160098 ], [ -64.931805, -18.170365 ], [ -64.923971, -18.175443 ], [ -64.923824, -18.176794 ], [ -64.923738, -18.180008 ], [ -64.918476, -18.201842 ], [ -64.901328, -18.213692 ], [ -64.892484, -18.238395 ], [ -64.885067, -18.243092 ], [ -64.884693, -18.243548 ], [ -64.875218, -18.255429 ], [ -64.874495, -18.25592 ], [ -64.874351, -18.255978 ], [ -64.87368, -18.256347 ], [ -64.873152, -18.256577 ], [ -64.873068, -18.256635 ], [ -64.872984, -18.256658 ], [ -64.8729, -18.256715 ], [ -64.872528, -18.256796 ], [ -64.872276, -18.256796 ], [ -64.87194, -18.256865 ], [ -64.871568, -18.257003 ], [ -64.871304, -18.257153 ], [ -64.8711, -18.257361 ], [ -64.870813, -18.257741 ], [ -64.870561, -18.258041 ], [ -64.870069, -18.258525 ], [ -64.869854, -18.258663 ], [ -64.869698, -18.258744 ], [ -64.86953, -18.258859 ], [ -64.869482, -18.258859 ], [ -64.869422, -18.258894 ], [ -64.869158, -18.258871 ], [ -64.868521, -18.258721 ], [ -64.868053, -18.258721 ], [ -64.867741, -18.258698 ], [ -64.867177, -18.258571 ], [ -64.866997, -18.258421 ], [ -64.8669, -18.258317 ], [ -64.866792, -18.258121 ], [ -64.8666, -18.257683 ], [ -64.866408, -18.257404 ], [ -64.866265, -18.257226 ], [ -64.86617, -18.257137 ], [ -64.865933, -18.257005 ], [ -64.86565, -18.256918 ], [ -64.865433, -18.256865 ], [ -64.86519, -18.256887 ], [ -64.86505, -18.256874 ], [ -64.864956, -18.25687 ], [ -64.864852, -18.256881 ], [ -64.864642, -18.256948 ], [ -64.864246, -18.257049 ], [ -64.863994, -18.25721 ], [ -64.863742, -18.257348 ], [ -64.863682, -18.257406 ], [ -64.86367, -18.257394 ], [ -64.850837, -18.265449 ], [ -64.839258, -18.285385 ], [ -64.850877, -18.302962 ], [ -64.850862, -18.303002 ], [ -64.850878, -18.303026 ], [ -64.845646, -18.316363 ], [ -64.845622, -18.316363 ], [ -64.843883, -18.31883 ], [ -64.843871, -18.31883 ], [ -64.843871, -18.318853 ], [ -64.843488, -18.319187 ], [ -64.843236, -18.319452 ], [ -64.842924, -18.319844 ], [ -64.842576, -18.320328 ], [ -64.842456, -18.320524 ], [ -64.842097, -18.320927 ], [ -64.841977, -18.321089 ], [ -64.841905, -18.321089 ], [ -64.841881, -18.321123 ], [ -64.841845, -18.321123 ], [ -64.841485, -18.321861 ], [ -64.841365, -18.322068 ], [ -64.84103, -18.322483 ], [ -64.84061, -18.323071 ], [ -64.840442, -18.323244 ], [ -64.840334, -18.323394 ], [ -64.840274, -18.32359 ], [ -64.840023, -18.324074 ], [ -64.839579, -18.324546 ], [ -64.839135, -18.325261 ], [ -64.839075, -18.325399 ], [ -64.838979, -18.325515 ], [ -64.838967, -18.325549 ], [ -64.838632, -18.325895 ], [ -64.83838, -18.326229 ], [ -64.838284, -18.326379 ], [ -64.838008, -18.32669 ], [ -64.837696, -18.327117 ], [ -64.837529, -18.327451 ], [ -64.837445, -18.327543 ], [ -64.837397, -18.32767 ], [ -64.837181, -18.327958 ], [ -64.836833, -18.328546 ], [ -64.836677, -18.328777 ], [ -64.836617, -18.328834 ], [ -64.836509, -18.329007 ], [ -64.836461, -18.32903 ], [ -64.83645, -18.329088 ], [ -64.836426, -18.329099 ], [ -64.83639, -18.329157 ], [ -64.836294, -18.329238 ], [ -64.836294, -18.329272 ], [ -64.836126, -18.329387 ], [ -64.835946, -18.329572 ], [ -64.835646, -18.329941 ], [ -64.835346, -18.33024 ], [ -64.83513, -18.330482 ], [ -64.834926, -18.330667 ], [ -64.834926, -18.33069 ], [ -64.834758, -18.33084 ], [ -64.834758, -18.330863 ], [ -64.83453, -18.331185 ], [ -64.834482, -18.331232 ], [ -64.834434, -18.331347 ], [ -64.834207, -18.331693 ], [ -64.834075, -18.331865 ], [ -64.834015, -18.331969 ], [ -64.833931, -18.33205 ], [ -64.833787, -18.332292 ], [ -64.833631, -18.332511 ], [ -64.833631, -18.332534 ], [ -64.833571, -18.332557 ], [ -64.833187, -18.333122 ], [ -64.832888, -18.333629 ], [ -64.832804, -18.33371 ], [ -64.832636, -18.333952 ], [ -64.832564, -18.334032 ], [ -64.83248, -18.334171 ], [ -64.832348, -18.334344 ], [ -64.832288, -18.334447 ], [ -64.832063, -18.334769 ], [ -64.83191, -18.335011 ], [ -64.831776, -18.335179 ], [ -64.831623, -18.335384 ], [ -64.831451, -18.335608 ], [ -64.831356, -18.33572 ], [ -64.831241, -18.33585 ], [ -64.830741, -18.336262 ], [ -64.829791, -18.337087 ], [ -64.817217, -18.347809 ], [ -64.814792, -18.349727 ], [ -64.80913, -18.360545 ], [ -64.827561, -18.368712 ], [ -64.830771, -18.376336 ], [ -64.830789, -18.376564 ], [ -64.830789, -18.376618 ], [ -64.83079, -18.376628 ], [ -64.83079, -18.376649 ], [ -64.830872, -18.377026 ], [ -64.830872, -18.377086 ], [ -64.830873, -18.377089 ], [ -64.830872, -18.377366 ], [ -64.830836, -18.37747 ], [ -64.830787, -18.377735 ], [ -64.830679, -18.378069 ], [ -64.830449, -18.378587 ], [ -64.830292, -18.378874 ], [ -64.830244, -18.379036 ], [ -64.830195, -18.379381 ], [ -64.830134, -18.3796 ], [ -64.830122, -18.379785 ], [ -64.83, -18.380407 ], [ -64.829916, -18.380695 ], [ -64.829879, -18.380741 ], [ -64.829843, -18.380879 ], [ -64.829566, -18.381304 ], [ -64.828818, -18.382246 ], [ -64.828661, -18.382545 ], [ -64.828552, -18.382718 ], [ -64.828419, -18.383144 ], [ -64.828409, -18.383417 ], [ -64.828453, -18.383646 ], [ -64.828681, -18.384027 ], [ -64.829017, -18.384536 ], [ -64.829269, -18.384641 ], [ -64.829329, -18.384688 ], [ -64.829437, -18.384735 ], [ -64.829677, -18.384897 ], [ -64.829869, -18.38506 ], [ -64.830025, -18.385233 ], [ -64.830205, -18.385615 ], [ -64.830337, -18.385788 ], [ -64.830373, -18.385858 ], [ -64.830409, -18.385858 ], [ -64.830469, -18.385927 ], [ -64.830541, -18.385962 ], [ -64.830589, -18.38602 ], [ -64.831105, -18.386311 ], [ -64.83137, -18.386335 ], [ -64.83161, -18.386337 ], [ -64.831851, -18.386361 ], [ -64.832007, -18.386419 ], [ -64.832067, -18.38642 ], [ -64.832331, -18.386617 ], [ -64.832631, -18.386964 ], [ -64.832967, -18.387439 ], [ -64.833063, -18.387658 ], [ -64.833159, -18.387763 ], [ -64.833267, -18.387913 ], [ -64.833267, -18.387948 ], [ -64.833434, -18.388341 ], [ -64.833482, -18.388537 ], [ -64.833482, -18.388597 ], [ -64.833482, -18.388601 ], [ -64.833482, -18.388681 ], [ -64.833386, -18.388796 ], [ -64.833386, -18.388819 ], [ -64.83335, -18.388865 ], [ -64.833314, -18.388877 ], [ -64.833241, -18.38898 ], [ -64.833109, -18.389106 ], [ -64.833088, -18.389184 ], [ -64.833095, -18.389262 ], [ -64.833119, -18.389331 ], [ -64.833119, -18.389392 ], [ -64.83312, -18.389395 ], [ -64.83312, -18.389568 ], [ -64.833083, -18.389879 ], [ -64.833082, -18.390277 ], [ -64.833153, -18.390358 ], [ -64.833333, -18.390716 ], [ -64.833417, -18.391016 ], [ -64.833416, -18.391077 ], [ -64.833417, -18.39108 ], [ -64.833416, -18.391518 ], [ -64.833271, -18.392094 ], [ -64.83327, -18.392313 ], [ -64.833222, -18.392463 ], [ -64.83321, -18.39259 ], [ -64.833161, -18.39267 ], [ -64.83315, -18.39303 ], [ -64.833196, -18.393183 ], [ -64.833218, -18.393806 ], [ -64.833217, -18.39381 ], [ -64.833219, -18.39387 ], [ -64.833159, -18.394031 ], [ -64.833074, -18.394123 ], [ -64.833014, -18.394215 ], [ -64.832737, -18.394444 ], [ -64.832713, -18.394444 ], [ -64.832628, -18.394524 ], [ -64.832604, -18.394524 ], [ -64.832592, -18.394547 ], [ -64.832568, -18.394547 ], [ -64.832448, -18.39472 ], [ -64.832327, -18.394996 ], [ -64.832303, -18.395111 ], [ -64.832302, -18.395215 ], [ -64.832278, -18.395272 ], [ -64.832218, -18.395341 ], [ -64.832049, -18.395433 ], [ -64.831905, -18.395478 ], [ -64.8317, -18.395477 ], [ -64.831352, -18.395533 ], [ -64.831039, -18.395612 ], [ -64.830954, -18.39567 ], [ -64.830858, -18.395831 ], [ -64.830858, -18.396013 ], [ -64.830928, -18.396379 ], [ -64.830928, -18.396438 ], [ -64.830929, -18.396442 ], [ -64.830927, -18.39725 ], [ -64.830903, -18.397469 ], [ -64.830902, -18.397581 ], [ -64.830949, -18.39774 ], [ -64.83096, -18.398259 ], [ -64.83096, -18.398262 ], [ -64.830961, -18.398322 ], [ -64.830937, -18.398437 ], [ -64.830828, -18.398691 ], [ -64.830719, -18.39884 ], [ -64.830539, -18.399024 ], [ -64.830463, -18.3991 ], [ -64.830406, -18.399162 ], [ -64.830273, -18.399322 ], [ -64.83008, -18.399523 ], [ -64.829965, -18.399605 ], [ -64.829912, -18.399644 ], [ -64.829881, -18.399667 ], [ -64.829864, -18.399712 ], [ -64.829682, -18.400173 ], [ -64.829561, -18.400622 ], [ -64.829561, -18.400817 ], [ -64.829607, -18.401112 ], [ -64.829775, -18.40169 ], [ -64.829918, -18.401944 ], [ -64.83011, -18.40236 ], [ -64.830122, -18.402441 ], [ -64.830266, -18.402719 ], [ -64.830349, -18.402961 ], [ -64.830445, -18.403158 ], [ -64.830469, -18.40325 ], [ -64.830469, -18.403311 ], [ -64.83047, -18.403314 ], [ -64.830469, -18.403775 ], [ -64.830432, -18.403913 ], [ -64.830396, -18.404213 ], [ -64.830395, -18.404303 ], [ -64.83043, -18.404449 ], [ -64.83043, -18.40451 ], [ -64.830431, -18.404513 ], [ -64.830431, -18.404544 ], [ -64.830514, -18.404842 ], [ -64.830586, -18.404969 ], [ -64.83067, -18.405062 ], [ -64.830717, -18.405143 ], [ -64.830957, -18.405398 ], [ -64.831138, -18.405525 ], [ -64.831594, -18.40592 ], [ -64.831774, -18.406013 ], [ -64.832026, -18.406187 ], [ -64.83217, -18.406268 ], [ -64.832194, -18.406269 ], [ -64.832375, -18.406396 ], [ -64.832543, -18.406547 ], [ -64.832687, -18.406744 ], [ -64.832722, -18.406825 ], [ -64.832722, -18.406886 ], [ -64.832723, -18.406888 ], [ -64.832722, -18.407303 ], [ -64.832564, -18.408248 ], [ -64.832516, -18.408375 ], [ -64.832455, -18.408617 ], [ -64.832407, -18.408744 ], [ -64.832394, -18.408824 ], [ -64.83231, -18.409031 ], [ -64.832262, -18.409112 ], [ -64.832261, -18.409135 ], [ -64.832249, -18.409135 ], [ -64.831477, -18.410319 ], [ -64.831199, -18.410917 ], [ -64.831127, -18.411229 ], [ -64.831102, -18.411401 ], [ -64.830812, -18.412323 ], [ -64.830594, -18.413094 ], [ -64.830557, -18.413371 ], [ -64.830484, -18.41374 ], [ -64.830375, -18.414074 ], [ -64.83023, -18.414327 ], [ -64.829736, -18.414947 ], [ -64.829639, -18.415131 ], [ -64.829566, -18.415431 ], [ -64.829566, -18.41582 ], [ -64.829625, -18.416025 ], [ -64.829852, -18.416441 ], [ -64.83002, -18.416707 ], [ -64.830308, -18.417089 ], [ -64.830596, -18.417402 ], [ -64.83068, -18.41746 ], [ -64.830764, -18.417564 ], [ -64.830812, -18.417668 ], [ -64.830805, -18.417716 ], [ -64.830812, -18.417732 ], [ -64.830788, -18.417905 ], [ -64.830619, -18.418215 ], [ -64.830486, -18.418422 ], [ -64.830113, -18.418824 ], [ -64.829859, -18.419169 ], [ -64.829666, -18.419502 ], [ -64.829459, -18.419937 ], [ -64.829371, -18.420147 ], [ -64.829295, -18.420321 ], [ -64.829219, -18.420515 ], [ -64.829219, -18.420596 ], [ -64.829158, -18.42078 ], [ -64.829146, -18.420976 ], [ -64.829134, -18.420976 ], [ -64.829085, -18.421149 ], [ -64.829061, -18.421483 ], [ -64.829024, -18.42161 ], [ -64.828999, -18.422648 ], [ -64.829057, -18.422826 ], [ -64.829176, -18.423311 ], [ -64.829176, -18.423372 ], [ -64.829177, -18.423375 ], [ -64.829177, -18.423383 ], [ -64.82926, -18.4236 ], [ -64.829271, -18.423877 ], [ -64.829307, -18.423935 ], [ -64.829307, -18.423992 ], [ -64.829379, -18.424293 ], [ -64.829391, -18.424443 ], [ -64.829403, -18.424443 ], [ -64.829438, -18.424639 ], [ -64.82951, -18.424847 ], [ -64.82959, -18.424981 ], [ -64.829666, -18.425101 ], [ -64.829678, -18.425217 ], [ -64.829749, -18.425367 ], [ -64.829785, -18.425517 ], [ -64.829808, -18.42599 ], [ -64.829806, -18.425997 ], [ -64.829809, -18.426054 ], [ -64.829736, -18.426307 ], [ -64.829422, -18.426951 ], [ -64.829326, -18.427032 ], [ -64.829314, -18.427078 ], [ -64.829278, -18.427112 ], [ -64.829084, -18.427446 ], [ -64.82906, -18.427572 ], [ -64.829059, -18.427892 ], [ -64.82919, -18.428259 ], [ -64.82925, -18.428329 ], [ -64.82925, -18.428363 ], [ -64.829658, -18.428792 ], [ -64.830042, -18.429105 ], [ -64.830151, -18.429163 ], [ -64.830439, -18.429372 ], [ -64.830823, -18.42972 ], [ -64.831051, -18.430056 ], [ -64.831206, -18.430472 ], [ -64.831266, -18.430714 ], [ -64.831421, -18.431176 ], [ -64.831493, -18.431303 ], [ -64.831577, -18.4315 ], [ -64.831625, -18.431673 ], [ -64.831673, -18.431766 ], [ -64.831673, -18.431828 ], [ -64.831673, -18.431829 ], [ -64.831673, -18.43186 ], [ -64.831708, -18.43195 ], [ -64.831708, -18.432012 ], [ -64.831709, -18.432014 ], [ -64.831709, -18.432035 ], [ -64.831732, -18.432146 ], [ -64.831732, -18.432206 ], [ -64.831733, -18.43221 ], [ -64.831733, -18.432314 ], [ -64.8316, -18.432578 ], [ -64.831419, -18.432785 ], [ -64.831286, -18.432911 ], [ -64.831154, -18.433118 ], [ -64.831057, -18.433222 ], [ -64.830973, -18.433406 ], [ -64.830936, -18.433544 ], [ -64.830936, -18.433694 ], [ -64.830838, -18.434339 ], [ -64.830729, -18.434835 ], [ -64.830608, -18.435215 ], [ -64.830523, -18.435364 ], [ -64.830499, -18.435376 ], [ -64.830487, -18.435433 ], [ -64.830318, -18.435675 ], [ -64.830065, -18.436123 ], [ -64.830004, -18.436296 ], [ -64.829968, -18.436503 ], [ -64.829932, -18.436526 ], [ -64.829932, -18.436561 ], [ -64.829775, -18.436871 ], [ -64.82969, -18.437275 ], [ -64.829653, -18.437586 ], [ -64.829629, -18.437632 ], [ -64.829628, -18.43784 ], [ -64.829543, -18.438312 ], [ -64.829495, -18.438381 ], [ -64.829145, -18.43861 ], [ -64.829109, -18.43861 ], [ -64.829061, -18.43869 ], [ -64.828989, -18.43869 ], [ -64.82888, -18.438828 ], [ -64.828796, -18.438989 ], [ -64.828711, -18.439104 ], [ -64.828494, -18.439506 ], [ -64.828084, -18.439862 ], [ -64.828012, -18.439908 ], [ -64.827807, -18.439964 ], [ -64.827314, -18.439974 ], [ -64.827158, -18.43995 ], [ -64.826989, -18.439972 ], [ -64.826665, -18.43997 ], [ -64.82646, -18.44005 ], [ -64.826303, -18.440165 ], [ -64.826279, -18.440234 ], [ -64.826278, -18.440682 ], [ -64.826325, -18.440966 ], [ -64.826325, -18.441025 ], [ -64.826326, -18.44103 ], [ -64.826326, -18.441122 ], [ -64.826348, -18.441289 ], [ -64.826348, -18.441347 ], [ -64.826349, -18.441353 ], [ -64.826349, -18.44141 ], [ -64.826396, -18.441716 ], [ -64.826418, -18.442431 ], [ -64.826417, -18.442436 ], [ -64.826419, -18.442495 ], [ -64.826395, -18.442587 ], [ -64.826394, -18.442656 ], [ -64.826358, -18.442737 ], [ -64.825973, -18.443116 ], [ -64.825876, -18.443184 ], [ -64.825876, -18.443207 ], [ -64.825707, -18.44331 ], [ -64.825587, -18.443356 ], [ -64.825575, -18.443379 ], [ -64.825406, -18.443424 ], [ -64.825166, -18.443538 ], [ -64.825057, -18.443607 ], [ -64.824684, -18.443767 ], [ -64.824371, -18.443938 ], [ -64.824178, -18.444076 ], [ -64.823877, -18.444409 ], [ -64.82366, -18.444696 ], [ -64.823575, -18.444845 ], [ -64.823539, -18.444972 ], [ -64.823502, -18.445456 ], [ -64.823477, -18.445583 ], [ -64.823476, -18.446137 ], [ -64.823428, -18.446332 ], [ -64.823282, -18.446759 ], [ -64.823222, -18.446885 ], [ -64.823162, -18.446966 ], [ -64.823089, -18.447011 ], [ -64.822825, -18.447091 ], [ -64.822632, -18.447101 ], [ -64.822307, -18.447215 ], [ -64.821873, -18.447755 ], [ -64.821728, -18.447904 ], [ -64.82127, -18.448294 ], [ -64.820969, -18.448512 ], [ -64.82074, -18.44873 ], [ -64.820475, -18.449028 ], [ -64.820112, -18.449753 ], [ -64.819774, -18.450328 ], [ -64.819666, -18.450547 ], [ -64.819436, -18.451169 ], [ -64.819387, -18.451434 ], [ -64.819338, -18.451872 ], [ -64.819336, -18.452597 ], [ -64.819371, -18.452811 ], [ -64.819371, -18.45287 ], [ -64.819372, -18.452875 ], [ -64.81937, -18.453959 ], [ -64.819345, -18.453994 ], [ -64.8192, -18.454512 ], [ -64.8192, -18.454662 ], [ -64.819102, -18.455134 ], [ -64.819102, -18.455273 ], [ -64.819078, -18.455411 ], [ -64.819064, -18.45635 ], [ -64.819087, -18.456524 ], [ -64.819087, -18.456581 ], [ -64.819087, -18.456587 ], [ -64.819087, -18.456738 ], [ -64.819157, -18.457331 ], [ -64.819157, -18.457388 ], [ -64.819158, -18.457395 ], [ -64.819158, -18.457521 ], [ -64.819192, -18.457758 ], [ -64.819215, -18.458393 ], [ -64.819251, -18.458554 ], [ -64.819251, -18.458614 ], [ -64.819251, -18.458618 ], [ -64.819251, -18.459068 ], [ -64.819226, -18.45916 ], [ -64.819226, -18.459229 ], [ -64.819154, -18.459402 ], [ -64.819057, -18.459563 ], [ -64.818792, -18.459873 ], [ -64.818743, -18.459907 ], [ -64.818455, -18.459963 ], [ -64.817985, -18.460088 ], [ -64.817889, -18.460145 ], [ -64.81766, -18.460225 ], [ -64.817528, -18.460305 ], [ -64.817323, -18.460512 ], [ -64.817226, -18.460638 ], [ -64.817154, -18.460764 ], [ -64.8169, -18.461052 ], [ -64.8169, -18.461075 ], [ -64.816864, -18.461109 ], [ -64.816828, -18.461178 ], [ -64.816599, -18.461396 ], [ -64.81637, -18.461568 ], [ -64.816322, -18.461637 ], [ -64.816213, -18.46174 ], [ -64.816033, -18.46182 ], [ -64.815695, -18.462072 ], [ -64.815599, -18.462129 ], [ -64.815454, -18.462244 ], [ -64.814984, -18.462726 ], [ -64.814526, -18.463139 ], [ -64.814152, -18.463587 ], [ -64.814007, -18.463794 ], [ -64.813814, -18.464127 ], [ -64.813729, -18.464427 ], [ -64.813668, -18.464715 ], [ -64.813668, -18.465083 ], [ -64.813714, -18.465366 ], [ -64.813738, -18.465378 ], [ -64.813786, -18.465644 ], [ -64.813797, -18.465932 ], [ -64.813917, -18.466094 ], [ -64.814073, -18.466268 ], [ -64.814085, -18.466326 ], [ -64.814265, -18.466453 ], [ -64.814517, -18.466743 ], [ -64.81483, -18.467067 ], [ -64.814997, -18.467322 ], [ -64.815033, -18.467449 ], [ -64.815165, -18.467726 ], [ -64.815165, -18.467772 ], [ -64.815285, -18.467969 ], [ -64.815405, -18.468235 ], [ -64.815968, -18.469126 ], [ -64.816028, -18.469287 ], [ -64.816064, -18.469461 ], [ -64.816063, -18.46952 ], [ -64.816064, -18.469524 ], [ -64.816064, -18.469766 ], [ -64.815978, -18.470573 ], [ -64.815869, -18.471057 ], [ -64.815868, -18.471207 ], [ -64.81582, -18.471472 ], [ -64.815721, -18.472406 ], [ -64.81572, -18.473052 ], [ -64.815696, -18.473121 ], [ -64.815695, -18.47349 ], [ -64.815683, -18.47349 ], [ -64.815682, -18.474125 ], [ -64.815704, -18.474337 ], [ -64.815704, -18.474394 ], [ -64.815705, -18.474401 ], [ -64.815704, -18.474756 ], [ -64.815751, -18.474983 ], [ -64.815811, -18.475134 ], [ -64.815835, -18.475284 ], [ -64.815871, -18.475388 ], [ -64.81587, -18.475445 ], [ -64.815894, -18.475515 ], [ -64.815918, -18.475815 ], [ -64.815918, -18.475868 ], [ -64.815918, -18.475878 ], [ -64.815917, -18.476363 ], [ -64.815893, -18.47657 ], [ -64.815892, -18.477204 ], [ -64.815757, -18.478461 ], [ -64.815756, -18.478657 ], [ -64.81561, -18.479671 ], [ -64.815609, -18.479833 ], [ -64.8155, -18.480489 ], [ -64.815476, -18.481104 ], [ -64.815545, -18.481337 ], [ -64.815545, -18.481398 ], [ -64.815546, -18.481401 ], [ -64.815545, -18.481533 ], [ -64.815569, -18.481533 ], [ -64.815592, -18.481706 ], [ -64.815592, -18.481764 ], [ -64.815593, -18.48177 ], [ -64.81559, -18.483027 ], [ -64.815566, -18.483108 ], [ -64.815566, -18.483315 ], [ -64.815554, -18.483327 ], [ -64.815553, -18.483604 ], [ -64.815517, -18.48365 ], [ -64.815468, -18.483857 ], [ -64.81525, -18.48453 ], [ -64.816122, -18.489137 ], [ -64.819403, -18.489014 ], [ -64.821445, -18.489009 ], [ -64.823366, -18.489122 ], [ -64.82475, -18.489314 ], [ -64.826136, -18.489726 ], [ -64.826952, -18.489981 ], [ -64.827675, -18.490092 ], [ -64.828873, -18.48997 ], [ -64.830053, -18.489907 ], [ -64.831585, -18.489629 ], [ -64.832702, -18.489296 ], [ -64.833542, -18.488819 ], [ -64.834591, -18.487842 ], [ -64.835633, -18.48625 ], [ -64.836799, -18.48473 ], [ -64.837332, -18.48427 ], [ -64.838232, -18.483764 ], [ -64.839105, -18.483579 ], [ -64.840671, -18.483564 ], [ -64.841271, -18.483676 ], [ -64.842008, -18.483712 ], [ -64.842993, -18.483952 ], [ -64.843841, -18.48428 ], [ -64.844785, -18.484945 ], [ -64.845653, -18.485698 ], [ -64.846859, -18.486566 ], [ -64.848126, -18.487286 ], [ -64.848853, -18.487791 ], [ -64.849564, -18.488209 ], [ -64.850074, -18.488556 ], [ -64.850799, -18.4889 ], [ -64.851569, -18.489083 ], [ -64.852599, -18.489176 ], [ -64.853902, -18.489046 ], [ -64.854576, -18.488893 ], [ -64.855399, -18.488313 ], [ -64.855742, -18.487703 ], [ -64.856398, -18.486941 ], [ -64.856748, -18.486659 ], [ -64.857159, -18.486377 ], [ -64.857451, -18.486374 ], [ -64.857743, -18.48643 ], [ -64.858563, -18.487008 ], [ -64.859107, -18.487618 ], [ -64.859957, -18.489528 ], [ -64.860364, -18.490271 ], [ -64.86102, -18.491364 ], [ -64.86132, -18.492064 ], [ -64.861664, -18.49269 ], [ -64.862039, -18.493229 ], [ -64.862518, -18.493532 ], [ -64.862964, -18.493615 ], [ -64.863393, -18.493538 ], [ -64.865535, -18.491407 ], [ -64.866129, -18.491006 ], [ -64.866636, -18.490986 ], [ -64.867113, -18.491142 ], [ -64.867638, -18.491372 ], [ -64.868318, -18.491775 ], [ -64.869089, -18.49209 ], [ -64.870045, -18.492447 ], [ -64.870782, -18.492498 ], [ -64.871166, -18.492479 ], [ -64.871548, -18.492315 ], [ -64.871728, -18.491961 ], [ -64.871944, -18.49106 ], [ -64.872002, -18.490318 ], [ -64.872471, -18.489654 ], [ -64.873292, -18.488972 ], [ -64.874071, -18.488583 ], [ -64.8745, -18.488447 ], [ -64.875067, -18.488398 ], [ -64.875559, -18.488422 ], [ -64.876066, -18.488461 ], [ -64.876312, -18.488561 ], [ -64.876623, -18.489117 ], [ -64.877185, -18.489754 ], [ -64.877918, -18.490787 ], [ -64.878402, -18.491544 ], [ -64.879037, -18.492006 ], [ -64.880023, -18.492348 ], [ -64.880854, -18.49253 ], [ -64.881946, -18.49271 ], [ -64.882946, -18.492919 ], [ -64.883855, -18.493145 ], [ -64.884227, -18.493493 ], [ -64.884615, -18.493913 ], [ -64.885176, -18.494626 ], [ -64.885908, -18.4956 ], [ -64.886359, -18.496152 ], [ -64.886935, -18.49682 ], [ -64.887633, -18.497458 ], [ -64.88842, -18.497831 ], [ -64.889483, -18.498157 ], [ -64.890239, -18.498486 ], [ -64.890917, -18.498743 ], [ -64.891443, -18.499134 ], [ -64.89197, -18.499509 ], [ -64.892634, -18.499913 ], [ -64.893421, -18.500286 ], [ -64.894098, -18.500411 ], [ -64.894882, -18.500447 ], [ -64.895681, -18.500512 ], [ -64.896649, -18.50059 ], [ -64.897448, -18.500626 ], [ -64.898078, -18.500737 ], [ -64.898879, -18.500934 ], [ -64.899511, -18.501162 ], [ -64.899959, -18.501421 ], [ -64.900346, -18.501696 ], [ -64.900719, -18.502131 ], [ -64.901016, -18.502583 ], [ -64.901281, -18.502975 ], [ -64.901684, -18.503279 ], [ -64.903345, -18.503511 ], [ -64.904297, -18.503531 ], [ -64.905618, -18.503606 ], [ -64.907004, -18.503929 ], [ -64.907695, -18.503995 ], [ -64.908235, -18.504165 ], [ -64.908731, -18.5046 ], [ -64.909243, -18.505137 ], [ -64.909773, -18.50582 ], [ -64.910429, -18.506853 ], [ -64.911475, -18.50841 ], [ -64.912331, -18.509412 ], [ -64.913246, -18.510208 ], [ -64.913943, -18.510773 ], [ -64.914576, -18.511118 ], [ -64.915656, -18.511517 ], [ -64.917273, -18.511999 ], [ -64.919112, -18.512778 ], [ -64.921362, -18.513788 ], [ -64.922811, -18.514272 ], [ -64.92363, -18.514747 ], [ -64.924466, -18.515353 ], [ -64.925256, -18.515975 ], [ -64.926414, -18.516535 ], [ -64.927614, -18.516742 ], [ -64.928599, -18.516937 ], [ -64.929121, -18.516947 ], [ -64.930136, -18.517127 ], [ -64.930601, -18.517459 ], [ -64.931049, -18.517747 ], [ -64.931757, -18.517872 ], [ -64.932418, -18.517953 ], [ -64.932882, -18.518138 ], [ -64.933084, -18.518444 ], [ -64.933245, -18.519087 ], [ -64.933418, -18.520799 ], [ -64.933788, -18.522363 ], [ -64.934111, -18.523722 ], [ -64.934384, -18.524832 ], [ -64.934613, -18.526104 ], [ -64.934912, -18.528108 ], [ -64.93518, -18.528676 ], [ -64.935914, -18.529768 ], [ -64.936364, -18.530202 ], [ -64.937122, -18.530693 ], [ -64.937987, -18.531123 ], [ -64.938636, -18.531512 ], [ -64.939393, -18.531929 ], [ -64.940319, -18.532315 ], [ -64.941367, -18.532627 ], [ -64.941982, -18.532752 ], [ -64.942754, -18.533066 ], [ -64.944147, -18.534063 ], [ -64.944829, -18.534569 ], [ -64.945493, -18.534928 ], [ -64.946264, -18.535169 ], [ -64.947063, -18.535219 ], [ -64.948972, -18.535654 ], [ -64.949561, -18.535988 ], [ -64.950194, -18.536447 ], [ -64.95066, -18.536925 ], [ -64.951188, -18.537707 ], [ -64.951906, -18.538782 ], [ -64.952702, -18.539556 ], [ -64.953602, -18.540425 ], [ -64.954285, -18.541092 ], [ -64.954904, -18.541452 ], [ -64.956674, -18.54177 ], [ -64.957751, -18.541994 ], [ -64.958476, -18.542294 ], [ -64.958985, -18.542479 ], [ -64.959402, -18.542709 ], [ -64.959654, -18.54319 ], [ -64.959661, -18.543878 ], [ -64.95941, -18.544759 ], [ -64.95827, -18.547115 ], [ -64.957756, -18.547823 ], [ -64.957458, -18.548618 ], [ -64.957131, -18.549544 ], [ -64.957078, -18.550277 ], [ -64.957022, -18.551402 ], [ -64.957202, -18.55174 ], [ -64.957608, -18.552366 ], [ -64.958073, -18.552742 ], [ -64.958662, -18.553161 ], [ -64.959403, -18.553548 ], [ -64.960327, -18.553773 ], [ -64.961851, -18.55405 ], [ -64.963592, -18.554545 ], [ -64.964597, -18.555106 ], [ -64.965492, -18.555463 ], [ -64.965802, -18.555532 ], [ -64.966677, -18.555729 ], [ -64.967338, -18.555766 ], [ -64.968104, -18.555567 ], [ -64.968732, -18.555414 ], [ -64.969503, -18.555255 ], [ -64.970235, -18.555281 ], [ -64.971081, -18.555346 ], [ -64.971865, -18.555469 ], [ -64.972498, -18.555712 ], [ -64.972931, -18.556015 ], [ -64.973383, -18.556567 ], [ -64.973648, -18.556945 ], [ -64.974077, -18.5582 ], [ -64.974405, -18.558636 ], [ -64.9751, -18.558995 ], [ -64.976317, -18.559304 ], [ -64.977362, -18.559381 ], [ -64.978762, -18.559513 ], [ -64.980069, -18.559719 ], [ -64.980961, -18.559783 ], [ -64.981792, -18.559906 ], [ -64.982318, -18.560223 ], [ -64.982843, -18.560466 ], [ -64.983381, -18.560534 ], [ -64.983903, -18.560499 ], [ -64.984422, -18.560274 ], [ -64.9852, -18.559826 ], [ -64.985704, -18.559514 ], [ -64.986362, -18.55936 ], [ -64.986994, -18.559573 ], [ -64.987365, -18.559789 ], [ -64.987814, -18.560077 ], [ -64.988648, -18.560493 ], [ -64.989191, -18.560942 ], [ -64.989502, -18.561275 ], [ -64.989935, -18.56149 ], [ -64.990319, -18.561486 ], [ -64.990959, -18.561128 ], [ -64.991659, -18.560491 ], [ -64.992689, -18.559323 ], [ -64.993111, -18.558557 ], [ -64.993778, -18.557847 ], [ -64.994589, -18.557589 ], [ -64.995033, -18.557496 ], [ -64.995817, -18.557503 ], [ -64.996494, -18.557627 ], [ -64.997249, -18.55781 ], [ -64.997943, -18.558081 ], [ -64.998667, -18.558264 ], [ -64.999405, -18.558388 ], [ -64.999946, -18.558689 ], [ -65.000383, -18.559227 ], [ -65.000561, -18.56006 ], [ -65.000494, -18.560885 ], [ -65.000456, -18.561584 ], [ -65.000437, -18.56387 ], [ -65.000526, -18.564909 ], [ -65.000701, -18.565478 ], [ -65.001038, -18.566129 ], [ -65.001863, -18.567663 ], [ -65.003305, -18.570079 ], [ -65.004027, -18.571434 ], [ -65.004516, -18.572512 ], [ -65.004874, -18.572948 ], [ -65.005569, -18.573234 ], [ -65.006416, -18.573444 ], [ -65.008312, -18.574039 ], [ -65.009345, -18.574409 ], [ -65.013133, -18.576537 ], [ -65.01397, -18.577157 ], [ -65.015145, -18.579093 ], [ -65.015375, -18.58035 ], [ -65.015704, -18.580903 ], [ -65.016386, -18.581482 ], [ -65.017745, -18.582097 ], [ -65.018562, -18.582338 ], [ -65.019211, -18.582653 ], [ -65.019737, -18.582999 ], [ -65.02028, -18.583432 ], [ -65.020653, -18.583809 ], [ -65.020919, -18.584187 ], [ -65.021265, -18.584857 ], [ -65.021456, -18.58547 ], [ -65.021654, -18.586625 ], [ -65.021698, -18.587782 ], [ -65.021514, -18.589073 ], [ -65.021513, -18.590318 ], [ -65.021704, -18.590887 ], [ -65.022115, -18.591541 ], [ -65.022255, -18.591951 ], [ -65.022323, -18.592551 ], [ -65.022284, -18.593152 ], [ -65.022274, -18.593635 ], [ -65.022159, -18.594295 ], [ -65.022154, -18.594972 ], [ -65.022083, -18.5956 ], [ -65.021749, -18.59597 ], [ -65.021308, -18.596355 ], [ -65.020732, -18.597035 ], [ -65.020601, -18.597637 ], [ -65.020605, -18.597974 ], [ -65.020733, -18.598412 ], [ -65.021013, -18.598687 ], [ -65.021322, -18.59883 ], [ -65.021938, -18.59897 ], [ -65.022522, -18.598979 ], [ -65.023644, -18.599069 ], [ -65.02495, -18.599099 ], [ -65.025855, -18.598958 ], [ -65.026896, -18.598624 ], [ -65.027282, -18.598439 ], [ -65.028149, -18.598098 ], [ -65.030143, -18.597842 ], [ -65.031511, -18.59793 ], [ -65.033128, -18.598205 ], [ -65.034066, -18.598342 ], [ -65.034745, -18.598598 ], [ -65.035442, -18.599045 ], [ -65.036108, -18.59955 ], [ -65.037037, -18.60017 ], [ -65.037425, -18.600488 ], [ -65.037663, -18.601101 ], [ -65.037739, -18.602345 ], [ -65.037809, -18.604321 ], [ -65.037999, -18.60615 ], [ -65.038294, -18.60767 ], [ -65.0386, -18.608839 ], [ -65.039333, -18.609739 ], [ -65.040016, -18.610332 ], [ -65.041404, -18.610815 ], [ -65.042389, -18.610922 ], [ -65.043665, -18.611025 ], [ -65.04494, -18.61107 ], [ -65.046262, -18.61107 ], [ -65.046926, -18.611414 ], [ -65.047425, -18.611966 ], [ -65.04771, -18.612739 ], [ -65.047843, -18.613572 ], [ -65.047884, -18.614741 ], [ -65.047613, -18.616153 ], [ -65.04729, -18.617372 ], [ -65.046431, -18.618846 ], [ -65.045892, -18.619965 ], [ -65.045567, -18.621052 ], [ -65.045327, -18.621582 ], [ -65.045331, -18.623194 ], [ -65.045439, -18.624481 ], [ -65.045601, -18.625212 ], [ -65.046241, -18.626025 ], [ -65.047309, -18.626717 ], [ -65.048549, -18.627641 ], [ -65.049865, -18.628476 ], [ -65.050653, -18.628833 ], [ -65.051178, -18.629047 ], [ -65.051597, -18.62935 ], [ -65.051615, -18.62987 ], [ -65.051332, -18.630335 ], [ -65.050862, -18.630867 ], [ -65.050284, -18.631342 ], [ -65.04898, -18.632792 ], [ -65.048602, -18.633294 ], [ -65.048424, -18.633823 ], [ -65.048432, -18.634555 ], [ -65.048785, -18.635782 ], [ -65.049048, -18.637214 ], [ -65.049447, -18.63847 ], [ -65.049551, -18.639435 ], [ -65.049486, -18.640388 ], [ -65.049371, -18.641092 ], [ -65.048749, -18.643047 ], [ -65.048163, -18.646686 ], [ -65.047836, -18.647642 ], [ -65.047279, -18.648556 ], [ -65.046511, -18.649897 ], [ -65.046246, -18.650265 ], [ -65.045786, -18.650901 ], [ -65.044994, -18.651496 ], [ -65.044105, -18.65174 ], [ -65.043322, -18.651734 ], [ -65.042628, -18.651536 ], [ -65.042039, -18.651132 ], [ -65.040759, -18.649433 ], [ -65.040431, -18.649041 ], [ -65.040183, -18.648809 ], [ -65.039707, -18.648727 ], [ -65.039309, -18.64898 ], [ -65.039116, -18.649538 ], [ -65.038533, -18.654797 ], [ -65.038252, -18.6557 ], [ -65.037229, -18.657571 ], [ -65.036889, -18.658673 ], [ -65.036906, -18.660108 ], [ -65.036942, -18.660489 ], [ -65.036569, -18.661474 ], [ -65.035737, -18.662552 ], [ -65.035038, -18.663263 ], [ -65.034282, -18.664238 ], [ -65.032646, -18.666262 ], [ -65.031967, -18.66728 ], [ -65.031642, -18.668368 ], [ -65.031695, -18.669012 ], [ -65.032298, -18.670616 ], [ -65.033595, -18.672345 ], [ -65.0347, -18.67352 ], [ -65.035603, -18.674535 ], [ -65.036569, -18.675638 ], [ -65.03746, -18.676859 ], [ -65.038766, -18.678119 ], [ -65.039808, -18.679162 ], [ -65.040958, -18.680219 ], [ -65.041642, -18.680885 ], [ -65.042124, -18.681349 ], [ -65.042736, -18.681623 ], [ -65.043327, -18.681702 ], [ -65.044462, -18.681543 ], [ -65.045624, -18.681003 ], [ -65.046677, -18.680362 ], [ -65.047356, -18.678465 ], [ -65.048106, -18.676553 ], [ -65.048632, -18.675522 ], [ -65.049054, -18.674799 ], [ -65.049495, -18.674472 ], [ -65.04996, -18.674435 ], [ -65.050847, -18.674443 ], [ -65.051924, -18.674534 ], [ -65.053251, -18.674988 ], [ -65.054071, -18.675389 ], [ -65.055212, -18.675728 ], [ -65.056199, -18.675981 ], [ -65.057131, -18.675861 ], [ -65.058253, -18.675534 ], [ -65.060353, -18.673841 ], [ -65.062326, -18.671812 ], [ -65.063659, -18.670172 ], [ -65.064887, -18.668826 ], [ -65.066286, -18.667609 ], [ -65.068127, -18.666066 ], [ -65.072723, -18.662324 ], [ -65.075035, -18.660409 ], [ -65.076282, -18.659282 ], [ -65.07712, -18.658731 ], [ -65.077657, -18.658637 ], [ -65.078148, -18.65867 ], [ -65.079212, -18.658942 ], [ -65.080293, -18.65934 ], [ -65.081514, -18.659956 ], [ -65.082521, -18.66056 ], [ -65.083342, -18.661122 ], [ -65.084145, -18.66148 ], [ -65.084761, -18.661575 ], [ -65.085852, -18.661534 ], [ -65.086538, -18.661116 ], [ -65.087848, -18.658934 ], [ -65.088318, -18.658416 ], [ -65.088867, -18.658015 ], [ -65.089479, -18.657847 ], [ -65.090295, -18.657911 ], [ -65.091327, -18.658178 ], [ -65.092603, -18.658163 ], [ -65.094013, -18.657884 ], [ -65.094962, -18.657624 ], [ -65.095711, -18.657235 ], [ -65.096426, -18.656685 ], [ -65.096774, -18.656257 ], [ -65.097076, -18.655785 ], [ -65.097371, -18.654829 ], [ -65.097759, -18.653829 ], [ -65.098119, -18.653166 ], [ -65.098843, -18.652015 ], [ -65.099733, -18.650731 ], [ -65.100621, -18.649183 ], [ -65.100981, -18.648447 ], [ -65.101171, -18.647654 ], [ -65.101178, -18.64698 ], [ -65.101043, -18.646029 ], [ -65.100832, -18.645138 ], [ -65.100824, -18.644465 ], [ -65.100915, -18.643116 ], [ -65.101016, -18.642544 ], [ -65.101146, -18.641927 ], [ -65.101565, -18.640985 ], [ -65.102429, -18.639994 ], [ -65.103463, -18.639177 ], [ -65.104378, -18.638566 ], [ -65.105295, -18.63819 ], [ -65.106168, -18.63799 ], [ -65.10675, -18.637793 ], [ -65.108514, -18.637597 ], [ -65.109203, -18.637384 ], [ -65.109997, -18.637009 ], [ -65.110986, -18.636178 ], [ -65.111698, -18.635379 ], [ -65.112181, -18.634656 ], [ -65.113136, -18.633679 ], [ -65.113821, -18.6331 ], [ -65.114753, -18.632694 ], [ -65.115827, -18.63255 ], [ -65.116994, -18.632522 ], [ -65.118224, -18.632567 ], [ -65.119222, -18.632585 ], [ -65.120101, -18.632809 ], [ -65.120996, -18.633107 ], [ -65.121751, -18.633274 ], [ -65.122259, -18.633371 ], [ -65.122549, -18.63319 ], [ -65.123097, -18.632834 ], [ -65.123427, -18.632186 ], [ -65.12378, -18.630864 ], [ -65.124854, -18.628347 ], [ -65.125154, -18.627728 ], [ -65.125591, -18.62705 ], [ -65.126137, -18.626443 ], [ -65.126669, -18.625983 ], [ -65.12708, -18.625715 ], [ -65.127555, -18.625607 ], [ -65.128724, -18.625725 ], [ -65.129738, -18.625714 ], [ -65.130779, -18.625453 ], [ -65.131922, -18.624954 ], [ -65.133022, -18.624197 ], [ -65.134331, -18.623216 ], [ -65.135932, -18.62226 ], [ -65.13723, -18.62163 ], [ -65.138872, -18.62025 ], [ -65.140913, -18.61885 ], [ -65.142849, -18.617641 ], [ -65.144298, -18.616834 ], [ -65.145166, -18.616194 ], [ -65.146487, -18.614949 ], [ -65.146973, -18.614069 ], [ -65.147159, -18.613433 ], [ -65.147004, -18.612043 ], [ -65.146745, -18.611021 ], [ -65.146633, -18.6107 ], [ -65.146513, -18.60969 ], [ -65.146335, -18.608931 ], [ -65.14619, -18.608376 ], [ -65.146069, -18.607762 ], [ -65.1461, -18.607381 ], [ -65.146216, -18.606823 ], [ -65.146427, -18.606469 ], [ -65.1467, -18.606246 ], [ -65.147145, -18.606139 ], [ -65.14759, -18.606134 ], [ -65.148014, -18.606352 ], [ -65.14832, -18.60677 ], [ -65.149298, -18.607579 ], [ -65.149778, -18.607881 ], [ -65.150266, -18.608827 ], [ -65.151097, -18.610136 ], [ -65.152051, -18.611517 ], [ -65.152691, -18.6123 ], [ -65.153603, -18.612773 ], [ -65.15436, -18.613131 ], [ -65.155149, -18.613517 ], [ -65.155996, -18.613712 ], [ -65.156625, -18.613647 ], [ -65.157816, -18.613076 ], [ -65.158485, -18.612556 ], [ -65.159063, -18.612095 ], [ -65.159658, -18.611722 ], [ -65.160432, -18.611355 ], [ -65.161013, -18.61077 ], [ -65.161178, -18.610445 ], [ -65.16194, -18.610012 ], [ -65.162445, -18.609816 ], [ -65.163105, -18.609779 ], [ -65.163692, -18.609881 ], [ -65.164262, -18.610161 ], [ -65.164881, -18.610505 ], [ -65.165789, -18.610656 ], [ -65.166791, -18.610908 ], [ -65.167763, -18.611278 ], [ -65.168759, -18.612277 ], [ -65.170264, -18.61349 ], [ -65.1709, -18.613922 ], [ -65.171739, -18.614674 ], [ -65.173308, -18.616106 ], [ -65.173962, -18.616787 ], [ -65.174898, -18.617904 ], [ -65.175439, -18.618146 ], [ -65.177007, -18.618216 ], [ -65.177881, -18.618118 ], [ -65.179972, -18.61749 ], [ -65.182, -18.617089 ], [ -65.182599, -18.617038 ], [ -65.183507, -18.617159 ], [ -65.184062, -18.617343 ], [ -65.184788, -18.617628 ], [ -65.187045, -18.618773 ], [ -65.188511, -18.619225 ], [ -65.190938, -18.61961 ], [ -65.191682, -18.619759 ], [ -65.193114, -18.619992 ], [ -65.194766, -18.620675 ], [ -65.195746, -18.621616 ], [ -65.197924, -18.622513 ], [ -65.20019, -18.62316 ], [ -65.201673, -18.623802 ], [ -65.202629, -18.624055 ], [ -65.203674, -18.624072 ], [ -65.204428, -18.623717 ], [ -65.205167, -18.623117 ], [ -65.20571, -18.622349 ], [ -65.20569, -18.620767 ], [ -65.205896, -18.619008 ], [ -65.208751, -18.614438 ], [ -65.210475, -18.612612 ], [ -65.210682, -18.61247 ], [ -65.211774, -18.611717 ], [ -65.213516, -18.611234 ], [ -65.21549, -18.610854 ], [ -65.216764, -18.610872 ], [ -65.21871, -18.611173 ], [ -65.22345, -18.611935 ], [ -65.226565, -18.61235 ], [ -65.228972, -18.612382 ], [ -65.231317, -18.61266 ], [ -65.232944, -18.612799 ], [ -65.234492, -18.612732 ], [ -65.235729, -18.612412 ], [ -65.236736, -18.612095 ], [ -65.237834, -18.611923 ], [ -65.239216, -18.611907 ], [ -65.240233, -18.611862 ], [ -65.24121, -18.611664 ], [ -65.242114, -18.611348 ], [ -65.242889, -18.610911 ], [ -65.243293, -18.61048 ], [ -65.243654, -18.609731 ], [ -65.243853, -18.608325 ], [ -65.244128, -18.606846 ], [ -65.244425, -18.606098 ], [ -65.24503, -18.605383 ], [ -65.245916, -18.60464 ], [ -65.246944, -18.603957 ], [ -65.247585, -18.603095 ], [ -65.247931, -18.602127 ], [ -65.248102, -18.601478 ], [ -65.248094, -18.600893 ], [ -65.247947, -18.600407 ], [ -65.24757, -18.600008 ], [ -65.24655, -18.599276 ], [ -65.245708, -18.598518 ], [ -65.245124, -18.597853 ], [ -65.244828, -18.596783 ], [ -65.24467, -18.595492 ], [ -65.244674, -18.594796 ], [ -65.244778, -18.593953 ], [ -65.244926, -18.593536 ], [ -65.245605, -18.592589 ], [ -65.245835, -18.591561 ], [ -65.245428, -18.586533 ], [ -65.245532, -18.581391 ], [ -65.245202, -18.579399 ], [ -65.244385, -18.57724 ], [ -65.241676, -18.569463 ], [ -65.240608, -18.566699 ], [ -65.238945, -18.562897 ], [ -65.238367, -18.559958 ], [ -65.237462, -18.553316 ], [ -65.237647, -18.551232 ], [ -65.238321, -18.549431 ], [ -65.24011, -18.544943 ], [ -65.242669, -18.538678 ], [ -65.244266, -18.535651 ], [ -65.244669, -18.533997 ], [ -65.244848, -18.531392 ], [ -65.244517, -18.529314 ], [ -65.243898, -18.528367 ], [ -65.243371, -18.527447 ], [ -65.243331, -18.526696 ], [ -65.243676, -18.525246 ], [ -65.244597, -18.523846 ], [ -65.245939, -18.522124 ], [ -65.246615, -18.520467 ], [ -65.246751, -18.51928 ], [ -65.246489, -18.517779 ], [ -65.245929, -18.516658 ], [ -65.245729, -18.515272 ], [ -65.245766, -18.513507 ], [ -65.245475, -18.512093 ], [ -65.244723, -18.510222 ], [ -65.24455, -18.508547 ], [ -65.244777, -18.507358 ], [ -65.24528, -18.506427 ], [ -65.246027, -18.505876 ], [ -65.247986, -18.504688 ], [ -65.249495, -18.504237 ], [ -65.251732, -18.503747 ], [ -65.253366, -18.503467 ], [ -65.254881, -18.503449 ], [ -65.256069, -18.50384 ], [ -65.257565, -18.504661 ], [ -65.260862, -18.506386 ], [ -65.262747, -18.506855 ], [ -65.264751, -18.507034 ], [ -65.268483, -18.507307 ], [ -65.269881, -18.507579 ], [ -65.271955, -18.508509 ], [ -65.273418, -18.509099 ], [ -65.275345, -18.509197 ], [ -65.277298, -18.509081 ], [ -65.279234, -18.50874 ], [ -65.280467, -18.507973 ], [ -65.281478, -18.506514 ], [ -65.281976, -18.505236 ], [ -65.282599, -18.504187 ], [ -65.283373, -18.503079 ], [ -65.284035, -18.502724 ], [ -65.284974, -18.502655 ], [ -65.286361, -18.502088 ], [ -65.287837, -18.501405 ], [ -65.288556, -18.500789 ], [ -65.288818, -18.499918 ], [ -65.288743, -18.498878 ], [ -65.288338, -18.498044 ], [ -65.287899, -18.496979 ], [ -65.287769, -18.496316 ], [ -65.287909, -18.495446 ], [ -65.288564, -18.494542 ], [ -65.289554, -18.493778 ], [ -65.291031, -18.493085 ], [ -65.29166, -18.492538 ], [ -65.292227, -18.491837 ], [ -65.292483, -18.49059 ], [ -65.292673, -18.488939 ], [ -65.293162, -18.486938 ], [ -65.293084, -18.485637 ], [ -65.292269, -18.483623 ], [ -65.291273, -18.481668 ], [ -65.290584, -18.480028 ], [ -65.290191, -18.477834 ], [ -65.289885, -18.475264 ], [ -65.289655, -18.473965 ], [ -65.289693, -18.472258 ], [ -65.289998, -18.470115 ], [ -65.290662, -18.46759 ], [ -65.291602, -18.465381 ], [ -65.292493, -18.464011 ], [ -65.294016, -18.462315 ], [ -65.295447, -18.460504 ], [ -65.296737, -18.457192 ], [ -65.297749, -18.455849 ], [ -65.299301, -18.454066 ], [ -65.300647, -18.45269 ], [ -65.301866, -18.450969 ], [ -65.303506, -18.448925 ], [ -65.305091, -18.447344 ], [ -65.307251, -18.445698 ], [ -65.308744, -18.444031 ], [ -65.30919, -18.443389 ], [ -65.309981, -18.442853 ], [ -65.310632, -18.442475 ], [ -65.311751, -18.442317 ], [ -65.313423, -18.442702 ], [ -65.314704, -18.443322 ], [ -65.315932, -18.444493 ], [ -65.317283, -18.445836 ], [ -65.31833, -18.447067 ], [ -65.318736, -18.447958 ], [ -65.319057, -18.449285 ], [ -65.319196, -18.450613 ], [ -65.319484, -18.451709 ], [ -65.319984, -18.45286 ], [ -65.320813, -18.45363 ], [ -65.322513, -18.454575 ], [ -65.323201, -18.454996 ], [ -65.324048, -18.455652 ], [ -65.324255, -18.456093 ], [ -65.324417, -18.456609 ], [ -65.32469, -18.457301 ], [ -65.325149, -18.457947 ], [ -65.32587, -18.458574 ], [ -65.326541, -18.458847 ], [ -65.327318, -18.459 ], [ -65.328359, -18.459091 ], [ -65.329427, -18.458945 ], [ -65.330047, -18.458675 ], [ -65.331371, -18.458196 ], [ -65.332322, -18.457415 ], [ -65.333253, -18.456323 ], [ -65.333725, -18.455666 ], [ -65.334195, -18.45492 ], [ -65.33477, -18.453803 ], [ -65.335246, -18.452376 ], [ -65.335645, -18.450847 ], [ -65.335859, -18.449542 ], [ -65.335933, -18.448135 ], [ -65.335659, -18.446156 ], [ -65.335292, -18.445435 ], [ -65.334879, -18.4447 ], [ -65.334402, -18.443833 ], [ -65.334144, -18.443096 ], [ -65.33396, -18.442122 ], [ -65.333777, -18.441177 ], [ -65.333604, -18.439832 ], [ -65.333559, -18.438811 ], [ -65.333732, -18.437847 ], [ -65.333811, -18.43681 ], [ -65.334031, -18.43589 ], [ -65.334108, -18.434676 ], [ -65.333992, -18.434144 ], [ -65.333872, -18.433302 ], [ -65.33361, -18.432255 ], [ -65.333205, -18.430987 ], [ -65.332651, -18.43015 ], [ -65.331643, -18.428993 ], [ -65.330897, -18.4277 ], [ -65.330714, -18.426755 ], [ -65.330722, -18.426178 ], [ -65.331003, -18.425183 ], [ -65.331428, -18.424512 ], [ -65.331856, -18.424048 ], [ -65.332407, -18.423553 ], [ -65.333068, -18.42313 ], [ -65.333902, -18.422868 ], [ -65.33486, -18.422634 ], [ -65.335618, -18.422507 ], [ -65.336745, -18.422093 ], [ -65.337375, -18.42173 ], [ -65.338284, -18.421275 ], [ -65.339053, -18.420851 ], [ -65.33961, -18.420726 ], [ -65.340072, -18.420513 ], [ -65.341011, -18.420028 ], [ -65.341844, -18.419677 ], [ -65.342719, -18.41906 ], [ -65.343366, -18.418711 ], [ -65.343812, -18.418454 ], [ -65.344429, -18.41824 ], [ -65.344707, -18.418118 ], [ -65.345263, -18.417963 ], [ -65.345839, -18.417883 ], [ -65.350239, -18.414539 ], [ -65.352955, -18.411198 ], [ -65.354488, -18.409841 ], [ -65.355676, -18.408466 ], [ -65.355463, -18.407764 ], [ -65.355461, -18.407757 ], [ -65.354957, -18.407243 ], [ -65.354413, -18.406968 ], [ -65.353751, -18.406833 ], [ -65.353261, -18.406624 ], [ -65.353153, -18.406578 ], [ -65.352751, -18.4062 ], [ -65.35262, -18.406004 ], [ -65.352471, -18.405784 ], [ -65.35234, -18.405494 ], [ -65.351906, -18.405005 ], [ -65.351897, -18.404994 ], [ -65.351761, -18.404784 ], [ -65.351555, -18.404453 ], [ -65.351414, -18.404253 ], [ -65.351185, -18.403965 ], [ -65.351131, -18.403871 ], [ -65.350921, -18.403511 ], [ -65.350847, -18.403343 ], [ -65.350628, -18.402858 ], [ -65.350537, -18.402672 ], [ -65.350391, -18.402375 ], [ -65.3502, -18.402086 ], [ -65.349948, -18.401822 ], [ -65.349659, -18.401679 ], [ -65.349396, -18.401601 ], [ -65.348227, -18.401222 ], [ -65.348022, -18.401089 ], [ -65.347844, -18.400973 ], [ -65.347686, -18.40079 ], [ -65.347514, -18.40059 ], [ -65.347323, -18.400368 ], [ -65.347256, -18.400224 ], [ -65.347191, -18.400084 ], [ -65.347101, -18.399891 ], [ -65.346839, -18.39923 ], [ -65.346755, -18.399114 ], [ -65.346603, -18.398904 ], [ -65.346542, -18.398774 ], [ -65.346461, -18.398601 ], [ -65.346409, -18.398343 ], [ -65.34636, -18.398115 ], [ -65.346313, -18.397919 ], [ -65.346299, -18.397858 ], [ -65.346282, -18.397788 ], [ -65.346261, -18.397703 ], [ -65.346224, -18.397653 ], [ -65.346177, -18.397589 ], [ -65.346132, -18.397477 ], [ -65.34607, -18.397322 ], [ -65.345997, -18.397137 ], [ -65.345942, -18.396828 ], [ -65.345938, -18.39681 ], [ -65.345857, -18.396355 ], [ -65.345835, -18.396148 ], [ -65.345768, -18.395551 ], [ -65.345731, -18.39539 ], [ -65.345651, -18.395032 ], [ -65.345582, -18.394726 ], [ -65.345561, -18.394514 ], [ -65.345489, -18.394385 ], [ -65.345336, -18.39411 ], [ -65.345313, -18.393764 ], [ -65.345303, -18.393501 ], [ -65.345219, -18.393287 ], [ -65.345043, -18.393077 ], [ -65.344849, -18.392869 ], [ -65.344482, -18.392473 ], [ -65.34435, -18.39228 ], [ -65.344345, -18.392126 ], [ -65.344338, -18.391956 ], [ -65.344331, -18.391761 ], [ -65.34433, -18.391718 ], [ -65.344326, -18.391626 ], [ -65.344295, -18.39148 ], [ -65.344283, -18.391425 ], [ -65.344249, -18.39127 ], [ -65.344226, -18.391167 ], [ -65.344215, -18.391034 ], [ -65.344203, -18.390885 ], [ -65.344198, -18.390821 ], [ -65.344173, -18.390509 ], [ -65.344169, -18.390198 ], [ -65.344197, -18.389971 ], [ -65.344218, -18.3898 ], [ -65.344196, -18.389651 ], [ -65.344177, -18.389525 ], [ -65.344092, -18.389407 ], [ -65.344003, -18.389282 ], [ -65.343928, -18.389194 ], [ -65.343812, -18.389058 ], [ -65.343747, -18.389026 ], [ -65.343565, -18.388935 ], [ -65.343525, -18.388936 ], [ -65.343384, -18.388938 ], [ -65.343217, -18.388973 ], [ -65.343126, -18.389024 ], [ -65.343004, -18.389092 ], [ -65.342883, -18.389193 ], [ -65.342798, -18.389263 ], [ -65.342749, -18.389321 ], [ -65.342552, -18.389394 ], [ -65.342377, -18.3894 ], [ -65.342205, -18.38932 ], [ -65.342081, -18.38918 ], [ -65.341966, -18.389031 ], [ -65.341855, -18.388862 ], [ -65.341782, -18.388744 ], [ -65.341708, -18.38863 ], [ -65.341592, -18.388464 ], [ -65.341398, -18.388256 ], [ -65.34126, -18.388062 ], [ -65.341092, -18.387836 ], [ -65.340963, -18.387678 ], [ -65.340841, -18.387479 ], [ -65.34076, -18.387273 ], [ -65.340725, -18.387045 ], [ -65.340722, -18.386831 ], [ -65.340902, -18.386447 ], [ -65.340925, -18.386365 ], [ -65.340974, -18.386348 ], [ -65.341106, -18.386079 ], [ -65.341211, -18.385736 ], [ -65.341211, -18.385308 ], [ -65.341021, -18.384864 ], [ -65.340998, -18.384229 ], [ -65.341265, -18.383628 ], [ -65.341536, -18.383308 ], [ -65.341694, -18.383036 ], [ -65.341821, -18.382621 ], [ -65.341828, -18.382356 ], [ -65.341799, -18.382175 ], [ -65.34168, -18.382023 ], [ -65.341463, -18.381862 ], [ -65.341156, -18.381749 ], [ -65.340307, -18.381522 ], [ -65.33971, -18.38109 ], [ -65.339585, -18.380634 ], [ -65.339545, -18.380489 ], [ -65.339556, -18.380221 ], [ -65.339577, -18.379648 ], [ -65.339648, -18.379298 ], [ -65.339629, -18.378515 ], [ -65.339662, -18.378078 ], [ -65.340102, -18.377525 ], [ -65.340379, -18.377372 ], [ -65.340635, -18.377124 ], [ -65.340816, -18.376805 ], [ -65.340875, -18.376559 ], [ -65.340806, -18.376341 ], [ -65.340461, -18.37528 ], [ -65.340683, -18.372337 ], [ -65.341005, -18.369345 ], [ -65.34059, -18.366249 ], [ -65.340609, -18.365957 ], [ -65.3405, -18.365584 ], [ -65.340522, -18.365009 ], [ -65.340422, -18.364644 ], [ -65.340299, -18.364497 ], [ -65.340205, -18.364385 ], [ -65.339925, -18.36431 ], [ -65.339654, -18.364232 ], [ -65.33917, -18.364007 ], [ -65.338843, -18.363679 ], [ -65.338418, -18.362776 ], [ -65.338217, -18.362472 ], [ -65.337903, -18.361844 ], [ -65.337464, -18.361216 ], [ -65.336905, -18.360635 ], [ -65.336636, -18.360461 ], [ -65.336242, -18.360294 ], [ -65.335775, -18.360175 ], [ -65.335348, -18.359847 ], [ -65.335101, -18.359435 ], [ -65.33496, -18.35885 ], [ -65.334935, -18.358432 ], [ -65.334927, -18.357839 ], [ -65.334834, -18.357136 ], [ -65.334666, -18.356724 ], [ -65.333728, -18.355093 ], [ -65.332195, -18.353229 ], [ -65.330474, -18.351135 ], [ -65.327383, -18.347375 ], [ -65.316376, -18.341508 ], [ -65.315309, -18.340936 ], [ -65.311946, -18.339244 ], [ -65.311263, -18.3389 ], [ -65.311193, -18.336495 ], [ -65.310778, -18.332004 ], [ -65.312174, -18.326475 ], [ -65.309315, -18.322613 ], [ -65.311675, -18.319178 ], [ -65.311756, -18.319059 ], [ -65.313524, -18.316486 ], [ -65.313556, -18.316439 ], [ -65.317091, -18.305519 ], [ -65.315665, -18.304037 ], [ -65.315352, -18.303705 ], [ -65.316192, -18.30202 ], [ -65.31662, -18.30116 ], [ -65.316669, -18.301063 ], [ -65.316864, -18.300671 ], [ -65.317536, -18.299322 ], [ -65.318283, -18.298624 ], [ -65.318317, -18.298592 ], [ -65.318631, -18.298293 ], [ -65.32003, -18.296986 ], [ -65.320599, -18.296454 ], [ -65.321042, -18.296041 ], [ -65.321297, -18.295803 ], [ -65.321878, -18.29526 ], [ -65.325248, -18.292111 ], [ -65.322942, -18.290042 ], [ -65.322491, -18.289631 ], [ -65.322434, -18.289579 ], [ -65.322422, -18.289568 ], [ -65.321262, -18.288512 ], [ -65.324661, -18.285037 ], [ -65.326343, -18.283302 ], [ -65.328216, -18.281327 ], [ -65.331654, -18.280694 ], [ -65.334764, -18.280121 ], [ -65.337646, -18.278126 ], [ -65.340297, -18.277521 ], [ -65.341295, -18.274922 ], [ -65.341967, -18.273171 ], [ -65.343612, -18.271642 ], [ -65.345767, -18.269638 ], [ -65.350057, -18.26817 ], [ -65.354958, -18.266494 ], [ -65.358387, -18.263536 ], [ -65.362221, -18.260228 ], [ -65.360843, -18.259453 ], [ -65.358611, -18.2582 ], [ -65.356509, -18.257342 ], [ -65.354823, -18.256654 ], [ -65.353088, -18.256176 ], [ -65.349739, -18.255253 ], [ -65.346407, -18.254335 ], [ -65.344233, -18.253736 ], [ -65.343294, -18.253399 ], [ -65.3399, -18.252063 ], [ -65.338109, -18.251358 ], [ -65.336008, -18.249982 ], [ -65.335035, -18.249344 ], [ -65.334199, -18.248796 ], [ -65.333419, -18.248285 ], [ -65.332133, -18.247443 ], [ -65.330934, -18.246657 ], [ -65.329266, -18.245564 ], [ -65.327289, -18.244268 ], [ -65.325854, -18.243328 ], [ -65.324491, -18.242434 ], [ -65.324056, -18.242149 ], [ -65.323533, -18.242011 ], [ -65.317059, -18.240035 ], [ -65.30387, -18.233455 ], [ -65.305531, -18.230326 ], [ -65.305697, -18.230013 ], [ -65.305962, -18.229514 ], [ -65.306832, -18.227876 ], [ -65.30996, -18.221983 ], [ -65.312247, -18.21644 ], [ -65.313956, -18.213246 ], [ -65.320869, -18.201282 ], [ -65.319077, -18.198978 ], [ -65.31404, -18.197012 ], [ -65.315081, -18.193399 ], [ -65.31179, -18.191335 ], [ -65.310427, -18.188001 ], [ -65.305891, -18.184032 ], [ -65.305646, -18.184261 ], [ -65.302635, -18.187116 ], [ -65.299975, -18.189965 ], [ -65.297406, -18.192719 ], [ -65.295073, -18.194043 ], [ -65.294954, -18.194111 ], [ -65.294725, -18.19424 ], [ -65.293763, -18.194786 ], [ -65.293575, -18.194893 ], [ -65.291273, -18.1962 ], [ -65.291185, -18.19625 ], [ -65.290274, -18.196767 ], [ -65.289681, -18.196275 ], [ -65.289598, -18.196207 ], [ -65.289043, -18.195747 ], [ -65.288969, -18.195686 ], [ -65.287387, -18.194376 ], [ -65.287235, -18.194251 ], [ -65.281437, -18.189451 ], [ -65.282932, -18.187306 ], [ -65.282996, -18.187215 ], [ -65.28322, -18.186894 ], [ -65.285932, -18.183002 ], [ -65.289256, -18.178233 ], [ -65.293248, -18.172506 ], [ -65.293788, -18.17173 ], [ -65.293905, -18.171562 ], [ -65.29474, -18.170127 ], [ -65.295497, -18.168826 ], [ -65.29715, -18.165984 ], [ -65.298218, -18.164148 ], [ -65.298225, -18.164069 ], [ -65.298227, -18.163828 ], [ -65.29812, -18.163528 ], [ -65.298037, -18.163367 ], [ -65.29799, -18.163159 ], [ -65.297812, -18.162733 ], [ -65.297788, -18.162641 ], [ -65.29779, -18.162296 ], [ -65.297815, -18.162169 ], [ -65.297815, -18.162135 ], [ -65.298022, -18.161653 ], [ -65.298046, -18.16163 ], [ -65.298167, -18.161389 ], [ -65.298192, -18.161354 ], [ -65.298192, -18.161331 ], [ -65.29824, -18.161286 ], [ -65.298264, -18.16124 ], [ -65.298301, -18.161217 ], [ -65.298349, -18.161171 ], [ -65.298361, -18.161171 ], [ -65.298361, -18.161137 ], [ -65.298386, -18.161022 ], [ -65.298387, -18.160734 ], [ -65.298364, -18.160538 ], [ -65.298353, -18.160343 ], [ -65.298318, -18.160193 ], [ -65.298271, -18.160078 ], [ -65.298116, -18.159835 ], [ -65.297996, -18.159731 ], [ -65.297864, -18.159639 ], [ -65.297696, -18.159546 ], [ -65.297697, -18.159534 ], [ -65.297613, -18.159476 ], [ -65.297445, -18.159418 ], [ -65.297409, -18.159395 ], [ -65.297205, -18.159348 ], [ -65.297145, -18.159347 ], [ -65.296725, -18.159242 ], [ -65.296629, -18.159195 ], [ -65.296353, -18.159102 ], [ -65.296125, -18.158997 ], [ -65.296125, -18.158986 ], [ -65.295921, -18.158858 ], [ -65.295898, -18.158824 ], [ -65.295874, -18.158823 ], [ -65.295838, -18.158766 ], [ -65.295551, -18.1585 ], [ -65.295431, -18.158361 ], [ -65.295193, -18.158026 ], [ -65.295193, -18.158003 ], [ -65.295169, -18.157992 ], [ -65.295133, -18.157911 ], [ -65.295074, -18.157842 ], [ -65.295002, -18.157738 ], [ -65.294966, -18.157703 ], [ -65.294847, -18.157541 ], [ -65.294835, -18.157507 ], [ -65.294763, -18.157449 ], [ -65.294751, -18.157426 ], [ -65.294668, -18.157333 ], [ -65.294536, -18.157229 ], [ -65.29444, -18.157114 ], [ -65.294381, -18.157067 ], [ -65.294213, -18.156905 ], [ -65.294154, -18.156813 ], [ -65.294058, -18.156721 ], [ -65.294058, -18.156686 ], [ -65.294034, -18.156663 ], [ -65.294035, -18.156479 ], [ -65.294, -18.156341 ], [ -65.294003, -18.155673 ], [ -65.293981, -18.155386 ], [ -65.293983, -18.154983 ], [ -65.29396, -18.154833 ], [ -65.293961, -18.154615 ], [ -65.293938, -18.154454 ], [ -65.29394, -18.154005 ], [ -65.293917, -18.153867 ], [ -65.293929, -18.153763 ], [ -65.293934, -18.152981 ], [ -65.293922, -18.152912 ], [ -65.293924, -18.152533 ], [ -65.293913, -18.152371 ], [ -65.293915, -18.151888 ], [ -65.29388, -18.151762 ], [ -65.293882, -18.15129 ], [ -65.293871, -18.151209 ], [ -65.293873, -18.150818 ], [ -65.29385, -18.150634 ], [ -65.293853, -18.150116 ], [ -65.293865, -18.150036 ], [ -65.293867, -18.149737 ], [ -65.293843, -18.149679 ], [ -65.293843, -18.149622 ], [ -65.29388, -18.149507 ], [ -65.29388, -18.149426 ], [ -65.293905, -18.149288 ], [ -65.293906, -18.149127 ], [ -65.293942, -18.14907 ], [ -65.293944, -18.14884 ], [ -65.293908, -18.148713 ], [ -65.293909, -18.148598 ], [ -65.293816, -18.147977 ], [ -65.293804, -18.147942 ], [ -65.293804, -18.147884 ], [ -65.293746, -18.147528 ], [ -65.293711, -18.147412 ], [ -65.293711, -18.147378 ], [ -65.293687, -18.147355 ], [ -65.293688, -18.147263 ], [ -65.293617, -18.146986 ], [ -65.293534, -18.146813 ], [ -65.29351, -18.146721 ], [ -65.293486, -18.146675 ], [ -65.293451, -18.146537 ], [ -65.293392, -18.146398 ], [ -65.293285, -18.146202 ], [ -65.293237, -18.146144 ], [ -65.293237, -18.146133 ], [ -65.293201, -18.146064 ], [ -65.293118, -18.145856 ], [ -65.292987, -18.14558 ], [ -65.292988, -18.145534 ], [ -65.292952, -18.145453 ], [ -65.292833, -18.145257 ], [ -65.292798, -18.145107 ], [ -65.292739, -18.144934 ], [ -65.292678, -18.144934 ], [ -65.292643, -18.144911 ], [ -65.292643, -18.144888 ], [ -65.292536, -18.144657 ], [ -65.292428, -18.144507 ], [ -65.292369, -18.144438 ], [ -65.292213, -18.144287 ], [ -65.29207, -18.144125 ], [ -65.291974, -18.144056 ], [ -65.291974, -18.144044 ], [ -65.291926, -18.14401 ], [ -65.291843, -18.143906 ], [ -65.291783, -18.143802 ], [ -65.291783, -18.143767 ], [ -65.291724, -18.143594 ], [ -65.291712, -18.143594 ], [ -65.291713, -18.143502 ], [ -65.29163, -18.143191 ], [ -65.291631, -18.143076 ], [ -65.291607, -18.143007 ], [ -65.291608, -18.142938 ], [ -65.291561, -18.142639 ], [ -65.291538, -18.142535 ], [ -65.291538, -18.142466 ], [ -65.291503, -18.142282 ], [ -65.291504, -18.142121 ], [ -65.291481, -18.141948 ], [ -65.291482, -18.141603 ], [ -65.291459, -18.141522 ], [ -65.291459, -18.141453 ], [ -65.291435, -18.141407 ], [ -65.291436, -18.141384 ], [ -65.291353, -18.141188 ], [ -65.29121, -18.140888 ], [ -65.291162, -18.140831 ], [ -65.291031, -18.140623 ], [ -65.290959, -18.140531 ], [ -65.290864, -18.140369 ], [ -65.290614, -18.139988 ], [ -65.29059, -18.139988 ], [ -65.290566, -18.13993 ], [ -65.290543, -18.139838 ], [ -65.290495, -18.139838 ], [ -65.290495, -18.139827 ], [ -65.290471, -18.139826 ], [ -65.290447, -18.139803 ], [ -65.290399, -18.139734 ], [ -65.290184, -18.139537 ], [ -65.290172, -18.139514 ], [ -65.289573, -18.139097 ], [ -65.289262, -18.138934 ], [ -65.289178, -18.1389 ], [ -65.289058, -18.13883 ], [ -65.288854, -18.138737 ], [ -65.288794, -18.138691 ], [ -65.288782, -18.138667 ], [ -65.288555, -18.138482 ], [ -65.288543, -18.138482 ], [ -65.288543, -18.138471 ], [ -65.288531, -18.138471 ], [ -65.288531, -18.138459 ], [ -65.288352, -18.138228 ], [ -65.288328, -18.138217 ], [ -65.288292, -18.138182 ], [ -65.288196, -18.138112 ], [ -65.288101, -18.138077 ], [ -65.287945, -18.137984 ], [ -65.287909, -18.137984 ], [ -65.287729, -18.137914 ], [ -65.287633, -18.137891 ], [ -65.287477, -18.137833 ], [ -65.287429, -18.137832 ], [ -65.287333, -18.137797 ], [ -65.287057, -18.137727 ], [ -65.286745, -18.137668 ], [ -65.286529, -18.137667 ], [ -65.286409, -18.137632 ], [ -65.286288, -18.137631 ], [ -65.286156, -18.137619 ], [ -65.285928, -18.137618 ], [ -65.285784, -18.137605 ], [ -65.285604, -18.137604 ], [ -65.285411, -18.13758 ], [ -65.285243, -18.137545 ], [ -65.284583, -18.137507 ], [ -65.284462, -18.137507 ], [ -65.284463, -18.137495 ], [ -65.284294, -18.137483 ], [ -65.284258, -18.13746 ], [ -65.284162, -18.137459 ], [ -65.28409, -18.137436 ], [ -65.28409, -18.137424 ], [ -65.284054, -18.137424 ], [ -65.283934, -18.1374 ], [ -65.283814, -18.137354 ], [ -65.283682, -18.13733 ], [ -65.283586, -18.137284 ], [ -65.28343, -18.13726 ], [ -65.28343, -18.137237 ], [ -65.283239, -18.137178 ], [ -65.283203, -18.137144 ], [ -65.283107, -18.137097 ], [ -65.283071, -18.137097 ], [ -65.283023, -18.137074 ], [ -65.282736, -18.136865 ], [ -65.282628, -18.136773 ], [ -65.282532, -18.136703 ], [ -65.28246, -18.136634 ], [ -65.282293, -18.136495 ], [ -65.282161, -18.136368 ], [ -65.282006, -18.13624 ], [ -65.281922, -18.136136 ], [ -65.281695, -18.135905 ], [ -65.281671, -18.135905 ], [ -65.281611, -18.135836 ], [ -65.281373, -18.135512 ], [ -65.281349, -18.135501 ], [ -65.281313, -18.135443 ], [ -65.281253, -18.135374 ], [ -65.281027, -18.135062 ], [ -65.281003, -18.135004 ], [ -65.280944, -18.134912 ], [ -65.280741, -18.134646 ], [ -65.280633, -18.134531 ], [ -65.280586, -18.134438 ], [ -65.280442, -18.134242 ], [ -65.280168, -18.133942 ], [ -65.279713, -18.133514 ], [ -65.279606, -18.133432 ], [ -65.279498, -18.133317 ], [ -65.279342, -18.133213 ], [ -65.279247, -18.133132 ], [ -65.279139, -18.133062 ], [ -65.279079, -18.133004 ], [ -65.278912, -18.1329 ], [ -65.27878, -18.132807 ], [ -65.278768, -18.132807 ], [ -65.278768, -18.132795 ], [ -65.278696, -18.132784 ], [ -65.278684, -18.132772 ], [ -65.278648, -18.132772 ], [ -65.278648, -18.13276 ], [ -65.278636, -18.13276 ], [ -65.278552, -18.132691 ], [ -65.278408, -18.13261 ], [ -65.278385, -18.132586 ], [ -65.278193, -18.13247 ], [ -65.278001, -18.132377 ], [ -65.277905, -18.132319 ], [ -65.277594, -18.13218 ], [ -65.277474, -18.132099 ], [ -65.277354, -18.13204 ], [ -65.27733, -18.13204 ], [ -65.27727, -18.132017 ], [ -65.27727, -18.131994 ], [ -65.277162, -18.131936 ], [ -65.277079, -18.13182 ], [ -65.277043, -18.13174 ], [ -65.277031, -18.131694 ], [ -65.276984, -18.131636 ], [ -65.276984, -18.13159 ], [ -65.276937, -18.131406 ], [ -65.276913, -18.131348 ], [ -65.276915, -18.131095 ], [ -65.276927, -18.131014 ], [ -65.276929, -18.130669 ], [ -65.276941, -18.130623 ], [ -65.276942, -18.130428 ], [ -65.276967, -18.130313 ], [ -65.277003, -18.130244 ], [ -65.277028, -18.130083 ], [ -65.277053, -18.12998 ], [ -65.277066, -18.129842 ], [ -65.277056, -18.12937 ], [ -65.277032, -18.129312 ], [ -65.276973, -18.129209 ], [ -65.276901, -18.129128 ], [ -65.276878, -18.129058 ], [ -65.276818, -18.128989 ], [ -65.276782, -18.128931 ], [ -65.276735, -18.128793 ], [ -65.276687, -18.128712 ], [ -65.276616, -18.128482 ], [ -65.276569, -18.128367 ], [ -65.276509, -18.128251 ], [ -65.276427, -18.128009 ], [ -65.276236, -18.127617 ], [ -65.276129, -18.127467 ], [ -65.27607, -18.12734 ], [ -65.275819, -18.126982 ], [ -65.275581, -18.12667 ], [ -65.275485, -18.126509 ], [ -65.275247, -18.12614 ], [ -65.27508, -18.12592 ], [ -65.274937, -18.125712 ], [ -65.274878, -18.125597 ], [ -65.27477, -18.125435 ], [ -65.274675, -18.125251 ], [ -65.274568, -18.125089 ], [ -65.274496, -18.125031 ], [ -65.274496, -18.124985 ], [ -65.274389, -18.124835 ], [ -65.274365, -18.124835 ], [ -65.274341, -18.124766 ], [ -65.274318, -18.124731 ], [ -65.27427, -18.124708 ], [ -65.27427, -18.124685 ], [ -65.274222, -18.124616 ], [ -65.274187, -18.124524 ], [ -65.274139, -18.124477 ], [ -65.274055, -18.12435 ], [ -65.273972, -18.124281 ], [ -65.273792, -18.124153 ], [ -65.27366, -18.124072 ], [ -65.273552, -18.124026 ], [ -65.273528, -18.124002 ], [ -65.273409, -18.123921 ], [ -65.272606, -18.123492 ], [ -65.272295, -18.123294 ], [ -65.272211, -18.123225 ], [ -65.272031, -18.123132 ], [ -65.271971, -18.12312 ], [ -65.271911, -18.123074 ], [ -65.271804, -18.123016 ], [ -65.271648, -18.122969 ], [ -65.271612, -18.122934 ], [ -65.27136, -18.122829 ], [ -65.271288, -18.122783 ], [ -65.271121, -18.122644 ], [ -65.271001, -18.122528 ], [ -65.270858, -18.122424 ], [ -65.270798, -18.122355 ], [ -65.270702, -18.122308 ], [ -65.270702, -18.122285 ], [ -65.270642, -18.12225 ], [ -65.270558, -18.122181 ], [ -65.270475, -18.122123 ], [ -65.270367, -18.122076 ], [ -65.270307, -18.122042 ], [ -65.270223, -18.122007 ], [ -65.269876, -18.121821 ], [ -65.269684, -18.121705 ], [ -65.26954, -18.121566 ], [ -65.269469, -18.121531 ], [ -65.269385, -18.121462 ], [ -65.269325, -18.121438 ], [ -65.269277, -18.121438 ], [ -65.269277, -18.121427 ], [ -65.269253, -18.121426 ], [ -65.269229, -18.121403 ], [ -65.269085, -18.121322 ], [ -65.268845, -18.121229 ], [ -65.268641, -18.12117 ], [ -65.268377, -18.121169 ], [ -65.268052, -18.121213 ], [ -65.267956, -18.121236 ], [ -65.267739, -18.121315 ], [ -65.267643, -18.121372 ], [ -65.267607, -18.121372 ], [ -65.267474, -18.121429 ], [ -65.267342, -18.121463 ], [ -65.267197, -18.121554 ], [ -65.267185, -18.121554 ], [ -65.267101, -18.121599 ], [ -65.267005, -18.121622 ], [ -65.266583, -18.121769 ], [ -65.266547, -18.121792 ], [ -65.266343, -18.121849 ], [ -65.265994, -18.121847 ], [ -65.265874, -18.121812 ], [ -65.265838, -18.121811 ], [ -65.265754, -18.121776 ], [ -65.265658, -18.121776 ], [ -65.265622, -18.121753 ], [ -65.265419, -18.12166 ], [ -65.265407, -18.121625 ], [ -65.265287, -18.121544 ], [ -65.265108, -18.121347 ], [ -65.26506, -18.121232 ], [ -65.265001, -18.121128 ], [ -65.264989, -18.121059 ], [ -65.264965, -18.121025 ], [ -65.26493, -18.120875 ], [ -65.264908, -18.120618 ], [ -65.264912, -18.120532 ], [ -65.264903, -18.120466 ], [ -65.264879, -18.120388 ], [ -65.264825, -18.120267 ], [ -65.264804, -18.120228 ], [ -65.264768, -18.120173 ], [ -65.264738, -18.120101 ], [ -65.264718, -18.120079 ], [ -65.264688, -18.120049 ], [ -65.264635, -18.120011 ], [ -65.264586, -18.120003 ], [ -65.264557, -18.11999 ], [ -65.264516, -18.119976 ], [ -65.256366, -18.119645 ], [ -65.252136, -18.115912 ], [ -65.251551, -18.115455 ], [ -65.231923, -18.096586 ], [ -65.22692, -18.088071 ], [ -65.221395, -18.088103 ], [ -65.222312, -18.08439 ], [ -65.23185, -18.062231 ], [ -65.232336, -18.061101 ], [ -65.227897, -18.055052 ], [ -65.232794, -18.049536 ], [ -65.226015, -18.042589 ], [ -65.21043, -18.023565 ], [ -65.196959, -18.021907 ], [ -65.196718, -18.021881 ], [ -65.196568, -18.021883 ], [ -65.196358, -18.021885 ], [ -65.196103, -18.021902 ], [ -65.195897, -18.021937 ], [ -65.195733, -18.021924 ], [ -65.195449, -18.021899 ], [ -65.195254, -18.021802 ], [ -65.195176, -18.021517 ], [ -65.195159, -18.021361 ], [ -65.195334, -18.021204 ], [ -65.195365, -18.021087 ], [ -65.195586, -18.021024 ], [ -65.195696, -18.020922 ], [ -65.19572, -18.020888 ], [ -65.19572, -18.020877 ], [ -65.195744, -18.020877 ], [ -65.195878, -18.020718 ], [ -65.195903, -18.020707 ], [ -65.195927, -18.020673 ], [ -65.195988, -18.020628 ], [ -65.196061, -18.02056 ], [ -65.196182, -18.020482 ], [ -65.196182, -18.020459 ], [ -65.196365, -18.020278 ], [ -65.196511, -18.020108 ], [ -65.196548, -18.020051 ], [ -65.196548, -18.020039 ], [ -65.196646, -18.019868 ], [ -65.196709, -18.01972 ], [ -65.196782, -18.019606 ], [ -65.196869, -18.019412 ], [ -65.197029, -18.019139 ], [ -65.197079, -18.019013 ], [ -65.197103, -18.018979 ], [ -65.19714, -18.018899 ], [ -65.197255, -18.018429 ], [ -65.197257, -18.018337 ], [ -65.197283, -18.018188 ], [ -65.197286, -18.017958 ], [ -65.197265, -18.01775 ], [ -65.197268, -18.017566 ], [ -65.197246, -18.017439 ], [ -65.197222, -18.017427 ], [ -65.197199, -18.017346 ], [ -65.19713, -18.017161 ], [ -65.197083, -18.01708 ], [ -65.197048, -18.016999 ], [ -65.19699, -18.016917 ], [ -65.196943, -18.016813 ], [ -65.196685, -18.016406 ], [ -65.19665, -18.016382 ], [ -65.196591, -18.016289 ], [ -65.196358, -18.015859 ], [ -65.196311, -18.015801 ], [ -65.196229, -18.015627 ], [ -65.196184, -18.015454 ], [ -65.196128, -18.015188 ], [ -65.19613, -18.015039 ], [ -65.196155, -18.01497 ], [ -65.196158, -18.014763 ], [ -65.196198, -18.014522 ], [ -65.196201, -18.014326 ], [ -65.196238, -18.0142 ], [ -65.196263, -18.014143 ], [ -65.196276, -18.014075 ], [ -65.196364, -18.013834 ], [ -65.196499, -18.013618 ], [ -65.196536, -18.013515 ], [ -65.196597, -18.013447 ], [ -65.196683, -18.013311 ], [ -65.196878, -18.013084 ], [ -65.196939, -18.013062 ], [ -65.197036, -18.012994 ], [ -65.197277, -18.012872 ], [ -65.197373, -18.012851 ], [ -65.197518, -18.012795 ], [ -65.197626, -18.012774 ], [ -65.197808, -18.012685 ], [ -65.197989, -18.012562 ], [ -65.198208, -18.012393 ], [ -65.198208, -18.012381 ], [ -65.198305, -18.012268 ], [ -65.198354, -18.012188 ], [ -65.198379, -18.01212 ], [ -65.198502, -18.011926 ], [ -65.198676, -18.011549 ], [ -65.198714, -18.011377 ], [ -65.198723, -18.010802 ], [ -65.198701, -18.010641 ], [ -65.198644, -18.010444 ], [ -65.198599, -18.010225 ], [ -65.198542, -18.01004 ], [ -65.198426, -18.009762 ], [ -65.198377, -18.009686 ], [ -65.198333, -18.009611 ], [ -65.198292, -18.009529 ], [ -65.198274, -18.009495 ], [ -65.198241, -18.009464 ], [ -65.198211, -18.009428 ], [ -65.198193, -18.009397 ], [ -65.198185, -18.009376 ], [ -65.198149, -18.009321 ], [ -65.198111, -18.009271 ], [ -65.198016, -18.009168 ], [ -65.197924, -18.009026 ], [ -65.197721, -18.008706 ], [ -65.197694, -18.008473 ], [ -65.19767, -18.008408 ], [ -65.197603, -18.00826 ], [ -65.197552, -18.008082 ], [ -65.197471, -18.007858 ], [ -65.197318, -18.007649 ], [ -65.197094, -18.007426 ], [ -65.196916, -18.007297 ], [ -65.196832, -18.007272 ], [ -65.19676, -18.007271 ], [ -65.196688, -18.007281 ], [ -65.196485, -18.007278 ], [ -65.196304, -18.007321 ], [ -65.196196, -18.007331 ], [ -65.196099, -18.007375 ], [ -65.195991, -18.007396 ], [ -65.195751, -18.007392 ], [ -65.195476, -18.007376 ], [ -65.195345, -18.007339 ], [ -65.195305, -18.007332 ], [ -65.195249, -18.007314 ], [ -65.195192, -18.007283 ], [ -65.195131, -18.007234 ], [ -65.195059, -18.007173 ], [ -65.194941, -18.007079 ], [ -65.194869, -18.006964 ], [ -65.194848, -18.006893 ], [ -65.19483, -18.006842 ], [ -65.194833, -18.006781 ], [ -65.194831, -18.006677 ], [ -65.194828, -18.006605 ], [ -65.194903, -18.006377 ], [ -65.194928, -18.006342 ], [ -65.194928, -18.006319 ], [ -65.19494, -18.006297 ], [ -65.194953, -18.006239 ], [ -65.195015, -18.006114 ], [ -65.195016, -18.006068 ], [ -65.195077, -18.005977 ], [ -65.195227, -18.005588 ], [ -65.195233, -18.005454 ], [ -65.195218, -18.005323 ], [ -65.195195, -18.005277 ], [ -65.195124, -18.005195 ], [ -65.195101, -18.005183 ], [ -65.195068, -18.005155 ], [ -65.195029, -18.005136 ], [ -65.194909, -18.005067 ], [ -65.194815, -18.005029 ], [ -65.194732, -18.004997 ], [ -65.194696, -18.004969 ], [ -65.194601, -18.004933 ], [ -65.194494, -18.004874 ], [ -65.194339, -18.004814 ], [ -65.194125, -18.004695 ], [ -65.194054, -18.004636 ], [ -65.19403, -18.004624 ], [ -65.194006, -18.004601 ], [ -65.193947, -18.004565 ], [ -65.193829, -18.004448 ], [ -65.193746, -18.004355 ], [ -65.193593, -18.004157 ], [ -65.193535, -18.004064 ], [ -65.193507, -18.003963 ], [ -65.193492, -18.003916 ], [ -65.193491, -18.003852 ], [ -65.193494, -18.003805 ], [ -65.193482, -18.00373 ], [ -65.193474, -18.003672 ], [ -65.193462, -18.003604 ], [ -65.193454, -18.003564 ], [ -65.193431, -18.003471 ], [ -65.193396, -18.003401 ], [ -65.193349, -18.003282 ], [ -65.193337, -18.00325 ], [ -65.193314, -18.003169 ], [ -65.19329, -18.003107 ], [ -65.193267, -18.003018 ], [ -65.193267, -18.003003 ], [ -65.193244, -18.002926 ], [ -65.193186, -18.00274 ], [ -65.193162, -18.002705 ], [ -65.193163, -18.002636 ], [ -65.19314, -18.002555 ], [ -65.19314, -18.00252 ], [ -65.193117, -18.002427 ], [ -65.19307, -18.002311 ], [ -65.193011, -18.002195 ], [ -65.192857, -18.001985 ], [ -65.192464, -18.001622 ], [ -65.192344, -18.00154 ], [ -65.192177, -18.001446 ], [ -65.192117, -18.001422 ], [ -65.192034, -18.001375 ], [ -65.191878, -18.001315 ], [ -65.19153, -18.001311 ], [ -65.191302, -18.001262 ], [ -65.191254, -18.001262 ], [ -65.191194, -18.001215 ], [ -65.191147, -18.001191 ], [ -65.190956, -18.00105 ], [ -65.190959, -18.00075 ], [ -65.190996, -18.000588 ], [ -65.190998, -18.000404 ], [ -65.191035, -18.000289 ], [ -65.191048, -18.000185 ], [ -65.191085, -18.000093 ], [ -65.191085, -18.000046 ], [ -65.191122, -17.999954 ], [ -65.191123, -17.999862 ], [ -65.191148, -17.999747 ], [ -65.19115, -17.999504 ], [ -65.191046, -17.999098 ], [ -65.190999, -17.999006 ], [ -65.190916, -17.998889 ], [ -65.19088, -17.998819 ], [ -65.190845, -17.998784 ], [ -65.190773, -17.998737 ], [ -65.190725, -17.99876 ], [ -65.190617, -17.99877 ], [ -65.190556, -17.998792 ], [ -65.19052, -17.998815 ], [ -65.190448, -17.998837 ], [ -65.190327, -17.998928 ], [ -65.190278, -17.998986 ], [ -65.19023, -17.99902 ], [ -65.190206, -17.999066 ], [ -65.190096, -17.999203 ], [ -65.190059, -17.999295 ], [ -65.189876, -17.999616 ], [ -65.189876, -17.999651 ], [ -65.189852, -17.999651 ], [ -65.189851, -17.999685 ], [ -65.189695, -17.999684 ], [ -65.189648, -17.999648 ], [ -65.189588, -17.999625 ], [ -65.189444, -17.999542 ], [ -65.189397, -17.999484 ], [ -65.18923, -17.999343 ], [ -65.189112, -17.999099 ], [ -65.188923, -17.998796 ], [ -65.188852, -17.998703 ], [ -65.188781, -17.998587 ], [ -65.188603, -17.998388 ], [ -65.188424, -17.998248 ], [ -65.18834, -17.9982 ], [ -65.188232, -17.998164 ], [ -65.188004, -17.998162 ], [ -65.187884, -17.998207 ], [ -65.187848, -17.998206 ], [ -65.187775, -17.99824 ], [ -65.187739, -17.99824 ], [ -65.187667, -17.998262 ], [ -65.187594, -17.998307 ], [ -65.187474, -17.998364 ], [ -65.187329, -17.998466 ], [ -65.187135, -17.998625 ], [ -65.186773, -17.998829 ], [ -65.186617, -17.998827 ], [ -65.186545, -17.998803 ], [ -65.186473, -17.998756 ], [ -65.186449, -17.998756 ], [ -65.186402, -17.998709 ], [ -65.186187, -17.998534 ], [ -65.186128, -17.99844 ], [ -65.186058, -17.99822 ], [ -65.18606, -17.998024 ], [ -65.186097, -17.997932 ], [ -65.186098, -17.997781 ], [ -65.186148, -17.997586 ], [ -65.186149, -17.997528 ], [ -65.186186, -17.997413 ], [ -65.186187, -17.997251 ], [ -65.186213, -17.997055 ], [ -65.186215, -17.996847 ], [ -65.186241, -17.996639 ], [ -65.186266, -17.996501 ], [ -65.186267, -17.996408 ], [ -65.186304, -17.996339 ], [ -65.186305, -17.996178 ], [ -65.186318, -17.996085 ], [ -65.18633, -17.996086 ], [ -65.186331, -17.995993 ], [ -65.186368, -17.995901 ], [ -65.186369, -17.995832 ], [ -65.186393, -17.995774 ], [ -65.186394, -17.995728 ], [ -65.186444, -17.995451 ], [ -65.18653, -17.995221 ], [ -65.186544, -17.995094 ], [ -65.186532, -17.995094 ], [ -65.186533, -17.994956 ], [ -65.186441, -17.994481 ], [ -65.186382, -17.994365 ], [ -65.186335, -17.994248 ], [ -65.186276, -17.994132 ], [ -65.186194, -17.993993 ], [ -65.186099, -17.993853 ], [ -65.186004, -17.993736 ], [ -65.185945, -17.993643 ], [ -65.185636, -17.993258 ], [ -65.185529, -17.993153 ], [ -65.185195, -17.992872 ], [ -65.1851, -17.992767 ], [ -65.184874, -17.992556 ], [ -65.184672, -17.992346 ], [ -65.184601, -17.992252 ], [ -65.184541, -17.992194 ], [ -65.184493, -17.99217 ], [ -65.184446, -17.992112 ], [ -65.184269, -17.991798 ], [ -65.184233, -17.991693 ], [ -65.184163, -17.991554 ], [ -65.184128, -17.99145 ], [ -65.183975, -17.99109 ], [ -65.183963, -17.991032 ], [ -65.183928, -17.99095 ], [ -65.183846, -17.990799 ], [ -65.183799, -17.990683 ], [ -65.183716, -17.990543 ], [ -65.183634, -17.990311 ], [ -65.183551, -17.990183 ], [ -65.183492, -17.990055 ], [ -65.183374, -17.989904 ], [ -65.183231, -17.989764 ], [ -65.183016, -17.989588 ], [ -65.182849, -17.98947 ], [ -65.182706, -17.989388 ], [ -65.182598, -17.989352 ], [ -65.182502, -17.989304 ], [ -65.182299, -17.989256 ], [ -65.181987, -17.989252 ], [ -65.181614, -17.989317 ], [ -65.181481, -17.989385 ], [ -65.181324, -17.989452 ], [ -65.181143, -17.989554 ], [ -65.180938, -17.989691 ], [ -65.180793, -17.98977 ], [ -65.180503, -17.989951 ], [ -65.180093, -17.990154 ], [ -65.179984, -17.990223 ], [ -65.179827, -17.990302 ], [ -65.179731, -17.990324 ], [ -65.179646, -17.990369 ], [ -65.179393, -17.990458 ], [ -65.179261, -17.990514 ], [ -65.179128, -17.990559 ], [ -65.179008, -17.990581 ], [ -65.178804, -17.990578 ], [ -65.178672, -17.990565 ], [ -65.178564, -17.990541 ], [ -65.17836, -17.990458 ], [ -65.178265, -17.990387 ], [ -65.178217, -17.990375 ], [ -65.178205, -17.99034 ], [ -65.178158, -17.990282 ], [ -65.17811, -17.990247 ], [ -65.177968, -17.990072 ], [ -65.177968, -17.99006 ], [ -65.177921, -17.989979 ], [ -65.177826, -17.989781 ], [ -65.177827, -17.989735 ], [ -65.177803, -17.989654 ], [ -65.177756, -17.989549 ], [ -65.177757, -17.989503 ], [ -65.177734, -17.989376 ], [ -65.177629, -17.989074 ], [ -65.177605, -17.989028 ], [ -65.177606, -17.988981 ], [ -65.177559, -17.988854 ], [ -65.177512, -17.98868 ], [ -65.177513, -17.988645 ], [ -65.177525, -17.988645 ], [ -65.177537, -17.988576 ], [ -65.17754, -17.988299 ], [ -65.17759, -17.98808 ], [ -65.177676, -17.987873 ], [ -65.177737, -17.987793 ], [ -65.17787, -17.987656 ], [ -65.178028, -17.987519 ], [ -65.178112, -17.987474 ], [ -65.178209, -17.98744 ], [ -65.178281, -17.987406 ], [ -65.178437, -17.987373 ], [ -65.17851, -17.987351 ], [ -65.178594, -17.987352 ], [ -65.17869, -17.98733 ], [ -65.179362, -17.987338 ], [ -65.179579, -17.987271 ], [ -65.179664, -17.987191 ], [ -65.179725, -17.987065 ], [ -65.179728, -17.986799 ], [ -65.179704, -17.986787 ], [ -65.17968, -17.986718 ], [ -65.179645, -17.986671 ], [ -65.17961, -17.986601 ], [ -65.179503, -17.986485 ], [ -65.179443, -17.986403 ], [ -65.179336, -17.986298 ], [ -65.179086, -17.98611 ], [ -65.178787, -17.985945 ], [ -65.178679, -17.985897 ], [ -65.17856, -17.985861 ], [ -65.178464, -17.98586 ], [ -65.178319, -17.98587 ], [ -65.178283, -17.985881 ], [ -65.178199, -17.98588 ], [ -65.178139, -17.985914 ], [ -65.178006, -17.985947 ], [ -65.17791, -17.986004 ], [ -65.177729, -17.986071 ], [ -65.177608, -17.986127 ], [ -65.177175, -17.986284 ], [ -65.176946, -17.986328 ], [ -65.176562, -17.986323 ], [ -65.176382, -17.986309 ], [ -65.176262, -17.986308 ], [ -65.176166, -17.986284 ], [ -65.176082, -17.986271 ], [ -65.175866, -17.986223 ], [ -65.175794, -17.986187 ], [ -65.175711, -17.986163 ], [ -65.175603, -17.986104 ], [ -65.175471, -17.986056 ], [ -65.175364, -17.985997 ], [ -65.175101, -17.985809 ], [ -65.174804, -17.985517 ], [ -65.174685, -17.985377 ], [ -65.174364, -17.985026 ], [ -65.174222, -17.98484 ], [ -65.174032, -17.984572 ], [ -65.173878, -17.984397 ], [ -65.173534, -17.983954 ], [ -65.173415, -17.983767 ], [ -65.173297, -17.983604 ], [ -65.173202, -17.983453 ], [ -65.172941, -17.983103 ], [ -65.17287, -17.982975 ], [ -65.172692, -17.982765 ], [ -65.172597, -17.982672 ], [ -65.172418, -17.982577 ], [ -65.172167, -17.982458 ], [ -65.17188, -17.98234 ], [ -65.171555, -17.982336 ], [ -65.171278, -17.982437 ], [ -65.171194, -17.982516 ], [ -65.171133, -17.982597 ], [ -65.171047, -17.982734 ], [ -65.170986, -17.982872 ], [ -65.170949, -17.982987 ], [ -65.170861, -17.983368 ], [ -65.170836, -17.983529 ], [ -65.170798, -17.983656 ], [ -65.170792, -17.984314 ], [ -65.170719, -17.984417 ], [ -65.170695, -17.98444 ], [ -65.170623, -17.984474 ], [ -65.170622, -17.984497 ], [ -65.170598, -17.984497 ], [ -65.170526, -17.984519 ], [ -65.170394, -17.984518 ], [ -65.170335, -17.984459 ], [ -65.170191, -17.984377 ], [ -65.170167, -17.984353 ], [ -65.170156, -17.984307 ], [ -65.170073, -17.984144 ], [ -65.170003, -17.98397 ], [ -65.169956, -17.983877 ], [ -65.169933, -17.983738 ], [ -65.169898, -17.98361 ], [ -65.169852, -17.983379 ], [ -65.16983, -17.983205 ], [ -65.169831, -17.983078 ], [ -65.169796, -17.982997 ], [ -65.169797, -17.982916 ], [ -65.16975, -17.982731 ], [ -65.169703, -17.982626 ], [ -65.169644, -17.982544 ], [ -65.169596, -17.982509 ], [ -65.169525, -17.982485 ], [ -65.169501, -17.982485 ], [ -65.169465, -17.982461 ], [ -65.169285, -17.982459 ], [ -65.169236, -17.98247 ], [ -65.169188, -17.98247 ], [ -65.16914, -17.982492 ], [ -65.168983, -17.982618 ], [ -65.168837, -17.982778 ], [ -65.168789, -17.982812 ], [ -65.168752, -17.982857 ], [ -65.168728, -17.982869 ], [ -65.168656, -17.982937 ], [ -65.168583, -17.982959 ], [ -65.168463, -17.98297 ], [ -65.168343, -17.982957 ], [ -65.168187, -17.982955 ], [ -65.167948, -17.982894 ], [ -65.167744, -17.982799 ], [ -65.167613, -17.982705 ], [ -65.16753, -17.982612 ], [ -65.167436, -17.982391 ], [ -65.167425, -17.982322 ], [ -65.167426, -17.982137 ], [ -65.167476, -17.981976 ], [ -65.167537, -17.981884 ], [ -65.167586, -17.981792 ], [ -65.16767, -17.981724 ], [ -65.167707, -17.981667 ], [ -65.167768, -17.98161 ], [ -65.167876, -17.981541 ], [ -65.167961, -17.981473 ], [ -65.168094, -17.981417 ], [ -65.168154, -17.981418 ], [ -65.168178, -17.981395 ], [ -65.16837, -17.981362 ], [ -65.168491, -17.981318 ], [ -65.168587, -17.981319 ], [ -65.168659, -17.981285 ], [ -65.168707, -17.981274 ], [ -65.168864, -17.981195 ], [ -65.169009, -17.981139 ], [ -65.169117, -17.981082 ], [ -65.169154, -17.981037 ], [ -65.169227, -17.98098 ], [ -65.169323, -17.980935 ], [ -65.169516, -17.980798 ], [ -65.169674, -17.980661 ], [ -65.169783, -17.980535 ], [ -65.169868, -17.980421 ], [ -65.169953, -17.980329 ], [ -65.170002, -17.980226 ], [ -65.170039, -17.980192 ], [ -65.170076, -17.980054 ], [ -65.170137, -17.979927 ], [ -65.170137, -17.979904 ], [ -65.169934, -17.979798 ], [ -65.169718, -17.979807 ], [ -65.169346, -17.979802 ], [ -65.168817, -17.979877 ], [ -65.168504, -17.979943 ], [ -65.168311, -17.98001 ], [ -65.168118, -17.980065 ], [ -65.167697, -17.980222 ], [ -65.167576, -17.980244 ], [ -65.167468, -17.980289 ], [ -65.167347, -17.980357 ], [ -65.167214, -17.980413 ], [ -65.167094, -17.980492 ], [ -65.166912, -17.980594 ], [ -65.166647, -17.980707 ], [ -65.166358, -17.980761 ], [ -65.166286, -17.98076 ], [ -65.166083, -17.980723 ], [ -65.165951, -17.980722 ], [ -65.165807, -17.980697 ], [ -65.165735, -17.980696 ], [ -65.165699, -17.980661 ], [ -65.165652, -17.980545 ], [ -65.165666, -17.980314 ], [ -65.165703, -17.980268 ], [ -65.165715, -17.980187 ], [ -65.165776, -17.980119 ], [ -65.165813, -17.980038 ], [ -65.165886, -17.979912 ], [ -65.165923, -17.97982 ], [ -65.166045, -17.97966 ], [ -65.166081, -17.979625 ], [ -65.1663, -17.979351 ], [ -65.166397, -17.979178 ], [ -65.166434, -17.979133 ], [ -65.166496, -17.97896 ], [ -65.166496, -17.978879 ], [ -65.166485, -17.978844 ], [ -65.166486, -17.978671 ], [ -65.166463, -17.978636 ], [ -65.166463, -17.978613 ], [ -65.166427, -17.978578 ], [ -65.166427, -17.978555 ], [ -65.166404, -17.97852 ], [ -65.166344, -17.978461 ], [ -65.166321, -17.978415 ], [ -65.166285, -17.978391 ], [ -65.166237, -17.978333 ], [ -65.166059, -17.978192 ], [ -65.165927, -17.978121 ], [ -65.165843, -17.97812 ], [ -65.165759, -17.978131 ], [ -65.16565, -17.978199 ], [ -65.16559, -17.978256 ], [ -65.165529, -17.978336 ], [ -65.165444, -17.978428 ], [ -65.16531, -17.978623 ], [ -65.165225, -17.978726 ], [ -65.164849, -17.979126 ], [ -65.164631, -17.979308 ], [ -65.164329, -17.979478 ], [ -65.164209, -17.979522 ], [ -65.164065, -17.979521 ], [ -65.164005, -17.979497 ], [ -65.163981, -17.979474 ], [ -65.163957, -17.979427 ], [ -65.163922, -17.979392 ], [ -65.163886, -17.979299 ], [ -65.163874, -17.979299 ], [ -65.163876, -17.979172 ], [ -65.163852, -17.979137 ], [ -65.163853, -17.979068 ], [ -65.163829, -17.978975 ], [ -65.163831, -17.978825 ], [ -65.16375, -17.978523 ], [ -65.163714, -17.978454 ], [ -65.163715, -17.978396 ], [ -65.163691, -17.978361 ], [ -65.163656, -17.978256 ], [ -65.163561, -17.97814 ], [ -65.163477, -17.978104 ], [ -65.163382, -17.97808 ], [ -65.163021, -17.978076 ], [ -65.162841, -17.97812 ], [ -65.16254, -17.978162 ], [ -65.162287, -17.978229 ], [ -65.162167, -17.97825 ], [ -65.162047, -17.978284 ], [ -65.16177, -17.978338 ], [ -65.161626, -17.97836 ], [ -65.161542, -17.978359 ], [ -65.161446, -17.978346 ], [ -65.161266, -17.978344 ], [ -65.161062, -17.978307 ], [ -65.161038, -17.978295 ], [ -65.16099, -17.978294 ], [ -65.160954, -17.978271 ], [ -65.160558, -17.978266 ], [ -65.160522, -17.978243 ], [ -65.160522, -17.978231 ], [ -65.159874, -17.978223 ], [ -65.159777, -17.978245 ], [ -65.159573, -17.978243 ], [ -65.159477, -17.978265 ], [ -65.159381, -17.978275 ], [ -65.159297, -17.978297 ], [ -65.159188, -17.978342 ], [ -65.15908, -17.978376 ], [ -65.158911, -17.978443 ], [ -65.158609, -17.97859 ], [ -65.158464, -17.978692 ], [ -65.158343, -17.97876 ], [ -65.158271, -17.978817 ], [ -65.158162, -17.978873 ], [ -65.158054, -17.978941 ], [ -65.157921, -17.978998 ], [ -65.157776, -17.979077 ], [ -65.157668, -17.97911 ], [ -65.157414, -17.979223 ], [ -65.157246, -17.979255 ], [ -65.157138, -17.979254 ], [ -65.15697, -17.979217 ], [ -65.15691, -17.979217 ], [ -65.156779, -17.979157 ], [ -65.156612, -17.978994 ], [ -65.1566, -17.978994 ], [ -65.156554, -17.978808 ], [ -65.156555, -17.978635 ], [ -65.156569, -17.978508 ], [ -65.156571, -17.978277 ], [ -65.156595, -17.978231 ], [ -65.156596, -17.978162 ], [ -65.15667, -17.977943 ], [ -65.156706, -17.977897 ], [ -65.156707, -17.977816 ], [ -65.156745, -17.977643 ], [ -65.156771, -17.977447 ], [ -65.156759, -17.977447 ], [ -65.15676, -17.97732 ], [ -65.156738, -17.977146 ], [ -65.156667, -17.976961 ], [ -65.156608, -17.976891 ], [ -65.156573, -17.976821 ], [ -65.156549, -17.976797 ], [ -65.156514, -17.976716 ], [ -65.156442, -17.976634 ], [ -65.156443, -17.976611 ], [ -65.156419, -17.97653 ], [ -65.156421, -17.976322 ], [ -65.156433, -17.976322 ], [ -65.156434, -17.976288 ], [ -65.156495, -17.976115 ], [ -65.156605, -17.975955 ], [ -65.15663, -17.975886 ], [ -65.15669, -17.975805 ], [ -65.156727, -17.975737 ], [ -65.156873, -17.975565 ], [ -65.156982, -17.975451 ], [ -65.157006, -17.975405 ], [ -65.157249, -17.9752 ], [ -65.157249, -17.975188 ], [ -65.157261, -17.975188 ], [ -65.157261, -17.975177 ], [ -65.157285, -17.975177 ], [ -65.157309, -17.975119 ], [ -65.157394, -17.97504 ], [ -65.157406, -17.97504 ], [ -65.157407, -17.974913 ], [ -65.157385, -17.974693 ], [ -65.157362, -17.974612 ], [ -65.157362, -17.974589 ], [ -65.157136, -17.974401 ], [ -65.157065, -17.974319 ], [ -65.156957, -17.974283 ], [ -65.156873, -17.974236 ], [ -65.156754, -17.9742 ], [ -65.15661, -17.974187 ], [ -65.156466, -17.974162 ], [ -65.155637, -17.974152 ], [ -65.155314, -17.974091 ], [ -65.154967, -17.973948 ], [ -65.154681, -17.973702 ], [ -65.154574, -17.973573 ], [ -65.154526, -17.973538 ], [ -65.154503, -17.973503 ], [ -65.154479, -17.973434 ], [ -65.154493, -17.973295 ], [ -65.154495, -17.973041 ], [ -65.154545, -17.972868 ], [ -65.154569, -17.972834 ], [ -65.154715, -17.972685 ], [ -65.154811, -17.97264 ], [ -65.154908, -17.972584 ], [ -65.155089, -17.972516 ], [ -65.155173, -17.972517 ], [ -65.155257, -17.97253 ], [ -65.155425, -17.972532 ], [ -65.156096, -17.972644 ], [ -65.156156, -17.972668 ], [ -65.156468, -17.972671 ], [ -65.156504, -17.972649 ], [ -65.156553, -17.972603 ], [ -65.156577, -17.972592 ], [ -65.156734, -17.972455 ], [ -65.15682, -17.972283 ], [ -65.156856, -17.972237 ], [ -65.156857, -17.972156 ], [ -65.156882, -17.972041 ], [ -65.156884, -17.971833 ], [ -65.156839, -17.971578 ], [ -65.156758, -17.971242 ], [ -65.156734, -17.971219 ], [ -65.156734, -17.971195 ], [ -65.15671, -17.971195 ], [ -65.156711, -17.971137 ], [ -65.156642, -17.970848 ], [ -65.156619, -17.970709 ], [ -65.156584, -17.970593 ], [ -65.156538, -17.970326 ], [ -65.156543, -17.969853 ], [ -65.156606, -17.969518 ], [ -65.156668, -17.969277 ], [ -65.15673, -17.969104 ], [ -65.156817, -17.968816 ], [ -65.157038, -17.968345 ], [ -65.157124, -17.968046 ], [ -65.157161, -17.967965 ], [ -65.157234, -17.96785 ], [ -65.157272, -17.967735 ], [ -65.157333, -17.967586 ], [ -65.157395, -17.967402 ], [ -65.157432, -17.967263 ], [ -65.157435, -17.966928 ], [ -65.157365, -17.96672 ], [ -65.157294, -17.966661 ], [ -65.157092, -17.966416 ], [ -65.157068, -17.966416 ], [ -65.157008, -17.966369 ], [ -65.156854, -17.966217 ], [ -65.156747, -17.966088 ], [ -65.156712, -17.965972 ], [ -65.156737, -17.96588 ], [ -65.156738, -17.965799 ], [ -65.15675, -17.965799 ], [ -65.156775, -17.965684 ], [ -65.156812, -17.965604 ], [ -65.156848, -17.965569 ], [ -65.156873, -17.965489 ], [ -65.156897, -17.965466 ], [ -65.156946, -17.965386 ], [ -65.157006, -17.965329 ], [ -65.157068, -17.965191 ], [ -65.157092, -17.965168 ], [ -65.157181, -17.965009 ], [ -65.157212, -17.964954 ], [ -65.157255, -17.964905 ], [ -65.157298, -17.964855 ], [ -65.157323, -17.964824 ], [ -65.157339, -17.964801 ], [ -65.157348, -17.96479 ], [ -65.15753, -17.964572 ], [ -65.157546, -17.964548 ], [ -65.157569, -17.964487 ], [ -65.157394, -17.964014 ], [ -65.157312, -17.963863 ], [ -65.157311, -17.963862 ], [ -65.157265, -17.963808 ], [ -65.157259, -17.963801 ], [ -65.157209, -17.963766 ], [ -65.157159, -17.963743 ], [ -65.157159, -17.963743 ], [ -65.157116, -17.96372 ], [ -65.157042, -17.963697 ], [ -65.15698, -17.963674 ], [ -65.156907, -17.963646 ], [ -65.156747, -17.963604 ], [ -65.156723, -17.963592 ], [ -65.156591, -17.963567 ], [ -65.156439, -17.963541 ], [ -65.156303, -17.963518 ], [ -65.156219, -17.963517 ], [ -65.156128, -17.963504 ], [ -65.156051, -17.963492 ], [ -65.155884, -17.963432 ], [ -65.155788, -17.963408 ], [ -65.15574, -17.963384 ], [ -65.155679, -17.963355 ], [ -65.155597, -17.963325 ], [ -65.155596, -17.963324 ], [ -65.155465, -17.963248 ], [ -65.155465, -17.963248 ], [ -65.155416, -17.963192 ], [ -65.155251, -17.963078 ], [ -65.155251, -17.963078 ], [ -65.155, -17.962925 ], [ -65.154821, -17.962853 ], [ -65.15482, -17.962853 ], [ -65.154629, -17.962747 ], [ -65.154486, -17.962699 ], [ -65.154486, -17.962699 ], [ -65.154402, -17.962652 ], [ -65.154283, -17.962604 ], [ -65.154151, -17.962568 ], [ -65.154019, -17.96252 ], [ -65.153696, -17.962447 ], [ -65.153311, -17.962442 ], [ -65.153227, -17.962453 ], [ -65.153119, -17.962452 ], [ -65.153023, -17.962462 ], [ -65.152854, -17.962553 ], [ -65.152769, -17.962621 ], [ -65.152685, -17.962678 ], [ -65.152539, -17.962838 ], [ -65.152442, -17.962998 ], [ -65.152392, -17.96316 ], [ -65.152269, -17.963505 ], [ -65.152231, -17.963666 ], [ -65.152107, -17.964104 ], [ -65.15207, -17.964207 ], [ -65.151995, -17.964484 ], [ -65.151895, -17.964945 ], [ -65.151892, -17.965222 ], [ -65.15188, -17.965268 ], [ -65.151732, -17.965578 ], [ -65.151672, -17.965624 ], [ -65.151563, -17.965773 ], [ -65.151465, -17.965876 ], [ -65.151393, -17.965967 ], [ -65.151186, -17.966173 ], [ -65.151017, -17.966309 ], [ -65.150799, -17.966503 ], [ -65.150629, -17.966675 ], [ -65.15052, -17.966812 ], [ -65.150483, -17.966869 ], [ -65.150409, -17.967053 ], [ -65.150384, -17.967192 ], [ -65.15038, -17.967619 ], [ -65.150403, -17.967758 ], [ -65.150564, -17.968442 ], [ -65.150669, -17.968824 ], [ -65.150703, -17.968998 ], [ -65.150785, -17.96923 ], [ -65.150867, -17.969393 ], [ -65.150891, -17.969474 ], [ -65.150973, -17.969625 ], [ -65.150997, -17.969695 ], [ -65.151103, -17.969904 ], [ -65.151185, -17.970136 ], [ -65.151326, -17.970404 ], [ -65.151385, -17.970543 ], [ -65.151385, -17.970566 ], [ -65.151408, -17.970647 ], [ -65.151407, -17.970693 ] ] ] ] } }
]
}
