{
"type": "FeatureCollection",
"name": "CHIMORE",
"crs": { "type": "name", "properties": { "name": "urn:ogc:def:crs:OGC:1.3:CRS84" } },
"bbox": [ -65.230536, -17.198398, -64.644101, -15.939948 ],                                                                        
"features": [
{ "type": "Feature", "properties": { "NOMBRE": "Chimore", "NIVEL": "Municipios", "PROVINCIA": "Carrasco", "REGION": "Tropico", "DEPARTAMENTO": "Cochabamba" }, "bbox": [ -65.230536, -17.198398, -64.644101, -15.939948 ], "geometry": { "type": "MultiPolygon", "coordinates": [ [ [ [ -64.831489, -16.75206 ], [ -64.835936, -16.754501 ], [ -64.835666, -16.756352 ], [ -64.836075, -16.757891 ], [ -64.836338, -16.758112 ], [ -64.837136, -16.759045 ], [ -64.838589, -16.759994 ], [ -64.840197, -16.760637 ], [ -64.842219, -16.760644 ], [ -64.843114, -16.760598 ], [ -64.843898, -16.76018 ], [ -64.845296, -16.758745 ], [ -64.846849, -16.756423 ], [ -64.84772, -16.754865 ], [ -64.848821, -16.753306 ], [ -64.849831, -16.752601 ], [ -64.850812, -16.752245 ], [ -64.852012, -16.751965 ], [ -64.853488, -16.751873 ], [ -64.854926, -16.752176 ], [ -64.856233, -16.753374 ], [ -64.857408, -16.754213 ], [ -64.858272, -16.755651 ], [ -64.859615, -16.760352 ], [ -64.859693, -16.760579 ], [ -64.860557, -16.76173 ], [ -64.861465, -16.762275 ], [ -64.862521, -16.762711 ], [ -64.863857, -16.763044 ], [ -64.866623, -16.762673 ], [ -64.868975, -16.76196 ], [ -64.871016, -16.760855 ], [ -64.872489, -16.759458 ], [ -64.873652, -16.757768 ], [ -64.875117, -16.755531 ], [ -64.876671, -16.753788 ], [ -64.878327, -16.752785 ], [ -64.880119, -16.75246 ], [ -64.881886, -16.752753 ], [ -64.882051, -16.752688 ], [ -64.88369, -16.751517 ], [ -64.884686, -16.751074 ], [ -64.885835, -16.750919 ], [ -64.887187, -16.751099 ], [ -64.888694, -16.751765 ], [ -64.888959, -16.752051 ], [ -64.889033, -16.752038 ], [ -64.890321, -16.752644 ], [ -64.890897, -16.754183 ], [ -64.890433, -16.755885 ], [ -64.889962, -16.756686 ], [ -64.889553, -16.757684 ], [ -64.888236, -16.76107 ], [ -64.888095, -16.761986 ], [ -64.888053, -16.764018 ], [ -64.887614, -16.765826 ], [ -64.887376, -16.766572 ], [ -64.887257, -16.766858 ], [ -64.887079, -16.767604 ], [ -64.8869, -16.769211 ], [ -64.886542, -16.771334 ], [ -64.886304, -16.772883 ], [ -64.886428, -16.775543 ], [ -64.886899, -16.777072 ], [ -64.887315, -16.777875 ], [ -64.887672, -16.778219 ], [ -64.887731, -16.778334 ], [ -64.888089, -16.778506 ], [ -64.888327, -16.778678 ], [ -64.888624, -16.77885 ], [ -64.889338, -16.779194 ], [ -64.889488, -16.779244 ], [ -64.890303, -16.779277 ], [ -64.891664, -16.779111 ], [ -64.893341, -16.778555 ], [ -64.895172, -16.777303 ], [ -64.89644, -16.775902 ], [ -64.897467, -16.774348 ], [ -64.898165, -16.772103 ], [ -64.898211, -16.771812 ], [ -64.898206, -16.768261 ], [ -64.89804, -16.76755 ], [ -64.897221, -16.765704 ], [ -64.896323, -16.764092 ], [ -64.895905, -16.76232 ], [ -64.896042, -16.760003 ], [ -64.896347, -16.758456 ], [ -64.897131, -16.756673 ], [ -64.89816, -16.755429 ], [ -64.899273, -16.754492 ], [ -64.901189, -16.753857 ], [ -64.902953, -16.753918 ], [ -64.904989, -16.75403 ], [ -64.905172, -16.754023 ], [ -64.905234, -16.754043 ], [ -64.906476, -16.754444 ], [ -64.907612, -16.75496 ], [ -64.907933, -16.755106 ], [ -64.908211, -16.75538 ], [ -64.909045, -16.756204 ], [ -64.909993, -16.757694 ], [ -64.910112, -16.75788 ], [ -64.91018, -16.758094 ], [ -64.910783, -16.759994 ], [ -64.911353, -16.761965 ], [ -64.911715, -16.763166 ], [ -64.911779, -16.764611 ], [ -64.911749, -16.765046 ], [ -64.911692, -16.765865 ], [ -64.911103, -16.767027 ], [ -64.910264, -16.768095 ], [ -64.909548, -16.769114 ], [ -64.907986, -16.770429 ], [ -64.907273, -16.772003 ], [ -64.906218, -16.773722 ], [ -64.905442, -16.77461 ], [ -64.905444, -16.774798 ], [ -64.905886, -16.775547 ], [ -64.90695, -16.776886 ], [ -64.907777, -16.777494 ], [ -64.907857, -16.777553 ], [ -64.90891, -16.777784 ], [ -64.90996, -16.777726 ], [ -64.911106, -16.77731 ], [ -64.912699, -16.776573 ], [ -64.915091, -16.775683 ], [ -64.917087, -16.775183 ], [ -64.918536, -16.774976 ], [ -64.920003, -16.774835 ], [ -64.920349, -16.774802 ], [ -64.921387, -16.77495 ], [ -64.922591, -16.775372 ], [ -64.923646, -16.775796 ], [ -64.924552, -16.776318 ], [ -64.92546, -16.777129 ], [ -64.926092, -16.778187 ], [ -64.927246, -16.779321 ], [ -64.92963, -16.781383 ], [ -64.931163, -16.782372 ], [ -64.933253, -16.78297 ], [ -64.935016, -16.783031 ], [ -64.936375, -16.782709 ], [ -64.938693, -16.78207 ], [ -64.940917, -16.780196 ], [ -64.942745, -16.778712 ], [ -64.944498, -16.777692 ], [ -64.945774, -16.77714 ], [ -64.948094, -16.776732 ], [ -64.949136, -16.776799 ], [ -64.951821, -16.776851 ], [ -64.953905, -16.776909 ], [ -64.955671, -16.777201 ], [ -64.95816, -16.77764 ], [ -64.960414, -16.778699 ], [ -64.962589, -16.779759 ], [ -64.964362, -16.780746 ], [ -64.964853, -16.781745 ], [ -64.965045, -16.783058 ], [ -64.965344, -16.783676 ], [ -64.965395, -16.785012 ], [ -64.965214, -16.785605 ], [ -64.964773, -16.786477 ], [ -64.964131, -16.78735 ], [ -64.963307, -16.788049 ], [ -64.962771, -16.788451 ], [ -64.961819, -16.789026 ], [ -64.960867, -16.789485 ], [ -64.959737, -16.789945 ], [ -64.957372, -16.790521 ], [ -64.955666, -16.791146 ], [ -64.954622, -16.791734 ], [ -64.953677, -16.792321 ], [ -64.952587, -16.793295 ], [ -64.951548, -16.794414 ], [ -64.95061, -16.795627 ], [ -64.949951, -16.796904 ], [ -64.949687, -16.798339 ], [ -64.949701, -16.799736 ], [ -64.950011, -16.800697 ], [ -64.950103, -16.800846 ], [ -64.950571, -16.801608 ], [ -64.951629, -16.802369 ], [ -64.952534, -16.802794 ], [ -64.953209, -16.802974 ], [ -64.953804, -16.803375 ], [ -64.955345, -16.803731 ], [ -64.956648, -16.804007 ], [ -64.958251, -16.804185 ], [ -64.959605, -16.804461 ], [ -64.960807, -16.804642 ], [ -64.961863, -16.805114 ], [ -64.962617, -16.805493 ], [ -64.962846, -16.805737 ], [ -64.96378, -16.806734 ], [ -64.963839, -16.807553 ], [ -64.963846, -16.808276 ], [ -64.96337, -16.810593 ], [ -64.963182, -16.8118 ], [ -64.962902, -16.813778 ], [ -64.962675, -16.816108 ], [ -64.962615, -16.816739 ], [ -64.962616, -16.817312 ], [ -64.962675, -16.818058 ], [ -64.962914, -16.819091 ], [ -64.963092, -16.819665 ], [ -64.963509, -16.820238 ], [ -64.964105, -16.820754 ], [ -64.964343, -16.820983 ], [ -64.965057, -16.821327 ], [ -64.965652, -16.821556 ], [ -64.966009, -16.821728 ], [ -64.966419, -16.82186 ], [ -64.967449, -16.821745 ], [ -64.968945, -16.821055 ], [ -64.970842, -16.820458 ], [ -64.972628, -16.818801 ], [ -64.974603, -16.815984 ], [ -64.975677, -16.813272 ], [ -64.976058, -16.811434 ], [ -64.976554, -16.810947 ], [ -64.976687, -16.809306 ], [ -64.976368, -16.807475 ], [ -64.976447, -16.805448 ], [ -64.976833, -16.803997 ], [ -64.978325, -16.803018 ], [ -64.979419, -16.802235 ], [ -64.980916, -16.801642 ], [ -64.983214, -16.801137 ], [ -64.985019, -16.801313 ], [ -64.986732, -16.802261 ], [ -64.987254, -16.803144 ], [ -64.987667, -16.803467 ], [ -64.987905, -16.803697 ], [ -64.988203, -16.804156 ], [ -64.988739, -16.805188 ], [ -64.988938, -16.80616 ], [ -64.989061, -16.808279 ], [ -64.989336, -16.810686 ], [ -64.989615, -16.813454 ], [ -64.990089, -16.815762 ], [ -64.990448, -16.817164 ], [ -64.990914, -16.818115 ], [ -64.991519, -16.818591 ], [ -64.99265, -16.81929 ], [ -64.994629, -16.819746 ], [ -64.99613, -16.819635 ], [ -64.998234, -16.819615 ], [ -64.999939, -16.819791 ], [ -65.000377, -16.819854 ], [ -65.000463, -16.81982 ], [ -65.001838, -16.819744 ], [ -65.002939, -16.819781 ], [ -65.004143, -16.820107 ], [ -65.005397, -16.820432 ], [ -65.006322, -16.820539 ], [ -65.007701, -16.820699 ], [ -65.008652, -16.820737 ], [ -65.009654, -16.820824 ], [ -65.010655, -16.820862 ], [ -65.011304, -16.820711 ], [ -65.01205, -16.820319 ], [ -65.012843, -16.819588 ], [ -65.013535, -16.818762 ], [ -65.014321, -16.817454 ], [ -65.014493, -16.816159 ], [ -65.014373, -16.815655 ], [ -65.013655, -16.814157 ], [ -65.013394, -16.813587 ], [ -65.012547, -16.81228 ], [ -65.011888, -16.811282 ], [ -65.011524, -16.810089 ], [ -65.01132, -16.808761 ], [ -65.011401, -16.80743 ], [ -65.011677, -16.806464 ], [ -65.01238, -16.805449 ], [ -65.013038, -16.804617 ], [ -65.013746, -16.804059 ], [ -65.015075, -16.803634 ], [ -65.016027, -16.803624 ], [ -65.016671, -16.803727 ], [ -65.016838, -16.803754 ], [ -65.01792, -16.804175 ], [ -65.019064, -16.804686 ], [ -65.019805, -16.805192 ], [ -65.020573, -16.805781 ], [ -65.021327, -16.806741 ], [ -65.021538, -16.80701 ], [ -65.021982, -16.808473 ], [ -65.022522, -16.810027 ], [ -65.023061, -16.811017 ], [ -65.023696, -16.811573 ], [ -65.025541, -16.81249 ], [ -65.027354, -16.812718 ], [ -65.029929, -16.812568 ], [ -65.030515, -16.812436 ], [ -65.032309, -16.811369 ], [ -65.035403, -16.810277 ], [ -65.037599, -16.80958 ], [ -65.040001, -16.809363 ], [ -65.042507, -16.809531 ], [ -65.043917, -16.810192 ], [ -65.045431, -16.811239 ], [ -65.046251, -16.812967 ], [ -65.046533, -16.814338 ], [ -65.046963, -16.815052 ], [ -65.047182, -16.816424 ], [ -65.04708, -16.817798 ], [ -65.047049, -16.819292 ], [ -65.047269, -16.820782 ], [ -65.047734, -16.82227 ], [ -65.048137, -16.823113 ], [ -65.048688, -16.823792 ], [ -65.049674, -16.824489 ], [ -65.050827, -16.825001 ], [ -65.05164, -16.825333 ], [ -65.052633, -16.825359 ], [ -65.053557, -16.825392 ], [ -65.054454, -16.825383 ], [ -65.055485, -16.825355 ], [ -65.056112, -16.825354 ], [ -65.056601, -16.825214 ], [ -65.058347, -16.824522 ], [ -65.060044, -16.824022 ], [ -65.061346, -16.823913 ], [ -65.06305, -16.823992 ], [ -65.064757, -16.824361 ], [ -65.06677, -16.825209 ], [ -65.068186, -16.826449 ], [ -65.069201, -16.827693 ], [ -65.069917, -16.829037 ], [ -65.070237, -16.830867 ], [ -65.07046, -16.832891 ], [ -65.070479, -16.834627 ], [ -65.070393, -16.835979 ], [ -65.070203, -16.836946 ], [ -65.070064, -16.837577 ], [ -65.070008, -16.838363 ], [ -65.069615, -16.839741 ], [ -65.068585, -16.84254 ], [ -65.068043, -16.843787 ], [ -65.067101, -16.844813 ], [ -65.066978, -16.844934 ], [ -65.066894, -16.845016 ], [ -65.066415, -16.845487 ], [ -65.065162, -16.846521 ], [ -65.06504, -16.846579 ], [ -65.064562, -16.846807 ], [ -65.063986, -16.847082 ], [ -65.063906, -16.847093 ], [ -65.062723, -16.847252 ], [ -65.061539, -16.847107 ], [ -65.060312, -16.846727 ], [ -65.058659, -16.845786 ], [ -65.058239, -16.845547 ], [ -65.055628, -16.844128 ], [ -65.055404, -16.844033 ], [ -65.054366, -16.843723 ], [ -65.052156, -16.843515 ], [ -65.050938, -16.843483 ], [ -65.048881, -16.843899 ], [ -65.047766, -16.84426 ], [ -65.046997, -16.844779 ], [ -65.046232, -16.845729 ], [ -65.045753, -16.846676 ], [ -65.045194, -16.847742 ], [ -65.044878, -16.848727 ], [ -65.044767, -16.849749 ], [ -65.044811, -16.851124 ], [ -65.045041, -16.852515 ], [ -65.045419, -16.853532 ], [ -65.046207, -16.854781 ], [ -65.047236, -16.855634 ], [ -65.048221, -16.856253 ], [ -65.049616, -16.857024 ], [ -65.050437, -16.857487 ], [ -65.051638, -16.858369 ], [ -65.051704, -16.858421 ], [ -65.052347, -16.858916 ], [ -65.052684, -16.859234 ], [ -65.052961, -16.859495 ], [ -65.053448, -16.860168 ], [ -65.05352, -16.860303 ], [ -65.05368, -16.860508 ], [ -65.055605, -16.863316 ], [ -65.056953, -16.865401 ], [ -65.058202, -16.866939 ], [ -65.058966, -16.86757 ], [ -65.060775, -16.868373 ], [ -65.060828, -16.868447 ], [ -65.061245, -16.868536 ], [ -65.062426, -16.868419 ], [ -65.064121, -16.868384 ], [ -65.065466, -16.868524 ], [ -65.067249, -16.869044 ], [ -65.068849, -16.869769 ], [ -65.069979, -16.870775 ], [ -65.071044, -16.872245 ], [ -65.072114, -16.874187 ], [ -65.0729, -16.875728 ], [ -65.07375, -16.87673 ], [ -65.07481, -16.877729 ], [ -65.076009, -16.878592 ], [ -65.077273, -16.879051 ], [ -65.079165, -16.879436 ], [ -65.081197, -16.879752 ], [ -65.083995, -16.879858 ], [ -65.085677, -16.880177 ], [ -65.087006, -16.880998 ], [ -65.087796, -16.882021 ], [ -65.088086, -16.882961 ], [ -65.088313, -16.884581 ], [ -65.088124, -16.886401 ], [ -65.087654, -16.888224 ], [ -65.087317, -16.889372 ], [ -65.085947, -16.892012 ], [ -65.085538, -16.892905 ], [ -65.085341, -16.894385 ], [ -65.085342, -16.895418 ], [ -65.085401, -16.895647 ], [ -65.085402, -16.89645 ], [ -65.085581, -16.897139 ], [ -65.086119, -16.898515 ], [ -65.086894, -16.899604 ], [ -65.087549, -16.900464 ], [ -65.088504, -16.902011 ], [ -65.088776, -16.902384 ], [ -65.091054, -16.904781 ], [ -65.092752, -16.906521 ], [ -65.093537, -16.907228 ], [ -65.095642, -16.908519 ], [ -65.100165, -16.910525 ], [ -65.103471, -16.912807 ], [ -65.104643, -16.912863 ], [ -65.108419, -16.912811 ], [ -65.111081, -16.913107 ], [ -65.112543, -16.913678 ], [ -65.113445, -16.914378 ], [ -65.113829, -16.915432 ], [ -65.11437, -16.918534 ], [ -65.11405, -16.921279 ], [ -65.113601, -16.923356 ], [ -65.112417, -16.925014 ], [ -65.11073, -16.926313 ], [ -65.108201, -16.927373 ], [ -65.105673, -16.927765 ], [ -65.104847, -16.927961 ], [ -65.103526, -16.928274 ], [ -65.10201, -16.928595 ], [ -65.100804, -16.928242 ], [ -65.09883, -16.927226 ], [ -65.097812, -16.926806 ], [ -65.096095, -16.926096 ], [ -65.094097, -16.92488 ], [ -65.09298, -16.924201 ], [ -65.092844, -16.924118 ], [ -65.09272, -16.924009 ], [ -65.09195, -16.923439 ], [ -65.089575, -16.921128 ], [ -65.088122, -16.919759 ], [ -65.086966, -16.919242 ], [ -65.084229, -16.917869 ], [ -65.083123, -16.916775 ], [ -65.082937, -16.916591 ], [ -65.082255, -16.916303 ], [ -65.081448, -16.915962 ], [ -65.080018, -16.915677 ], [ -65.079721, -16.915505 ], [ -65.078708, -16.915105 ], [ -65.077457, -16.915049 ], [ -65.075864, -16.914975 ], [ -65.074083, -16.915667 ], [ -65.073367, -16.916305 ], [ -65.071335, -16.918212 ], [ -65.070773, -16.918909 ], [ -65.070309, -16.920157 ], [ -65.069957, -16.922641 ], [ -65.069976, -16.924392 ], [ -65.070061, -16.925194 ], [ -65.070681, -16.926502 ], [ -65.071838, -16.928241 ], [ -65.073914, -16.93092 ], [ -65.075484, -16.93311 ], [ -65.079649, -16.936755 ], [ -65.079486, -16.938092 ], [ -65.079241, -16.940094 ], [ -65.079072, -16.940898 ], [ -65.078688, -16.941817 ], [ -65.07852, -16.9423 ], [ -65.078376, -16.942782 ], [ -65.078947, -16.944001 ], [ -65.07978, -16.944761 ], [ -65.080519, -16.945406 ], [ -65.081162, -16.94589 ], [ -65.081806, -16.946327 ], [ -65.082258, -16.946742 ], [ -65.082493, -16.947325 ], [ -65.082527, -16.94741 ], [ -65.082554, -16.947498 ], [ -65.082575, -16.947587 ], [ -65.082588, -16.947678 ], [ -65.082595, -16.947769 ], [ -65.082594, -16.947861 ], [ -65.082586, -16.947952 ], [ -65.082578, -16.948003 ], [ -65.082572, -16.948043 ], [ -65.08255, -16.948132 ], [ -65.082522, -16.948219 ], [ -65.082487, -16.948304 ], [ -65.082446, -16.948387 ], [ -65.082398, -16.948466 ], [ -65.081944, -16.948649 ], [ -65.081633, -16.949108 ], [ -65.08156, -16.949912 ], [ -65.081558, -16.950878 ], [ -65.081556, -16.950913 ], [ -65.08151, -16.951676 ], [ -65.081509, -16.951705 ], [ -65.081484, -16.952257 ], [ -65.081344, -16.952658 ], [ -65.081333, -16.952722 ], [ -65.081158, -16.953308 ], [ -65.081006, -16.953393 ], [ -65.080717, -16.953841 ], [ -65.080573, -16.954393 ], [ -65.080524, -16.95476 ], [ -65.080619, -16.955197 ], [ -65.081024, -16.955749 ], [ -65.0815, -16.956256 ], [ -65.081623, -16.956454 ], [ -65.081739, -16.956513 ], [ -65.08211, -16.957151 ], [ -65.082138, -16.957325 ], [ -65.08219, -16.957429 ], [ -65.082355, -16.958303 ], [ -65.08233, -16.959107 ], [ -65.082185, -16.959728 ], [ -65.082041, -16.960302 ], [ -65.081944, -16.960807 ], [ -65.081872, -16.961451 ], [ -65.081854, -16.961711 ], [ -65.081822, -16.962163 ], [ -65.082036, -16.962715 ], [ -65.082124, -16.962811 ], [ -65.082393, -16.963107 ], [ -65.083156, -16.963476 ], [ -65.083824, -16.963776 ], [ -65.084444, -16.963983 ], [ -65.084845, -16.964178 ], [ -65.084969, -16.964237 ], [ -65.085374, -16.964537 ], [ -65.08551, -16.964695 ], [ -65.085731, -16.964951 ], [ -65.085969, -16.965388 ], [ -65.086052, -16.966205 ], [ -65.086055, -16.966234 ], [ -65.086062, -16.966308 ], [ -65.086062, -16.966744 ], [ -65.085941, -16.967411 ], [ -65.085919, -16.967731 ], [ -65.085892, -16.968123 ], [ -65.085867, -16.968698 ], [ -65.085842, -16.969226 ], [ -65.086008, -16.969939 ], [ -65.086104, -16.970107 ], [ -65.086483, -16.970671 ], [ -65.086975, -16.971272 ], [ -65.08746, -16.971757 ], [ -65.088151, -16.972425 ], [ -65.088699, -16.972977 ], [ -65.089103, -16.97353 ], [ -65.089107, -16.973536 ], [ -65.089254, -16.973707 ], [ -65.08961, -16.974338 ], [ -65.089773, -16.974972 ], [ -65.089858, -16.975681 ], [ -65.089757, -16.975894 ], [ -65.089718, -16.97645 ], [ -65.089622, -16.977185 ], [ -65.089572, -16.977989 ], [ -65.089571, -16.978633 ], [ -65.08957, -16.979115 ], [ -65.089593, -16.979552 ], [ -65.089735, -16.980242 ], [ -65.090116, -16.980725 ], [ -65.090617, -16.981071 ], [ -65.091523, -16.981302 ], [ -65.09166, -16.981326 ], [ -65.092835, -16.981534 ], [ -65.093384, -16.981627 ], [ -65.094124, -16.981789 ], [ -65.094426, -16.981832 ], [ -65.094935, -16.981905 ], [ -65.095746, -16.982068 ], [ -65.096438, -16.982344 ], [ -65.09701, -16.982667 ], [ -65.097439, -16.983174 ], [ -65.097843, -16.983772 ], [ -65.09797, -16.984181 ], [ -65.098057, -16.984462 ], [ -65.098056, -16.984829 ], [ -65.098126, -16.985772 ], [ -65.098006, -16.986323 ], [ -65.097265, -16.986851 ], [ -65.096548, -16.987217 ], [ -65.095951, -16.987446 ], [ -65.095354, -16.987606 ], [ -65.094489, -16.987605 ], [ -65.094423, -16.987604 ], [ -65.093612, -16.987442 ], [ -65.092999, -16.987308 ], [ -65.092872, -16.98728 ], [ -65.092109, -16.987187 ], [ -65.091345, -16.987117 ], [ -65.090868, -16.987116 ], [ -65.090581, -16.987161 ], [ -65.090285, -16.987245 ], [ -65.089937, -16.987344 ], [ -65.088981, -16.987641 ], [ -65.088121, -16.987939 ], [ -65.087381, -16.98819 ], [ -65.086713, -16.988235 ], [ -65.08614, -16.988188 ], [ -65.085108, -16.988311 ], [ -65.084994, -16.988324 ], [ -65.084636, -16.988369 ], [ -65.084206, -16.988507 ], [ -65.083633, -16.988759 ], [ -65.082534, -16.989446 ], [ -65.08208, -16.989718 ], [ -65.08196, -16.98979 ], [ -65.081458, -16.990019 ], [ -65.080837, -16.990386 ], [ -65.080383, -16.99073 ], [ -65.080114, -16.990988 ], [ -65.08, -16.991097 ], [ -65.07988, -16.991372 ], [ -65.079713, -16.991786 ], [ -65.079592, -16.992199 ], [ -65.07948, -16.993405 ], [ -65.079711, -16.994782 ], [ -65.079826, -16.995004 ], [ -65.079849, -16.995073 ], [ -65.079849, -16.995348 ], [ -65.079896, -16.995555 ], [ -65.080254, -16.995763 ], [ -65.080357, -16.995803 ], [ -65.080624, -16.995906 ], [ -65.080731, -16.995947 ], [ -65.08116, -16.996109 ], [ -65.081565, -16.996386 ], [ -65.081704, -16.996467 ], [ -65.08214, -16.996718 ], [ -65.083726, -16.996861 ], [ -65.085241, -16.997387 ], [ -65.08629, -16.997444 ], [ -65.087244, -16.997739 ], [ -65.088488, -16.99789 ], [ -65.08932, -16.998257 ], [ -65.090275, -16.998739 ], [ -65.091045, -16.998888 ], [ -65.091126, -16.998896 ], [ -65.092324, -16.998929 ], [ -65.092935, -16.99911 ], [ -65.093593, -16.999578 ], [ -65.094236, -17.000034 ], [ -65.095126, -17.000208 ], [ -65.095261, -17.000235 ], [ -65.095971, -17.000532 ], [ -65.096113, -17.000671 ], [ -65.096513, -17.001066 ], [ -65.096833, -17.001459 ], [ -65.096834, -17.001461 ], [ -65.096837, -17.001474 ], [ -65.097104, -17.00232 ], [ -65.097299, -17.002937 ], [ -65.097338, -17.003003 ], [ -65.098301, -17.004141 ], [ -65.098695, -17.004512 ], [ -65.099284, -17.005592 ], [ -65.099413, -17.006358 ], [ -65.099555, -17.00759 ], [ -65.099634, -17.008287 ], [ -65.099543, -17.008467 ], [ -65.099576, -17.008799 ], [ -65.099584, -17.009538 ], [ -65.099273, -17.010019 ], [ -65.098869, -17.01024 ], [ -65.098373, -17.010332 ], [ -65.097605, -17.010253 ], [ -65.096426, -17.009874 ], [ -65.094887, -17.009499 ], [ -65.093796, -17.008946 ], [ -65.092477, -17.008047 ], [ -65.091206, -17.007495 ], [ -65.090302, -17.007417 ], [ -65.088905, -17.007649 ], [ -65.088234, -17.008221 ], [ -65.087384, -17.008968 ], [ -65.086308, -17.009718 ], [ -65.085096, -17.010382 ], [ -65.084718, -17.010916 ], [ -65.084676, -17.011589 ], [ -65.084742, -17.012486 ], [ -65.085025, -17.013732 ], [ -65.085089, -17.013815 ], [ -65.085592, -17.014563 ], [ -65.085638, -17.014607 ], [ -65.085741, -17.014695 ], [ -65.08614, -17.014934 ], [ -65.086822, -17.015318 ], [ -65.087729, -17.0157 ], [ -65.088183, -17.015869 ], [ -65.088952, -17.016035 ], [ -65.09004, -17.016328 ], [ -65.09167, -17.016702 ], [ -65.093299, -17.017033 ], [ -65.094433, -17.017412 ], [ -65.095432, -17.017923 ], [ -65.09571, -17.018572 ], [ -65.095715, -17.01905 ], [ -65.095769, -17.019788 ], [ -65.095551, -17.020486 ], [ -65.095353, -17.021074 ], [ -65.095347, -17.0215 ], [ -65.095568, -17.02205 ], [ -65.095754, -17.022526 ], [ -65.096075, -17.022914 ], [ -65.096384, -17.023399 ], [ -65.096621, -17.023496 ], [ -65.097495, -17.023982 ], [ -65.097666, -17.024041 ], [ -65.098071, -17.024165 ], [ -65.098868, -17.024378 ], [ -65.099462, -17.024644 ], [ -65.099877, -17.02494 ], [ -65.100231, -17.025224 ], [ -65.100467, -17.025471 ], [ -65.100713, -17.025833 ], [ -65.10075, -17.025912 ], [ -65.100968, -17.026367 ], [ -65.101003, -17.026438 ], [ -65.101004, -17.026444 ], [ -65.10122, -17.027134 ], [ -65.101292, -17.027941 ], [ -65.101268, -17.02877 ], [ -65.101151, -17.029435 ], [ -65.100902, -17.030121 ], [ -65.100609, -17.030506 ], [ -65.100186, -17.030842 ], [ -65.099956, -17.030984 ], [ -65.099788, -17.031087 ], [ -65.099043, -17.031324 ], [ -65.09872, -17.031363 ], [ -65.09823, -17.031341 ], [ -65.097717, -17.031261 ], [ -65.096919, -17.03106 ], [ -65.095085, -17.030537 ], [ -65.094359, -17.030303 ], [ -65.093621, -17.030091 ], [ -65.09231, -17.029786 ], [ -65.091666, -17.029658 ], [ -65.090974, -17.029551 ], [ -65.089947, -17.029459 ], [ -65.089612, -17.029475 ], [ -65.0893, -17.029607 ], [ -65.088889, -17.029886 ], [ -65.088451, -17.030429 ], [ -65.088083, -17.031031 ], [ -65.087953, -17.031363 ], [ -65.08781, -17.031728 ], [ -65.087703, -17.032531 ], [ -65.087692, -17.033303 ], [ -65.087583, -17.034187 ], [ -65.087439, -17.035082 ], [ -65.087212, -17.035906 ], [ -65.086902, -17.036648 ], [ -65.086109, -17.037759 ], [ -65.085708, -17.038176 ], [ -65.085429, -17.038412 ], [ -65.085199, -17.038637 ], [ -65.085101, -17.038785 ], [ -65.085025, -17.039083 ], [ -65.085058, -17.039291 ], [ -65.085198, -17.039558 ], [ -65.085492, -17.039853 ], [ -65.085789, -17.04002 ], [ -65.086455, -17.040276 ], [ -65.086932, -17.040367 ], [ -65.087851, -17.040468 ], [ -65.08828, -17.040557 ], [ -65.088756, -17.040717 ], [ -65.089622, -17.041173 ], [ -65.090876, -17.042122 ], [ -65.091583, -17.042805 ], [ -65.09223, -17.043544 ], [ -65.092852, -17.044375 ], [ -65.093307, -17.045144 ], [ -65.093617, -17.046038 ], [ -65.093867, -17.046976 ], [ -65.093857, -17.047666 ], [ -65.093692, -17.04833 ], [ -65.093373, -17.048853 ], [ -65.092889, -17.04928 ], [ -65.092333, -17.04966 ], [ -65.091735, -17.049933 ], [ -65.091731, -17.049935 ], [ -65.090987, -17.050103 ], [ -65.090139, -17.050039 ], [ -65.089341, -17.049837 ], [ -65.087225, -17.04902 ], [ -65.086771, -17.048953 ], [ -65.086388, -17.049014 ], [ -65.086143, -17.049148 ], [ -65.085878, -17.049517 ], [ -65.085726, -17.050078 ], [ -65.085681, -17.050722 ], [ -65.085722, -17.052012 ], [ -65.085693, -17.05322 ], [ -65.085625, -17.053783 ], [ -65.085509, -17.054356 ], [ -65.085345, -17.054894 ], [ -65.085086, -17.055476 ], [ -65.084766, -17.056091 ], [ -65.084375, -17.056704 ], [ -65.084008, -17.057226 ], [ -65.083642, -17.057713 ], [ -65.083193, -17.058175 ], [ -65.082684, -17.058659 ], [ -65.081449, -17.059704 ], [ -65.081041, -17.06022 ], [ -65.080369, -17.060705 ], [ -65.079919, -17.060884 ], [ -65.079335, -17.061194 ], [ -65.07884, -17.061329 ], [ -65.078408, -17.061409 ], [ -65.078229, -17.061584 ], [ -65.077888, -17.06198 ], [ -65.077427, -17.062454 ], [ -65.077065, -17.062722 ], [ -65.076776, -17.062897 ], [ -65.076775, -17.062907 ], [ -65.0764, -17.063164 ], [ -65.076065, -17.063704 ], [ -65.075662, -17.064012 ], [ -65.075425, -17.064421 ], [ -65.075205, -17.064727 ], [ -65.074638, -17.06537 ], [ -65.074094, -17.065245 ], [ -65.07386, -17.065083 ], [ -65.073479, -17.065074 ], [ -65.072881, -17.065027 ], [ -65.072523, -17.064973 ], [ -65.072117, -17.064941 ], [ -65.071032, -17.064757 ], [ -65.070554, -17.064723 ], [ -65.070052, -17.064713 ], [ -65.069597, -17.064749 ], [ -65.069069, -17.064852 ], [ -65.068493, -17.065001 ], [ -65.067916, -17.065185 ], [ -65.067483, -17.065359 ], [ -65.067013, -17.065626 ], [ -65.06659, -17.06595 ], [ -65.066153, -17.066355 ], [ -65.065349, -17.067363 ], [ -65.065187, -17.067843 ], [ -65.064899, -17.068203 ], [ -65.064699, -17.068454 ], [ -65.064392, -17.069058 ], [ -65.064154, -17.069732 ], [ -65.064011, -17.071008 ], [ -65.064003, -17.071076 ], [ -65.063875, -17.07166 ], [ -65.06369, -17.072082 ], [ -65.06354, -17.072471 ], [ -65.063402, -17.072905 ], [ -65.063299, -17.073421 ], [ -65.063255, -17.073996 ], [ -65.063329, -17.074665 ], [ -65.063427, -17.075324 ], [ -65.06362, -17.076007 ], [ -65.063789, -17.076736 ], [ -65.063825, -17.077566 ], [ -65.063769, -17.078117 ], [ -65.063582, -17.078654 ], [ -65.063301, -17.079005 ], [ -65.062866, -17.079364 ], [ -65.061368, -17.080357 ], [ -65.06092, -17.080739 ], [ -65.060507, -17.081167 ], [ -65.059834, -17.082223 ], [ -65.059748, -17.082385 ], [ -65.059719, -17.082712 ], [ -65.059398, -17.083361 ], [ -65.059298, -17.083705 ], [ -65.059327, -17.084177 ], [ -65.05957, -17.084701 ], [ -65.05996, -17.085054 ], [ -65.060567, -17.085263 ], [ -65.060938, -17.085248 ], [ -65.061273, -17.085175 ], [ -65.061645, -17.085137 ], [ -65.061848, -17.085164 ], [ -65.062145, -17.085274 ], [ -65.062864, -17.085435 ], [ -65.063547, -17.085906 ], [ -65.06403, -17.08642 ], [ -65.065007, -17.08697 ], [ -65.06517, -17.08703 ], [ -65.065897, -17.087129 ], [ -65.066206, -17.087285 ], [ -65.067364, -17.087866 ], [ -65.067776, -17.08834 ], [ -65.068142, -17.08877 ], [ -65.068175, -17.08925 ], [ -65.06844, -17.089901 ], [ -65.068307, -17.090329 ], [ -65.068359, -17.090559 ], [ -65.068353, -17.091826 ], [ -65.068259, -17.092526 ], [ -65.068121, -17.092949 ], [ -65.067937, -17.093279 ], [ -65.067695, -17.093493 ], [ -65.067502, -17.093604 ], [ -65.067298, -17.093599 ], [ -65.067084, -17.093549 ], [ -65.066895, -17.093395 ], [ -65.066719, -17.093138 ], [ -65.066396, -17.09249 ], [ -65.06637, -17.092439 ], [ -65.066272, -17.092315 ], [ -65.065713, -17.091608 ], [ -65.065466, -17.091326 ], [ -65.065466, -17.091303 ], [ -65.065298, -17.091322 ], [ -65.06508, -17.091415 ], [ -65.064937, -17.091476 ], [ -65.064513, -17.091847 ], [ -65.064123, -17.092333 ], [ -65.063854, -17.092777 ], [ -65.063741, -17.09312 ], [ -65.063772, -17.093466 ], [ -65.06391, -17.093826 ], [ -65.064226, -17.094339 ], [ -65.06455, -17.095083 ], [ -65.064776, -17.095863 ], [ -65.064789, -17.095906 ], [ -65.064887, -17.096575 ], [ -65.064833, -17.096977 ], [ -65.064588, -17.09734 ], [ -65.0642, -17.097724 ], [ -65.063767, -17.097921 ], [ -65.063419, -17.097972 ], [ -65.063181, -17.097874 ], [ -65.062887, -17.097534 ], [ -65.062678, -17.097138 ], [ -65.062296, -17.095437 ], [ -65.062042, -17.094798 ], [ -65.061785, -17.094355 ], [ -65.061539, -17.094039 ], [ -65.061266, -17.093895 ], [ -65.061052, -17.09381 ], [ -65.060718, -17.093803 ], [ -65.060645, -17.093801 ], [ -65.060536, -17.093879 ], [ -65.060377, -17.094141 ], [ -65.060117, -17.094757 ], [ -65.059842, -17.095603 ], [ -65.059593, -17.097025 ], [ -65.059672, -17.097395 ], [ -65.060281, -17.098284 ], [ -65.060757, -17.099273 ], [ -65.061132, -17.099753 ], [ -65.061579, -17.100269 ], [ -65.061816, -17.100462 ], [ -65.061899, -17.100529 ], [ -65.06235, -17.100712 ], [ -65.062828, -17.10078 ], [ -65.063389, -17.100838 ], [ -65.064525, -17.100851 ], [ -65.065145, -17.101002 ], [ -65.065535, -17.101299 ], [ -65.06556, -17.101337 ], [ -65.065597, -17.101334 ], [ -65.066454, -17.101446 ], [ -65.066797, -17.102074 ], [ -65.06649, -17.102882 ], [ -65.066103, -17.103597 ], [ -65.065987, -17.104185 ], [ -65.06613, -17.104542 ], [ -65.066332, -17.104885 ], [ -65.066841, -17.105311 ], [ -65.066908, -17.105336 ], [ -65.067298, -17.105388 ], [ -65.068025, -17.1055 ], [ -65.068708, -17.10539 ], [ -65.069219, -17.105493 ], [ -65.069634, -17.105594 ], [ -65.070337, -17.105747 ], [ -65.070614, -17.105889 ], [ -65.071054, -17.105993 ], [ -65.071397, -17.106411 ], [ -65.071402, -17.106869 ], [ -65.071344, -17.107328 ], [ -65.071084, -17.107607 ], [ -65.07035, -17.108001 ], [ -65.069371, -17.108034 ], [ -65.069171, -17.107994 ], [ -65.068667, -17.108021 ], [ -65.068118, -17.107952 ], [ -65.066672, -17.10784 ], [ -65.06574, -17.107797 ], [ -65.064974, -17.107838 ], [ -65.064517, -17.107978 ], [ -65.064046, -17.108279 ], [ -65.063843, -17.108596 ], [ -65.063823, -17.108896 ], [ -65.064063, -17.109832 ], [ -65.065127, -17.11074 ], [ -65.066887, -17.110987 ], [ -65.068223, -17.111028 ], [ -65.069352, -17.111249 ], [ -65.070189, -17.112141 ], [ -65.070609, -17.113023 ], [ -65.070715, -17.113576 ], [ -65.07043, -17.114477 ], [ -65.069811, -17.114923 ], [ -65.068933, -17.115155 ], [ -65.067711, -17.114875 ], [ -65.067535, -17.114752 ], [ -65.067159, -17.114678 ], [ -65.066361, -17.114442 ], [ -65.065694, -17.114209 ], [ -65.064112, -17.113622 ], [ -65.063778, -17.113558 ], [ -65.063335, -17.11356 ], [ -65.063047, -17.113634 ], [ -65.062732, -17.113892 ], [ -65.062592, -17.114144 ], [ -65.062536, -17.114245 ], [ -65.06236, -17.114805 ], [ -65.062301, -17.115587 ], [ -65.062361, -17.116383 ], [ -65.062459, -17.117041 ], [ -65.062654, -17.117632 ], [ -65.062982, -17.1181 ], [ -65.063442, -17.118548 ], [ -65.063998, -17.118928 ], [ -65.064412, -17.119271 ], [ -65.064635, -17.119598 ], [ -65.064631, -17.119817 ], [ -65.064581, -17.11995 ], [ -65.064494, -17.120182 ], [ -65.064177, -17.120636 ], [ -65.063913, -17.120956 ], [ -65.063653, -17.121593 ], [ -65.063451, -17.122036 ], [ -65.063296, -17.122431 ], [ -65.063323, -17.122665 ], [ -65.063374, -17.122829 ], [ -65.063328, -17.123134 ], [ -65.063751, -17.123879 ], [ -65.064469, -17.124997 ], [ -65.064787, -17.125134 ], [ -65.065328, -17.125527 ], [ -65.06581, -17.125626 ], [ -65.066303, -17.125511 ], [ -65.066776, -17.125683 ], [ -65.066591, -17.126402 ], [ -65.065934, -17.127076 ], [ -65.065459, -17.12786 ], [ -65.065311, -17.128167 ], [ -65.065303, -17.128248 ], [ -65.065719, -17.128828 ], [ -65.066145, -17.12901 ], [ -65.066588, -17.129433 ], [ -65.066866, -17.129784 ], [ -65.067237, -17.130611 ], [ -65.067552, -17.131205 ], [ -65.067978, -17.131849 ], [ -65.068591, -17.132898 ], [ -65.068811, -17.133576 ], [ -65.068995, -17.134187 ], [ -65.069209, -17.134565 ], [ -65.069525, -17.13504 ], [ -65.069283, -17.135641 ], [ -65.069019, -17.136365 ], [ -65.068391, -17.137222 ], [ -65.0679, -17.137636 ], [ -65.067538, -17.13786 ], [ -65.067256, -17.138361 ], [ -65.06714, -17.138899 ], [ -65.067228, -17.139431 ], [ -65.067424, -17.139988 ], [ -65.067572, -17.140474 ], [ -65.068007, -17.140936 ], [ -65.067782, -17.141653 ], [ -65.067799, -17.142149 ], [ -65.067637, -17.142606 ], [ -65.067607, -17.143152 ], [ -65.067259, -17.143666 ], [ -65.066586, -17.143639 ], [ -65.065983, -17.143543 ], [ -65.065788, -17.143482 ], [ -65.065716, -17.143574 ], [ -65.065185, -17.143622 ], [ -65.064593, -17.143536 ], [ -65.063681, -17.143733 ], [ -65.063058, -17.144282 ], [ -65.062799, -17.145126 ], [ -65.063286, -17.145688 ], [ -65.063514, -17.145862 ], [ -65.063524, -17.146065 ], [ -65.063661, -17.146174 ], [ -65.063837, -17.146385 ], [ -65.063799, -17.146534 ], [ -65.063627, -17.146864 ], [ -65.063336, -17.1471 ], [ -65.063167, -17.1472 ], [ -65.062904, -17.147252 ], [ -65.062569, -17.147245 ], [ -65.062128, -17.14712 ], [ -65.061771, -17.146963 ], [ -65.061522, -17.146819 ], [ -65.061151, -17.146834 ], [ -65.060908, -17.146903 ], [ -65.060851, -17.14692 ], [ -65.060561, -17.147109 ], [ -65.060402, -17.147336 ], [ -65.060376, -17.147497 ], [ -65.060395, -17.147785 ], [ -65.060485, -17.14819 ], [ -65.060796, -17.149026 ], [ -65.061041, -17.149548 ], [ -65.061063, -17.149595 ], [ -65.061153, -17.149943 ], [ -65.061164, -17.150126 ], [ -65.061318, -17.150455 ], [ -65.061551, -17.151184 ], [ -65.062195, -17.151703 ], [ -65.062385, -17.152201 ], [ -65.062386, -17.152661 ], [ -65.062259, -17.153539 ], [ -65.062267, -17.153564 ], [ -65.062664, -17.153965 ], [ -65.062982, -17.154144 ], [ -65.063021, -17.154513 ], [ -65.062814, -17.155174 ], [ -65.062721, -17.155539 ], [ -65.062484, -17.155936 ], [ -65.062302, -17.156552 ], [ -65.062157, -17.157088 ], [ -65.062112, -17.15796 ], [ -65.061806, -17.158488 ], [ -65.061571, -17.159132 ], [ -65.061472, -17.159347 ], [ -65.061054, -17.159935 ], [ -65.060811, -17.160376 ], [ -65.060643, -17.160889 ], [ -65.060569, -17.161439 ], [ -65.060216, -17.161729 ], [ -65.059707, -17.162017 ], [ -65.059409, -17.162196 ], [ -65.059059, -17.1631 ], [ -65.059022, -17.163196 ], [ -65.058889, -17.163671 ], [ -65.05882, -17.163917 ], [ -65.058696, -17.164225 ], [ -65.058465, -17.164439 ], [ -65.058033, -17.164556 ], [ -65.057805, -17.164574 ], [ -65.057446, -17.164566 ], [ -65.057146, -17.16464 ], [ -65.056844, -17.164818 ], [ -65.056599, -17.165204 ], [ -65.056219, -17.165887 ], [ -65.055964, -17.166135 ], [ -65.055795, -17.166223 ], [ -65.055194, -17.166417 ], [ -65.055145, -17.166462 ], [ -65.055059, -17.166622 ], [ -65.054877, -17.167292 ], [ -65.054857, -17.167366 ], [ -65.054846, -17.167401 ], [ -65.054719, -17.1678 ], [ -65.05467, -17.167891 ], [ -65.054514, -17.167934 ], [ -65.054203, -17.167927 ], [ -65.053939, -17.167945 ], [ -65.053734, -17.168032 ], [ -65.053467, -17.168292 ], [ -65.05328, -17.168529 ], [ -65.053138, -17.16871 ], [ -65.052991, -17.168961 ], [ -65.052903, -17.169258 ], [ -65.053121, -17.169843 ], [ -65.053461, -17.170408 ], [ -65.053468, -17.170903 ], [ -65.053449, -17.171341 ], [ -65.053374, -17.172054 ], [ -65.053284, -17.172538 ], [ -65.053182, -17.172953 ], [ -65.053162, -17.173275 ], [ -65.053166, -17.173624 ], [ -65.053167, -17.173724 ], [ -65.053222, -17.174276 ], [ -65.053228, -17.174725 ], [ -65.053211, -17.174804 ], [ -65.053368, -17.175139 ], [ -65.053398, -17.175541 ], [ -65.053355, -17.175932 ], [ -65.053309, -17.176105 ], [ -65.053241, -17.176324 ], [ -65.053172, -17.176544 ], [ -65.053079, -17.176763 ], [ -65.053007, -17.176983 ], [ -65.052924, -17.177549 ], [ -65.052893, -17.177757 ], [ -65.052875, -17.177881 ], [ -65.052861, -17.177925 ], [ -65.052919, -17.17826 ], [ -65.052933, -17.178432 ], [ -65.052937, -17.178731 ], [ -65.052894, -17.179042 ], [ -65.052884, -17.179192 ], [ -65.052888, -17.179514 ], [ -65.05289, -17.179651 ], [ -65.052856, -17.179801 ], [ -65.052835, -17.180066 ], [ -65.052911, -17.180341 ], [ -65.052973, -17.180524 ], [ -65.052987, -17.180697 ], [ -65.05299, -17.18088 ], [ -65.052994, -17.181179 ], [ -65.053056, -17.181397 ], [ -65.053181, -17.181764 ], [ -65.053136, -17.181994 ], [ -65.053079, -17.182236 ], [ -65.052987, -17.182502 ], [ -65.052989, -17.18264 ], [ -65.052968, -17.182893 ], [ -65.053021, -17.183249 ], [ -65.053095, -17.18342 ], [ -65.053133, -17.183558 ], [ -65.05317, -17.183638 ], [ -65.053267, -17.183786 ], [ -65.053376, -17.1839 ], [ -65.053389, -17.183934 ], [ -65.053449, -17.183968 ], [ -65.05351, -17.184025 ], [ -65.053606, -17.184069 ], [ -65.053714, -17.184068 ], [ -65.05375, -17.184091 ], [ -65.053822, -17.184113 ], [ -65.05393, -17.184134 ], [ -65.054098, -17.184213 ], [ -65.054231, -17.18428 ], [ -65.054388, -17.18437 ], [ -65.054557, -17.184518 ], [ -65.054726, -17.184631 ], [ -65.054945, -17.184881 ], [ -65.05503, -17.184983 ], [ -65.055449, -17.185036 ], [ -65.0558, -17.185285 ], [ -65.055924, -17.185352 ], [ -65.056889, -17.185338 ], [ -65.057368, -17.185394 ], [ -65.057572, -17.185455 ], [ -65.057788, -17.18552 ], [ -65.058981, -17.186184 ], [ -65.059571, -17.186493 ], [ -65.060483, -17.186457 ], [ -65.060829, -17.186443 ], [ -65.06133, -17.186737 ], [ -65.061389, -17.186809 ], [ -65.062014, -17.187579 ], [ -65.062328, -17.187865 ], [ -65.062632, -17.188233 ], [ -65.063313, -17.189128 ], [ -65.064334, -17.190403 ], [ -65.064903, -17.190942 ], [ -65.065421, -17.191118 ], [ -65.065732, -17.191175 ], [ -65.066575, -17.191593 ], [ -65.067113, -17.191591 ], [ -65.06746, -17.191567 ], [ -65.06802, -17.191404 ], [ -65.068306, -17.191277 ], [ -65.068496, -17.191162 ], [ -65.068709, -17.191034 ], [ -65.069171, -17.190629 ], [ -65.069466, -17.19026 ], [ -65.069465, -17.190237 ], [ -65.069692, -17.190225 ], [ -65.070124, -17.190316 ], [ -65.070695, -17.190486 ], [ -65.070809, -17.190521 ], [ -65.071565, -17.190679 ], [ -65.072032, -17.190712 ], [ -65.07239, -17.190642 ], [ -65.072771, -17.190526 ], [ -65.073273, -17.190444 ], [ -65.073763, -17.190408 ], [ -65.074194, -17.190441 ], [ -65.074593, -17.190525 ], [ -65.074626, -17.190532 ], [ -65.075095, -17.190726 ], [ -65.075493, -17.190978 ], [ -65.075907, -17.191301 ], [ -65.07625, -17.191439 ], [ -65.076608, -17.191648 ], [ -65.077132, -17.192111 ], [ -65.077454, -17.192378 ], [ -65.078214, -17.193314 ], [ -65.078309, -17.193453 ], [ -65.078452, -17.193615 ], [ -65.078761, -17.193904 ], [ -65.079368, -17.194552 ], [ -65.079702, -17.19483 ], [ -65.080035, -17.195177 ], [ -65.08025, -17.195167 ], [ -65.080563, -17.195066 ], [ -65.08079, -17.195102 ], [ -65.081327, -17.195392 ], [ -65.081482, -17.195508 ], [ -65.081601, -17.195693 ], [ -65.08166, -17.195786 ], [ -65.081982, -17.196029 ], [ -65.082126, -17.196041 ], [ -65.082233, -17.196054 ], [ -65.082592, -17.196136 ], [ -65.08325, -17.196267 ], [ -65.083621, -17.196315 ], [ -65.083956, -17.196432 ], [ -65.084064, -17.196468 ], [ -65.084205, -17.19679 ], [ -65.084277, -17.196929 ], [ -65.08503, -17.196865 ], [ -65.085403, -17.196802 ], [ -65.08547, -17.196833 ], [ -65.085775, -17.196976 ], [ -65.086038, -17.196929 ], [ -65.08692, -17.196673 ], [ -65.08723, -17.196614 ], [ -65.087889, -17.196635 ], [ -65.088849, -17.196851 ], [ -65.090876, -17.197259 ], [ -65.091609, -17.197463 ], [ -65.092305, -17.197622 ], [ -65.093048, -17.197758 ], [ -65.093982, -17.197789 ], [ -65.095207, -17.197723 ], [ -65.096027, -17.197679 ], [ -65.096924, -17.197676 ], [ -65.097835, -17.197811 ], [ -65.099947, -17.198276 ], [ -65.100373, -17.19838 ], [ -65.100944, -17.198354 ], [ -65.101692, -17.198082 ], [ -65.102149, -17.198257 ], [ -65.102463, -17.198398 ], [ -65.102888, -17.198082 ], [ -65.103197, -17.197932 ], [ -65.103436, -17.197896 ], [ -65.103676, -17.197896 ], [ -65.104023, -17.197952 ], [ -65.104455, -17.197996 ], [ -65.104897, -17.197972 ], [ -65.105612, -17.197705 ], [ -65.107154, -17.196629 ], [ -65.10776, -17.196328 ], [ -65.10819, -17.196223 ], [ -65.108716, -17.196244 ], [ -65.109244, -17.196323 ], [ -65.110094, -17.196366 ], [ -65.110311, -17.196251 ], [ -65.111171, -17.196156 ], [ -65.112102, -17.196003 ], [ -65.113221, -17.19557 ], [ -65.114288, -17.19525 ], [ -65.115193, -17.194829 ], [ -65.11559, -17.194465 ], [ -65.116441, -17.194045 ], [ -65.117983, -17.193753 ], [ -65.118183, -17.193599 ], [ -65.118384, -17.193391 ], [ -65.11856, -17.193069 ], [ -65.118615, -17.192758 ], [ -65.118487, -17.192056 ], [ -65.118105, -17.191171 ], [ -65.117434, -17.190218 ], [ -65.115998, -17.188324 ], [ -65.115507, -17.187301 ], [ -65.115368, -17.186703 ], [ -65.11531, -17.185909 ], [ -65.115339, -17.185414 ], [ -65.115461, -17.184654 ], [ -65.115692, -17.183985 ], [ -65.11589, -17.183524 ], [ -65.116183, -17.183086 ], [ -65.116539, -17.182854 ], [ -65.117776, -17.18224 ], [ -65.118462, -17.181639 ], [ -65.119583, -17.180369 ], [ -65.119922, -17.179804 ], [ -65.120239, -17.179331 ], [ -65.120592, -17.17887 ], [ -65.121088, -17.178292 ], [ -65.121679, -17.177726 ], [ -65.122283, -17.177298 ], [ -65.122724, -17.17717 ], [ -65.123167, -17.177192 ], [ -65.12345, -17.177269 ], [ -65.123767, -17.177176 ], [ -65.124273, -17.177016 ], [ -65.124997, -17.177111 ], [ -65.125589, -17.177491 ], [ -65.125993, -17.178069 ], [ -65.126453, -17.178459 ], [ -65.126659, -17.178688 ], [ -65.12705, -17.17889 ], [ -65.127563, -17.17927 ], [ -65.127939, -17.179472 ], [ -65.128639, -17.179825 ], [ -65.129586, -17.18113 ], [ -65.13026, -17.181438 ], [ -65.130885, -17.18169 ], [ -65.131546, -17.181906 ], [ -65.132006, -17.181821 ], [ -65.132593, -17.181686 ], [ -65.133127, -17.181629 ], [ -65.133821, -17.181518 ], [ -65.134327, -17.181282 ], [ -65.135558, -17.180971 ], [ -65.13594, -17.180509 ], [ -65.136351, -17.179886 ], [ -65.136548, -17.179448 ], [ -65.136661, -17.178883 ], [ -65.136706, -17.177743 ], [ -65.136697, -17.176132 ], [ -65.136626, -17.175258 ], [ -65.136306, -17.173624 ], [ -65.136075, -17.172347 ], [ -65.136003, -17.171404 ], [ -65.135984, -17.17084 ], [ -65.13594, -17.170253 ], [ -65.135086, -17.169511 ], [ -65.13493, -17.164586 ], [ -65.136813, -17.162545 ], [ -65.140396, -17.159902 ], [ -65.140454, -17.159895 ], [ -65.140601, -17.159787 ], [ -65.148596, -17.158847 ], [ -65.152077, -17.154568 ], [ -65.152263, -17.154476 ], [ -65.152282, -17.154453 ], [ -65.157671, -17.15179 ], [ -65.160265, -17.150727 ], [ -65.162167, -17.150005 ], [ -65.165728, -17.14878 ], [ -65.169003, -17.148057 ], [ -65.171109, -17.147397 ], [ -65.171416, -17.147139 ], [ -65.172448, -17.146274 ], [ -65.175374, -17.14382 ], [ -65.176101, -17.14321 ], [ -65.177708, -17.141863 ], [ -65.177251, -17.142915 ], [ -65.182177, -17.139423 ], [ -65.172727, -17.130717 ], [ -65.183551, -17.104176 ], [ -65.22084, -17.10377 ], [ -65.220679, -17.101955 ], [ -65.220691, -17.100322 ], [ -65.220781, -17.100307 ], [ -65.221272, -17.099322 ], [ -65.222331, -17.09897 ], [ -65.223533, -17.09778 ], [ -65.224912, -17.097105 ], [ -65.226156, -17.09618 ], [ -65.227775, -17.095829 ], [ -65.229059, -17.095713 ], [ -65.22915, -17.095699 ], [ -65.229951, -17.095479 ], [ -65.230213, -17.094802 ], [ -65.230198, -17.094714 ], [ -65.230536, -17.093935 ], [ -65.230101, -17.093552 ], [ -65.229542, -17.093551 ], [ -65.225718, -17.094076 ], [ -65.22376, -17.093485 ], [ -65.222254, -17.09282 ], [ -65.222149, -17.092747 ], [ -65.222135, -17.092659 ], [ -65.221446, -17.091863 ], [ -65.221431, -17.091775 ], [ -65.221225, -17.091083 ], [ -65.221352, -17.090156 ], [ -65.221294, -17.089803 ], [ -65.221026, -17.089303 ], [ -65.221012, -17.089214 ], [ -65.220682, -17.088905 ], [ -65.220667, -17.088817 ], [ -65.21996, -17.088477 ], [ -65.218923, -17.087829 ], [ -65.218832, -17.087843 ], [ -65.218818, -17.087755 ], [ -65.218713, -17.087681 ], [ -65.2181, -17.086783 ], [ -65.218009, -17.086797 ], [ -65.21798, -17.086621 ], [ -65.216794, -17.085634 ], [ -65.216037, -17.083852 ], [ -65.214826, -17.082144 ], [ -65.214812, -17.082056 ], [ -65.214609, -17.081387 ], [ -65.214842, -17.080534 ], [ -65.214933, -17.080519 ], [ -65.216148, -17.079418 ], [ -65.216577, -17.078624 ], [ -65.216758, -17.078595 ], [ -65.217636, -17.078272 ], [ -65.218181, -17.078185 ], [ -65.218925, -17.077612 ], [ -65.21948, -17.07773 ], [ -65.220341, -17.078301 ], [ -65.221081, -17.077494 ], [ -65.22145, -17.077115 ], [ -65.221591, -17.076277 ], [ -65.221204, -17.075614 ], [ -65.220892, -17.074849 ], [ -65.221215, -17.073981 ], [ -65.221796, -17.072981 ], [ -65.222177, -17.072467 ], [ -65.222903, -17.07235 ], [ -65.22389, -17.071557 ], [ -65.223981, -17.071542 ], [ -65.224347, -17.07094 ], [ -65.224072, -17.069262 ], [ -65.223833, -17.068938 ], [ -65.223246, -17.068761 ], [ -65.222749, -17.068569 ], [ -65.222843, -17.06801 ], [ -65.222829, -17.067922 ], [ -65.22292, -17.067907 ], [ -65.223667, -17.06679 ], [ -65.224248, -17.06579 ], [ -65.224339, -17.065776 ], [ -65.224194, -17.064893 ], [ -65.223147, -17.063611 ], [ -65.223056, -17.063626 ], [ -65.221536, -17.062874 ], [ -65.221446, -17.062888 ], [ -65.219984, -17.062489 ], [ -65.219893, -17.062504 ], [ -65.218595, -17.062531 ], [ -65.21669, -17.062838 ], [ -65.216585, -17.062764 ], [ -65.215338, -17.061968 ], [ -65.21491, -17.061063 ], [ -65.214896, -17.060975 ], [ -65.215129, -17.060122 ], [ -65.216152, -17.058417 ], [ -65.216799, -17.056681 ], [ -65.216784, -17.056593 ], [ -65.217336, -17.055417 ], [ -65.217663, -17.054005 ], [ -65.218382, -17.052711 ], [ -65.218313, -17.051357 ], [ -65.219189, -17.049682 ], [ -65.219037, -17.04932 ], [ -65.218573, -17.04876 ], [ -65.21809, -17.048657 ], [ -65.218076, -17.048568 ], [ -65.217928, -17.048592 ], [ -65.216534, -17.048817 ], [ -65.215965, -17.048183 ], [ -65.216198, -17.04733 ], [ -65.216304, -17.045138 ], [ -65.216153, -17.043078 ], [ -65.216614, -17.041916 ], [ -65.216749, -17.039901 ], [ -65.216762, -17.037171 ], [ -65.216671, -17.037151 ], [ -65.216581, -17.037166 ], [ -65.216566, -17.037078 ], [ -65.215424, -17.036355 ], [ -65.215127, -17.035678 ], [ -65.21471, -17.034839 ], [ -65.213945, -17.034146 ], [ -65.213696, -17.03319 ], [ -65.213112, -17.032468 ], [ -65.212075, -17.031819 ], [ -65.209998, -17.031066 ], [ -65.209907, -17.03108 ], [ -65.209892, -17.030992 ], [ -65.209022, -17.030226 ], [ -65.207823, -17.02915 ], [ -65.207577, -17.027649 ], [ -65.207472, -17.027575 ], [ -65.207037, -17.027192 ], [ -65.206268, -17.027044 ], [ -65.206253, -17.026956 ], [ -65.206163, -17.02697 ], [ -65.205346, -17.026944 ], [ -65.204632, -17.025428 ], [ -65.204049, -17.024706 ], [ -65.203226, -17.02366 ], [ -65.203009, -17.022336 ], [ -65.20256, -17.021864 ], [ -65.202205, -17.020834 ], [ -65.201955, -17.019877 ], [ -65.201887, -17.018891 ], [ -65.201648, -17.018567 ], [ -65.201213, -17.018184 ], [ -65.200535, -17.018021 ], [ -65.199886, -17.018035 ], [ -65.199114, -17.018096 ], [ -65.199533, -17.01777 ], [ -65.200133, -17.01727 ], [ -65.200108, -17.01655 ], [ -65.19918, -17.01543 ], [ -65.197708, -17.014398 ], [ -65.197618, -17.014413 ], [ -65.196095, -17.014204 ], [ -65.196004, -17.014219 ], [ -65.195693, -17.013453 ], [ -65.195783, -17.013439 ], [ -65.195769, -17.013351 ], [ -65.195773, -17.012806 ], [ -65.195863, -17.012792 ], [ -65.196578, -17.012042 ], [ -65.196564, -17.011954 ], [ -65.19664, -17.011851 ], [ -65.19663, -17.011219 ], [ -65.196601, -17.011042 ], [ -65.196347, -17.01063 ], [ -65.195411, -17.010599 ], [ -65.195321, -17.010613 ], [ -65.194222, -17.010156 ], [ -65.193911, -17.00939 ], [ -65.194306, -17.008964 ], [ -65.194292, -17.008876 ], [ -65.195141, -17.008377 ], [ -65.195322, -17.008348 ], [ -65.195308, -17.008259 ], [ -65.195398, -17.008245 ], [ -65.196233, -17.007657 ], [ -65.19697, -17.006475 ], [ -65.196634, -17.004989 ], [ -65.196823, -17.003871 ], [ -65.19777, -17.002268 ], [ -65.197861, -17.002254 ], [ -65.199, -17.001255 ], [ -65.199457, -17.000638 ], [ -65.199331, -16.999299 ], [ -65.199383, -16.998475 ], [ -65.199611, -16.998166 ], [ -65.201708, -16.996198 ], [ -65.201799, -16.996183 ], [ -65.201735, -16.994905 ], [ -65.204006, -16.992046 ], [ -65.204467, -16.990884 ], [ -65.204558, -16.990869 ], [ -65.205631, -16.990606 ], [ -65.207706, -16.989638 ], [ -65.208254, -16.989006 ], [ -65.208109, -16.988123 ], [ -65.207254, -16.987445 ], [ -65.207163, -16.98746 ], [ -65.206213, -16.987341 ], [ -65.204396, -16.988177 ], [ -65.202311, -16.988512 ], [ -65.201122, -16.988069 ], [ -65.200825, -16.987392 ], [ -65.200468, -16.98464 ], [ -65.199827, -16.983565 ], [ -65.199033, -16.982696 ], [ -65.198091, -16.981488 ], [ -65.197425, -16.979692 ], [ -65.196737, -16.978896 ], [ -65.196044, -16.978645 ], [ -65.195748, -16.977968 ], [ -65.196357, -16.977145 ], [ -65.198261, -16.976839 ], [ -65.198747, -16.976398 ], [ -65.198899, -16.976192 ], [ -65.198871, -16.976016 ], [ -65.198831, -16.975207 ], [ -65.198843, -16.973573 ], [ -65.198829, -16.973485 ], [ -65.199315, -16.973045 ], [ -65.201037, -16.972767 ], [ -65.201371, -16.972533 ], [ -65.201447, -16.97243 ], [ -65.201432, -16.972341 ], [ -65.201523, -16.972327 ], [ -65.201484, -16.971518 ], [ -65.201469, -16.971429 ], [ -65.200929, -16.970972 ], [ -65.197895, -16.971189 ], [ -65.196992, -16.97079 ], [ -65.19692, -16.970349 ], [ -65.196924, -16.969804 ], [ -65.197, -16.969701 ], [ -65.196985, -16.969613 ], [ -65.197066, -16.968966 ], [ -65.197051, -16.968877 ], [ -65.196707, -16.96848 ], [ -65.195551, -16.967669 ], [ -65.195482, -16.96725 ], [ -65.195472, -16.966618 ], [ -65.195548, -16.966515 ], [ -65.196096, -16.965883 ], [ -65.196172, -16.96578 ], [ -65.196263, -16.965765 ], [ -65.197274, -16.965693 ], [ -65.198424, -16.965327 ], [ -65.198566, -16.964489 ], [ -65.198473, -16.962782 ], [ -65.198084, -16.961184 ], [ -65.198898, -16.960082 ], [ -65.199842, -16.959209 ], [ -65.201234, -16.958622 ], [ -65.202068, -16.958035 ], [ -65.202054, -16.957947 ], [ -65.20241, -16.956711 ], [ -65.20236, -16.955269 ], [ -65.202346, -16.955181 ], [ -65.202582, -16.953784 ], [ -65.202441, -16.952356 ], [ -65.202427, -16.952268 ], [ -65.201572, -16.95159 ], [ -65.200107, -16.951735 ], [ -65.199262, -16.951689 ], [ -65.198741, -16.950777 ], [ -65.198615, -16.949437 ], [ -65.198442, -16.948378 ], [ -65.198336, -16.948304 ], [ -65.198322, -16.948216 ], [ -65.197854, -16.9482 ], [ -65.197869, -16.948289 ], [ -65.197307, -16.948832 ], [ -65.196573, -16.950038 ], [ -65.195591, -16.950286 ], [ -65.194895, -16.95058 ], [ -65.193785, -16.951755 ], [ -65.192686, -16.951297 ], [ -65.192404, -16.950708 ], [ -65.192698, -16.949664 ], [ -65.193188, -16.948679 ], [ -65.194603, -16.947092 ], [ -65.194879, -16.946504 ], [ -65.194865, -16.946416 ], [ -65.194887, -16.945415 ], [ -65.194829, -16.945062 ], [ -65.194609, -16.944282 ], [ -65.194594, -16.944194 ], [ -65.194069, -16.943825 ], [ -65.193978, -16.94384 ], [ -65.192303, -16.943837 ], [ -65.191339, -16.94363 ], [ -65.191224, -16.942923 ], [ -65.192715, -16.941234 ], [ -65.193501, -16.940926 ], [ -65.193592, -16.940911 ], [ -65.193578, -16.940823 ], [ -65.193658, -16.940176 ], [ -65.192893, -16.939483 ], [ -65.192205, -16.938688 ], [ -65.192046, -16.937716 ], [ -65.192226, -16.937258 ], [ -65.192802, -16.936803 ], [ -65.192983, -16.936773 ], [ -65.194195, -16.936216 ], [ -65.194376, -16.936187 ], [ -65.194637, -16.93551 ], [ -65.194623, -16.935422 ], [ -65.19413, -16.934686 ], [ -65.193242, -16.934376 ], [ -65.193152, -16.93439 ], [ -65.193137, -16.934302 ], [ -65.192956, -16.934331 ], [ -65.19255, -16.934124 ], [ -65.192707, -16.933374 ], [ -65.192692, -16.933286 ], [ -65.19303, -16.932507 ], [ -65.193106, -16.932404 ], [ -65.193425, -16.932081 ], [ -65.193516, -16.932066 ], [ -65.194074, -16.932067 ], [ -65.194165, -16.932052 ], [ -65.19523, -16.932878 ], [ -65.195588, -16.933364 ], [ -65.195603, -16.933452 ], [ -65.195218, -16.934511 ], [ -65.195381, -16.934938 ], [ -65.195486, -16.935011 ], [ -65.1955, -16.9351 ], [ -65.196022, -16.936013 ], [ -65.196671, -16.935999 ], [ -65.197186, -16.935735 ], [ -65.197433, -16.93497 ], [ -65.197346, -16.93444 ], [ -65.196937, -16.932512 ], [ -65.197022, -16.931321 ], [ -65.196377, -16.93079 ], [ -65.196272, -16.930716 ], [ -65.195754, -16.929259 ], [ -65.195649, -16.929185 ], [ -65.194503, -16.928156 ], [ -65.193947, -16.927953 ], [ -65.193677, -16.92766 ], [ -65.193377, -16.927611 ], [ -65.193623, -16.927299 ], [ -65.193997, -16.927124 ], [ -65.194232, -16.926979 ], [ -65.194653, -16.926622 ], [ -65.195245, -16.926454 ], [ -65.197869, -16.926835 ], [ -65.197959, -16.92682 ], [ -65.198293, -16.926585 ], [ -65.198326, -16.926217 ], [ -65.198167, -16.925246 ], [ -65.198486, -16.924923 ], [ -65.198577, -16.924908 ], [ -65.199469, -16.924674 ], [ -65.199926, -16.924057 ], [ -65.19918, -16.922908 ], [ -65.198006, -16.922553 ], [ -65.197045, -16.921801 ], [ -65.197017, -16.921625 ], [ -65.197093, -16.921522 ], [ -65.197021, -16.92108 ], [ -65.197115, -16.920521 ], [ -65.196833, -16.919933 ], [ -65.196518, -16.919711 ], [ -65.195249, -16.919915 ], [ -65.194981, -16.919415 ], [ -65.195304, -16.918547 ], [ -65.195413, -16.918077 ], [ -65.194863, -16.916987 ], [ -65.194772, -16.917002 ], [ -65.194356, -16.916162 ], [ -65.194465, -16.915692 ], [ -65.195009, -16.915604 ], [ -65.1959, -16.91537 ], [ -65.196998, -16.915828 ], [ -65.197345, -16.917947 ], [ -65.19832, -16.918787 ], [ -65.198334, -16.918875 ], [ -65.199222, -16.919186 ], [ -65.199313, -16.919171 ], [ -65.199813, -16.918819 ], [ -65.199984, -16.918157 ], [ -65.1996, -16.91695 ], [ -65.199355, -16.915449 ], [ -65.199591, -16.914051 ], [ -65.199385, -16.913359 ], [ -65.19937, -16.913271 ], [ -65.199012, -16.912785 ], [ -65.198921, -16.9128 ], [ -65.198062, -16.912666 ], [ -65.196446, -16.913017 ], [ -65.196355, -16.913031 ], [ -65.195587, -16.912883 ], [ -65.195261, -16.912029 ], [ -65.195232, -16.911853 ], [ -65.195613, -16.911338 ], [ -65.197668, -16.910826 ], [ -65.197759, -16.910812 ], [ -65.198231, -16.910283 ], [ -65.198321, -16.910268 ], [ -65.198644, -16.909401 ], [ -65.198615, -16.909224 ], [ -65.198333, -16.908635 ], [ -65.198319, -16.908547 ], [ -65.197732, -16.908369 ], [ -65.196698, -16.909442 ], [ -65.196064, -16.909544 ], [ -65.196049, -16.909456 ], [ -65.195958, -16.90947 ], [ -65.195944, -16.909382 ], [ -65.195853, -16.909396 ], [ -65.195839, -16.909308 ], [ -65.195528, -16.908543 ], [ -65.195086, -16.906982 ], [ -65.194293, -16.906113 ], [ -65.192337, -16.905895 ], [ -65.191721, -16.90635 ], [ -65.190281, -16.906734 ], [ -65.188877, -16.906544 ], [ -65.18785, -16.905901 ], [ -65.187327, -16.904802 ], [ -65.187146, -16.903863 ], [ -65.187724, -16.902385 ], [ -65.188351, -16.901519 ], [ -65.189874, -16.90093 ], [ -65.191106, -16.900917 ], [ -65.192935, -16.901061 ], [ -65.192977, -16.90106 ], [ -65.194336, -16.900964 ], [ -65.196244, -16.900623 ], [ -65.201576, -16.898848 ], [ -65.203174, -16.897358 ], [ -65.204866, -16.896767 ], [ -65.206459, -16.894869 ], [ -65.207031, -16.892981 ], [ -65.207019, -16.891918 ], [ -65.206397, -16.889552 ], [ -65.204938, -16.888341 ], [ -65.203824, -16.887535 ], [ -65.203464, -16.88582 ], [ -65.202341, -16.884196 ], [ -65.201132, -16.882492 ], [ -65.201124, -16.881837 ], [ -65.201509, -16.880776 ], [ -65.202252, -16.878968 ], [ -65.20215, -16.877497 ], [ -65.200863, -16.876366 ], [ -65.198562, -16.875818 ], [ -65.19754, -16.875583 ], [ -65.19167, -16.87491 ], [ -65.189875, -16.874029 ], [ -65.188236, -16.871838 ], [ -65.187864, -16.86906 ], [ -65.187842, -16.867179 ], [ -65.188154, -16.864722 ], [ -65.188896, -16.86275 ], [ -65.190649, -16.860032 ], [ -65.193004, -16.858803 ], [ -65.192671, -16.855002 ], [ -65.192625, -16.854073 ], [ -65.192543, -16.85311 ], [ -65.192411, -16.852101 ], [ -65.192271, -16.85123 ], [ -65.191834, -16.849411 ], [ -65.191331, -16.847868 ], [ -65.191033, -16.847344 ], [ -65.19075, -16.847015 ], [ -65.190543, -16.846834 ], [ -65.189939, -16.84651 ], [ -65.188302, -16.845936 ], [ -65.18799, -16.845848 ], [ -65.187655, -16.845796 ], [ -65.187296, -16.845778 ], [ -65.186511, -16.845858 ], [ -65.186096, -16.845967 ], [ -65.185671, -16.846146 ], [ -65.185329, -16.846346 ], [ -65.184908, -16.846673 ], [ -65.184371, -16.847175 ], [ -65.183695, -16.847862 ], [ -65.182974, -16.848653 ], [ -65.182504, -16.849199 ], [ -65.182255, -16.84949 ], [ -65.181408, -16.850512 ], [ -65.180645, -16.851593 ], [ -65.179518, -16.853318 ], [ -65.178951, -16.854061 ], [ -65.178417, -16.854665 ], [ -65.177973, -16.855051 ], [ -65.177491, -16.85539 ], [ -65.176937, -16.855674 ], [ -65.176417, -16.855854 ], [ -65.175989, -16.855928 ], [ -65.174989, -16.856035 ], [ -65.174063, -16.856193 ], [ -65.173729, -16.856391 ], [ -65.173082, -16.856305 ], [ -65.172491, -16.856368 ], [ -65.170656, -16.856475 ], [ -65.169394, -16.856585 ], [ -65.169024, -16.85659 ], [ -65.168031, -16.856455 ], [ -65.167683, -16.856356 ], [ -65.167333, -16.856223 ], [ -65.167102, -16.856031 ], [ -65.166735, -16.855646 ], [ -65.166352, -16.855077 ], [ -65.165873, -16.854039 ], [ -65.165702, -16.853376 ], [ -65.165565, -16.852597 ], [ -65.165484, -16.851702 ], [ -65.165466, -16.850945 ], [ -65.165508, -16.850209 ], [ -65.165732, -16.849586 ], [ -65.165949, -16.849204 ], [ -65.16633, -16.84867 ], [ -65.166598, -16.848368 ], [ -65.166984, -16.848064 ], [ -65.167408, -16.847851 ], [ -65.168024, -16.847647 ], [ -65.168795, -16.847453 ], [ -65.17021, -16.847222 ], [ -65.170875, -16.847113 ], [ -65.172077, -16.84697 ], [ -65.173325, -16.84678 ], [ -65.175837, -16.846538 ], [ -65.176895, -16.846385 ], [ -65.177547, -16.846215 ], [ -65.177902, -16.846095 ], [ -65.178233, -16.845964 ], [ -65.178624, -16.845855 ], [ -65.179771, -16.845426 ], [ -65.180232, -16.845224 ], [ -65.180691, -16.844976 ], [ -65.181006, -16.844662 ], [ -65.181271, -16.844279 ], [ -65.181543, -16.84369 ], [ -65.181774, -16.843064 ], [ -65.18179, -16.84302 ], [ -65.181894, -16.842376 ], [ -65.18188, -16.841779 ], [ -65.181755, -16.84108 ], [ -65.181575, -16.840531 ], [ -65.181422, -16.84012 ], [ -65.181099, -16.839562 ], [ -65.180486, -16.838377 ], [ -65.180297, -16.837977 ], [ -65.180198, -16.837829 ], [ -65.180049, -16.837556 ], [ -65.179483, -16.836821 ], [ -65.179368, -16.836673 ], [ -65.178369, -16.836146 ], [ -65.177245, -16.83556 ], [ -65.174752, -16.834689 ], [ -65.172826, -16.834146 ], [ -65.172573, -16.833397 ], [ -65.172488, -16.83281 ], [ -65.172438, -16.831992 ], [ -65.172437, -16.831209 ], [ -65.172425, -16.830869 ], [ -65.172399, -16.830114 ], [ -65.172301, -16.829078 ], [ -65.172059, -16.827903 ], [ -65.171601, -16.826474 ], [ -65.170974, -16.825081 ], [ -65.170144, -16.823733 ], [ -65.169386, -16.822858 ], [ -65.168762, -16.822455 ], [ -65.167477, -16.821948 ], [ -65.167331, -16.821864 ], [ -65.165134, -16.822054 ], [ -65.163531, -16.821373 ], [ -65.16352, -16.820395 ], [ -65.164165, -16.81969 ], [ -65.164768, -16.819039 ], [ -65.16476, -16.818943 ], [ -65.165011, -16.81839 ], [ -65.165538, -16.817883 ], [ -65.166305, -16.81726 ], [ -65.167084, -16.816753 ], [ -65.167852, -16.816546 ], [ -65.16868, -16.816523 ], [ -65.16958, -16.81658 ], [ -65.170444, -16.816545 ], [ -65.171967, -16.816222 ], [ -65.172699, -16.815923 ], [ -65.173262, -16.815462 ], [ -65.173423, -16.815163 ], [ -65.173315, -16.814706 ], [ -65.173378, -16.813797 ], [ -65.172561, -16.81213 ], [ -65.171526, -16.810395 ], [ -65.170277, -16.808942 ], [ -65.168594, -16.807493 ], [ -65.167642, -16.806735 ], [ -65.167055, -16.806113 ], [ -65.16589, -16.805637 ], [ -65.164291, -16.805304 ], [ -65.163196, -16.804618 ], [ -65.162107, -16.80442 ], [ -65.16109, -16.804291 ], [ -65.159855, -16.804024 ], [ -65.158624, -16.804177 ], [ -65.156592, -16.803989 ], [ -65.15478, -16.804008 ], [ -65.153619, -16.80395 ], [ -65.152457, -16.803753 ], [ -65.151384, -16.803721 ], [ -65.151019, -16.803832 ], [ -65.150168, -16.804074 ], [ -65.14928, -16.804247 ], [ -65.148344, -16.804316 ], [ -65.147324, -16.804132 ], [ -65.146363, -16.803763 ], [ -65.14545, -16.803279 ], [ -65.144502, -16.802646 ], [ -65.143576, -16.801943 ], [ -65.142699, -16.801195 ], [ -65.141774, -16.800458 ], [ -65.140729, -16.799674 ], [ -65.138627, -16.798223 ], [ -65.137935, -16.797649 ], [ -65.137744, -16.797552 ], [ -65.136724, -16.797074 ], [ -65.135551, -16.795899 ], [ -65.134374, -16.794375 ], [ -65.133557, -16.792637 ], [ -65.133846, -16.791646 ], [ -65.133745, -16.791404 ], [ -65.133672, -16.790459 ], [ -65.133743, -16.789814 ], [ -65.133993, -16.788789 ], [ -65.13428, -16.787879 ], [ -65.13471, -16.786923 ], [ -65.135273, -16.785886 ], [ -65.135955, -16.785068 ], [ -65.136722, -16.784423 ], [ -65.137502, -16.783974 ], [ -65.137521, -16.783966 ], [ -65.138293, -16.78364 ], [ -65.138965, -16.783467 ], [ -65.13954, -16.783444 ], [ -65.140141, -16.783559 ], [ -65.142109, -16.784031 ], [ -65.143453, -16.784319 ], [ -65.143934, -16.78443 ], [ -65.144942, -16.784664 ], [ -65.146358, -16.784918 ], [ -65.147774, -16.785194 ], [ -65.149118, -16.785332 ], [ -65.15021, -16.785286 ], [ -65.151121, -16.785067 ], [ -65.151997, -16.784733 ], [ -65.153028, -16.784226 ], [ -65.154118, -16.783569 ], [ -65.155113, -16.782705 ], [ -65.155975, -16.781714 ], [ -65.156681, -16.780562 ], [ -65.15716, -16.779548 ], [ -65.157517, -16.77797 ], [ -65.157647, -16.77653 ], [ -65.157536, -16.77463 ], [ -65.157246, -16.77342 ], [ -65.156679, -16.771969 ], [ -65.156404, -16.771533 ], [ -65.156078, -16.771315 ], [ -65.155562, -16.770552 ], [ -65.154103, -16.76966 ], [ -65.152864, -16.769044 ], [ -65.151698, -16.768498 ], [ -65.149813, -16.768447 ], [ -65.148142, -16.768116 ], [ -65.146327, -16.767855 ], [ -65.145478, -16.767384 ], [ -65.144759, -16.767213 ], [ -65.143282, -16.766752 ], [ -65.142046, -16.766245 ], [ -65.141253, -16.765669 ], [ -65.140832, -16.764932 ], [ -65.140434, -16.763803 ], [ -65.140241, -16.762617 ], [ -65.140227, -16.761396 ], [ -65.140477, -16.760347 ], [ -65.1408, -16.759299 ], [ -65.14123, -16.758366 ], [ -65.141793, -16.757537 ], [ -65.142511, -16.756926 ], [ -65.142664, -16.756856 ], [ -65.143554, -16.756442 ], [ -65.14467, -16.756074 ], [ -65.145881, -16.755797 ], [ -65.146708, -16.755682 ], [ -65.147728, -16.755705 ], [ -65.148736, -16.755877 ], [ -65.149936, -16.756027 ], [ -65.151352, -16.756177 ], [ -65.152695, -16.756119 ], [ -65.153978, -16.755831 ], [ -65.155285, -16.755381 ], [ -65.156556, -16.754897 ], [ -65.157671, -16.754609 ], [ -65.158115, -16.754555 ], [ -65.158703, -16.754482 ], [ -65.159663, -16.754448 ], [ -65.160586, -16.754482 ], [ -65.161051, -16.754552 ], [ -65.16151, -16.75462 ], [ -65.162348, -16.754835 ], [ -65.162542, -16.754885 ], [ -65.163527, -16.755311 ], [ -65.164571, -16.755979 ], [ -65.16546, -16.756751 ], [ -65.167254, -16.758714 ], [ -65.167912, -16.759434 ], [ -65.168729, -16.760137 ], [ -65.16951, -16.760632 ], [ -65.17029, -16.760989 ], [ -65.171094, -16.761277 ], [ -65.17167, -16.761357 ], [ -65.172114, -16.761334 ], [ -65.172534, -16.761207 ], [ -65.172704, -16.761103 ], [ -65.173133, -16.760839 ], [ -65.17366, -16.760412 ], [ -65.174079, -16.759871 ], [ -65.174354, -16.759352 ], [ -65.174557, -16.758465 ], [ -65.174697, -16.758055 ], [ -65.174548, -16.757365 ], [ -65.174027, -16.756183 ], [ -65.173583, -16.75542 ], [ -65.172562, -16.754802 ], [ -65.171461, -16.753627 ], [ -65.170215, -16.752383 ], [ -65.169481, -16.751553 ], [ -65.168822, -16.750931 ], [ -65.168162, -16.75031 ], [ -65.16779, -16.749406 ], [ -65.167463, -16.748883 ], [ -65.166898, -16.748422 ], [ -65.166286, -16.748019 ], [ -65.16559, -16.747708 ], [ -65.164833, -16.747443 ], [ -65.163909, -16.747179 ], [ -65.162937, -16.74696 ], [ -65.162169, -16.746868 ], [ -65.16139, -16.746822 ], [ -65.159722, -16.746672 ], [ -65.158654, -16.746603 ], [ -65.157683, -16.746603 ], [ -65.156963, -16.746661 ], [ -65.156208, -16.746765 ], [ -65.15559, -16.747299 ], [ -65.154508, -16.747729 ], [ -65.153206, -16.747953 ], [ -65.151183, -16.748462 ], [ -65.149739, -16.748966 ], [ -65.14873, -16.749466 ], [ -65.147287, -16.750039 ], [ -65.146199, -16.749981 ], [ -65.144821, -16.749925 ], [ -65.143579, -16.74903 ], [ -65.142336, -16.747996 ], [ -65.141907, -16.747238 ], [ -65.141417, -16.746847 ], [ -65.140479, -16.745902 ], [ -65.139686, -16.744889 ], [ -65.139025, -16.743794 ], [ -65.138447, -16.742711 ], [ -65.137747, -16.741258 ], [ -65.13541, -16.737803 ], [ -65.134958, -16.736341 ], [ -65.134784, -16.73514 ], [ -65.134563, -16.733343 ], [ -65.134983, -16.732012 ], [ -65.135122, -16.73189 ], [ -65.135288, -16.731365 ], [ -65.135599, -16.730547 ], [ -65.136077, -16.729775 ], [ -65.136628, -16.729061 ], [ -65.137586, -16.728209 ], [ -65.138461, -16.727621 ], [ -65.13966, -16.726953 ], [ -65.140846, -16.726458 ], [ -65.142045, -16.726054 ], [ -65.14346, -16.72572 ], [ -65.144671, -16.725501 ], [ -65.145595, -16.725386 ], [ -65.146482, -16.725386 ], [ -65.146791, -16.725417 ], [ -65.147154, -16.725252 ], [ -65.148388, -16.725448 ], [ -65.148942, -16.725708 ], [ -65.149865, -16.725893 ], [ -65.152193, -16.726434 ], [ -65.153321, -16.726607 ], [ -65.154173, -16.72663 ], [ -65.154856, -16.726411 ], [ -65.155299, -16.726042 ], [ -65.155706, -16.725385 ], [ -65.155968, -16.724441 ], [ -65.155972, -16.724381 ], [ -65.156039, -16.723392 ], [ -65.155917, -16.722183 ], [ -65.155459, -16.720697 ], [ -65.155227, -16.720275 ], [ -65.154605, -16.719142 ], [ -65.153823, -16.717967 ], [ -65.153226, -16.71591 ], [ -65.152527, -16.714554 ], [ -65.152338, -16.714186 ], [ -65.151762, -16.712638 ], [ -65.150196, -16.71122 ], [ -65.149936, -16.710146 ], [ -65.149109, -16.709489 ], [ -65.149037, -16.709432 ], [ -65.148639, -16.708597 ], [ -65.148218, -16.707715 ], [ -65.147435, -16.706312 ], [ -65.146559, -16.704743 ], [ -65.145742, -16.703638 ], [ -65.145069, -16.702774 ], [ -65.1443, -16.702002 ], [ -65.143399, -16.701149 ], [ -65.142655, -16.700551 ], [ -65.141922, -16.700044 ], [ -65.141262, -16.699721 ], [ -65.140566, -16.699525 ], [ -65.139763, -16.699329 ], [ -65.137987, -16.699145 ], [ -65.136752, -16.699042 ], [ -65.135409, -16.698949 ], [ -65.134683, -16.69892 ], [ -65.134465, -16.698991 ], [ -65.13301, -16.699349 ], [ -65.131195, -16.699462 ], [ -65.130303, -16.69944 ], [ -65.129313, -16.699309 ], [ -65.128515, -16.699005 ], [ -65.127813, -16.698529 ], [ -65.127558, -16.698237 ], [ -65.12736, -16.698166 ], [ -65.126832, -16.69782 ], [ -65.126736, -16.697486 ], [ -65.126663, -16.696979 ], [ -65.126692, -16.69676 ], [ -65.126674, -16.696715 ], [ -65.126437, -16.695796 ], [ -65.12643, -16.695188 ], [ -65.126475, -16.694898 ], [ -65.126551, -16.694445 ], [ -65.126755, -16.693865 ], [ -65.126862, -16.693318 ], [ -65.127292, -16.692627 ], [ -65.127919, -16.692121 ], [ -65.128417, -16.691726 ], [ -65.129337, -16.691342 ], [ -65.130045, -16.690967 ], [ -65.131091, -16.690218 ], [ -65.132469, -16.689584 ], [ -65.133284, -16.689406 ], [ -65.134224, -16.68906 ], [ -65.135031, -16.68877 ], [ -65.135774, -16.688482 ], [ -65.136436, -16.688303 ], [ -65.136986, -16.688188 ], [ -65.137586, -16.688151 ], [ -65.138315, -16.688112 ], [ -65.138687, -16.688046 ], [ -65.139059, -16.687995 ], [ -65.139657, -16.687817 ], [ -65.14042, -16.687583 ], [ -65.14139, -16.687307 ], [ -65.142472, -16.687 ], [ -65.143654, -16.686878 ], [ -65.14511, -16.686598 ], [ -65.146582, -16.686286 ], [ -65.147471, -16.686043 ], [ -65.148295, -16.6858 ], [ -65.148812, -16.685623 ], [ -65.149844, -16.685175 ], [ -65.15062, -16.684744 ], [ -65.150893, -16.684342 ], [ -65.151192, -16.68379 ], [ -65.151347, -16.683144 ], [ -65.151382, -16.682419 ], [ -65.151165, -16.681532 ], [ -65.150744, -16.680725 ], [ -65.150107, -16.679965 ], [ -65.149231, -16.67924 ], [ -65.148295, -16.67879 ], [ -65.147035, -16.678376 ], [ -65.145812, -16.678157 ], [ -65.144108, -16.677961 ], [ -65.142937, -16.677846 ], [ -65.14238, -16.677871 ], [ -65.141327, -16.677913 ], [ -65.140501, -16.677984 ], [ -65.139838, -16.678131 ], [ -65.138675, -16.678487 ], [ -65.137303, -16.679016 ], [ -65.13601, -16.679373 ], [ -65.135402, -16.679558 ], [ -65.133823, -16.680576 ], [ -65.132889, -16.681244 ], [ -65.131068, -16.682407 ], [ -65.130109, -16.682949 ], [ -65.127952, -16.683836 ], [ -65.127611, -16.683916 ], [ -65.125374, -16.684446 ], [ -65.124044, -16.684699 ], [ -65.122845, -16.68486 ], [ -65.121741, -16.684918 ], [ -65.120518, -16.68486 ], [ -65.119355, -16.684756 ], [ -65.118479, -16.684584 ], [ -65.117651, -16.684319 ], [ -65.116859, -16.683904 ], [ -65.116163, -16.683512 ], [ -65.114771, -16.682544 ], [ -65.113282, -16.681415 ], [ -65.112488, -16.680968 ], [ -65.112442, -16.680943 ], [ -65.111398, -16.68047 ], [ -65.110511, -16.680274 ], [ -65.109755, -16.680251 ], [ -65.109, -16.680458 ], [ -65.108125, -16.680919 ], [ -65.107143, -16.681668 ], [ -65.10616, -16.682578 ], [ -65.10525, -16.683557 ], [ -65.10452, -16.684409 ], [ -65.103897, -16.685077 ], [ -65.103358, -16.685538 ], [ -65.102867, -16.685883 ], [ -65.102351, -16.686113 ], [ -65.10174, -16.686228 ], [ -65.101176, -16.686217 ], [ -65.10042, -16.686009 ], [ -65.10003, -16.685849 ], [ -65.099773, -16.685744 ], [ -65.099232, -16.685399 ], [ -65.098812, -16.684915 ], [ -65.098644, -16.684431 ], [ -65.098619, -16.684005 ], [ -65.098726, -16.683521 ], [ -65.099073, -16.682899 ], [ -65.099636, -16.682219 ], [ -65.100367, -16.681655 ], [ -65.101314, -16.68116 ], [ -65.102105, -16.680688 ], [ -65.102895, -16.679997 ], [ -65.10341, -16.679294 ], [ -65.103961, -16.678453 ], [ -65.104319, -16.677658 ], [ -65.104642, -16.676725 ], [ -65.104857, -16.675804 ], [ -65.105215, -16.674744 ], [ -65.105646, -16.673869 ], [ -65.106196, -16.673028 ], [ -65.107274, -16.671703 ], [ -65.107825, -16.671081 ], [ -65.108196, -16.670597 ], [ -65.108375, -16.670333 ], [ -65.108671, -16.669987 ], [ -65.108903, -16.66907 ], [ -65.109045, -16.668509 ], [ -65.109125, -16.668037 ], [ -65.109171, -16.667634 ], [ -65.109248, -16.666506 ], [ -65.109256, -16.665907 ], [ -65.109193, -16.665435 ], [ -65.109011, -16.664882 ], [ -65.108818, -16.66457 ], [ -65.108458, -16.664224 ], [ -65.108182, -16.664063 ], [ -65.107847, -16.66389 ], [ -65.107596, -16.663797 ], [ -65.106652, -16.663566 ], [ -65.105947, -16.663519 ], [ -65.105494, -16.663576 ], [ -65.104958, -16.663736 ], [ -65.103565, -16.664368 ], [ -65.1016, -16.66516 ], [ -65.099885, -16.665791 ], [ -65.098313, -16.666468 ], [ -65.097075, -16.667066 ], [ -65.096468, -16.667341 ], [ -65.095944, -16.667525 ], [ -65.095396, -16.667685 ], [ -65.094287, -16.667879 ], [ -65.093786, -16.667925 ], [ -65.093583, -16.667925 ], [ -65.093296, -16.667901 ], [ -65.093021, -16.66782 ], [ -65.092686, -16.667681 ], [ -65.092252, -16.66746 ], [ -65.091647, -16.66736 ], [ -65.090983, -16.666847 ], [ -65.090681, -16.666562 ], [ -65.090588, -16.666179 ], [ -65.09048, -16.665951 ], [ -65.090334, -16.665582 ], [ -65.090284, -16.665133 ], [ -65.090305, -16.664696 ], [ -65.090398, -16.664201 ], [ -65.090574, -16.663706 ], [ -65.090964, -16.663015 ], [ -65.091496, -16.662187 ], [ -65.092337, -16.661151 ], [ -65.093074, -16.660531 ], [ -65.093728, -16.660221 ], [ -65.094444, -16.660106 ], [ -65.095243, -16.660004 ], [ -65.096604, -16.65973 ], [ -65.096721, -16.659706 ], [ -65.100441, -16.659009 ], [ -65.101466, -16.658745 ], [ -65.102586, -16.658367 ], [ -65.103645, -16.657873 ], [ -65.104633, -16.657333 ], [ -65.105441, -16.656758 ], [ -65.105892, -16.656241 ], [ -65.10614, -16.655815 ], [ -65.106269, -16.655435 ], [ -65.106312, -16.654617 ], [ -65.106285, -16.654145 ], [ -65.106149, -16.65335 ], [ -65.10599, -16.652786 ], [ -65.105699, -16.652026 ], [ -65.105556, -16.651794 ], [ -65.104988, -16.650873 ], [ -65.104724, -16.650596 ], [ -65.104496, -16.650423 ], [ -65.104317, -16.650331 ], [ -65.104077, -16.650262 ], [ -65.103719, -16.650227 ], [ -65.103242, -16.650226 ], [ -65.102681, -16.650317 ], [ -65.102193, -16.650443 ], [ -65.101728, -16.650627 ], [ -65.101256, -16.650845 ], [ -65.100041, -16.651569 ], [ -65.098542, -16.652431 ], [ -65.097829, -16.65289 ], [ -65.096402, -16.653902 ], [ -65.095773, -16.654408 ], [ -65.095143, -16.65496 ], [ -65.094016, -16.655995 ], [ -65.093627, -16.656961 ], [ -65.09304, -16.658005 ], [ -65.092388, -16.658472 ], [ -65.091558, -16.65923 ], [ -65.090613, -16.660278 ], [ -65.089962, -16.660976 ], [ -65.089252, -16.661675 ], [ -65.088781, -16.662372 ], [ -65.088133, -16.663244 ], [ -65.087662, -16.66394 ], [ -65.087191, -16.664694 ], [ -65.086546, -16.665912 ], [ -65.086259, -16.666953 ], [ -65.085733, -16.668169 ], [ -65.084957, -16.668385 ], [ -65.084329, -16.669133 ], [ -65.084164, -16.669211 ], [ -65.084125, -16.669247 ], [ -65.083756, -16.669466 ], [ -65.083351, -16.669615 ], [ -65.083167, -16.669529 ], [ -65.082399, -16.669586 ], [ -65.081323, -16.669712 ], [ -65.079945, -16.669438 ], [ -65.078805, -16.669103 ], [ -65.077904, -16.668824 ], [ -65.077122, -16.668371 ], [ -65.075736, -16.667462 ], [ -65.074524, -16.665975 ], [ -65.073735, -16.665003 ], [ -65.073187, -16.664028 ], [ -65.073149, -16.663622 ], [ -65.07288, -16.663047 ], [ -65.072685, -16.662494 ], [ -65.072599, -16.66201 ], [ -65.072572, -16.661458 ], [ -65.072592, -16.660813 ], [ -65.072598, -16.659765 ], [ -65.072735, -16.658659 ], [ -65.072887, -16.658118 ], [ -65.072981, -16.657946 ], [ -65.073147, -16.657716 ], [ -65.073478, -16.657175 ], [ -65.073999, -16.656462 ], [ -65.074592, -16.655818 ], [ -65.075138, -16.655323 ], [ -65.075757, -16.654921 ], [ -65.076376, -16.654634 ], [ -65.077139, -16.654451 ], [ -65.077818, -16.654314 ], [ -65.078736, -16.654154 ], [ -65.079451, -16.653959 ], [ -65.079868, -16.653741 ], [ -65.080201, -16.6535 ], [ -65.080664, -16.653132 ], [ -65.081139, -16.652626 ], [ -65.081469, -16.65205 ], [ -65.081704, -16.651348 ], [ -65.081901, -16.650416 ], [ -65.08211, -16.649264 ], [ -65.082187, -16.648182 ], [ -65.082146, -16.647261 ], [ -65.082138, -16.647176 ], [ -65.082069, -16.646431 ], [ -65.081935, -16.64597 ], [ -65.081451, -16.644818 ], [ -65.080614, -16.642583 ], [ -65.080394, -16.64165 ], [ -65.080317, -16.640774 ], [ -65.080335, -16.639634 ], [ -65.080458, -16.638794 ], [ -65.080507, -16.63846 ], [ -65.080752, -16.637828 ], [ -65.080859, -16.637551 ], [ -65.081148, -16.637147 ], [ -65.081262, -16.636987 ], [ -65.081678, -16.636631 ], [ -65.082236, -16.636194 ], [ -65.082723, -16.63578 ], [ -65.083388, -16.635182 ], [ -65.084301, -16.634262 ], [ -65.084657, -16.633767 ], [ -65.084916, -16.633192 ], [ -65.08503, -16.632386 ], [ -65.084954, -16.631545 ], [ -65.084674, -16.630681 ], [ -65.08424, -16.629805 ], [ -65.083736, -16.629264 ], [ -65.083639, -16.629159 ], [ -65.082776, -16.628571 ], [ -65.081855, -16.628167 ], [ -65.080935, -16.627958 ], [ -65.080147, -16.627934 ], [ -65.079515, -16.628013 ], [ -65.078872, -16.628197 ], [ -65.076979, -16.628873 ], [ -65.07651, -16.62904 ], [ -65.075677, -16.629619 ], [ -65.074554, -16.630124 ], [ -65.07408, -16.630337 ], [ -65.072711, -16.631085 ], [ -65.071484, -16.631565 ], [ -65.070686, -16.631908 ], [ -65.070266, -16.632192 ], [ -65.069588, -16.632686 ], [ -65.068947, -16.633203 ], [ -65.068341, -16.633767 ], [ -65.066904, -16.634974 ], [ -65.066275, -16.635572 ], [ -65.065373, -16.636365 ], [ -65.065174, -16.636532 ], [ -65.064806, -16.636841 ], [ -65.064565, -16.637043 ], [ -65.063733, -16.637664 ], [ -65.062992, -16.638071 ], [ -65.06246, -16.638449 ], [ -65.061892, -16.638537 ], [ -65.061245, -16.638719 ], [ -65.060577, -16.638822 ], [ -65.060267, -16.638845 ], [ -65.059836, -16.638763 ], [ -65.059334, -16.638567 ], [ -65.058915, -16.638324 ], [ -65.058411, -16.637944 ], [ -65.057799, -16.637332 ], [ -65.057115, -16.636571 ], [ -65.055841, -16.635026 ], [ -65.054424, -16.633561 ], [ -65.053825, -16.633088 ], [ -65.053177, -16.632626 ], [ -65.052567, -16.632326 ], [ -65.05179, -16.632025 ], [ -65.051061, -16.631875 ], [ -65.050321, -16.631873 ], [ -65.049582, -16.632068 ], [ -65.049112, -16.632294 ], [ -65.04901, -16.632344 ], [ -65.047752, -16.633151 ], [ -65.047631, -16.633228 ], [ -65.046964, -16.633526 ], [ -65.046499, -16.633641 ], [ -65.04576, -16.633674 ], [ -65.045163, -16.633616 ], [ -65.044398, -16.633407 ], [ -65.044038, -16.633188 ], [ -65.043726, -16.632819 ], [ -65.043568, -16.632266 ], [ -65.043637, -16.631874 ], [ -65.043909, -16.631242 ], [ -65.04392, -16.631218 ], [ -65.044298, -16.63062 ], [ -65.044902, -16.629769 ], [ -65.045409, -16.629 ], [ -65.0456, -16.62871 ], [ -65.04631, -16.627548 ], [ -65.047009, -16.626686 ], [ -65.047579, -16.626203 ], [ -65.047972, -16.626042 ], [ -65.048485, -16.62594 ], [ -65.049117, -16.625837 ], [ -65.049142, -16.625838 ], [ -65.049785, -16.625861 ], [ -65.050466, -16.626023 ], [ -65.051351, -16.626324 ], [ -65.052428, -16.626775 ], [ -65.053732, -16.627376 ], [ -65.05518, -16.628 ], [ -65.056568, -16.628567 ], [ -65.057954, -16.628903 ], [ -65.059017, -16.628985 ], [ -65.059995, -16.628929 ], [ -65.06102, -16.628723 ], [ -65.06183, -16.628482 ], [ -65.062748, -16.628161 ], [ -65.063236, -16.627955 ], [ -65.06333, -16.627887 ], [ -65.063616, -16.627679 ], [ -65.063817, -16.627391 ], [ -65.063923, -16.627058 ], [ -65.063992, -16.626643 ], [ -65.064013, -16.626194 ], [ -65.063902, -16.625561 ], [ -65.063695, -16.624846 ], [ -65.063356, -16.623982 ], [ -65.062909, -16.623083 ], [ -65.062368, -16.622242 ], [ -65.061694, -16.621365 ], [ -65.061034, -16.620719 ], [ -65.060291, -16.620165 ], [ -65.059477, -16.61975 ], [ -65.058616, -16.619437 ], [ -65.057732, -16.619229 ], [ -65.057722, -16.619228 ], [ -65.056967, -16.619135 ], [ -65.05618, -16.619215 ], [ -65.055323, -16.619582 ], [ -65.054454, -16.620041 ], [ -65.053658, -16.620524 ], [ -65.05286, -16.620914 ], [ -65.051441, -16.621536 ], [ -65.051158, -16.62166 ], [ -65.050253, -16.622038 ], [ -65.04936, -16.622383 ], [ -65.048454, -16.62268 ], [ -65.047608, -16.622855 ], [ -65.047513, -16.622875 ], [ -65.046702, -16.622989 ], [ -65.045592, -16.623056 ], [ -65.044757, -16.622997 ], [ -65.044087, -16.622789 ], [ -65.043213, -16.622292 ], [ -65.042134, -16.621427 ], [ -65.041246, -16.620515 ], [ -65.040524, -16.619501 ], [ -65.039958, -16.618648 ], [ -65.039572, -16.617818 ], [ -65.0394, -16.617057 ], [ -65.039372, -16.616263 ], [ -65.039427, -16.615491 ], [ -65.039612, -16.614363 ], [ -65.03976, -16.613142 ], [ -65.039873, -16.611899 ], [ -65.03995, -16.61069 ], [ -65.040021, -16.609851 ], [ -65.04005, -16.609504 ], [ -65.040188, -16.608491 ], [ -65.040363, -16.607773 ], [ -65.040841, -16.60582 ], [ -65.041038, -16.604795 ], [ -65.041092, -16.60369 ], [ -65.041026, -16.602619 ], [ -65.040794, -16.601674 ], [ -65.040408, -16.600867 ], [ -65.040233, -16.600636 ], [ -65.039927, -16.600233 ], [ -65.039363, -16.599794 ], [ -65.038789, -16.599482 ], [ -65.038588, -16.599399 ], [ -65.037929, -16.599451 ], [ -65.036255, -16.599409 ], [ -65.03446, -16.599369 ], [ -65.033445, -16.599495 ], [ -65.032909, -16.599673 ], [ -65.032272, -16.599913 ], [ -65.031367, -16.600141 ], [ -65.031032, -16.600306 ], [ -65.03069, -16.600475 ], [ -65.030287, -16.600677 ], [ -65.029674, -16.600985 ], [ -65.028748, -16.6016 ], [ -65.028465, -16.601828 ], [ -65.027511, -16.602595 ], [ -65.026838, -16.603288 ], [ -65.026261, -16.603918 ], [ -65.025604, -16.604467 ], [ -65.025297, -16.604724 ], [ -65.024896, -16.605402 ], [ -65.024424, -16.606041 ], [ -65.023415, -16.6068 ], [ -65.021986, -16.607391 ], [ -65.02151, -16.607626 ], [ -65.020732, -16.607576 ], [ -65.019472, -16.607127 ], [ -65.018807, -16.606441 ], [ -65.018203, -16.605928 ], [ -65.018134, -16.605006 ], [ -65.018517, -16.604532 ], [ -65.018529, -16.604377 ], [ -65.018644, -16.603594 ], [ -65.018867, -16.602777 ], [ -65.019255, -16.601822 ], [ -65.019786, -16.600717 ], [ -65.020401, -16.599636 ], [ -65.020898, -16.598899 ], [ -65.021431, -16.59829 ], [ -65.021918, -16.597876 ], [ -65.02237, -16.597566 ], [ -65.022787, -16.597394 ], [ -65.023323, -16.597291 ], [ -65.02417, -16.597178 ], [ -65.026495, -16.596767 ], [ -65.027448, -16.59655 ], [ -65.028342, -16.596275 ], [ -65.02856, -16.596145 ], [ -65.029216, -16.595442 ], [ -65.029747, -16.594745 ], [ -65.02997, -16.594159 ], [ -65.029993, -16.593807 ], [ -65.03002, -16.59341 ], [ -65.029957, -16.592754 ], [ -65.029534, -16.591855 ], [ -65.029294, -16.591509 ], [ -65.02895, -16.590754 ], [ -65.027984, -16.589802 ], [ -65.027454, -16.589076 ], [ -65.027173, -16.588538 ], [ -65.026972, -16.588153 ], [ -65.026837, -16.587531 ], [ -65.026895, -16.587128 ], [ -65.027, -16.586795 ], [ -65.027278, -16.586283 ], [ -65.027319, -16.586208 ], [ -65.027721, -16.585517 ], [ -65.02823, -16.584781 ], [ -65.028787, -16.584034 ], [ -65.029652, -16.583033 ], [ -65.030481, -16.581906 ], [ -65.030848, -16.581296 ], [ -65.030976, -16.580778 ], [ -65.030938, -16.580271 ], [ -65.030732, -16.579707 ], [ -65.030431, -16.579234 ], [ -65.029987, -16.578761 ], [ -65.029747, -16.578611 ], [ -65.029532, -16.578553 ], [ -65.029294, -16.578576 ], [ -65.028865, -16.578667 ], [ -65.028261, -16.578868 ], [ -65.028069, -16.578933 ], [ -65.027202, -16.5796 ], [ -65.026628, -16.580037 ], [ -65.026206, -16.580359 ], [ -65.02587, -16.580666 ], [ -65.025193, -16.581286 ], [ -65.024793, -16.581652 ], [ -65.024451, -16.581922 ], [ -65.023572, -16.582616 ], [ -65.023096, -16.583089 ], [ -65.022948, -16.583298 ], [ -65.022499, -16.584034 ], [ -65.022085, -16.584794 ], [ -65.021835, -16.585341 ], [ -65.021743, -16.585542 ], [ -65.021308, -16.586681 ], [ -65.021122, -16.587498 ], [ -65.02096, -16.588477 ], [ -65.0207, -16.591079 ], [ -65.020594, -16.591448 ], [ -65.020464, -16.591701 ], [ -65.02018, -16.591977 ], [ -65.019609, -16.592333 ], [ -65.019002, -16.592585 ], [ -65.018286, -16.592722 ], [ -65.017523, -16.592801 ], [ -65.016759, -16.592708 ], [ -65.016066, -16.592545 ], [ -65.015336, -16.592256 ], [ -65.014858, -16.592025 ], [ -65.0142, -16.591678 ], [ -65.013697, -16.591355 ], [ -65.013361, -16.591089 ], [ -65.012474, -16.590293 ], [ -65.012018, -16.589843 ], [ -65.011453, -16.589174 ], [ -65.011242, -16.588938 ], [ -65.010229, -16.587802 ], [ -65.009533, -16.587109 ], [ -65.008778, -16.58644 ], [ -65.007916, -16.58592 ], [ -65.00727, -16.585677 ], [ -65.006928, -16.585602 ], [ -65.006851, -16.585603 ], [ -65.006661, -16.58563 ], [ -65.006126, -16.585894 ], [ -65.004721, -16.58649 ], [ -65.003995, -16.586846 ], [ -65.003245, -16.587167 ], [ -65.00298, -16.587257 ], [ -65.002415, -16.587643 ], [ -65.00176, -16.587658 ], [ -65.000575, -16.587795 ], [ -64.999692, -16.587748 ], [ -64.999471, -16.587704 ], [ -64.998981, -16.587786 ], [ -64.998477, -16.587459 ], [ -64.998222, -16.587377 ], [ -64.997863, -16.587169 ], [ -64.997647, -16.586995 ], [ -64.997455, -16.586765 ], [ -64.997178, -16.586281 ], [ -64.996985, -16.585843 ], [ -64.996851, -16.585324 ], [ -64.996836, -16.58484 ], [ -64.996891, -16.584571 ], [ -64.996941, -16.584322 ], [ -64.997156, -16.583787 ], [ -64.997224, -16.58362 ], [ -64.997661, -16.582826 ], [ -64.998123, -16.582159 ], [ -64.998452, -16.581774 ], [ -64.998751, -16.58113 ], [ -64.999185, -16.580751 ], [ -64.999524, -16.580544 ], [ -64.999861, -16.580339 ], [ -65.00049, -16.580052 ], [ -65.001039, -16.579844 ], [ -65.001733, -16.579603 ], [ -65.002282, -16.579457 ], [ -65.002977, -16.579232 ], [ -65.003606, -16.578961 ], [ -65.004155, -16.578753 ], [ -65.004623, -16.578592 ], [ -65.005141, -16.578509 ], [ -65.005674, -16.578426 ], [ -65.006419, -16.578387 ], [ -65.006986, -16.578304 ], [ -65.007569, -16.578267 ], [ -65.008038, -16.5782 ], [ -65.008814, -16.578099 ], [ -65.00972, -16.57795 ], [ -65.01043, -16.577798 ], [ -65.010706, -16.577702 ], [ -65.011366, -16.577473 ], [ -65.011782, -16.577209 ], [ -65.012198, -16.57683 ], [ -65.012565, -16.576381 ], [ -65.012628, -16.576257 ], [ -65.012837, -16.575841 ], [ -65.012978, -16.575438 ], [ -65.01301, -16.574885 ], [ -65.012893, -16.574253 ], [ -65.012834, -16.574049 ], [ -65.012647, -16.573547 ], [ -65.012536, -16.573249 ], [ -65.012018, -16.572292 ], [ -65.011321, -16.571438 ], [ -65.01035, -16.570631 ], [ -65.009285, -16.570076 ], [ -65.008161, -16.569613 ], [ -65.006823, -16.569219 ], [ -65.005472, -16.568802 ], [ -65.004205, -16.56827 ], [ -65.002052, -16.567229 ], [ -65.002051, -16.567206 ], [ -65.002028, -16.567206 ], [ -65.000124, -16.56648 ], [ -64.999132, -16.56649 ], [ -64.99814, -16.566499 ], [ -64.997148, -16.566509 ], [ -64.996327, -16.566334 ], [ -64.995336, -16.567324 ], [ -64.995312, -16.567347 ], [ -64.994768, -16.568349 ], [ -64.994193, -16.56845 ], [ -64.993201, -16.56846 ], [ -64.992209, -16.568469 ], [ -64.991218, -16.568479 ], [ -64.99189, -16.566853 ], [ -64.991775, -16.56533 ], [ -64.990693, -16.565626 ], [ -64.989797, -16.564968 ], [ -64.989591, -16.564113 ], [ -64.990177, -16.563706 ], [ -64.990167, -16.562749 ], [ -64.991235, -16.560765 ], [ -64.991127, -16.559909 ], [ -64.990128, -16.558923 ], [ -64.990118, -16.557967 ], [ -64.990108, -16.55701 ], [ -64.989412, -16.556307 ], [ -64.989105, -16.555263 ], [ -64.989172, -16.554384 ], [ -64.989192, -16.554119 ], [ -64.989378, -16.552975 ], [ -64.989666, -16.55221 ], [ -64.990049, -16.551272 ], [ -64.989048, -16.550325 ], [ -64.98816, -16.549732 ], [ -64.98628, -16.549274 ], [ -64.984012, -16.549581 ], [ -64.982833, -16.550149 ], [ -64.982843, -16.550078 ], [ -64.982106, -16.550391 ], [ -64.981114, -16.5504 ], [ -64.980123, -16.55041 ], [ -64.979131, -16.550419 ], [ -64.97813, -16.549472 ], [ -64.97812, -16.548516 ], [ -64.97811, -16.547559 ], [ -64.977561, -16.546215 ], [ -64.977547, -16.544882 ], [ -64.977835, -16.544022 ], [ -64.978071, -16.543733 ], [ -64.979401, -16.542691 ], [ -64.979584, -16.541356 ], [ -64.97888, -16.54003 ], [ -64.978671, -16.538906 ], [ -64.978013, -16.537994 ], [ -64.978007, -16.537423 ], [ -64.977875, -16.537097 ], [ -64.977709, -16.536756 ], [ -64.977623, -16.53621 ], [ -64.977573, -16.535768 ], [ -64.977534, -16.535081 ], [ -64.977496, -16.53452 ], [ -64.977522, -16.533911 ], [ -64.977531, -16.53324 ], [ -64.977606, -16.532599 ], [ -64.977613, -16.53253 ], [ -64.97712, -16.53197 ], [ -64.976953, -16.531308 ], [ -64.976943, -16.530352 ], [ -64.976933, -16.529395 ], [ -64.975942, -16.529405 ], [ -64.97495, -16.529414 ], [ -64.974298, -16.52863 ], [ -64.973949, -16.528467 ], [ -64.972957, -16.528477 ], [ -64.972401, -16.52795 ], [ -64.969657, -16.529035 ], [ -64.967334, -16.530009 ], [ -64.964454, -16.531924 ], [ -64.962982, -16.53378 ], [ -64.962197, -16.536253 ], [ -64.962106, -16.537604 ], [ -64.962124, -16.537819 ], [ -64.962134, -16.538787 ], [ -64.96206, -16.539474 ], [ -64.961937, -16.540131 ], [ -64.961688, -16.541117 ], [ -64.961357, -16.542025 ], [ -64.961073, -16.542824 ], [ -64.960773, -16.543607 ], [ -64.960328, -16.544392 ], [ -64.959591, -16.54521 ], [ -64.959125, -16.54562 ], [ -64.957547, -16.546619 ], [ -64.956919, -16.546968 ], [ -64.956165, -16.547225 ], [ -64.955146, -16.54736 ], [ -64.954353, -16.547399 ], [ -64.953688, -16.547405 ], [ -64.952763, -16.547242 ], [ -64.95195, -16.54689 ], [ -64.951215, -16.546336 ], [ -64.950366, -16.545626 ], [ -64.949874, -16.5451 ], [ -64.949513, -16.544651 ], [ -64.949202, -16.544263 ], [ -64.948971, -16.543938 ], [ -64.948725, -16.543612 ], [ -64.948346, -16.542929 ], [ -64.94774, -16.542178 ], [ -64.947327, -16.541339 ], [ -64.947077, -16.540686 ], [ -64.946876, -16.540017 ], [ -64.946758, -16.539488 ], [ -64.946653, -16.53874 ], [ -64.946644, -16.537819 ], [ -64.946766, -16.537053 ], [ -64.946921, -16.536412 ], [ -64.947271, -16.535753 ], [ -64.947834, -16.535327 ], [ -64.94843, -16.534978 ], [ -64.949122, -16.534597 ], [ -64.949525, -16.53439 ], [ -64.950268, -16.534149 ], [ -64.950833, -16.533988 ], [ -64.951492, -16.533877 ], [ -64.954774, -16.533207 ], [ -64.956688, -16.531878 ], [ -64.957546, -16.530185 ], [ -64.957596, -16.527776 ], [ -64.957073, -16.526713 ], [ -64.956081, -16.526722 ], [ -64.95509, -16.526731 ], [ -64.954336, -16.526438 ], [ -64.953087, -16.524837 ], [ -64.952345, -16.524742 ], [ -64.952086, -16.52389 ], [ -64.952077, -16.522933 ], [ -64.952418, -16.52221 ], [ -64.952509, -16.521447 ], [ -64.952695, -16.520303 ], [ -64.952038, -16.519107 ], [ -64.952029, -16.518151 ], [ -64.951028, -16.517204 ], [ -64.951018, -16.516247 ], [ -64.951008, -16.515291 ], [ -64.95047, -16.514991 ], [ -64.950007, -16.514344 ], [ -64.949927, -16.514282 ], [ -64.949487, -16.514094 ], [ -64.948745, -16.513368 ], [ -64.94836, -16.512908 ], [ -64.948, -16.512374 ], [ -64.947485, -16.511524 ], [ -64.946941, -16.510357 ], [ -64.946604, -16.509555 ], [ -64.946393, -16.508751 ], [ -64.946358, -16.507823 ], [ -64.946912, -16.504888 ], [ -64.946955, -16.504155 ], [ -64.946852, -16.502859 ], [ -64.946594, -16.502422 ], [ -64.946432, -16.501269 ], [ -64.946163, -16.500081 ], [ -64.945868, -16.499111 ], [ -64.94575, -16.498822 ], [ -64.945408, -16.49814 ], [ -64.944792, -16.497076 ], [ -64.943727, -16.495329 ], [ -64.943324, -16.494727 ], [ -64.942839, -16.493882 ], [ -64.941584, -16.491834 ], [ -64.941336, -16.491383 ], [ -64.940649, -16.490353 ], [ -64.939998, -16.489242 ], [ -64.939135, -16.4876 ], [ -64.938709, -16.486756 ], [ -64.938036, -16.485242 ], [ -64.937481, -16.483845 ], [ -64.937151, -16.482955 ], [ -64.935903, -16.479307 ], [ -64.935407, -16.478093 ], [ -64.934935, -16.47703 ], [ -64.934581, -16.476164 ], [ -64.934298, -16.475355 ], [ -64.933968, -16.474604 ], [ -64.93377, -16.474183 ], [ -64.933587, -16.473863 ], [ -64.93318, -16.473096 ], [ -64.933098, -16.472967 ], [ -64.932158, -16.471914 ], [ -64.931032, -16.470825 ], [ -64.930163, -16.470076 ], [ -64.928787, -16.469283 ], [ -64.927771, -16.469024 ], [ -64.926882, -16.468788 ], [ -64.925967, -16.46843 ], [ -64.925177, -16.467998 ], [ -64.924722, -16.467567 ], [ -64.924633, -16.467517 ], [ -64.923826, -16.466935 ], [ -64.923018, -16.466249 ], [ -64.922461, -16.465588 ], [ -64.922355, -16.465392 ], [ -64.922237, -16.464953 ], [ -64.922209, -16.464778 ], [ -64.922098, -16.4641 ], [ -64.922022, -16.462245 ], [ -64.922024, -16.461612 ], [ -64.922062, -16.461071 ], [ -64.922124, -16.460634 ], [ -64.922233, -16.460174 ], [ -64.92239, -16.459611 ], [ -64.922655, -16.458911 ], [ -64.922919, -16.458348 ], [ -64.923278, -16.457925 ], [ -64.92372, -16.457572 ], [ -64.924938, -16.456718 ], [ -64.925726, -16.456229 ], [ -64.926347, -16.4559 ], [ -64.926908, -16.455686 ], [ -64.927432, -16.45554 ], [ -64.928696, -16.455262 ], [ -64.929292, -16.455209 ], [ -64.929804, -16.45519 ], [ -64.930447, -16.455265 ], [ -64.93122, -16.455409 ], [ -64.93149, -16.455467 ], [ -64.931994, -16.455576 ], [ -64.933493, -16.456003 ], [ -64.93423, -16.456262 ], [ -64.93498, -16.456498 ], [ -64.935718, -16.456688 ], [ -64.936318, -16.45676 ], [ -64.936853, -16.456528 ], [ -64.93776, -16.456055 ], [ -64.938715, -16.455289 ], [ -64.939819, -16.454229 ], [ -64.940316, -16.453248 ], [ -64.94061, -16.45222 ], [ -64.940854, -16.451338 ], [ -64.9411, -16.450579 ], [ -64.941346, -16.449844 ], [ -64.94159, -16.44889 ], [ -64.941784, -16.448058 ], [ -64.941953, -16.447226 ], [ -64.942099, -16.446565 ], [ -64.942158, -16.445284 ], [ -64.9422, -16.444453 ], [ -64.942216, -16.443525 ], [ -64.94216, -16.443013 ], [ -64.94205, -16.442111 ], [ -64.942018, -16.441403 ], [ -64.941828, -16.440135 ], [ -64.94182, -16.439329 ], [ -64.941914, -16.43862 ], [ -64.942209, -16.437714 ], [ -64.94253, -16.436832 ], [ -64.94313, -16.436069 ], [ -64.94391, -16.435549 ], [ -64.944791, -16.435004 ], [ -64.945522, -16.434607 ], [ -64.946329, -16.434233 ], [ -64.947213, -16.434005 ], [ -64.947392, -16.43397 ], [ -64.948218, -16.433595 ], [ -64.949901, -16.432652 ], [ -64.95039, -16.432334 ], [ -64.950592, -16.432147 ], [ -64.950788, -16.431774 ], [ -64.950985, -16.431211 ], [ -64.950904, -16.430772 ], [ -64.950771, -16.430163 ], [ -64.950563, -16.429627 ], [ -64.950003, -16.428946 ], [ -64.949565, -16.428267 ], [ -64.949025, -16.427466 ], [ -64.948408, -16.426544 ], [ -64.947741, -16.425695 ], [ -64.947217, -16.425076 ], [ -64.946989, -16.424937 ], [ -64.94649, -16.424714 ], [ -64.945966, -16.42456 ], [ -64.945288, -16.424417 ], [ -64.944574, -16.424296 ], [ -64.943514, -16.424288 ], [ -64.943049, -16.424365 ], [ -64.94237, -16.424543 ], [ -64.942024, -16.42469 ], [ -64.941654, -16.424872 ], [ -64.94052, -16.425565 ], [ -64.939434, -16.426075 ], [ -64.938397, -16.426527 ], [ -64.937955, -16.426639 ], [ -64.937658, -16.426683 ], [ -64.93736, -16.42668 ], [ -64.937146, -16.426621 ], [ -64.936789, -16.426468 ], [ -64.936397, -16.426246 ], [ -64.936148, -16.426083 ], [ -64.935974, -16.425908 ], [ -64.935661, -16.42588 ], [ -64.934974, -16.425569 ], [ -64.934436, -16.424939 ], [ -64.934252, -16.424257 ], [ -64.934464, -16.422619 ], [ -64.934731, -16.421518 ], [ -64.934976, -16.420612 ], [ -64.935295, -16.419633 ], [ -64.935617, -16.418824 ], [ -64.936039, -16.418039 ], [ -64.936742, -16.417373 ], [ -64.937801, -16.416899 ], [ -64.939876, -16.41666 ], [ -64.941115, -16.416502 ], [ -64.94195, -16.416397 ], [ -64.942896, -16.415884 ], [ -64.943287, -16.415465 ], [ -64.943729, -16.414916 ], [ -64.944137, -16.414239 ], [ -64.944521, -16.413482 ], [ -64.944821, -16.412748 ], [ -64.945074, -16.41207 ], [ -64.945232, -16.411404 ], [ -64.945317, -16.410771 ], [ -64.945319, -16.410376 ], [ -64.945319, -16.410241 ], [ -64.945297, -16.409861 ], [ -64.945227, -16.409515 ], [ -64.945074, -16.409122 ], [ -64.944873, -16.408729 ], [ -64.944601, -16.408267 ], [ -64.944376, -16.407954 ], [ -64.944162, -16.407722 ], [ -64.944008, -16.407582 ], [ -64.942927, -16.406894 ], [ -64.942417, -16.40651 ], [ -64.941788, -16.405964 ], [ -64.941361, -16.405558 ], [ -64.940898, -16.405001 ], [ -64.940579, -16.404492 ], [ -64.940272, -16.403856 ], [ -64.940048, -16.403244 ], [ -64.939931, -16.402702 ], [ -64.939909, -16.402253 ], [ -64.939911, -16.401815 ], [ -64.939984, -16.401263 ], [ -64.940142, -16.400458 ], [ -64.940348, -16.399562 ], [ -64.940625, -16.398781 ], [ -64.940949, -16.398173 ], [ -64.941332, -16.397692 ], [ -64.941786, -16.397247 ], [ -64.942276, -16.396894 ], [ -64.942825, -16.39661 ], [ -64.943337, -16.396464 ], [ -64.944481, -16.396335 ], [ -64.945576, -16.396344 ], [ -64.946112, -16.396429 ], [ -64.946623, -16.396548 ], [ -64.946846, -16.396612 ], [ -64.947206, -16.396714 ], [ -64.947598, -16.396867 ], [ -64.948216, -16.397148 ], [ -64.948513, -16.397335 ], [ -64.948929, -16.397637 ], [ -64.949166, -16.397893 ], [ -64.949415, -16.398251 ], [ -64.949592, -16.398587 ], [ -64.949885, -16.399672 ], [ -64.950083, -16.400859 ], [ -64.950089, -16.400925 ], [ -64.95031, -16.402232 ], [ -64.950624, -16.403206 ], [ -64.951318, -16.404249 ], [ -64.952056, -16.404584 ], [ -64.952692, -16.404621 ], [ -64.952915, -16.404463 ], [ -64.953154, -16.404246 ], [ -64.953357, -16.404017 ], [ -64.953537, -16.403754 ], [ -64.953717, -16.403341 ], [ -64.95391, -16.402778 ], [ -64.954068, -16.401985 ], [ -64.954119, -16.401098 ], [ -64.954098, -16.400292 ], [ -64.953934, -16.399577 ], [ -64.953746, -16.399057 ], [ -64.953509, -16.398606 ], [ -64.953403, -16.398444 ], [ -64.953154, -16.398177 ], [ -64.952905, -16.397968 ], [ -64.952572, -16.397735 ], [ -64.951658, -16.397025 ], [ -64.950554, -16.396107 ], [ -64.950245, -16.395838 ], [ -64.949683, -16.395348 ], [ -64.949273, -16.394991 ], [ -64.948798, -16.394619 ], [ -64.948287, -16.394189 ], [ -64.947754, -16.393667 ], [ -64.947279, -16.393133 ], [ -64.9469, -16.392612 ], [ -64.946688, -16.392207 ], [ -64.946558, -16.391838 ], [ -64.946441, -16.391422 ], [ -64.945849, -16.388991 ], [ -64.945603, -16.387983 ], [ -64.945269, -16.386611 ], [ -64.945046, -16.385884 ], [ -64.94481, -16.385202 ], [ -64.944515, -16.384521 ], [ -64.944172, -16.383942 ], [ -64.943829, -16.383456 ], [ -64.94352, -16.383165 ], [ -64.943271, -16.383002 ], [ -64.942831, -16.38278 ], [ -64.942451, -16.382627 ], [ -64.942118, -16.382567 ], [ -64.941701, -16.382518 ], [ -64.94132, -16.382515 ], [ -64.940868, -16.382545 ], [ -64.940331, -16.382668 ], [ -64.939771, -16.382871 ], [ -64.939294, -16.383132 ], [ -64.938804, -16.383496 ], [ -64.938314, -16.383976 ], [ -64.936807, -16.385657 ], [ -64.936269, -16.386205 ], [ -64.935409, -16.387028 ], [ -64.935122, -16.387256 ], [ -64.934788, -16.38746 ], [ -64.934168, -16.38772 ], [ -64.933465, -16.387818 ], [ -64.932691, -16.387812 ], [ -64.932215, -16.38767 ], [ -64.931871, -16.387506 ], [ -64.931609, -16.387331 ], [ -64.931526, -16.387239 ], [ -64.931508, -16.387193 ], [ -64.931456, -16.387065 ], [ -64.93135, -16.38673 ], [ -64.931292, -16.386304 ], [ -64.93127, -16.385774 ], [ -64.931332, -16.385199 ], [ -64.931537, -16.384659 ], [ -64.931825, -16.384097 ], [ -64.932112, -16.383708 ], [ -64.932531, -16.383251 ], [ -64.933008, -16.38284 ], [ -64.93357, -16.38243 ], [ -64.934941, -16.381773 ], [ -64.936671, -16.381084 ], [ -64.937028, -16.38096 ], [ -64.937612, -16.380792 ], [ -64.939138, -16.380424 ], [ -64.939877, -16.380223 ], [ -64.944677, -16.380542 ], [ -64.947172, -16.379887 ], [ -64.94776, -16.379733 ], [ -64.951917, -16.37927 ], [ -64.953573, -16.379122 ], [ -64.954311, -16.379082 ], [ -64.955454, -16.379091 ], [ -64.956061, -16.379165 ], [ -64.956668, -16.379262 ], [ -64.957571, -16.379603 ], [ -64.958165, -16.379988 ], [ -64.95833, -16.380121 ], [ -64.959554, -16.381116 ], [ -64.961915, -16.383241 ], [ -64.962318, -16.383556 ], [ -64.962698, -16.383812 ], [ -64.962914, -16.383937 ], [ -64.96299, -16.383982 ], [ -64.963287, -16.384086 ], [ -64.963566, -16.38413 ], [ -64.963828, -16.384132 ], [ -64.964186, -16.383996 ], [ -64.964592, -16.383746 ], [ -64.965141, -16.38329 ], [ -64.965703, -16.382707 ], [ -64.965721, -16.382685 ], [ -64.966001, -16.382037 ], [ -64.966449, -16.381251 ], [ -64.966999, -16.380514 ], [ -64.967525, -16.379919 ], [ -64.967619, -16.379705 ], [ -64.967813, -16.379004 ], [ -64.96785, -16.378451 ], [ -64.967816, -16.378037 ], [ -64.967698, -16.377771 ], [ -64.967485, -16.377447 ], [ -64.967153, -16.377076 ], [ -64.966489, -16.376449 ], [ -64.965801, -16.375867 ], [ -64.964958, -16.375279 ], [ -64.964934, -16.375262 ], [ -64.96396, -16.374644 ], [ -64.962962, -16.374129 ], [ -64.961869, -16.373603 ], [ -64.960903, -16.373171 ], [ -64.960739, -16.373099 ], [ -64.959967, -16.372735 ], [ -64.959148, -16.372176 ], [ -64.958269, -16.371525 ], [ -64.957368, -16.370665 ], [ -64.956953, -16.370086 ], [ -64.956492, -16.369196 ], [ -64.956269, -16.368526 ], [ -64.955977, -16.367119 ], [ -64.955849, -16.366162 ], [ -64.955686, -16.365228 ], [ -64.955511, -16.364352 ], [ -64.955347, -16.363694 ], [ -64.954758, -16.361973 ], [ -64.95424, -16.360634 ], [ -64.953816, -16.35941 ], [ -64.95364, -16.358809 ], [ -64.953499, -16.358244 ], [ -64.953394, -16.357621 ], [ -64.953313, -16.35701 ], [ -64.953315, -16.356702 ], [ -64.953315, -16.356504 ], [ -64.953413, -16.355998 ], [ -64.953653, -16.355458 ], [ -64.954012, -16.354908 ], [ -64.954442, -16.354543 ], [ -64.9548, -16.354316 ], [ -64.955301, -16.354124 ], [ -64.955694, -16.354035 ], [ -64.956173, -16.353996 ], [ -64.956206, -16.353993 ], [ -64.956789, -16.353998 ], [ -64.957717, -16.354086 ], [ -64.958108, -16.354172 ], [ -64.958217, -16.354196 ], [ -64.95874, -16.354312 ], [ -64.959715, -16.354643 ], [ -64.959969, -16.35474 ], [ -64.960501, -16.354945 ], [ -64.960571, -16.354972 ], [ -64.961177, -16.35531 ], [ -64.961569, -16.355567 ], [ -64.961913, -16.355892 ], [ -64.962173, -16.356205 ], [ -64.962339, -16.356479 ], [ -64.962658, -16.356893 ], [ -64.963943, -16.35881 ], [ -64.964561, -16.35983 ], [ -64.96523, -16.360874 ], [ -64.965869, -16.361527 ], [ -64.96643, -16.361913 ], [ -64.967974, -16.361849 ], [ -64.968627, -16.361306 ], [ -64.968771, -16.360548 ], [ -64.968788, -16.359693 ], [ -64.968857, -16.358935 ], [ -64.968746, -16.357984 ], [ -64.968511, -16.357254 ], [ -64.967896, -16.356551 ], [ -64.967132, -16.356095 ], [ -64.966443, -16.355588 ], [ -64.965375, -16.355134 ], [ -64.964511, -16.354776 ], [ -64.963952, -16.35461 ], [ -64.962684, -16.354378 ], [ -64.961666, -16.353875 ], [ -64.961382, -16.35334 ], [ -64.961172, -16.35261 ], [ -64.96109, -16.352 ], [ -64.961184, -16.351267 ], [ -64.961532, -16.35058 ], [ -64.962005, -16.349867 ], [ -64.962973, -16.348602 ], [ -64.962988, -16.348577 ], [ -64.963719, -16.3475 ], [ -64.964592, -16.346286 ], [ -64.965146, -16.345603 ], [ -64.965537, -16.345119 ], [ -64.967021, -16.343173 ], [ -64.967499, -16.342578 ], [ -64.967906, -16.342109 ], [ -64.968324, -16.341675 ], [ -64.968694, -16.341321 ], [ -64.969124, -16.34099 ], [ -64.969637, -16.340695 ], [ -64.971104, -16.340004 ], [ -64.971867, -16.339595 ], [ -64.972953, -16.338867 ], [ -64.973753, -16.338273 ], [ -64.973813, -16.338228 ], [ -64.974828, -16.337396 ], [ -64.975221, -16.337111 ], [ -64.975221, -16.337099 ], [ -64.975599, -16.336395 ], [ -64.975826, -16.33597 ], [ -64.975653, -16.335376 ], [ -64.975561, -16.335058 ], [ -64.975095, -16.333935 ], [ -64.97486, -16.33354 ], [ -64.974649, -16.333261 ], [ -64.974388, -16.333061 ], [ -64.974045, -16.332826 ], [ -64.973701, -16.332671 ], [ -64.973344, -16.332574 ], [ -64.972986, -16.332556 ], [ -64.972521, -16.332584 ], [ -64.971996, -16.332656 ], [ -64.971375, -16.332796 ], [ -64.970598, -16.333002 ], [ -64.969856, -16.333221 ], [ -64.968636, -16.333616 ], [ -64.96805, -16.33386 ], [ -64.966288, -16.334753 ], [ -64.965665, -16.335054 ], [ -64.964528, -16.335554 ], [ -64.964097, -16.335662 ], [ -64.963023, -16.335772 ], [ -64.962367, -16.335785 ], [ -64.961652, -16.335739 ], [ -64.961081, -16.335627 ], [ -64.959928, -16.335333 ], [ -64.959274, -16.335092 ], [ -64.958752, -16.334831 ], [ -64.958184, -16.334408 ], [ -64.957073, -16.333471 ], [ -64.956613, -16.333004 ], [ -64.9562, -16.332549 ], [ -64.956015, -16.332282 ], [ -64.955226, -16.33201 ], [ -64.95469, -16.331502 ], [ -64.954354, -16.33087 ], [ -64.954274, -16.330432 ], [ -64.954569, -16.32955 ], [ -64.954895, -16.329205 ], [ -64.955597, -16.328588 ], [ -64.956124, -16.328119 ], [ -64.956802, -16.327576 ], [ -64.957304, -16.327083 ], [ -64.957932, -16.326558 ], [ -64.958733, -16.325623 ], [ -64.959506, -16.324443 ], [ -64.9601, -16.323095 ], [ -64.960443, -16.321944 ], [ -64.960887, -16.320792 ], [ -64.96123, -16.319642 ], [ -64.961325, -16.31903 ], [ -64.961394, -16.318321 ], [ -64.961464, -16.317735 ], [ -64.961507, -16.316929 ], [ -64.961458, -16.316331 ], [ -64.961278, -16.31587 ], [ -64.961118, -16.314412 ], [ -64.96097, -16.313053 ], [ -64.959696, -16.311656 ], [ -64.959075, -16.310975 ], [ -64.957495, -16.309025 ], [ -64.957099, -16.308098 ], [ -64.956778, -16.306909 ], [ -64.956597, -16.305859 ], [ -64.956499, -16.304926 ], [ -64.956487, -16.303764 ], [ -64.956455, -16.303361 ], [ -64.956353, -16.302842 ], [ -64.956238, -16.302483 ], [ -64.956072, -16.302154 ], [ -64.956039, -16.302089 ], [ -64.955593, -16.301415 ], [ -64.955357, -16.301135 ], [ -64.954813, -16.300747 ], [ -64.954407, -16.300741 ], [ -64.953882, -16.300848 ], [ -64.953367, -16.301081 ], [ -64.952827, -16.30143 ], [ -64.951709, -16.302321 ], [ -64.951168, -16.302772 ], [ -64.950652, -16.303178 ], [ -64.950172, -16.303481 ], [ -64.949801, -16.303637 ], [ -64.949686, -16.303651 ], [ -64.949395, -16.303688 ], [ -64.948943, -16.303577 ], [ -64.948516, -16.30334 ], [ -64.947995, -16.302976 ], [ -64.946918, -16.302059 ], [ -64.946177, -16.301586 ], [ -64.945056, -16.300864 ], [ -64.944444, -16.300357 ], [ -64.943779, -16.299704 ], [ -64.943292, -16.299098 ], [ -64.942575, -16.29825 ], [ -64.942164, -16.297667 ], [ -64.941675, -16.296866 ], [ -64.941387, -16.295892 ], [ -64.941151, -16.295064 ], [ -64.941043, -16.294357 ], [ -64.941085, -16.293453 ], [ -64.941178, -16.292671 ], [ -64.941425, -16.29196 ], [ -64.941822, -16.291224 ], [ -64.94207, -16.290629 ], [ -64.94277, -16.289743 ], [ -64.943112, -16.289342 ], [ -64.943272, -16.288996 ], [ -64.943491, -16.288608 ], [ -64.943744, -16.288325 ], [ -64.944573, -16.287636 ], [ -64.944701, -16.287545 ], [ -64.944822, -16.28738 ], [ -64.945547, -16.286446 ], [ -64.945768, -16.285785 ], [ -64.946015, -16.285172 ], [ -64.94611, -16.284512 ], [ -64.946077, -16.283779 ], [ -64.945818, -16.283122 ], [ -64.945484, -16.282637 ], [ -64.944643, -16.282034 ], [ -64.943892, -16.281652 ], [ -64.943005, -16.281587 ], [ -64.941968, -16.281694 ], [ -64.940806, -16.281851 ], [ -64.940206, -16.28205 ], [ -64.939608, -16.282394 ], [ -64.937484, -16.283856 ], [ -64.936546, -16.284646 ], [ -64.935968, -16.285166 ], [ -64.935415, -16.285698 ], [ -64.934885, -16.286265 ], [ -64.934463, -16.286741 ], [ -64.934435, -16.286771 ], [ -64.934375, -16.286867 ], [ -64.933744, -16.287543 ], [ -64.932736, -16.288911 ], [ -64.932556, -16.289081 ], [ -64.932268, -16.289272 ], [ -64.93198, -16.289417 ], [ -64.931598, -16.289503 ], [ -64.931156, -16.289576 ], [ -64.929738, -16.289508 ], [ -64.929095, -16.289418 ], [ -64.928703, -16.289308 ], [ -64.928074, -16.289022 ], [ -64.927803, -16.288776 ], [ -64.927555, -16.288473 ], [ -64.927226, -16.288019 ], [ -64.927015, -16.287682 ], [ -64.926829, -16.287254 ], [ -64.926471, -16.28611 ], [ -64.926323, -16.285394 ], [ -64.926269, -16.284807 ], [ -64.926263, -16.284231 ], [ -64.926436, -16.283671 ], [ -64.926669, -16.283053 ], [ -64.926866, -16.282355 ], [ -64.92698, -16.281758 ], [ -64.926931, -16.281044 ], [ -64.926918, -16.280979 ], [ -64.926577, -16.280303 ], [ -64.92606, -16.279581 ], [ -64.925565, -16.279079 ], [ -64.924985, -16.27869 ], [ -64.924357, -16.278312 ], [ -64.923587, -16.277817 ], [ -64.922722, -16.277286 ], [ -64.922674, -16.277249 ], [ -64.921741, -16.276534 ], [ -64.921068, -16.275914 ], [ -64.920749, -16.27548 ], [ -64.920256, -16.274809 ], [ -64.92, -16.274275 ], [ -64.919769, -16.27349 ], [ -64.919644, -16.272878 ], [ -64.919558, -16.271945 ], [ -64.919544, -16.271013 ], [ -64.91959, -16.26999 ], [ -64.919774, -16.268547 ], [ -64.919888, -16.267648 ], [ -64.920077, -16.266651 ], [ -64.920336, -16.265861 ], [ -64.920605, -16.265187 ], [ -64.920897, -16.264605 ], [ -64.921224, -16.264012 ], [ -64.9216, -16.263466 ], [ -64.922022, -16.262978 ], [ -64.922467, -16.262513 ], [ -64.923719, -16.261291 ], [ -64.924316, -16.260832 ], [ -64.924452, -16.260727 ], [ -64.925219, -16.260325 ], [ -64.925937, -16.259991 ], [ -64.927326, -16.259427 ], [ -64.927769, -16.259181 ], [ -64.928237, -16.258831 ], [ -64.92973, -16.257394 ], [ -64.930091, -16.256994 ], [ -64.930272, -16.256793 ], [ -64.930599, -16.256292 ], [ -64.930856, -16.255629 ], [ -64.930923, -16.254871 ], [ -64.930778, -16.253891 ], [ -64.930475, -16.253265 ], [ -64.930147, -16.252685 ], [ -64.929841, -16.252347 ], [ -64.92951, -16.252065 ], [ -64.92887, -16.25171 ], [ -64.925951, -16.250468 ], [ -64.925013, -16.250131 ], [ -64.924194, -16.249808 ], [ -64.923328, -16.249426 ], [ -64.922226, -16.248799 ], [ -64.921268, -16.248048 ], [ -64.921094, -16.247839 ], [ -64.920715, -16.247383 ], [ -64.920222, -16.246593 ], [ -64.919837, -16.245782 ], [ -64.919584, -16.244892 ], [ -64.919449, -16.244085 ], [ -64.919305, -16.243082 ], [ -64.91923, -16.242218 ], [ -64.919119, -16.241423 ], [ -64.918984, -16.240627 ], [ -64.918813, -16.239877 ], [ -64.918605, -16.238033 ], [ -64.918603, -16.237078 ], [ -64.918605, -16.237042 ], [ -64.91865, -16.236009 ], [ -64.918634, -16.235192 ], [ -64.918655, -16.233203 ], [ -64.918758, -16.231961 ], [ -64.918913, -16.23009 ], [ -64.919041, -16.229229 ], [ -64.919355, -16.227681 ], [ -64.919542, -16.226833 ], [ -64.919707, -16.22587 ], [ -64.919748, -16.225297 ], [ -64.919744, -16.225238 ], [ -64.91956, -16.224507 ], [ -64.919301, -16.22385 ], [ -64.918965, -16.22317 ], [ -64.918504, -16.222588 ], [ -64.917892, -16.222056 ], [ -64.917232, -16.221842 ], [ -64.916522, -16.221702 ], [ -64.916066, -16.221682 ], [ -64.915055, -16.22174 ], [ -64.914296, -16.221796 ], [ -64.913791, -16.221849 ], [ -64.913134, -16.221953 ], [ -64.912225, -16.222156 ], [ -64.911367, -16.222457 ], [ -64.910812, -16.222608 ], [ -64.909728, -16.223058 ], [ -64.908015, -16.223855 ], [ -64.90706, -16.224449 ], [ -64.905851, -16.225071 ], [ -64.904862, -16.225706 ], [ -64.903555, -16.226621 ], [ -64.902477, -16.227705 ], [ -64.901755, -16.228932 ], [ -64.90129, -16.230573 ], [ -64.90095, -16.23209 ], [ -64.900813, -16.233605 ], [ -64.900666, -16.234095 ], [ -64.900677, -16.235242 ], [ -64.900305, -16.236003 ], [ -64.899907, -16.236763 ], [ -64.898519, -16.237142 ], [ -64.89715, -16.23691 ], [ -64.896898, -16.236817 ], [ -64.895835, -16.236533 ], [ -64.895237, -16.236417 ], [ -64.894134, -16.236448 ], [ -64.893529, -16.2366 ], [ -64.892164, -16.236783 ], [ -64.891502, -16.237043 ], [ -64.891025, -16.237307 ], [ -64.88918, -16.238187 ], [ -64.888164, -16.238527 ], [ -64.888161, -16.238528 ], [ -64.887196, -16.238742 ], [ -64.886421, -16.238821 ], [ -64.885575, -16.238773 ], [ -64.884828, -16.238485 ], [ -64.884011, -16.237978 ], [ -64.883253, -16.237436 ], [ -64.882878, -16.23689 ], [ -64.882515, -16.236263 ], [ -64.882166, -16.235464 ], [ -64.881937, -16.234551 ], [ -64.881915, -16.233772 ], [ -64.881911, -16.233608 ], [ -64.881957, -16.232654 ], [ -64.882228, -16.231795 ], [ -64.882641, -16.231054 ], [ -64.883116, -16.230522 ], [ -64.883161, -16.230472 ], [ -64.88334, -16.230272 ], [ -64.883366, -16.230253 ], [ -64.884313, -16.229551 ], [ -64.885549, -16.22872 ], [ -64.886999, -16.227938 ], [ -64.888544, -16.227203 ], [ -64.89011, -16.226653 ], [ -64.891783, -16.22622 ], [ -64.894772, -16.225267 ], [ -64.896136, -16.224736 ], [ -64.897439, -16.22432 ], [ -64.898491, -16.224003 ], [ -64.899617, -16.22348 ], [ -64.899807, -16.222419 ], [ -64.899842, -16.222223 ], [ -64.899638, -16.221463 ], [ -64.900022, -16.220413 ], [ -64.900353, -16.220095 ], [ -64.900728, -16.219737 ], [ -64.90049, -16.21856 ], [ -64.900202, -16.217578 ], [ -64.899359, -16.216069 ], [ -64.899011, -16.215235 ], [ -64.89879, -16.214657 ], [ -64.89848, -16.21357 ], [ -64.898594, -16.212905 ], [ -64.898693, -16.212481 ], [ -64.898807, -16.21185 ], [ -64.898911, -16.211047 ], [ -64.898922, -16.209989 ], [ -64.898843, -16.209002 ], [ -64.898816, -16.208664 ], [ -64.898627, -16.207396 ], [ -64.89833, -16.206114 ], [ -64.898021, -16.204867 ], [ -64.897772, -16.203679 ], [ -64.897663, -16.202619 ], [ -64.897517, -16.201604 ], [ -64.897497, -16.201466 ], [ -64.897248, -16.200173 ], [ -64.896679, -16.197542 ], [ -64.896051, -16.195528 ], [ -64.895872, -16.194952 ], [ -64.895412, -16.193346 ], [ -64.894944, -16.191418 ], [ -64.894285, -16.18829 ], [ -64.893976, -16.187066 ], [ -64.893466, -16.184562 ], [ -64.893041, -16.181898 ], [ -64.891879, -16.180852 ], [ -64.889406, -16.179865 ], [ -64.888611, -16.17911 ], [ -64.888607, -16.178729 ], [ -64.887816, -16.177979 ], [ -64.887417, -16.177978 ], [ -64.887414, -16.177597 ], [ -64.886221, -16.176465 ], [ -64.884633, -16.175336 ], [ -64.884225, -16.173816 ], [ -64.882251, -16.173453 ], [ -64.881057, -16.172321 ], [ -64.88002, -16.172318 ], [ -64.878291, -16.171583 ], [ -64.878288, -16.171203 ], [ -64.877959, -16.170688 ], [ -64.878229, -16.169226 ], [ -64.878257, -16.168717 ], [ -64.878242, -16.168212 ], [ -64.878178, -16.167674 ], [ -64.878121, -16.167353 ], [ -64.878026, -16.166953 ], [ -64.877909, -16.166588 ], [ -64.877732, -16.166235 ], [ -64.877446, -16.165816 ], [ -64.877015, -16.165308 ], [ -64.876415, -16.164711 ], [ -64.875768, -16.164161 ], [ -64.875483, -16.163985 ], [ -64.875266, -16.163871 ], [ -64.874354, -16.163683 ], [ -64.874035, -16.163587 ], [ -64.872816, -16.163611 ], [ -64.872069, -16.163661 ], [ -64.871512, -16.163718 ], [ -64.871015, -16.163808 ], [ -64.870331, -16.163983 ], [ -64.868448, -16.164629 ], [ -64.867388, -16.164949 ], [ -64.865788, -16.16551 ], [ -64.864535, -16.166144 ], [ -64.863369, -16.166891 ], [ -64.861529, -16.168202 ], [ -64.86013, -16.169103 ], [ -64.859522, -16.169449 ], [ -64.858916, -16.169851 ], [ -64.858389, -16.170126 ], [ -64.857954, -16.170284 ], [ -64.85735, -16.170376 ], [ -64.856672, -16.170344 ], [ -64.855943, -16.170232 ], [ -64.855261, -16.170074 ], [ -64.854648, -16.169833 ], [ -64.854021, -16.169535 ], [ -64.853581, -16.169142 ], [ -64.853493, -16.169035 ], [ -64.853244, -16.168809 ], [ -64.852834, -16.168275 ], [ -64.852759, -16.16777 ], [ -64.85273, -16.1677 ], [ -64.852555, -16.166992 ], [ -64.852425, -16.166213 ], [ -64.852374, -16.165284 ], [ -64.852425, -16.16341 ], [ -64.852519, -16.16257 ], [ -64.852693, -16.161613 ], [ -64.852917, -16.160735 ], [ -64.853357, -16.159532 ], [ -64.853907, -16.158453 ], [ -64.854726, -16.157196 ], [ -64.855618, -16.156006 ], [ -64.856585, -16.154942 ], [ -64.857475, -16.154108 ], [ -64.858329, -16.153241 ], [ -64.859174, -16.152478 ], [ -64.860087, -16.151693 ], [ -64.860291, -16.151448 ], [ -64.861192, -16.150463 ], [ -64.861965, -16.149211 ], [ -64.862535, -16.14793 ], [ -64.86278, -16.147122 ], [ -64.863074, -16.146118 ], [ -64.863391, -16.144821 ], [ -64.863332, -16.143991 ], [ -64.862948, -16.143066 ], [ -64.862644, -16.141843 ], [ -64.862504, -16.140807 ], [ -64.86227, -16.140117 ], [ -64.861774, -16.139238 ], [ -64.861382, -16.138695 ], [ -64.860879, -16.138166 ], [ -64.860527, -16.137931 ], [ -64.859911, -16.137576 ], [ -64.859344, -16.1373 ], [ -64.858384, -16.136986 ], [ -64.857665, -16.136782 ], [ -64.857128, -16.136713 ], [ -64.856687, -16.136676 ], [ -64.85632, -16.13674 ], [ -64.855283, -16.137037 ], [ -64.854156, -16.137507 ], [ -64.853641, -16.137759 ], [ -64.853104, -16.13808 ], [ -64.852024, -16.13894 ], [ -64.850899, -16.139881 ], [ -64.849735, -16.140708 ], [ -64.849255, -16.140982 ], [ -64.848927, -16.141138 ], [ -64.848385, -16.141298 ], [ -64.848183, -16.141302 ], [ -64.847849, -16.14124 ], [ -64.847429, -16.14111 ], [ -64.847058, -16.141014 ], [ -64.846781, -16.140916 ], [ -64.846215, -16.14064 ], [ -64.845996, -16.140473 ], [ -64.845703, -16.140214 ], [ -64.845531, -16.140022 ], [ -64.845258, -16.139649 ], [ -64.845183, -16.139501 ], [ -64.845072, -16.139044 ], [ -64.844716, -16.138585 ], [ -64.844458, -16.138026 ], [ -64.844427, -16.137416 ], [ -64.844522, -16.136755 ], [ -64.844785, -16.136303 ], [ -64.845359, -16.135443 ], [ -64.846032, -16.134338 ], [ -64.846053, -16.134224 ], [ -64.846108, -16.133785 ], [ -64.846114, -16.133187 ], [ -64.846112, -16.133131 ], [ -64.845887, -16.132361 ], [ -64.845549, -16.131351 ], [ -64.845374, -16.131066 ], [ -64.845067, -16.13075 ], [ -64.844835, -16.130536 ], [ -64.844592, -16.130357 ], [ -64.843988, -16.130025 ], [ -64.843591, -16.129837 ], [ -64.842487, -16.129503 ], [ -64.84213, -16.129476 ], [ -64.841489, -16.129512 ], [ -64.839718, -16.129892 ], [ -64.839147, -16.12988 ], [ -64.838539, -16.129823 ], [ -64.837703, -16.129667 ], [ -64.83714, -16.129518 ], [ -64.83672, -16.129377 ], [ -64.836476, -16.129186 ], [ -64.836207, -16.128927 ], [ -64.836075, -16.128779 ], [ -64.835786, -16.128615 ], [ -64.835147, -16.127888 ], [ -64.834634, -16.127111 ], [ -64.834197, -16.126357 ], [ -64.834083, -16.12606 ], [ -64.833978, -16.12587 ], [ -64.833729, -16.125485 ], [ -64.833395, -16.125043 ], [ -64.833063, -16.124636 ], [ -64.832645, -16.124174 ], [ -64.832212, -16.123608 ], [ -64.832, -16.123267 ], [ -64.831684, -16.122685 ], [ -64.831611, -16.122551 ], [ -64.831176, -16.121492 ], [ -64.830951, -16.120715 ], [ -64.830894, -16.120395 ], [ -64.83087, -16.119993 ], [ -64.830905, -16.119567 ], [ -64.831007, -16.119241 ], [ -64.831014, -16.11922 ], [ -64.831207, -16.118918 ], [ -64.831437, -16.118649 ], [ -64.831681, -16.118472 ], [ -64.831985, -16.118317 ], [ -64.832258, -16.118277 ], [ -64.832965, -16.118255 ], [ -64.833243, -16.118246 ], [ -64.833767, -16.118293 ], [ -64.834209, -16.118376 ], [ -64.8347, -16.118493 ], [ -64.835419, -16.118708 ], [ -64.836129, -16.118993 ], [ -64.837361, -16.119657 ], [ -64.839641, -16.120852 ], [ -64.841163, -16.12165 ], [ -64.841581, -16.121733 ], [ -64.842157, -16.121917 ], [ -64.843403, -16.122271 ], [ -64.843755, -16.122328 ], [ -64.844478, -16.122445 ], [ -64.844964, -16.122401 ], [ -64.845401, -16.122323 ], [ -64.845907, -16.122153 ], [ -64.84687, -16.121754 ], [ -64.847407, -16.121445 ], [ -64.848991, -16.120345 ], [ -64.849365, -16.120119 ], [ -64.849761, -16.119847 ], [ -64.850188, -16.119414 ], [ -64.85054, -16.118878 ], [ -64.850811, -16.118368 ], [ -64.850881, -16.117941 ], [ -64.850846, -16.117563 ], [ -64.850687, -16.117003 ], [ -64.850464, -16.116599 ], [ -64.850398, -16.11648 ], [ -64.850029, -16.116051 ], [ -64.84969, -16.115817 ], [ -64.849245, -16.115665 ], [ -64.84866, -16.11555 ], [ -64.846788, -16.115335 ], [ -64.846182, -16.115347 ], [ -64.84567, -16.115322 ], [ -64.844269, -16.115339 ], [ -64.842603, -16.115292 ], [ -64.841912, -16.115225 ], [ -64.839402, -16.114723 ], [ -64.838216, -16.114531 ], [ -64.837903, -16.114494 ], [ -64.837578, -16.11445 ], [ -64.837183, -16.114423 ], [ -64.835865, -16.114449 ], [ -64.835248, -16.114507 ], [ -64.83456, -16.114532 ], [ -64.833823, -16.114524 ], [ -64.833204, -16.114479 ], [ -64.832477, -16.11462 ], [ -64.832106, -16.114552 ], [ -64.831579, -16.114207 ], [ -64.830457, -16.114265 ], [ -64.82973, -16.114318 ], [ -64.828833, -16.114565 ], [ -64.828313, -16.114656 ], [ -64.827862, -16.114688 ], [ -64.827233, -16.114701 ], [ -64.826612, -16.114621 ], [ -64.825123, -16.11449 ], [ -64.824359, -16.114378 ], [ -64.823678, -16.114231 ], [ -64.822971, -16.11405 ], [ -64.822371, -16.113843 ], [ -64.821803, -16.113533 ], [ -64.821153, -16.113224 ], [ -64.819905, -16.112433 ], [ -64.81954, -16.11213 ], [ -64.819247, -16.111865 ], [ -64.818873, -16.111581 ], [ -64.818689, -16.110952 ], [ -64.818631, -16.110887 ], [ -64.818068, -16.110208 ], [ -64.817735, -16.109722 ], [ -64.817375, -16.109066 ], [ -64.81699, -16.108385 ], [ -64.816876, -16.108101 ], [ -64.816508, -16.107618 ], [ -64.815622, -16.106568 ], [ -64.815399, -16.106273 ], [ -64.815044, -16.105901 ], [ -64.814699, -16.105494 ], [ -64.814457, -16.105256 ], [ -64.814275, -16.105105 ], [ -64.813555, -16.104514 ], [ -64.812671, -16.103893 ], [ -64.811985, -16.103553 ], [ -64.811461, -16.10318 ], [ -64.810896, -16.102991 ], [ -64.809835, -16.103098 ], [ -64.809156, -16.10347 ], [ -64.808711, -16.103798 ], [ -64.808465, -16.104032 ], [ -64.808006, -16.104581 ], [ -64.807688, -16.10507 ], [ -64.807196, -16.106125 ], [ -64.807117, -16.106661 ], [ -64.80732, -16.107368 ], [ -64.807862, -16.108658 ], [ -64.80848, -16.109763 ], [ -64.808663, -16.110397 ], [ -64.809233, -16.111906 ], [ -64.80965, -16.113319 ], [ -64.809891, -16.114831 ], [ -64.809665, -16.116638 ], [ -64.809657, -16.116725 ], [ -64.809541, -16.117221 ], [ -64.809342, -16.117742 ], [ -64.809082, -16.118207 ], [ -64.808968, -16.118347 ], [ -64.808816, -16.118453 ], [ -64.808597, -16.118664 ], [ -64.808398, -16.118783 ], [ -64.808116, -16.118904 ], [ -64.807775, -16.119025 ], [ -64.807205, -16.119025 ], [ -64.806953, -16.118926 ], [ -64.806675, -16.118794 ], [ -64.80636, -16.118582 ], [ -64.806007, -16.11829 ], [ -64.805725, -16.118009 ], [ -64.80543, -16.11767 ], [ -64.805122, -16.117274 ], [ -64.804837, -16.116878 ], [ -64.804549, -16.116378 ], [ -64.804221, -16.115741 ], [ -64.803926, -16.115 ], [ -64.803742, -16.114395 ], [ -64.803637, -16.113662 ], [ -64.80364, -16.112949 ], [ -64.803818, -16.111315 ], [ -64.803926, -16.11052 ], [ -64.803997, -16.109703 ], [ -64.803997, -16.108887 ], [ -64.80391, -16.107545 ], [ -64.80377, -16.106009 ], [ -64.80375, -16.105331 ], [ -64.803799, -16.104496 ], [ -64.803821, -16.104112 ], [ -64.80383, -16.103584 ], [ -64.803768, -16.102677 ], [ -64.80368, -16.102105 ], [ -64.803512, -16.101451 ], [ -64.803425, -16.10111 ], [ -64.803322, -16.10086 ], [ -64.803121, -16.100462 ], [ -64.802896, -16.100087 ], [ -64.802548, -16.099577 ], [ -64.801893, -16.098717 ], [ -64.801624, -16.098446 ], [ -64.801405, -16.09829 ], [ -64.801261, -16.098235 ], [ -64.801214, -16.098236 ], [ -64.800199, -16.098497 ], [ -64.799696, -16.09876 ], [ -64.799057, -16.099266 ], [ -64.798862, -16.099489 ], [ -64.798737, -16.099675 ], [ -64.798529, -16.100288 ], [ -64.798257, -16.101166 ], [ -64.798229, -16.101408 ], [ -64.798136, -16.101881 ], [ -64.798077, -16.10233 ], [ -64.798067, -16.102801 ], [ -64.798077, -16.103142 ], [ -64.798194, -16.10342 ], [ -64.79891, -16.104293 ], [ -64.799803, -16.105189 ], [ -64.800419, -16.106112 ], [ -64.800451, -16.106893 ], [ -64.80033, -16.107505 ], [ -64.799954, -16.107618 ], [ -64.799909, -16.10767 ], [ -64.799722, -16.107777 ], [ -64.799299, -16.107935 ], [ -64.798886, -16.108035 ], [ -64.798437, -16.108112 ], [ -64.797938, -16.108122 ], [ -64.797485, -16.108097 ], [ -64.796135, -16.107975 ], [ -64.794162, -16.10785 ], [ -64.792264, -16.107695 ], [ -64.790618, -16.107391 ], [ -64.78897, -16.106965 ], [ -64.787928, -16.106461 ], [ -64.787063, -16.105809 ], [ -64.786375, -16.105302 ], [ -64.785456, -16.104333 ], [ -64.784842, -16.103532 ], [ -64.784198, -16.102243 ], [ -64.783808, -16.100867 ], [ -64.783772, -16.099695 ], [ -64.783809, -16.099534 ], [ -64.783802, -16.098934 ], [ -64.783893, -16.098381 ], [ -64.784103, -16.097848 ], [ -64.784297, -16.09758 ], [ -64.784493, -16.09737 ], [ -64.784702, -16.097182 ], [ -64.784899, -16.097029 ], [ -64.785203, -16.09685 ], [ -64.785508, -16.096707 ], [ -64.785812, -16.09654 ], [ -64.786529, -16.096273 ], [ -64.787165, -16.096065 ], [ -64.787825, -16.095892 ], [ -64.788427, -16.095765 ], [ -64.788854, -16.095734 ], [ -64.789723, -16.095774 ], [ -64.7902, -16.095856 ], [ -64.790261, -16.095876 ], [ -64.79044, -16.095879 ], [ -64.791148, -16.095922 ], [ -64.792439, -16.096082 ], [ -64.793554, -16.096366 ], [ -64.794189, -16.096604 ], [ -64.794926, -16.097013 ], [ -64.795942, -16.097493 ], [ -64.797008, -16.097924 ], [ -64.797447, -16.097957 ], [ -64.797839, -16.097832 ], [ -64.797964, -16.097807 ], [ -64.797973, -16.097803 ], [ -64.79805, -16.097747 ], [ -64.798121, -16.097723 ], [ -64.798226, -16.097652 ], [ -64.798231, -16.097649 ], [ -64.798378, -16.09758 ], [ -64.79881, -16.097296 ], [ -64.79889, -16.097191 ], [ -64.798946, -16.097086 ], [ -64.799016, -16.096648 ], [ -64.799007, -16.096584 ], [ -64.798972, -16.096362 ], [ -64.798856, -16.096043 ], [ -64.798769, -16.095895 ], [ -64.798548, -16.095647 ], [ -64.798218, -16.095343 ], [ -64.797781, -16.095041 ], [ -64.796827, -16.094653 ], [ -64.796372, -16.094316 ], [ -64.796044, -16.094145 ], [ -64.795559, -16.093798 ], [ -64.795169, -16.093461 ], [ -64.794679, -16.092977 ], [ -64.793735, -16.091985 ], [ -64.792227, -16.090465 ], [ -64.79127, -16.089767 ], [ -64.790303, -16.089067 ], [ -64.789616, -16.088633 ], [ -64.788625, -16.088232 ], [ -64.788564, -16.088227 ], [ -64.788207, -16.088211 ], [ -64.787827, -16.088241 ], [ -64.787317, -16.088251 ], [ -64.786689, -16.088321 ], [ -64.785571, -16.088382 ], [ -64.785384, -16.088392 ], [ -64.784685, -16.088452 ], [ -64.784272, -16.088552 ], [ -64.783327, -16.088743 ], [ -64.782214, -16.088868 ], [ -64.781465, -16.088848 ], [ -64.780903, -16.088777 ], [ -64.780832, -16.088769 ], [ -64.780424, -16.088627 ], [ -64.780362, -16.0886 ], [ -64.780029, -16.088452 ], [ -64.780027, -16.088451 ], [ -64.779653, -16.088252 ], [ -64.779374, -16.088062 ], [ -64.778739, -16.088096 ], [ -64.778213, -16.087999 ], [ -64.777475, -16.087801 ], [ -64.777261, -16.087295 ], [ -64.777254, -16.086584 ], [ -64.777203, -16.086102 ], [ -64.776811, -16.08567 ], [ -64.776399, -16.084843 ], [ -64.776114, -16.084089 ], [ -64.776088, -16.083929 ], [ -64.776069, -16.083911 ], [ -64.776055, -16.083721 ], [ -64.77601, -16.083096 ], [ -64.776025, -16.082797 ], [ -64.775977, -16.081789 ], [ -64.775963, -16.0815 ], [ -64.775765, -16.079988 ], [ -64.775627, -16.079324 ], [ -64.775406, -16.078697 ], [ -64.775366, -16.078644 ], [ -64.77523, -16.078528 ], [ -64.77457, -16.07824 ], [ -64.774039, -16.078196 ], [ -64.773338, -16.078287 ], [ -64.773222, -16.078338 ], [ -64.772918, -16.078516 ], [ -64.772662, -16.078716 ], [ -64.772396, -16.078951 ], [ -64.771476, -16.079589 ], [ -64.771376, -16.079641 ], [ -64.771019, -16.079828 ], [ -64.7705, -16.079964 ], [ -64.770109, -16.079995 ], [ -64.76987, -16.079931 ], [ -64.769635, -16.079625 ], [ -64.769501, -16.079088 ], [ -64.769423, -16.078458 ], [ -64.769496, -16.077698 ], [ -64.769668, -16.077063 ], [ -64.769944, -16.076345 ], [ -64.770383, -16.075521 ], [ -64.770841, -16.074524 ], [ -64.771428, -16.073445 ], [ -64.771953, -16.072286 ], [ -64.772367, -16.071025 ], [ -64.7727, -16.069813 ], [ -64.773037, -16.068715 ], [ -64.77329, -16.067618 ], [ -64.773605, -16.066613 ], [ -64.773947, -16.065699 ], [ -64.774358, -16.064726 ], [ -64.774795, -16.06381 ], [ -64.775197, -16.062906 ], [ -64.775466, -16.061947 ], [ -64.775614, -16.060922 ], [ -64.775734, -16.059748 ], [ -64.775882, -16.058711 ], [ -64.776569, -16.05578 ], [ -64.776973, -16.054956 ], [ -64.781426, -16.049574 ], [ -64.782351, -16.047916 ], [ -64.783389, -16.046054 ], [ -64.783673, -16.045139 ], [ -64.78399, -16.043886 ], [ -64.784134, -16.04303 ], [ -64.784172, -16.042379 ], [ -64.784192, -16.041003 ], [ -64.784134, -16.040149 ], [ -64.783973, -16.039173 ], [ -64.783483, -16.038054 ], [ -64.782786, -16.037041 ], [ -64.782517, -16.036847 ], [ -64.781648, -16.036405 ], [ -64.780658, -16.03585 ], [ -64.780246, -16.035649 ], [ -64.780092, -16.035574 ], [ -64.779527, -16.035332 ], [ -64.779008, -16.035055 ], [ -64.778587, -16.034879 ], [ -64.778128, -16.034624 ], [ -64.777896, -16.03441 ], [ -64.777549, -16.0339 ], [ -64.77737, -16.03349 ], [ -64.777168, -16.032655 ], [ -64.777149, -16.032001 ], [ -64.777246, -16.031643 ], [ -64.777358, -16.031434 ], [ -64.777755, -16.031174 ], [ -64.778922, -16.030473 ], [ -64.779667, -16.029953 ], [ -64.780403, -16.029525 ], [ -64.78099, -16.029284 ], [ -64.781485, -16.029136 ], [ -64.782346, -16.028924 ], [ -64.782827, -16.028743 ], [ -64.783343, -16.028503 ], [ -64.78679, -16.026551 ], [ -64.787469, -16.026205 ], [ -64.788676, -16.02563 ], [ -64.789214, -16.025344 ], [ -64.789941, -16.025008 ], [ -64.790164, -16.024923 ], [ -64.790471, -16.024859 ], [ -64.791183, -16.024846 ], [ -64.791874, -16.024924 ], [ -64.792603, -16.025082 ], [ -64.793202, -16.025242 ], [ -64.793835, -16.025345 ], [ -64.794384, -16.025461 ], [ -64.794921, -16.02553 ], [ -64.795408, -16.025544 ], [ -64.796358, -16.025525 ], [ -64.796653, -16.02545 ], [ -64.796885, -16.025251 ], [ -64.797125, -16.024936 ], [ -64.797362, -16.024518 ], [ -64.798082, -16.023561 ], [ -64.798702, -16.022803 ], [ -64.798884, -16.022535 ], [ -64.798974, -16.022361 ], [ -64.798998, -16.02197 ], [ -64.798983, -16.021442 ], [ -64.798961, -16.021362 ], [ -64.79881, -16.020825 ], [ -64.798559, -16.020347 ], [ -64.798299, -16.019996 ], [ -64.797862, -16.019672 ], [ -64.797426, -16.019393 ], [ -64.796587, -16.018697 ], [ -64.79611, -16.018247 ], [ -64.795815, -16.017885 ], [ -64.79543, -16.017318 ], [ -64.795095, -16.016732 ], [ -64.794729, -16.016269 ], [ -64.793837, -16.014508 ], [ -64.793561, -16.013896 ], [ -64.79325, -16.013433 ], [ -64.79273, -16.012719 ], [ -64.792261, -16.012108 ], [ -64.791488, -16.011261 ], [ -64.791048, -16.010822 ], [ -64.790608, -16.010417 ], [ -64.790099, -16.010048 ], [ -64.789542, -16.00968 ], [ -64.788988, -16.009438 ], [ -64.788268, -16.009176 ], [ -64.787442, -16.008951 ], [ -64.786485, -16.008729 ], [ -64.785604, -16.008631 ], [ -64.784843, -16.008635 ], [ -64.784276, -16.008726 ], [ -64.783757, -16.008863 ], [ -64.783334, -16.00902 ], [ -64.782949, -16.009235 ], [ -64.782319, -16.009637 ], [ -64.781937, -16.009978 ], [ -64.781487, -16.010446 ], [ -64.781096, -16.01089 ], [ -64.780604, -16.011509 ], [ -64.780182, -16.012126 ], [ -64.779445, -16.013324 ], [ -64.779095, -16.013939 ], [ -64.778897, -16.01424 ], [ -64.778647, -16.01478 ], [ -64.777799, -16.016057 ], [ -64.777498, -16.016298 ], [ -64.777386, -16.016442 ], [ -64.777212, -16.016584 ], [ -64.777014, -16.016714 ], [ -64.776966, -16.016727 ], [ -64.776683, -16.016801 ], [ -64.776411, -16.016829 ], [ -64.77615, -16.016834 ], [ -64.775982, -16.01678 ], [ -64.775825, -16.01668 ], [ -64.775593, -16.016455 ], [ -64.775407, -16.016194 ], [ -64.775291, -16.01593 ], [ -64.775241, -16.015818 ], [ -64.775135, -16.015418 ], [ -64.775038, -16.014938 ], [ -64.774982, -16.014261 ], [ -64.774942, -16.01286 ], [ -64.774949, -16.012286 ], [ -64.774904, -16.011574 ], [ -64.774696, -16.009729 ], [ -64.774692, -16.009563 ], [ -64.774668, -16.008742 ], [ -64.774716, -16.008373 ], [ -64.776854, -16.005896 ], [ -64.777533, -16.005573 ], [ -64.778465, -16.004934 ], [ -64.778878, -16.004591 ], [ -64.779188, -16.004318 ], [ -64.77941, -16.004132 ], [ -64.779663, -16.003816 ], [ -64.780277, -16.0036 ], [ -64.780917, -16.003499 ], [ -64.781248, -16.003379 ], [ -64.781391, -16.003377 ], [ -64.782477, -16.002878 ], [ -64.782971, -16.002526 ], [ -64.783464, -16.002127 ], [ -64.783543, -16.002055 ], [ -64.783956, -16.001682 ], [ -64.784705, -16.000864 ], [ -64.785451, -15.999908 ], [ -64.785553, -15.999767 ], [ -64.785754, -15.999489 ], [ -64.786198, -15.998975 ], [ -64.786571, -15.998486 ], [ -64.786989, -15.99788 ], [ -64.787198, -15.997508 ], [ -64.787563, -15.996488 ], [ -64.787829, -15.995239 ], [ -64.787956, -15.99413 ], [ -64.787989, -15.99316 ], [ -64.787856, -15.992216 ], [ -64.787414, -15.990821 ], [ -64.787033, -15.98962 ], [ -64.786489, -15.98822 ], [ -64.785874, -15.986798 ], [ -64.785355, -15.985466 ], [ -64.784957, -15.984249 ], [ -64.784751, -15.98319 ], [ -64.784738, -15.982314 ], [ -64.784865, -15.981355 ], [ -64.784866, -15.981343 ], [ -64.785109, -15.980071 ], [ -64.785303, -15.97873 ], [ -64.785353, -15.977276 ], [ -64.785215, -15.976032 ], [ -64.784989, -15.975204 ], [ -64.784647, -15.974563 ], [ -64.784622, -15.974471 ], [ -64.784094, -15.974531 ], [ -64.783934, -15.974549 ], [ -64.783247, -15.97472 ], [ -64.782917, -15.974886 ], [ -64.782684, -15.975166 ], [ -64.782405, -15.975631 ], [ -64.782087, -15.976627 ], [ -64.781398, -15.978182 ], [ -64.781168, -15.978739 ], [ -64.780794, -15.97916 ], [ -64.780558, -15.979255 ], [ -64.779893, -15.979287 ], [ -64.779131, -15.979159 ], [ -64.778128, -15.978849 ], [ -64.777337, -15.978375 ], [ -64.776545, -15.977832 ], [ -64.775825, -15.97738 ], [ -64.775104, -15.976836 ], [ -64.774147, -15.976364 ], [ -64.772207, -15.975329 ], [ -64.771294, -15.974695 ], [ -64.77081, -15.974079 ], [ -64.770516, -15.973483 ], [ -64.77029, -15.972655 ], [ -64.770255, -15.972294 ], [ -64.769778, -15.971942 ], [ -64.768874, -15.97128 ], [ -64.767997, -15.970717 ], [ -64.767531, -15.97025 ], [ -64.767217, -15.969484 ], [ -64.767717, -15.968747 ], [ -64.768179, -15.968063 ], [ -64.768754, -15.966813 ], [ -64.769738, -15.965616 ], [ -64.770522, -15.964663 ], [ -64.771307, -15.963517 ], [ -64.771833, -15.962412 ], [ -64.771132, -15.962123 ], [ -64.770537, -15.962062 ], [ -64.769848, -15.962071 ], [ -64.769447, -15.962214 ], [ -64.768715, -15.962547 ], [ -64.768055, -15.962902 ], [ -64.767678, -15.963138 ], [ -64.7673, -15.963304 ], [ -64.766732, -15.963427 ], [ -64.765709, -15.963372 ], [ -64.765442, -15.962983 ], [ -64.765052, -15.962273 ], [ -64.764799, -15.961284 ], [ -64.764719, -15.960889 ], [ -64.764646, -15.960525 ], [ -64.764539, -15.959765 ], [ -64.764527, -15.958888 ], [ -64.764558, -15.957827 ], [ -64.764492, -15.956558 ], [ -64.764464, -15.954105 ], [ -64.764017, -15.952032 ], [ -64.763992, -15.951915 ], [ -64.763093, -15.950278 ], [ -64.762418, -15.949595 ], [ -64.761695, -15.948936 ], [ -64.761214, -15.94855 ], [ -64.760926, -15.948369 ], [ -64.760205, -15.947756 ], [ -64.75969, -15.947474 ], [ -64.757127, -15.944341 ], [ -64.754441, -15.939948 ], [ -64.754812, -15.943951 ], [ -64.755381, -15.946265 ], [ -64.755818, -15.948187 ], [ -64.756009, -15.949406 ], [ -64.756142, -15.950312 ], [ -64.756142, -15.951016 ], [ -64.755971, -15.951606 ], [ -64.755714, -15.952158 ], [ -64.755304, -15.952472 ], [ -64.754638, -15.952653 ], [ -64.75401, -15.952862 ], [ -64.753144, -15.953015 ], [ -64.75244, -15.953043 ], [ -64.751592, -15.952739 ], [ -64.750898, -15.952329 ], [ -64.749727, -15.951844 ], [ -64.748243, -15.951202 ], [ -64.747457, -15.950973 ], [ -64.746401, -15.95083 ], [ -64.745073, -15.950859 ], [ -64.744031, -15.95083 ], [ -64.742917, -15.950673 ], [ -64.741894, -15.950545 ], [ -64.740609, -15.950374 ], [ -64.739524, -15.950159 ], [ -64.73821, -15.949931 ], [ -64.737085, -15.949688 ], [ -64.73588, -15.949297 ], [ -64.73453, -15.949032 ], [ -64.733302, -15.948874 ], [ -64.731903, -15.948874 ], [ -64.730755, -15.949017 ], [ -64.72967, -15.94936 ], [ -64.728713, -15.949731 ], [ -64.727814, -15.950202 ], [ -64.727157, -15.950688 ], [ -64.726572, -15.95133 ], [ -64.726172, -15.952001 ], [ -64.725997, -15.952812 ], [ -64.725958, -15.9542 ], [ -64.726044, -15.955342 ], [ -64.726272, -15.956504 ], [ -64.726843, -15.957646 ], [ -64.7274, -15.958588 ], [ -64.728042, -15.959616 ], [ -64.728614, -15.960516 ], [ -64.729213, -15.961586 ], [ -64.72966, -15.962362 ], [ -64.73006, -15.963233 ], [ -64.730303, -15.964004 ], [ -64.730531, -15.964903 ], [ -64.731256, -15.966548 ], [ -64.731923, -15.968185 ], [ -64.732513, -15.969251 ], [ -64.732913, -15.970374 ], [ -64.733522, -15.971459 ], [ -64.734017, -15.972373 ], [ -64.734989, -15.973483 ], [ -64.735893, -15.974268 ], [ -64.736773, -15.975148 ], [ -64.737487, -15.975862 ], [ -64.73832, -15.976409 ], [ -64.739224, -15.977004 ], [ -64.739962, -15.977504 ], [ -64.740818, -15.978099 ], [ -64.74127, -15.978694 ], [ -64.741627, -15.979408 ], [ -64.741699, -15.980169 ], [ -64.741437, -15.980788 ], [ -64.740723, -15.981297 ], [ -64.739843, -15.981701 ], [ -64.738748, -15.982034 ], [ -64.737725, -15.982177 ], [ -64.736535, -15.982177 ], [ -64.735084, -15.981963 ], [ -64.733624, -15.981692 ], [ -64.732209, -15.981594 ], [ -64.73102, -15.981564 ], [ -64.729622, -15.981594 ], [ -64.728521, -15.981653 ], [ -64.72748, -15.981564 ], [ -64.72638, -15.981059 ], [ -64.725309, -15.980315 ], [ -64.724417, -15.979244 ], [ -64.723881, -15.978114 ], [ -64.723703, -15.976746 ], [ -64.723881, -15.975437 ], [ -64.724179, -15.974247 ], [ -64.724328, -15.97282 ], [ -64.724387, -15.971243 ], [ -64.724298, -15.969738 ], [ -64.72403, -15.96834 ], [ -64.723524, -15.966853 ], [ -64.722781, -15.965723 ], [ -64.721829, -15.964504 ], [ -64.720758, -15.963611 ], [ -64.719658, -15.963016 ], [ -64.718647, -15.9626 ], [ -64.717308, -15.962362 ], [ -64.716178, -15.962362 ], [ -64.715077, -15.96254 ], [ -64.713789, -15.963106 ], [ -64.712511, -15.964028 ], [ -64.711529, -15.96492 ], [ -64.710607, -15.96605 ], [ -64.709834, -15.96727 ], [ -64.709387, -15.968697 ], [ -64.709209, -15.970274 ], [ -64.709239, -15.971791 ], [ -64.709298, -15.973248 ], [ -64.709566, -15.974795 ], [ -64.709982, -15.975955 ], [ -64.710428, -15.977025 ], [ -64.711023, -15.978185 ], [ -64.711797, -15.979226 ], [ -64.712719, -15.980267 ], [ -64.713908, -15.981249 ], [ -64.715336, -15.982231 ], [ -64.718652, -15.984497 ], [ -64.721002, -15.986014 ], [ -64.723233, -15.987382 ], [ -64.725464, -15.98872 ], [ -64.72707, -15.98988 ], [ -64.728587, -15.990951 ], [ -64.729628, -15.991784 ], [ -64.731204, -15.993093 ], [ -64.732543, -15.99433 ], [ -64.733375, -15.995669 ], [ -64.733851, -15.996888 ], [ -64.734238, -15.998375 ], [ -64.734476, -15.999922 ], [ -64.734357, -16.001587 ], [ -64.733941, -16.003015 ], [ -64.733227, -16.004205 ], [ -64.732424, -16.005222 ], [ -64.731621, -16.005817 ], [ -64.730609, -16.006204 ], [ -64.729598, -16.006293 ], [ -64.728051, -16.005995 ], [ -64.726534, -16.005371 ], [ -64.72472, -16.004389 ], [ -64.722698, -16.003408 ], [ -64.721062, -16.002753 ], [ -64.71892, -16.00204 ], [ -64.71666, -16.001207 ], [ -64.714816, -16.00079 ], [ -64.713001, -16.000671 ], [ -64.711365, -16.000612 ], [ -64.709581, -16.000671 ], [ -64.707841, -16.001058 ], [ -64.706264, -16.001683 ], [ -64.704718, -16.002545 ], [ -64.70335, -16.003527 ], [ -64.702219, -16.004716 ], [ -64.701327, -16.005847 ], [ -64.700732, -16.007274 ], [ -64.700643, -16.00869 ], [ -64.700792, -16.010058 ], [ -64.701178, -16.011099 ], [ -64.701862, -16.011962 ], [ -64.702725, -16.012468 ], [ -64.703706, -16.012765 ], [ -64.704777, -16.012765 ], [ -64.705699, -16.012497 ], [ -64.707008, -16.011783 ], [ -64.708287, -16.010951 ], [ -64.709596, -16.010385 ], [ -64.71138, -16.009463 ], [ -64.712659, -16.008988 ], [ -64.714325, -16.00866 ], [ -64.716199, -16.008452 ], [ -64.717626, -16.008452 ], [ -64.719905, -16.008607 ], [ -64.721779, -16.009083 ], [ -64.723444, -16.009826 ], [ -64.725258, -16.010986 ], [ -64.726567, -16.012176 ], [ -64.727757, -16.013514 ], [ -64.728218, -16.014258 ], [ -64.729513, -16.016569 ], [ -64.731033, -16.020803 ], [ -64.732154, -16.026138 ], [ -64.732367, -16.02931 ], [ -64.73258, -16.032482 ], [ -64.732525, -16.034742 ], [ -64.731748, -16.036685 ], [ -64.730106, -16.038062 ], [ -64.728073, -16.038867 ], [ -64.725924, -16.039028 ], [ -64.723769, -16.038543 ], [ -64.721828, -16.037196 ], [ -64.720368, -16.035593 ], [ -64.719428, -16.034023 ], [ -64.719078, -16.032218 ], [ -64.719434, -16.030386 ], [ -64.72042, -16.028621 ], [ -64.721663, -16.027236 ], [ -64.72303, -16.025928 ], [ -64.723987, -16.025077 ], [ -64.725306, -16.023223 ], [ -64.72596, -16.021676 ], [ -64.72591, -16.020134 ], [ -64.725305, -16.018848 ], [ -64.72448, -16.017814 ], [ -64.723252, -16.017286 ], [ -64.721658, -16.017335 ], [ -64.720181, -16.0181 ], [ -64.718319, -16.020479 ], [ -64.71579, -16.023214 ], [ -64.713819, -16.024401 ], [ -64.712506, -16.025029 ], [ -64.711121, -16.025353 ], [ -64.709646, -16.025639 ], [ -64.708503, -16.025948 ], [ -64.707338, -16.026139 ], [ -64.706195, -16.026377 ], [ -64.705172, -16.026734 ], [ -64.704387, -16.027209 ], [ -64.703507, -16.027685 ], [ -64.702721, -16.028328 ], [ -64.702198, -16.029065 ], [ -64.70177, -16.030003 ], [ -64.701436, -16.031216 ], [ -64.701389, -16.032168 ], [ -64.701508, -16.033382 ], [ -64.70177, -16.034643 ], [ -64.702769, -16.036932 ], [ -64.703768, -16.038859 ], [ -64.704768, -16.04043 ], [ -64.705529, -16.041596 ], [ -64.706457, -16.042904 ], [ -64.707433, -16.044142 ], [ -64.708534, -16.045662 ], [ -64.712614, -16.050352 ], [ -64.714713, -16.052917 ], [ -64.715923, -16.055705 ], [ -64.716222, -16.057269 ], [ -64.715887, -16.058618 ], [ -64.714163, -16.059409 ], [ -64.711257, -16.059605 ], [ -64.707993, -16.059631 ], [ -64.706158, -16.060162 ], [ -64.704802, -16.061478 ], [ -64.703397, -16.063569 ], [ -64.70301, -16.066901 ], [ -64.703579, -16.070971 ], [ -64.70421, -16.075304 ], [ -64.704416, -16.07863 ], [ -64.704024, -16.081331 ], [ -64.702626, -16.084498 ], [ -64.700628, -16.086809 ], [ -64.697931, -16.087818 ], [ -64.695997, -16.088235 ], [ -64.694183, -16.0888 ], [ -64.692279, -16.089781 ], [ -64.690822, -16.091001 ], [ -64.689543, -16.09225 ], [ -64.688621, -16.093707 ], [ -64.688205, -16.094897 ], [ -64.688205, -16.096474 ], [ -64.68871, -16.097812 ], [ -64.689513, -16.09902 ], [ -64.690763, -16.099644 ], [ -64.691893, -16.100239 ], [ -64.693112, -16.100596 ], [ -64.694391, -16.101012 ], [ -64.69573, -16.101518 ], [ -64.696979, -16.102262 ], [ -64.697931, -16.103065 ], [ -64.698734, -16.103838 ], [ -64.699239, -16.104611 ], [ -64.699537, -16.105623 ], [ -64.699567, -16.106991 ], [ -64.69912, -16.108502 ], [ -64.698288, -16.110138 ], [ -64.697366, -16.111238 ], [ -64.696414, -16.112101 ], [ -64.695016, -16.113112 ], [ -64.693856, -16.114004 ], [ -64.692577, -16.114837 ], [ -64.691357, -16.115491 ], [ -64.68993, -16.116057 ], [ -64.688725, -16.116473 ], [ -64.687357, -16.116503 ], [ -64.686197, -16.116235 ], [ -64.685215, -16.115819 ], [ -64.684055, -16.115313 ], [ -64.682985, -16.114272 ], [ -64.68239, -16.113052 ], [ -64.682271, -16.111179 ], [ -64.682449, -16.109364 ], [ -64.682657, -16.10755 ], [ -64.682687, -16.105974 ], [ -64.68239, -16.104546 ], [ -64.681706, -16.102969 ], [ -64.680694, -16.101482 ], [ -64.679267, -16.099965 ], [ -64.677809, -16.098508 ], [ -64.676096, -16.097532 ], [ -64.674103, -16.09664 ], [ -64.672616, -16.095986 ], [ -64.670772, -16.095153 ], [ -64.669493, -16.094618 ], [ -64.668452, -16.094409 ], [ -64.667114, -16.094439 ], [ -64.665716, -16.094856 ], [ -64.664556, -16.095361 ], [ -64.663753, -16.095986 ], [ -64.663366, -16.096878 ], [ -64.663366, -16.097889 ], [ -64.663634, -16.09899 ], [ -64.664229, -16.10015 ], [ -64.664823, -16.100864 ], [ -64.665775, -16.101875 ], [ -64.666727, -16.102946 ], [ -64.667679, -16.103897 ], [ -64.668303, -16.104938 ], [ -64.669017, -16.106247 ], [ -64.669553, -16.107675 ], [ -64.66985, -16.109168 ], [ -64.670088, -16.111042 ], [ -64.670713, -16.112975 ], [ -64.671397, -16.1147 ], [ -64.672467, -16.116247 ], [ -64.673984, -16.117585 ], [ -64.675263, -16.118347 ], [ -64.676453, -16.118942 ], [ -64.677554, -16.119388 ], [ -64.678773, -16.119745 ], [ -64.680111, -16.120191 ], [ -64.681271, -16.120756 ], [ -64.682431, -16.12147 ], [ -64.683353, -16.122332 ], [ -64.683978, -16.123106 ], [ -64.684394, -16.124057 ], [ -64.684692, -16.125247 ], [ -64.684543, -16.126675 ], [ -64.684008, -16.127865 ], [ -64.683086, -16.128929 ], [ -64.681331, -16.130089 ], [ -64.679487, -16.131398 ], [ -64.677821, -16.132796 ], [ -64.676185, -16.134432 ], [ -64.674758, -16.136098 ], [ -64.673568, -16.137763 ], [ -64.672854, -16.138953 ], [ -64.672467, -16.1405 ], [ -64.672527, -16.142492 ], [ -64.672348, -16.145437 ], [ -64.672467, -16.148144 ], [ -64.673241, -16.151719 ], [ -64.674163, -16.154842 ], [ -64.675382, -16.157757 ], [ -64.676394, -16.160136 ], [ -64.677805, -16.162402 ], [ -64.679483, -16.164687 ], [ -64.680447, -16.166293 ], [ -64.681267, -16.168185 ], [ -64.681696, -16.169541 ], [ -64.681946, -16.171397 ], [ -64.681946, -16.173146 ], [ -64.681767, -16.175544 ], [ -64.681482, -16.177436 ], [ -64.681375, -16.179292 ], [ -64.681553, -16.181362 ], [ -64.682338, -16.182647 ], [ -64.683516, -16.184075 ], [ -64.684837, -16.185217 ], [ -64.686086, -16.185788 ], [ -64.687442, -16.186145 ], [ -64.689013, -16.185966 ], [ -64.690333, -16.185324 ], [ -64.691582, -16.184289 ], [ -64.692653, -16.183004 ], [ -64.693296, -16.181505 ], [ -64.693581, -16.179899 ], [ -64.693331, -16.178328 ], [ -64.692689, -16.176865 ], [ -64.691761, -16.175187 ], [ -64.69094, -16.174009 ], [ -64.690619, -16.172475 ], [ -64.69069, -16.171154 ], [ -64.691582, -16.169798 ], [ -64.692617, -16.169013 ], [ -64.693724, -16.16887 ], [ -64.694759, -16.169405 ], [ -64.695437, -16.170119 ], [ -64.696222, -16.171226 ], [ -64.697165, -16.172725 ], [ -64.697914, -16.174402 ], [ -64.698878, -16.175794 ], [ -64.70002, -16.17715 ], [ -64.701269, -16.178185 ], [ -64.702733, -16.179006 ], [ -64.70391, -16.179899 ], [ -64.705552, -16.180934 ], [ -64.70698, -16.182004 ], [ -64.707944, -16.183111 ], [ -64.708336, -16.18436 ], [ -64.708122, -16.185895 ], [ -64.707658, -16.187637 ], [ -64.707051, -16.188993 ], [ -64.705945, -16.190242 ], [ -64.704232, -16.191598 ], [ -64.702233, -16.192634 ], [ -64.699699, -16.193312 ], [ -64.697593, -16.194204 ], [ -64.695309, -16.195203 ], [ -64.692418, -16.196238 ], [ -64.690098, -16.197381 ], [ -64.687528, -16.199094 ], [ -64.685119, -16.200643 ], [ -64.683084, -16.201499 ], [ -64.680621, -16.202035 ], [ -64.678016, -16.202784 ], [ -64.67541, -16.203391 ], [ -64.673233, -16.204283 ], [ -64.671627, -16.204854 ], [ -64.670378, -16.205961 ], [ -64.66995, -16.207567 ], [ -64.669914, -16.209887 ], [ -64.66995, -16.212849 ], [ -64.670449, -16.215955 ], [ -64.671056, -16.218917 ], [ -64.671806, -16.22255 ], [ -64.672841, -16.22537 ], [ -64.674018, -16.227797 ], [ -64.675339, -16.230224 ], [ -64.67641, -16.232009 ], [ -64.677088, -16.233437 ], [ -64.677266, -16.234978 ], [ -64.677231, -16.23687 ], [ -64.67666, -16.238226 ], [ -64.675625, -16.239119 ], [ -64.674625, -16.239725 ], [ -64.672698, -16.239761 ], [ -64.670735, -16.239761 ], [ -64.669343, -16.23994 ], [ -64.667987, -16.240332 ], [ -64.666666, -16.240939 ], [ -64.665988, -16.241938 ], [ -64.665524, -16.24333 ], [ -64.665452, -16.244472 ], [ -64.665667, -16.246221 ], [ -64.666059, -16.247613 ], [ -64.666166, -16.249726 ], [ -64.666166, -16.251225 ], [ -64.665702, -16.252832 ], [ -64.665167, -16.254081 ], [ -64.664774, -16.255223 ], [ -64.664667, -16.256187 ], [ -64.664881, -16.257293 ], [ -64.665774, -16.258364 ], [ -64.667166, -16.259006 ], [ -64.668629, -16.259363 ], [ -64.670414, -16.259827 ], [ -64.672162, -16.260434 ], [ -64.673412, -16.261112 ], [ -64.674304, -16.261812 ], [ -64.675196, -16.263132 ], [ -64.676374, -16.264774 ], [ -64.677373, -16.26638 ], [ -64.678337, -16.267736 ], [ -64.679479, -16.26895 ], [ -64.680729, -16.270092 ], [ -64.682049, -16.271413 ], [ -64.683191, -16.272483 ], [ -64.684512, -16.274132 ], [ -64.685904, -16.275881 ], [ -64.68676, -16.27763 ], [ -64.687688, -16.279201 ], [ -64.688902, -16.280486 ], [ -64.690187, -16.281949 ], [ -64.6914, -16.283412 ], [ -64.692757, -16.284983 ], [ -64.693613, -16.286253 ], [ -64.693756, -16.287645 ], [ -64.693827, -16.28893 ], [ -64.693827, -16.290215 ], [ -64.693613, -16.291322 ], [ -64.693149, -16.292392 ], [ -64.692543, -16.293463 ], [ -64.691722, -16.294641 ], [ -64.690901, -16.295319 ], [ -64.689544, -16.295747 ], [ -64.688117, -16.295747 ], [ -64.686796, -16.295283 ], [ -64.685583, -16.294284 ], [ -64.684583, -16.293035 ], [ -64.683441, -16.291179 ], [ -64.682513, -16.28968 ], [ -64.681371, -16.288324 ], [ -64.679979, -16.287253 ], [ -64.678194, -16.286432 ], [ -64.676481, -16.285968 ], [ -64.674554, -16.285825 ], [ -64.671913, -16.286075 ], [ -64.669771, -16.286146 ], [ -64.667487, -16.286289 ], [ -64.66537, -16.286824 ], [ -64.663407, -16.287039 ], [ -64.66123, -16.287288 ], [ -64.659089, -16.287396 ], [ -64.656983, -16.287824 ], [ -64.65502, -16.288216 ], [ -64.653199, -16.289073 ], [ -64.651343, -16.29018 ], [ -64.649523, -16.291572 ], [ -64.64806, -16.293142 ], [ -64.647274, -16.294498 ], [ -64.646561, -16.29589 ], [ -64.646454, -16.297032 ], [ -64.64681, -16.298096 ], [ -64.647667, -16.298988 ], [ -64.649059, -16.299881 ], [ -64.650879, -16.300345 ], [ -64.652557, -16.300773 ], [ -64.654663, -16.301951 ], [ -64.656804, -16.302914 ], [ -64.658946, -16.303628 ], [ -64.661123, -16.304092 ], [ -64.663086, -16.304485 ], [ -64.664978, -16.305199 ], [ -64.667119, -16.306162 ], [ -64.668975, -16.307269 ], [ -64.670456, -16.307911 ], [ -64.672312, -16.308768 ], [ -64.673776, -16.30966 ], [ -64.675168, -16.310838 ], [ -64.676381, -16.312337 ], [ -64.677738, -16.313722 ], [ -64.678558, -16.315078 ], [ -64.679451, -16.316827 ], [ -64.680093, -16.318505 ], [ -64.680414, -16.319932 ], [ -64.680236, -16.321574 ], [ -64.679558, -16.322788 ], [ -64.678523, -16.323787 ], [ -64.677345, -16.324394 ], [ -64.675739, -16.324786 ], [ -64.674026, -16.324822 ], [ -64.672098, -16.324501 ], [ -64.670064, -16.323894 ], [ -64.668029, -16.32293 ], [ -64.666209, -16.321753 ], [ -64.663389, -16.320396 ], [ -64.660962, -16.31904 ], [ -64.658821, -16.317648 ], [ -64.656665, -16.316506 ], [ -64.65488, -16.315863 ], [ -64.653239, -16.315399 ], [ -64.651276, -16.31515 ], [ -64.649527, -16.315221 ], [ -64.648028, -16.315542 ], [ -64.646743, -16.316113 ], [ -64.645708, -16.316934 ], [ -64.644815, -16.318005 ], [ -64.64428, -16.319183 ], [ -64.644101, -16.320503 ], [ -64.644101, -16.322395 ], [ -64.644494, -16.324037 ], [ -64.645137, -16.3255 ], [ -64.6461, -16.326928 ], [ -64.647135, -16.328106 ], [ -64.648063, -16.328784 ], [ -64.649205, -16.329177 ], [ -64.650526, -16.329391 ], [ -64.651704, -16.329319 ], [ -64.653132, -16.329105 ], [ -64.654524, -16.329177 ], [ -64.656165, -16.329569 ], [ -64.658057, -16.330354 ], [ -64.660056, -16.331711 ], [ -64.66184, -16.333031 ], [ -64.663304, -16.334352 ], [ -64.664803, -16.335887 ], [ -64.665659, -16.337279 ], [ -64.666266, -16.339106 ], [ -64.666516, -16.340819 ], [ -64.666552, -16.343139 ], [ -64.666409, -16.345459 ], [ -64.666195, -16.347672 ], [ -64.665981, -16.349742 ], [ -64.665481, -16.35152 ], [ -64.665231, -16.353411 ], [ -64.665302, -16.35541 ], [ -64.665552, -16.357445 ], [ -64.666052, -16.359086 ], [ -64.666204, -16.359927 ], [ -64.666061, -16.360998 ], [ -64.665847, -16.361997 ], [ -64.665585, -16.363044 ], [ -64.66568, -16.364424 ], [ -64.666132, -16.365709 ], [ -64.666715, -16.366747 ], [ -64.667608, -16.367568 ], [ -64.668464, -16.368389 ], [ -64.669357, -16.36896 ], [ -64.670287, -16.369214 ], [ -64.671495, -16.369204 ], [ -64.672916, -16.368864 ], [ -64.674241, -16.368196 ], [ -64.675163, -16.367382 ], [ -64.675954, -16.365762 ], [ -64.676526, -16.363815 ], [ -64.676697, -16.36211 ], [ -64.676586, -16.360018 ], [ -64.676878, -16.357954 ], [ -64.677483, -16.356245 ], [ -64.678549, -16.354264 ], [ -64.680088, -16.352447 ], [ -64.682117, -16.350787 ], [ -64.684518, -16.349244 ], [ -64.688064, -16.347691 ], [ -64.691732, -16.345898 ], [ -64.693895, -16.345403 ], [ -64.696271, -16.344606 ], [ -64.69834, -16.343932 ], [ -64.699757, -16.343144 ], [ -64.701516, -16.342592 ], [ -64.702628, -16.342314 ], [ -64.703991, -16.342422 ], [ -64.70517, -16.342711 ], [ -64.706228, -16.343331 ], [ -64.70735, -16.344248 ], [ -64.708257, -16.34534 ], [ -64.708859, -16.346979 ], [ -64.709028, -16.348562 ], [ -64.708886, -16.350087 ], [ -64.708281, -16.351706 ], [ -64.707366, -16.353178 ], [ -64.706019, -16.354922 ], [ -64.704454, -16.35588 ], [ -64.702355, -16.356554 ], [ -64.69951, -16.356816 ], [ -64.696845, -16.356479 ], [ -64.69449, -16.356259 ], [ -64.692323, -16.356276 ], [ -64.690347, -16.35689 ], [ -64.688682, -16.35762 ], [ -64.687393, -16.358946 ], [ -64.686355, -16.360568 ], [ -64.686059, -16.362232 ], [ -64.686758, -16.364259 ], [ -64.688259, -16.36604 ], [ -64.69069, -16.367933 ], [ -64.692993, -16.36929 ], [ -64.694738, -16.370651 ], [ -64.695501, -16.372976 ], [ -64.695335, -16.375189 ], [ -64.694607, -16.376928 ], [ -64.693133, -16.378374 ], [ -64.690811, -16.379051 ], [ -64.688148, -16.379012 ], [ -64.685297, -16.378676 ], [ -64.682129, -16.377506 ], [ -64.679764, -16.37615 ], [ -64.677031, -16.375096 ], [ -64.674483, -16.37404 ], [ -64.67113, -16.372931 ], [ -64.667581, -16.371697 ], [ -64.665796, -16.371233 ], [ -64.663905, -16.370911 ], [ -64.66212, -16.371054 ], [ -64.660567, -16.371375 ], [ -64.659211, -16.372018 ], [ -64.657962, -16.37291 ], [ -64.657034, -16.373838 ], [ -64.656392, -16.374873 ], [ -64.655785, -16.376051 ], [ -64.65582, -16.377265 ], [ -64.656499, -16.378478 ], [ -64.657355, -16.379656 ], [ -64.658711, -16.380869 ], [ -64.659925, -16.38194 ], [ -64.661638, -16.383603 ], [ -64.663066, -16.385245 ], [ -64.664672, -16.387458 ], [ -64.666028, -16.389671 ], [ -64.667349, -16.392241 ], [ -64.668348, -16.394168 ], [ -64.669419, -16.39611 ], [ -64.670811, -16.398109 ], [ -64.671917, -16.399643 ], [ -64.673757, -16.401668 ], [ -64.674994, -16.403001 ], [ -64.676136, -16.404238 ], [ -64.677183, -16.405761 ], [ -64.678611, -16.407331 ], [ -64.680229, -16.408854 ], [ -64.681847, -16.409996 ], [ -64.683275, -16.410805 ], [ -64.685035, -16.411377 ], [ -64.687353, -16.411805 ], [ -64.689637, -16.412233 ], [ -64.691969, -16.412566 ], [ -64.693873, -16.412995 ], [ -64.695538, -16.413804 ], [ -64.696918, -16.414708 ], [ -64.697918, -16.415802 ], [ -64.698632, -16.417325 ], [ -64.69887, -16.418991 ], [ -64.698822, -16.420418 ], [ -64.698441, -16.421989 ], [ -64.697632, -16.423179 ], [ -64.696681, -16.423988 ], [ -64.695348, -16.424797 ], [ -64.69373, -16.425368 ], [ -64.691874, -16.425701 ], [ -64.689542, -16.425986 ], [ -64.687448, -16.425939 ], [ -64.685416, -16.426027 ], [ -64.683689, -16.426158 ], [ -64.681833, -16.426681 ], [ -64.680119, -16.42749 ], [ -64.678375, -16.428642 ], [ -64.677423, -16.429743 ], [ -64.676887, -16.430784 ], [ -64.676768, -16.43233 ], [ -64.676947, -16.433758 ], [ -64.67769, -16.435305 ], [ -64.67885, -16.436614 ], [ -64.680278, -16.437524 ], [ -64.681319, -16.438148 ], [ -64.682182, -16.438594 ], [ -64.68358, -16.439308 ], [ -64.684948, -16.44023 ], [ -64.686048, -16.44142 ], [ -64.686851, -16.442729 ], [ -64.687327, -16.443918 ], [ -64.687506, -16.445168 ], [ -64.687595, -16.447125 ], [ -64.687089, -16.449237 ], [ -64.686227, -16.450902 ], [ -64.685037, -16.452538 ], [ -64.684085, -16.453847 ], [ -64.682598, -16.455007 ], [ -64.6812, -16.456732 ], [ -64.68007, -16.458397 ], [ -64.678226, -16.46108 ], [ -64.676739, -16.463252 ], [ -64.675341, -16.465572 ], [ -64.674389, -16.467267 ], [ -64.673645, -16.469349 ], [ -64.673259, -16.471134 ], [ -64.67314, -16.472859 ], [ -64.673318, -16.474346 ], [ -64.673764, -16.475565 ], [ -64.674597, -16.476606 ], [ -64.675638, -16.477439 ], [ -64.676739, -16.478177 ], [ -64.677601, -16.478712 ], [ -64.678464, -16.479218 ], [ -64.679178, -16.479426 ], [ -64.680754, -16.479307 ], [ -64.683401, -16.478415 ], [ -64.685394, -16.476957 ], [ -64.687208, -16.475083 ], [ -64.688458, -16.473656 ], [ -64.689796, -16.472407 ], [ -64.691283, -16.471217 ], [ -64.692741, -16.470384 ], [ -64.694376, -16.469492 ], [ -64.696221, -16.468689 ], [ -64.69802, -16.468391 ], [ -64.699828, -16.468344 ], [ -64.701208, -16.468344 ], [ -64.702636, -16.468605 ], [ -64.704278, -16.469176 ], [ -64.705991, -16.469866 ], [ -64.70749, -16.470723 ], [ -64.708843, -16.471818 ], [ -64.709941, -16.472984 ], [ -64.710869, -16.474316 ], [ -64.711654, -16.476029 ], [ -64.712059, -16.477243 ], [ -64.712511, -16.479565 ], [ -64.712487, -16.48135 ], [ -64.712225, -16.483015 ], [ -64.711726, -16.484253 ], [ -64.71094, -16.485347 ], [ -64.710131, -16.485918 ], [ -64.708466, -16.486575 ], [ -64.707014, -16.486861 ], [ -64.705563, -16.486575 ], [ -64.703992, -16.48579 ], [ -64.702612, -16.484648 ], [ -64.700756, -16.483077 ], [ -64.699234, -16.481911 ], [ -64.697497, -16.480936 ], [ -64.695712, -16.480246 ], [ -64.69407, -16.479913 ], [ -64.692428, -16.479698 ], [ -64.690858, -16.479889 ], [ -64.689678, -16.480507 ], [ -64.689011, -16.481316 ], [ -64.688369, -16.48253 ], [ -64.688036, -16.483601 ], [ -64.687893, -16.484505 ], [ -64.688012, -16.485576 ], [ -64.688369, -16.486646 ], [ -64.688869, -16.487574 ], [ -64.690439, -16.488888 ], [ -64.692081, -16.489768 ], [ -64.693865, -16.490625 ], [ -64.695602, -16.491196 ], [ -64.69722, -16.491481 ], [ -64.69941, -16.491815 ], [ -64.701313, -16.492243 ], [ -64.704059, -16.492647 ], [ -64.705867, -16.492814 ], [ -64.707747, -16.493147 ], [ -64.708913, -16.493671 ], [ -64.709817, -16.494361 ], [ -64.710579, -16.495241 ], [ -64.71134, -16.496098 ], [ -64.711864, -16.497021 ], [ -64.712078, -16.498258 ], [ -64.712197, -16.499543 ], [ -64.712149, -16.500852 ], [ -64.711697, -16.502161 ], [ -64.711078, -16.503231 ], [ -64.710412, -16.504112 ], [ -64.709651, -16.505016 ], [ -64.708675, -16.505777 ], [ -64.707723, -16.50642 ], [ -64.706486, -16.507243 ], [ -64.705058, -16.50829 ], [ -64.70413, -16.509147 ], [ -64.703036, -16.510194 ], [ -64.702298, -16.511098 ], [ -64.701727, -16.512169 ], [ -64.70137, -16.513501 ], [ -64.701156, -16.515062 ], [ -64.701275, -16.516704 ], [ -64.701608, -16.51825 ], [ -64.702013, -16.519416 ], [ -64.702512, -16.520368 ], [ -64.703155, -16.521653 ], [ -64.703994, -16.523723 ], [ -64.704648, -16.5253 ], [ -64.705154, -16.527114 ], [ -64.705511, -16.52869 ], [ -64.705808, -16.530296 ], [ -64.706224, -16.531784 ], [ -64.7067, -16.532944 ], [ -64.707593, -16.533955 ], [ -64.708901, -16.53499 ], [ -64.710388, -16.535793 ], [ -64.711965, -16.536388 ], [ -64.713958, -16.536775 ], [ -64.715831, -16.536537 ], [ -64.717854, -16.536239 ], [ -64.719401, -16.535823 ], [ -64.721364, -16.535139 ], [ -64.722643, -16.534365 ], [ -64.723862, -16.533235 ], [ -64.725007, -16.532063 ], [ -64.72584, -16.530814 ], [ -64.726286, -16.529446 ], [ -64.726465, -16.52775 ], [ -64.726197, -16.526085 ], [ -64.725662, -16.524955 ], [ -64.724472, -16.523527 ], [ -64.723163, -16.522069 ], [ -64.721706, -16.520612 ], [ -64.720516, -16.519482 ], [ -64.719594, -16.518203 ], [ -64.718999, -16.516216 ], [ -64.718523, -16.514015 ], [ -64.718493, -16.512052 ], [ -64.71894, -16.510713 ], [ -64.7201, -16.509435 ], [ -64.721854, -16.508245 ], [ -64.723699, -16.507263 ], [ -64.724829, -16.506906 ], [ -64.727089, -16.506282 ], [ -64.729588, -16.505984 ], [ -64.731848, -16.505895 ], [ -64.7339, -16.505717 ], [ -64.736652, -16.505431 ], [ -64.73921, -16.505253 ], [ -64.741351, -16.505461 ], [ -64.743403, -16.505847 ], [ -64.745248, -16.50671 ], [ -64.747032, -16.507811 ], [ -64.748311, -16.509 ], [ -64.749322, -16.510279 ], [ -64.750274, -16.511796 ], [ -64.750899, -16.512986 ], [ -64.751196, -16.514533 ], [ -64.750958, -16.51593 ], [ -64.750423, -16.517239 ], [ -64.749709, -16.51825 ], [ -64.748757, -16.519654 ], [ -64.747657, -16.520576 ], [ -64.746556, -16.521231 ], [ -64.74495, -16.522064 ], [ -64.74379, -16.522837 ], [ -64.742541, -16.524146 ], [ -64.741619, -16.525603 ], [ -64.741083, -16.526912 ], [ -64.740697, -16.528339 ], [ -64.740548, -16.529648 ], [ -64.740191, -16.531022 ], [ -64.739947, -16.532615 ], [ -64.740042, -16.534234 ], [ -64.740399, -16.535722 ], [ -64.741202, -16.53712 ], [ -64.742154, -16.53822 ], [ -64.743111, -16.538799 ], [ -64.744534, -16.53944 ], [ -64.745902, -16.539886 ], [ -64.747597, -16.540332 ], [ -64.749852, -16.540486 ], [ -64.752023, -16.54129 ], [ -64.754165, -16.542331 ], [ -64.756187, -16.543788 ], [ -64.758031, -16.545394 ], [ -64.75928, -16.546614 ], [ -64.760143, -16.547506 ], [ -64.760797, -16.548725 ], [ -64.761006, -16.549826 ], [ -64.761124, -16.550986 ], [ -64.761006, -16.551997 ], [ -64.760525, -16.553176 ], [ -64.759633, -16.553926 ], [ -64.758491, -16.554069 ], [ -64.756813, -16.553748 ], [ -64.755386, -16.553462 ], [ -64.753779, -16.553498 ], [ -64.752245, -16.553819 ], [ -64.751177, -16.554566 ], [ -64.750353, -16.556032 ], [ -64.749853, -16.558495 ], [ -64.749818, -16.560886 ], [ -64.749711, -16.563063 ], [ -64.749556, -16.565947 ], [ -64.74908, -16.570087 ], [ -64.748699, -16.573561 ], [ -64.747985, -16.57694 ], [ -64.747367, -16.579891 ], [ -64.747176, -16.582737 ], [ -64.74789, -16.587591 ], [ -64.748842, -16.590398 ], [ -64.750555, -16.593301 ], [ -64.752887, -16.5953 ], [ -64.755504, -16.597489 ], [ -64.757932, -16.599345 ], [ -64.759749, -16.600668 ], [ -64.761177, -16.602274 ], [ -64.762569, -16.603559 ], [ -64.763997, -16.604737 ], [ -64.765353, -16.605808 ], [ -64.766888, -16.606343 ], [ -64.768815, -16.607093 ], [ -64.770528, -16.607949 ], [ -64.77267, -16.608413 ], [ -64.774847, -16.60902 ], [ -64.776667, -16.609627 ], [ -64.778131, -16.610269 ], [ -64.77938, -16.611233 ], [ -64.780215, -16.612197 ], [ -64.781436, -16.613709 ], [ -64.782149, -16.615103 ], [ -64.783253, -16.617262 ], [ -64.784379, -16.620018 ], [ -64.785117, -16.621898 ], [ -64.785809, -16.623162 ], [ -64.78691, -16.624409 ], [ -64.788337, -16.626433 ], [ -64.789468, -16.628039 ], [ -64.790122, -16.629556 ], [ -64.790334, -16.631102 ], [ -64.79033, -16.63262 ], [ -64.789854, -16.633929 ], [ -64.789111, -16.63491 ], [ -64.788189, -16.635683 ], [ -64.78688, -16.636492 ], [ -64.785542, -16.636998 ], [ -64.784025, -16.637266 ], [ -64.782597, -16.637296 ], [ -64.781169, -16.637087 ], [ -64.779652, -16.636849 ], [ -64.778136, -16.636671 ], [ -64.7765, -16.636403 ], [ -64.775369, -16.636403 ], [ -64.77415, -16.636552 ], [ -64.772797, -16.637075 ], [ -64.771339, -16.637908 ], [ -64.769912, -16.63892 ], [ -64.769138, -16.64002 ], [ -64.768246, -16.641358 ], [ -64.767413, -16.642518 ], [ -64.766283, -16.643946 ], [ -64.765301, -16.645195 ], [ -64.764201, -16.646445 ], [ -64.762386, -16.647991 ], [ -64.760614, -16.649591 ], [ -64.758889, -16.651079 ], [ -64.757402, -16.652625 ], [ -64.75645, -16.654053 ], [ -64.755647, -16.6556 ], [ -64.75523, -16.657235 ], [ -64.755379, -16.658842 ], [ -64.755587, -16.660656 ], [ -64.755974, -16.66225 ], [ -64.756479, -16.663559 ], [ -64.757104, -16.664778 ], [ -64.757729, -16.665909 ], [ -64.758175, -16.667396 ], [ -64.758353, -16.669329 ], [ -64.758324, -16.670965 ], [ -64.758324, -16.673023 ], [ -64.758115, -16.674927 ], [ -64.757907, -16.676325 ], [ -64.757818, -16.677663 ], [ -64.758026, -16.679121 ], [ -64.758294, -16.680489 ], [ -64.758918, -16.681678 ], [ -64.75984, -16.683005 ], [ -64.760881, -16.683927 ], [ -64.761893, -16.684671 ], [ -64.763142, -16.685444 ], [ -64.76457, -16.686128 ], [ -64.766027, -16.686425 ], [ -64.76796, -16.686634 ], [ -64.769596, -16.686307 ], [ -64.771589, -16.685652 ], [ -64.77263, -16.684552 ], [ -64.773284, -16.683035 ], [ -64.773433, -16.680982 ], [ -64.772927, -16.678811 ], [ -64.772124, -16.676908 ], [ -64.771173, -16.673862 ], [ -64.769953, -16.671512 ], [ -64.768734, -16.669133 ], [ -64.767633, -16.666813 ], [ -64.766919, -16.664642 ], [ -64.766681, -16.663047 ], [ -64.766741, -16.661441 ], [ -64.767128, -16.659746 ], [ -64.767841, -16.657961 ], [ -64.769061, -16.656593 ], [ -64.770132, -16.655522 ], [ -64.771232, -16.654749 ], [ -64.772095, -16.654214 ], [ -64.773374, -16.653827 ], [ -64.774843, -16.653767 ], [ -64.776509, -16.654095 ], [ -64.777966, -16.654868 ], [ -64.779423, -16.655879 ], [ -64.780524, -16.65695 ], [ -64.781535, -16.658288 ], [ -64.782368, -16.659746 ], [ -64.783052, -16.660757 ], [ -64.783587, -16.662304 ], [ -64.784004, -16.664534 ], [ -64.784063, -16.667271 ], [ -64.784153, -16.670638 ], [ -64.784004, -16.673672 ], [ -64.784093, -16.675873 ], [ -64.784182, -16.677955 ], [ -64.784658, -16.680322 ], [ -64.785342, -16.681899 ], [ -64.786235, -16.683386 ], [ -64.787186, -16.684784 ], [ -64.787891, -16.686193 ], [ -64.788873, -16.687472 ], [ -64.789854, -16.688484 ], [ -64.790776, -16.689376 ], [ -64.792174, -16.690358 ], [ -64.79378, -16.690952 ], [ -64.795387, -16.691518 ], [ -64.797617, -16.69238 ], [ -64.799461, -16.692856 ], [ -64.801677, -16.693171 ], [ -64.803878, -16.693647 ], [ -64.805841, -16.69448 ], [ -64.807269, -16.69561 ], [ -64.808459, -16.696919 ], [ -64.809381, -16.698376 ], [ -64.809916, -16.699863 ], [ -64.810065, -16.701946 ], [ -64.80994, -16.70401 ], [ -64.809179, -16.707198 ], [ -64.808322, -16.709197 ], [ -64.806799, -16.711434 ], [ -64.805276, -16.712623 ], [ -64.803373, -16.713861 ], [ -64.801326, -16.714812 ], [ -64.799375, -16.715384 ], [ -64.796948, -16.715336 ], [ -64.794949, -16.715003 ], [ -64.792237, -16.715098 ], [ -64.790476, -16.715574 ], [ -64.788144, -16.716621 ], [ -64.78586, -16.718144 ], [ -64.78359, -16.720104 ], [ -64.782067, -16.722293 ], [ -64.781068, -16.724768 ], [ -64.780449, -16.727576 ], [ -64.780163, -16.730336 ], [ -64.780306, -16.733287 ], [ -64.78083, -16.736047 ], [ -64.781639, -16.739254 ], [ -64.78259, -16.741777 ], [ -64.783447, -16.744299 ], [ -64.784732, -16.74644 ], [ -64.786207, -16.747754 ], [ -64.78773, -16.748658 ], [ -64.789396, -16.749562 ], [ -64.790966, -16.749943 ], [ -64.792489, -16.7498 ], [ -64.79425, -16.749181 ], [ -64.795963, -16.748087 ], [ -64.797676, -16.746326 ], [ -64.798247, -16.744708 ], [ -64.798676, -16.742471 ], [ -64.799056, -16.740377 ], [ -64.800103, -16.738807 ], [ -64.801674, -16.737189 ], [ -64.803387, -16.735523 ], [ -64.805243, -16.734476 ], [ -64.807622, -16.73381 ], [ -64.811063, -16.73283 ], [ -64.814204, -16.731783 ], [ -64.816583, -16.73026 ], [ -64.819439, -16.728356 ], [ -64.821533, -16.726833 ], [ -64.823674, -16.725596 ], [ -64.825959, -16.724787 ], [ -64.828386, -16.724549 ], [ -64.830717, -16.724644 ], [ -64.832621, -16.725263 ], [ -64.83481, -16.726738 ], [ -64.83619, -16.728214 ], [ -64.83719, -16.730117 ], [ -64.838094, -16.73164 ], [ -64.839379, -16.732877 ], [ -64.840902, -16.734781 ], [ -64.842044, -16.736542 ], [ -64.842662, -16.738874 ], [ -64.842758, -16.741158 ], [ -64.842405, -16.743302 ], [ -64.841449, -16.745524 ], [ -64.839624, -16.746688 ], [ -64.837056, -16.747906 ], [ -64.834203, -16.749397 ], [ -64.831489, -16.75206 ] ] ] ] } }
]
}
